name;address;lat;lon;external_id;confirmed_on
Желтый бык;Зарайск, ул. Советская, 43;54.758095;38.889640;osm-54.75809-38.88964;2025-02-20
Коврижечная;Зарайск, ул. Советская, 4/7;54.758747;38.876718;osm-54.75875-38.87672;2025-01-05
Позитивчик;Зарайск, ул. Советская, 15;54.758895;38.878309;osm-54.75890-38.87831;2026-05-09
Булочная;Зарайск, ул. Красноармейская, 44;54.759750;38.875470;osm-54.75975-38.87547;2026-05-09
Зарайск;Зарайск, ул. Красноармейская, 36Б;54.760227;38.875725;osm-54.76023-38.87573;2026-05-09
Японофф;Зарайск, ул. Ленинская, 31;54.760877;38.883826;osm-54.76088-38.88383;2024-10-14
Осетр;Зарайск, ул. Карла Маркса, 8/5;54.763565;38.878449;osm-54.76356-38.87845;2025-01-13
Осетр;Зарайск, ул. Карла Маркса, 8/5;54.763651;38.878507;osm-54.76365-38.87851;2025-01-13
Осетр;Зарайск, ул. Карла Маркса, 8/5;54.763672;38.878592;osm-54.76367-38.87859;2024-10-21
Зарайская Баранка;Зарайск, ул. Красноармейская, 6;54.764356;38.876739;osm-54.76436-38.87674;2025-06-30
Выпечка шаурма;Кашира, ул. Стрелецкая, 65;54.823377;38.152084;osm-54.82338-38.15208;2024-08-06
Вкусный супчик;Кашира, ул. Стрелецкая, 68;54.824868;38.150825;osm-54.82487-38.15082;2024-08-06
Венеция;Кашира, ул. Коммунистическая, 104;54.827056;38.154343;osm-54.82706-38.15434;2024-01-15
Узбекская кухня;Кашира, ул. Стрелецкая, 1;54.832095;38.151348;osm-54.83210-38.15135;2023-11-14
ft cafe;Пущино, просп. Науки, 5;54.832785;37.636999;osm-54.83279-37.63700;2026-04-08
ОкиДоки;Пущино, ул. Строителей, 2Д;54.833281;37.632005;osm-54.83328-37.63200;2024-10-13
MiX точка;Кашира, ул. Советская, 19;54.834829;38.151135;osm-54.83483-38.15113;2023-11-24
Крафтира 15;Пущино, ул. Виткевича, 8Г;54.834897;37.622196;osm-54.83490-37.62220;2023-11-12
Сказка;Кашира, ул. Советская, 21;54.835345;38.151121;osm-54.83534-38.15112;2023-11-05
Гуляй-город;Протвино, ул. Береговая, 164А;54.836130;37.267519;osm-54.83613-37.26752;2026-03-13
Мясные штучки;Кашира, ул. Советская, 26;54.836202;38.150564;osm-54.83620-38.15056;2023-11-21
На берегу;Кашира, ул. Фабричная, 13;54.840470;38.142184;osm-54.84047-38.14218;2025-04-20
Изумруд;Кашира, Терновская, 4;54.853774;38.270092;osm-54.85377-38.27009;2025-01-18
Фабрика;Озёры, Советский пер., 2А;54.854511;38.555352;osm-54.85451-38.55535;2024-03-26
Фабрика;Озёры, Советский пер., 2А;54.854689;38.555368;osm-54.85469-38.55537;2024-03-26
Цезарь;Кашира, ул. Ильича, 61;54.856557;38.188615;osm-54.85656-38.18861;2026-05-20
Абриколь;Протвино, ул. Победы, 2;54.865459;37.206990;osm-54.86546-37.20699;2026-04-06
зеленый дятел;Озёры, ул. Луговая, 63;54.865482;38.752595;osm-54.86548-38.75259;2026-08-30
Рыба;Протвино, ул. Ленина, 3;54.865702;37.214638;osm-54.86570-37.21464;2026-04-06
Суши Сет Пицца#1;Протвино, ул. Победы, 5;54.865718;37.212923;osm-54.86572-37.21292;2025-04-05
Шаурма;Протвино, ул. Ленина, 7;54.867275;37.215398;osm-54.86727-37.21540;2026-04-06
Рай;Протвино, ул. Ленина, 9;54.867547;37.216013;osm-54.86755-37.21601;2026-04-06
Крем кофе;Протвино, ул. Ленина, 9;54.868416;37.216146;osm-54.86842-37.21615;2026-04-06
Молодежное;Протвино, ул. Ленина, 13;54.871325;37.217558;osm-54.87132-37.21756;2026-04-06
Чайхона Алибаба;Протвино, пр. Архитектора Корина, 3;54.873114;37.216682;osm-54.87311-37.21668;2026-04-06
Кафе;Протвино, пр. Архитектора Корина, 11;54.876916;37.223023;osm-54.87692-37.22302;2026-04-06
Pizza Express 24;Ступино, ул. Чайковского, 48/5;54.885064;38.059075;osm-54.88506-38.05907;2025-09-25
Монастырская столовая;Серпухов, Старый городок, 43;54.899626;37.398166;osm-54.89963-37.39817;2025-02-21
Русь, Трактир;Серпухов, ул. 2-я Московская, 2/20;54.912630;37.417707;osm-54.91263-37.41771;2023-10-15
Тач;Серпухов, ул. Ворошилова, 50;54.916397;37.419671;osm-54.91640-37.41967;2026-07-03
Емеля;Серпухов, ул. Коншиных, 84;54.917952;37.389701;osm-54.91795-37.38970;2024-05-21
Емеля;Серпухов, ул. Коншиных, 84;54.918084;37.389599;osm-54.91808-37.38960;2024-05-21
Goldfish;Серпухов, ул. Ворошилова, 82;54.918720;37.428178;osm-54.91872-37.42818;2024-02-21
Совбес;Серпухов, ул. Советская, 69/22;54.924365;37.432514;osm-54.92437-37.43251;2025-05-23
СушиВок;Серпухов, ул. Фрунзе, 12;54.929762;37.456935;osm-54.92976-37.45694;2024-06-11
Подсолнух;Серпухов, ул. Подольская, 98;54.934284;37.447283;osm-54.93428-37.44728;2024-06-11
Зая, скоро буду!;Серпухов, ул. Дзержинского, 3А;54.934998;37.456101;osm-54.93500-37.45610;2024-06-11
Зая, скоро буду!;Серпухов, ул. Дзержинского, 3А;54.935072;37.456120;osm-54.93507-37.45612;2024-06-11
Вкусная еда;Луховицы, ул. Пионерская, 28;54.947797;39.018804;osm-54.94780-39.01880;2025-01-23
MiX Точка;Луховицы, ул. Жуковского, 9А;54.948719;39.025332;osm-54.94872-39.02533;2025-07-10
Кафе грёз;Луховицы, ул. Пушкина, 139А;54.955423;39.020994;osm-54.95542-39.02099;2025-12-15
Пивная заправка;Коломна, ул. Цементников, 3;55.057133;38.841147;osm-55.05713-38.84115;2026-08-01
Викинг;Коломна, Окский просп., 27;55.072422;38.803594;osm-55.07242-38.80359;2025-03-01
Mix точка;Коломна, ул. Зелёная, 9А;55.079395;38.769806;osm-55.07939-38.76981;2025-08-06
Помещение с кофе;Коломна, ул. Дзержинского, 88;55.081896;38.771710;osm-55.08190-38.77171;2023-10-23
Mix Точка;Коломна, ул. Октябрьской Революции, 366/2 с1;55.083496;38.802162;osm-55.08350-38.80216;2025-10-26
Сеньор Денёр;Коломна, ул. Октябрьской Революции, 362;55.084065;38.800621;osm-55.08407-38.80062;2024-08-28
МакароТТи;Михнево, 80-й километр, 1;55.091812;37.931667;osm-55.09181-37.93167;2024-08-04
Помпончик;Михнево, 80-й километр, 1;55.092125;37.931530;osm-55.09213-37.93153;2025-01-05
Мистер Шаверма;Коломна, Советская пл., 8А;55.095883;38.762789;osm-55.09588-38.76279;2025-03-01
Mix точка;Коломна, ул. Красногвардейская, 3;55.101464;38.759613;osm-55.10146-38.75961;2025-10-26
Стсрик Хинкалыч;Коломна, Площадь 2х Революций, 2;55.102085;38.756203;osm-55.10209-38.75620;2026-08-31
Музей-кофейня;Коломна, ул. Савельича, 1;55.102715;38.761620;osm-55.10272-38.76162;2025-01-31
La mûre;Коломна, ул. Зайцева, 9;55.105343;38.763960;osm-55.10534-38.76396;2025-05-12
Марфа Соломоновна;Коломна, ул. Пушкина, 2;55.105599;38.764595;osm-55.10560-38.76459;2025-01-19
Трактир Рыба;Коломна, ул. Москворецкая, 7;55.106301;38.767776;osm-55.10630-38.76778;2026-09-26
Чайная;Коломна, ул. Москворецкая, 7;55.106319;38.768095;osm-55.10632-38.76810;2026-09-26
Пират Пицца;Михнево, ул. Кооперативная, 2;55.121307;37.955124;osm-55.12131-37.95512;2023-10-21
Коба;Чехов, ул. Почтовая, 22;55.144884;37.452536;osm-55.14488-37.45254;2026-05-02
Гранд Холл;Столбовая, Привокзальная пл., 1А;55.248024;37.494617;osm-55.24802-37.49462;2024-09-03
Foodtime;Столбовая, Привокзальная пл., 3;55.248610;37.494575;osm-55.24861-37.49457;2024-09-03
Восточный рай;Воскресенск, ул. Коломенская, 20;55.249792;38.756920;osm-55.24979-38.75692;2024-03-20
Восточный рай;Воскресенск, ул. Коломенская, 20;55.249916;38.757017;osm-55.24992-38.75702;2024-03-20
Самарканд;ул. Крутовская, 29с7;55.277017;37.113801;osm-55.27702-37.11380;2025-01-25
Столовая Щи-Борщи;Воскресенск, ул. Советская, 4;55.319876;38.683477;osm-55.31988-38.68348;2024-03-12
Сеньор Денёр;Воскресенск, ул. Менделеева, 8А;55.324033;38.662270;osm-55.32403-38.66227;2024-02-07
Кулинария Винегрет;Воскресенск, ул. Советская, 16;55.324454;38.681780;osm-55.32445-38.68178;2024-03-12
Три Бобра;Столбовая, ул. Вокзальная, 2А;55.357970;37.527509;osm-55.35797-37.52751;2024-11-03
Дымок&Солодок;Столбовая, ул. Ленина, 22;55.358073;37.521005;osm-55.35807-37.52101;2024-11-03
Бистро;Столбовая, ул. Победы, 2/18;55.359337;37.520018;osm-55.35934-37.52002;2025-06-18
Просто Столовая;Столбовая, ул. Ленина, 1;55.364064;37.523029;osm-55.36406-37.52303;2026-07-03
УРА!;Егорьевск, просп. Ленина, 3А;55.373133;39.054615;osm-55.37313-39.05461;2025-03-25
Жар'Ъ;Егорьевск, ул. Советская, 176;55.374705;39.047781;osm-55.37470-39.04778;2024-03-06
Жар'Ъ;Егорьевск, ул. Советская, 176;55.374857;39.047933;osm-55.37486-39.04793;2024-03-06
Кофейня ТОМС;Егорьевск, ул. Горького, 27А;55.375155;39.057577;osm-55.37515-39.05758;2026-03-01
Кофейня ТОМС;Егорьевск, ул. Горького, 27А;55.375208;39.057539;osm-55.37521-39.05754;2026-03-01
City Cafe;Октябрьская пл., 1;55.375446;37.539388;osm-55.37545-37.53939;2024-07-19
Вкусно, Блин!;Егорьевск, ул. Советская, 183;55.377022;39.045386;osm-55.37702-39.04539;2025-05-17
Devis;Наро-Фоминск, ул. Маршала Жукова, 152;55.379006;36.699020;osm-55.37901-36.69902;2025-04-04
Нара;Наро-Фоминск, ул. Ленина, 14;55.381502;36.727746;osm-55.38150-36.72775;2024-10-07
Сеньор Денёр;Егорьевск, ул. Советская, 108/1Б;55.381750;39.037506;osm-55.38175-39.03751;2024-02-07
Московское;Наро-Фоминск, ул. Московская, 15;55.381944;36.754475;osm-55.38194-36.75447;2024-11-12
Московское;Наро-Фоминск, ул. Московская, 15;55.382066;36.754450;osm-55.38207-36.75445;2024-11-12
Шварцкайзер;Егорьевск, ул. Советская, 101;55.382533;39.036954;osm-55.38253-39.03695;2024-08-19
Make coffee;Наро-Фоминск, ул. Войкова, 5;55.383974;36.750297;osm-55.38397-36.75030;2024-10-29
Тебе и мне;Егорьевск, ул. Советская, 62;55.384924;39.032683;osm-55.38492-39.03268;2026-08-13
Компот;Наро-Фоминск, пл. Свободы, 10А;55.385869;36.727849;osm-55.38587-36.72785;2025-01-07
Барница;Наро-Фоминск, ул. Войкова, 5;55.385920;36.745797;osm-55.38592-36.74580;2024-02-17
Плов №1;Наро-Фоминск, пл. Свободы, 9;55.386809;36.734661;osm-55.38681-36.73466;2024-04-04
Кондитерская Анны Кузьминой;Наро-Фоминск, ул. Володарского, 7;55.388603;36.740929;osm-55.38860-36.74093;2024-09-14
Алькасар;Егорьевск, Сиреневый пер., 7;55.391169;39.012487;osm-55.39117-39.01249;2025-01-15
Pizz Express;Наро-Фоминск, ул. Парк Воровского, 12;55.392029;36.742602;osm-55.39203-36.74260;2024-04-03
Pizz Express;Наро-Фоминск, ул. Парк Воровского, 12;55.392046;36.742677;osm-55.39205-36.74268;2024-04-03
Замок Айвенго;Домодедово, М-2 Крым, 41-й километр, 1к3;55.401269;37.600642;osm-55.40127-37.60064;2024-06-15
Замок Айвенго;Домодедово, М-2 Крым, 41-й километр, 1к3;55.401463;37.600689;osm-55.40146-37.60069;2024-06-15
Сушитека;Домодедово, ул. Курыжова, 7;55.402838;37.766619;osm-55.40284-37.76662;2025-10-29
Апшерон;ул. Машиностроителей, 3;55.410706;37.566072;osm-55.41071-37.56607;2024-06-11
Ещесуши;Наро-Фоминск, Кубинское ш., 12;55.410740;36.715437;osm-55.41074-36.71544;2024-10-02
Апшерон;ул. Машиностроителей, 3;55.410828;37.566006;osm-55.41083-37.56601;2024-06-11
Пират;Бронницы, ул. Кленовая, 14;55.416246;38.244373;osm-55.41625-38.24437;2023-10-08
Все Звёзды;Домодедово, просп. Академика Туполева, 1А;55.417753;37.839324;osm-55.41775-37.83932;2026-01-13
Все Звёзды;Домодедово, просп. Академика Туполева, 1А;55.417965;37.839214;osm-55.41797-37.83921;2026-01-13
Хмельная миля;ул. 43-й Армии, 19;55.420141;37.494368;osm-55.42014-37.49437;2024-04-16
Рапидо Экспресс;ул. Клемента Готвальда, 6Г;55.423324;37.528821;osm-55.42332-37.52882;2023-10-16
Априори;ул. Клемента Готвальда, 8;55.424489;37.527876;osm-55.42449-37.52788;2023-10-16
Дом Пиццы;ул. Кирова, 15Г;55.427210;37.534861;osm-55.42721-37.53486;2023-10-16
Vida Calma;Домодедово, ул. Майская, 3;55.429419;37.752677;osm-55.42942-37.75268;2026-02-15
Vida Calma;Домодедово, ул. Майская, 3;55.429502;37.752756;osm-55.42950-37.75276;2026-02-15
Сеньор Денёр;ул. Большая Серпуховская, 2А;55.430079;37.545674;osm-55.43008-37.54567;2024-03-06
Кельт-клуб;Егорьевск, ул. Саввинская, 46В;55.431248;39.199825;osm-55.43125-39.19982;2024-12-07
Office 6;Домодедово, ул. Текстильщиков, 39;55.432680;37.734067;osm-55.43268-37.73407;2025-06-22
Каеф;Революционный просп., 47А;55.432754;37.549556;osm-55.43275-37.54956;2024-06-12
Батон;Революционный просп., 47/1;55.432776;37.550373;osm-55.43278-37.55037;2024-06-12
За Пивом;Революционный просп., 47/1;55.432785;37.549962;osm-55.43279-37.54996;2024-06-12
Милфей;Революционный просп., 47/1;55.432872;37.550126;osm-55.43287-37.55013;2024-06-12
У Слона;ул. Лиственная, 2;55.434145;36.959272;osm-55.43415-36.95927;2023-12-06
У Слона;ул. Лиственная, 2;55.434248;36.959328;osm-55.43425-36.95933;2023-12-06
Сугроб;Гаражный пр., 8А;55.450459;37.559477;osm-55.45046-37.55948;2026-01-07
Башня;Домодедово, ул. Гагарина, 45;55.450837;37.743672;osm-55.45084-37.74367;2025-06-23
Лаванда;Белоозёрский, ул. Центральная, 134;55.452228;38.437777;osm-55.45223-38.43778;2024-08-17
Pizza Express 24;ул. Плещеевская, 54Б;55.455927;37.589122;osm-55.45593-37.58912;2026-10-01
Pizza Express 24;ул. Плещеевская, 54Б;55.455965;37.589000;osm-55.45596-37.58900;2026-10-01
Сеньор Денёр;Белоозёрский, ул. Коммунальная, 20А;55.455967;38.443689;osm-55.45597-38.44369;2024-02-07
Лакомка;Белоозёрский, ул. Коммунальная, 10;55.456973;38.445137;osm-55.45697-38.44514;2026-05-30
Чайхана 24;Домодедово, ул. Заречье, 2В;55.460491;37.693073;osm-55.46049-37.69307;2026-05-18
Капучинка;ул. Дорожная, 32;55.464035;36.939220;osm-55.46404-36.93922;2026-01-29
Узбекские лепёшки;ул. Дорожная, 32;55.464131;36.939471;osm-55.46413-36.93947;2026-01-29
Узбекские лепёшки;ул. Дорожная, 32;55.464173;36.939475;osm-55.46417-36.93948;2026-01-29
Пицца Суши;ул. Подольская, 10Б;55.468116;37.545889;osm-55.46812-37.54589;2025-03-24
Пицца Суши;ул. Подольская, 10Б;55.468216;37.545939;osm-55.46822-37.54594;2025-03-24
Family Garden;Апрелевка, ул. 1-я Парковая, 26;55.469778;37.030464;osm-55.46978-37.03046;2026-01-12
Бухта;Калужское ш., 16;55.469823;37.305371;osm-55.46982-37.30537;2024-07-19
YourTime;Сиреневый бул., 11;55.469896;37.296065;osm-55.46990-37.29606;2026-05-13
Пицца экспресс 24;Октябрьский просп., 4А;55.471867;37.292464;osm-55.47187-37.29246;2026-02-14
Наша Лавка;Апрелевка, ул. 1-я Солнечная, 101;55.472370;37.027955;osm-55.47237-37.02795;2026-03-29
Proжora;Сапроново, ул. Вокзальная, 82;55.480954;37.718048;osm-55.48095-37.71805;2026-05-18
Самаркандиский плов;Сапроново, ул. Центральная, 7Г;55.487879;37.750550;osm-55.48788-37.75055;2024-07-07
Тандыр;Сапроново, ул. Центральная, 7Г;55.488016;37.750528;osm-55.48802-37.75053;2024-07-07
Шашлычный мир;Сапроново, ул. Центральная, 10А;55.488755;37.749608;osm-55.48875-37.74961;2025-09-13
Царский Дворик;Сапроново, ул. Центральная, 10А;55.488966;37.749333;osm-55.48897-37.74933;2025-09-13
Между булок;ул. Логинова, 1 к1;55.498249;37.517857;osm-55.49825-37.51786;2025-11-10
Крутим-вертим;ул. Логинова, 1 к1;55.498304;37.517856;osm-55.49830-37.51786;2026-02-09
Квас и лимонад;Белоозёрский, ул. Октябрьская, 49;55.498447;38.644190;osm-55.49845-38.64419;2024-05-28
Pizza Express 24;Сапроново, ул. Центральная, 1В;55.501905;37.672532;osm-55.50191-37.67253;2025-10-29
Сушитека;ул. Барышевская Роща, 18;55.503112;37.536745;osm-55.50311-37.53675;2025-10-29
Шашлыково;Можайск, ул. Партизанская, 4;55.503405;36.205262;osm-55.50341-36.20526;2025-12-16
Осетинские пироги;Можайск, ул. Красных Партизан, 8;55.504642;36.016373;osm-55.50464-36.01637;2025-07-05
Весна;Сапроново, Берёзовая аллея, 1;55.507425;37.768152;osm-55.50742-37.76815;2026-01-21
Усадьба Горки;Сапроново, Берёзовая аллея, 1;55.507689;37.768082;osm-55.50769-37.76808;2026-01-10
Курник экспо;Бутовский туп., 1;55.510309;37.559979;osm-55.51031-37.55998;2025-07-25
Бахор;Симферопольское ш., 5;55.510590;37.574800;osm-55.51059-37.57480;2025-08-07
У мангала;Симферопольское ш., 3;55.512510;37.575469;osm-55.51251-37.57547;2025-07-24
Friends Only;Сапроново, ул. Строителей, 1A;55.512966;37.686151;osm-55.51297-37.68615;2025-07-28
Кофейня Парус;Симферопольское ш., 1Б;55.513041;37.575571;osm-55.51304-37.57557;2024-07-19
Чебурашка;Можайск, ул. Москворецкая, 15;55.517013;36.026944;osm-55.51701-36.02694;2026-05-31
Ролик;ул. 3-я Нововатутинская, 2;55.521120;37.354594;osm-55.52112-37.35459;2025-05-14
Плов;ул. Центральная, 15А/2с1;55.525288;37.220473;osm-55.52529-37.22047;2025-02-08
Сушитека;Новое ш., 2 к2;55.525386;37.585631;osm-55.52539-37.58563;2025-10-29
Пури Нури;Мисайлово, ул. Взлётная, 5;55.525912;37.823416;osm-55.52591-37.82342;2026-01-13
Monkey’s pride;Новое ш., 9 к1;55.528186;37.587089;osm-55.52819-37.58709;2025-01-30
Garda;Новое ш., 3 к2;55.531342;37.583585;osm-55.53134-37.58358;2024-11-13
Garda;Новое ш., 3 к2;55.531418;37.583316;osm-55.53142-37.58332;2024-11-13
КОФЕ КРУТ!;ул. Мостовая, 5 к2;55.532361;37.378657;osm-55.53236-37.37866;2026-04-07
Sultan Sofrasi;Лесная ул. рабочий посёлок Боброво, 20;55.532580;37.621810;osm-55.53258-37.62181;2025-01-23
Sultan Sofrasi;Лесная ул. рабочий посёлок Боброво, 20;55.532752;37.621659;osm-55.53275-37.62166;2025-01-23
Григ;Апрелевка, ул. Рабочая, 18;55.534791;37.151528;osm-55.53479-37.15153;2024-03-25
Григ;Апрелевка, ул. Рабочая, 18;55.534958;37.151467;osm-55.53496-37.15147;2024-03-25
Италония;ул. Южнобутовская, 69;55.535227;37.527832;osm-55.53523-37.52783;2026-06-04
Шаурма;Апрелевка, ул. Рабочая, 14А с2;55.535981;37.152394;osm-55.53598-37.15239;2024-10-24
Между булок;ул. Лесная, 12;55.537820;37.620023;osm-55.53782-37.62002;2026-02-02
Хинкали;Чечёрский пр., 3 с5;55.539196;37.544687;osm-55.53920-37.54469;2025-03-19
Пицца на дровах;Апрелевка, ул. Рабочая, 15с1;55.539275;37.154291;osm-55.53928-37.15429;2024-10-24
Rich Man;просп. Куприна, 30 к1;55.539639;37.460605;osm-55.53964-37.46061;2026-05-02
Пончики Шаурма;Апрелевка, ул. Рабочая, 15с1;55.539679;37.154364;osm-55.53968-37.15436;2024-10-26
Мне нравится;Сапроново, ул. Завидная, 4;55.540024;37.724768;osm-55.54002-37.72477;2024-02-17
Iskra;Апрелевка, ул. Рабочая, 11 с2;55.540549;37.154589;osm-55.54055-37.15459;2024-10-26
Хинкальная;ул. Александры Монаховой, 90 к2;55.543864;37.482001;osm-55.54386-37.48200;2025-08-16
Cyclo;ул. Александры Монаховой, 90 к2;55.543896;37.482149;osm-55.54390-37.48215;2025-08-16
Между булок;просп. Куприна, 24 к3;55.543923;37.478225;osm-55.54392-37.47823;2025-11-10
Bubble Crumbl;просп. Куприна, 24 к3;55.544061;37.478126;osm-55.54406-37.47813;2025-10-29
Rich Man;просп. Куприна, 18 к2;55.546272;37.488931;osm-55.54627-37.48893;2026-01-12
Zamin;просп. Куприна, 18 к2;55.546609;37.488112;osm-55.54661-37.48811;2026-01-12
Варочная;ул. Александры Монаховой, 91 к1;55.547667;37.487392;osm-55.54767-37.48739;2026-07-11
Дюшес;ул. Бартеневская, 39;55.547801;37.522635;osm-55.54780-37.52264;2023-10-22
Дюшес;ул. Бартеневская, 39;55.547889;37.522665;osm-55.54789-37.52267;2023-10-22
Метрополь Холл;Мисайлово, Каширское ш., 20/1с1;55.548454;37.773610;osm-55.54845-37.77361;2023-10-15
Пиросмани;Тучково, ул. 1-я Советская, 4Б;55.548511;36.373254;osm-55.54851-36.37325;2026-02-04
Виднофф;Видное, ул. Кооперативная, 2;55.548708;37.681449;osm-55.54871-37.68145;2023-10-15
Шаварм'е;ул. Александры Монаховой, 87 к5;55.549588;37.489494;osm-55.54959-37.48949;2026-06-04
На луне;ул. Венёвская, 2А;55.550110;37.541894;osm-55.55011-37.54189;2025-08-31
Табак & Паб;ул. Александры Монаховой, 87 к4;55.550219;37.488949;osm-55.55022-37.48895;2026-06-04
Шаурма Бим;ул. Александры Монаховой, 87 к4;55.550244;37.489061;osm-55.55024-37.48906;2026-06-04
Макадамия;ул. Венёвская, 2А;55.550301;37.541747;osm-55.55030-37.54175;2025-08-31
Между булок;Видное, ул. Донбасская, 1;55.551350;37.683583;osm-55.55135-37.68358;2025-11-10
Бутово гриль;ул. Поляны, 22;55.551629;37.547627;osm-55.55163-37.54763;2026-09-06
Тебе и мне;ул. Эдварда Грига, 14;55.553938;37.500457;osm-55.55394-37.50046;2025-08-28
Why Not Sushi;ул. Поляны, 9/1;55.554307;37.554042;osm-55.55431-37.55404;2026-05-20
Горизонт;ул. Поляны, 5А к1;55.554320;37.555403;osm-55.55432-37.55540;2026-05-20
Фо Ван;ул. Эдварда Грига, 16 к2;55.554564;37.503253;osm-55.55456-37.50325;2025-06-25
Тандыр Сити;ул. Эдварда Грига, 16 к2;55.554616;37.503173;osm-55.55462-37.50317;2025-04-08
Мадина;ул. Эдварда Грига, 16 к1;55.555044;37.505333;osm-55.55504-37.50533;2025-08-30
Ris;ул. Эдварда Грига, 16 к1;55.555188;37.505098;osm-55.55519-37.50510;2025-08-30
Шаурмак;ул. Эдварда Грига, 16 к1;55.555235;37.505023;osm-55.55524-37.50502;2025-08-30
Чё, Итальянец?;ул. Эдварда Грига, 17;55.555316;37.508157;osm-55.55532-37.50816;2026-07-01
Coffee Moose;Скандинавский бул., 23 к2;55.555321;37.513253;osm-55.55532-37.51325;2025-09-05
Истерика вкуса;ул. Эдварда Грига, 17;55.555351;37.506979;osm-55.55535-37.50698;2025-08-30
Мерза Марзо;ул. Эдварда Грига, 16 к1;55.555364;37.504815;osm-55.55536-37.50482;2025-08-30
Ботаника;ул. Эдварда Грига, 15;55.555535;37.506386;osm-55.55553-37.50639;2025-01-17
Дендрариум;ул. Эдварда Грига, 15;55.555570;37.506133;osm-55.55557-37.50613;2025-04-04
Самая Вкусная Шаурма;ул. Эдварда Грига, 17;55.555609;37.507658;osm-55.55561-37.50766;2025-07-27
Grannar;ул. Эдварда Грига, 17;55.556153;37.509357;osm-55.55615-37.50936;2025-01-20
У Макса;Молоково, ул. Центральная, 27;55.556196;37.878840;osm-55.55620-37.87884;2025-07-31
Сели-Поели;ул. Эдварда Грига, 15;55.556358;37.505344;osm-55.55636-37.50534;2026-01-29
Hörn17;ул. Эдварда Грига, 17;55.556389;37.508963;osm-55.55639-37.50896;2025-08-28
Кутузов;Островцы, ул. Боровская, 117;55.556431;38.026217;osm-55.55643-38.02622;2024-11-06
Вершины вкусов;ул. Эдварда Грига, 15;55.556448;37.507276;osm-55.55645-37.50728;2026-01-29
Кутузов;Островцы, ул. Боровская, 117;55.556569;38.026221;osm-55.55657-38.02622;2024-11-06
Академия;Мисайлово, Литературный бул., 2;55.556744;37.813819;osm-55.55674-37.81382;2025-12-16
Просечечная;ул. Эдварда Грига, 15;55.556758;37.506767;osm-55.55676-37.50677;2025-08-28
Между булок;Мисайлово, Пригородное ш., 7;55.556772;37.820005;osm-55.55677-37.82001;2025-11-10
Заверни;просп. Куприна, 3 к5;55.556801;37.502194;osm-55.55680-37.50219;2026-04-23
Rich man celebrity;Скандинавский бул., 19;55.556835;37.510890;osm-55.55683-37.51089;2025-09-24
Варочная;просп. Куприна, 3 к5;55.556930;37.502142;osm-55.55693-37.50214;2026-04-23
Алкомаркет 40 градусов;Мисайлово, Литературный бул., 2;55.556983;37.813809;osm-55.55698-37.81381;2025-12-16
Система Кофе и Знания;ул. Золотошвейная, 7;55.557085;37.313226;osm-55.55709-37.31323;2024-09-02
Yutaka;ул. Эдварда Грига, 15;55.557141;37.506804;osm-55.55714-37.50680;2025-11-16
Слеза Комсомолки;ул. Эдварда Грига, 15;55.557247;37.507004;osm-55.55725-37.50700;2026-06-26
Чöрная щука;Скандинавский бул., 17;55.557254;37.508958;osm-55.55725-37.50896;2026-07-01
To Go;Скандинавский бул., 17;55.557291;37.509728;osm-55.55729-37.50973;2025-08-30
Alare;ул. Эдварда Грига, 15;55.557334;37.507232;osm-55.55733-37.50723;2025-12-28
ОриДа;Скандинавский бул., 17;55.557327;37.508827;osm-55.55733-37.50883;2026-07-01
Dobro;Скандинавский бул., 19;55.557350;37.510729;osm-55.55735-37.51073;2024-10-21
Бармен;Мисайлово, Литературный бул., 2;55.557623;37.813791;osm-55.55762-37.81379;2025-12-16
Ньёрд Паб;Скандинавский бул., 17;55.557658;37.510427;osm-55.55766-37.51043;2025-09-07
2-я Кофейная;Скандинавский бул., 17;55.557784;37.510657;osm-55.55778-37.51066;2025-09-07
Суши мастер;Скандинавский бул., 17;55.557823;37.510599;osm-55.55782-37.51060;2025-09-07
Epic Pizza;просп. Куприна, 1 к2;55.558095;37.502144;osm-55.55810-37.50214;2026-01-30
Лесной;Видное, ул. Садовая, 12А;55.558172;37.708023;osm-55.55817-37.70802;2024-07-08
Лесной;Видное, ул. Садовая, 12А;55.558182;37.708055;osm-55.55818-37.70806;2024-07-08
Regar;просп. Куприна, 1 к2;55.558222;37.502198;osm-55.55822-37.50220;2024-10-21
Матрёшка;Мисайлово, Литературный бул., 3;55.558302;37.812296;osm-55.55830-37.81230;2025-12-16
Сушисет и Пицца;Мисайлово, Литературный бул., 4;55.558585;37.813742;osm-55.55859-37.81374;2025-12-16
Сушитека;Мисайлово, Литературный бул., 4;55.558713;37.813724;osm-55.55871-37.81372;2025-10-29
Баку City;Раменское, ул. Михалевича, 72Д;55.558788;38.254600;osm-55.55879-38.25460;2024-03-25
Донер Шаурма;Мисайлово, Молодёжный бул., 6;55.558868;37.815642;osm-55.55887-37.81564;2025-12-16
Разливные напитки;Мисайлово, Молодёжный бул., 6;55.558871;37.816004;osm-55.55887-37.81600;2025-12-16
Баррель;Мисайлово, Молодёжный бул., 6;55.558874;37.816366;osm-55.55887-37.81637;2025-12-16
АМ Винмаркет;Мисайлово, Литературный бул., 4;55.559013;37.814375;osm-55.55901-37.81437;2025-12-16
Лесной;Видное, Зелёный пер., 15;55.561116;37.713447;osm-55.56112-37.71345;2024-02-10
Хинкальная;Мисайлово, ул. Пролетарская, 56;55.561148;37.828564;osm-55.56115-37.82856;2025-09-14
Лесной;Видное, Зелёный пер., 15;55.561254;37.713479;osm-55.56125-37.71348;2024-02-10
Noba;Скандинавский бул., 9 к1;55.563012;37.502370;osm-55.56301-37.50237;2025-04-26
boooop;Видное, Дивный бул., 1;55.563804;37.707882;osm-55.56380-37.70788;2024-01-13
Jeffrey's;ул. Александры Монаховой, 43 к1;55.564414;37.489478;osm-55.56441-37.48948;2025-08-29
Донер Хаус;ул. Эдварда Грига, 1А;55.564854;37.490438;osm-55.56485-37.49044;2025-08-29
Хинкальная;Раменское, ул. Куйбышева, 39А;55.564887;38.200948;osm-55.56489-38.20095;2024-02-01
Кахетия;ул. Коктебельская, 4А;55.565667;37.584257;osm-55.56567-37.58426;2023-10-22
Butovo Grill;ул. Академика Глушко, 15;55.565710;37.560070;osm-55.56571-37.56007;2025-03-30
Локко Мокко;Раменское, ул. Советская, 5;55.566707;38.227611;osm-55.56671-38.22761;2024-02-27
Vittoria;Новосередневский просп., 19;55.567636;37.286973;osm-55.56764-37.28697;2024-08-04
Beerlin;Раменское, ул. Десантная, 11/10;55.568286;38.204849;osm-55.56829-38.20485;2025-06-08
СВШ;Шатура, ул. Большевик, 15;55.568316;39.554670;osm-55.56832-39.55467;2025-01-12
Кофейня;Раменское, ул. Красноармейская, 10А;55.569519;38.231786;osm-55.56952-38.23179;2024-05-14
Гриль-бар;Раменское, ул. Карла Маркса, 8;55.569923;38.228104;osm-55.56992-38.22810;2024-05-14
Эбисуши;ул. Старокачаловская, 5А;55.570061;37.579349;osm-55.57006-37.57935;2023-11-01
Бутово Гриль;ул. Старокачаловская, 5;55.570133;37.580471;osm-55.57013-37.58047;2024-12-01
Flash Royal;ул. Александры Монаховой, 10;55.572679;37.473643;osm-55.57268-37.47364;2024-04-13
Pomodoro;микрорайон Эдальго, 1;55.572738;37.485772;osm-55.57274-37.48577;2023-10-22
Баранка;ул. Нагорная, 11А;55.573021;37.618289;osm-55.57302-37.61829;2026-07-05
Пена и Пар;Раменское, ул. Высоковольтная, 22;55.573586;38.202852;osm-55.57359-38.20285;2026-08-31
Йож балдеж;Шатура, ул. Советская, 33;55.574205;39.533116;osm-55.57420-39.53312;2025-01-02
Соло;Раменское, ул. Народное Имение, 12;55.574543;38.231869;osm-55.57454-38.23187;2025-12-15
Сакура;Кубинка, Наро-Фоминское ш., 8;55.574606;36.695701;osm-55.57461-36.69570;2026-05-13
Соло;Раменское, ул. Народное Имение, 12;55.574613;38.232036;osm-55.57461-38.23204;2025-12-15
Пельменная;Кубинка, Можайское ш., 80А;55.577261;36.717167;osm-55.57726-36.71717;2026-09-19
Sushi-Country;Раменское, Донинское ш., 4 к2;55.577317;38.241710;osm-55.57732-38.24171;2024-03-12
Кафетерий в магазине Зелёная Околица;Раменское, ул. Приборостроителей, 1А;55.577358;38.250388;osm-55.57736-38.25039;2024-04-29
Шоу'рма;Раменское, ул. Октябрьская, 33А;55.577453;38.249639;osm-55.57745-38.24964;2024-03-12
the Кофе;Раменское, ул. Приборостроителей, 1;55.577591;38.248470;osm-55.57759-38.24847;2024-03-12
Брусничка;Раменское, ул. Свободы, 6А;55.577780;38.230146;osm-55.57778-38.23015;2024-04-22
Ямори;Кубинка, Наро-Фоминское ш., 38А;55.578495;36.693476;osm-55.57849-36.69348;2024-03-28
Шаурма куб №1;Кубинка, Наро-Фоминское ш., 10/3;55.578642;36.690079;osm-55.57864-36.69008;2024-03-28
Make coffee;Кубинка, Привокзальная пл., 12;55.578835;36.691473;osm-55.57883-36.69147;2024-03-28
Жуковский LOFT;Кратово, ул. Туполева, 1;55.581164;38.136812;osm-55.58116-38.13681;2023-11-20
Жуковский LOFT;Кратово, ул. Туполева, 1;55.581348;38.136757;osm-55.58135-38.13676;2023-11-20
Пекарня донер плов;Варшавское ш., 170Е к10;55.581896;37.578859;osm-55.58190-37.57886;2026-08-17
Карина;Раменское, ул. Чугунова, 43А;55.581954;38.198684;osm-55.58195-38.19868;2024-03-01
Карина;Раменское, ул. Чугунова, 43А;55.582065;38.198785;osm-55.58207-38.19879;2024-03-01
Коfейная uлица;Варшавское ш., 170Е к11;55.582304;37.578888;osm-55.58230-37.57889;2026-08-17
Твист;Раменское, ул. Холодово, 2;55.583739;38.198141;osm-55.58374-38.19814;2024-09-16
Донеретт;ул. Дорожная, 40;55.588843;37.613541;osm-55.58884-37.61354;2025-01-29
Zen;Варшавское ш., 141 к10;55.589059;37.602455;osm-55.58906-37.60245;2023-10-22
Между тем;Жуковский, ул. Серова, 15 с1;55.589623;38.133086;osm-55.58962-38.13309;2026-04-27
Халяль;Прокшинский просп., 11;55.590428;37.427262;osm-55.59043-37.42726;2024-10-29
Лесная поляна;Кратово, ул. Королёва, 27А;55.591419;38.202301;osm-55.59142-38.20230;2024-01-20
PROеду;Раменское, ул. Молодёжная, 8;55.591499;38.252516;osm-55.59150-38.25252;2026-06-04
Лесная поляна;Кратово, ул. Королёва, 27А;55.591584;38.202365;osm-55.59158-38.20237;2024-01-20
French Bakery;бул. Веласкеса, 2;55.591607;37.456026;osm-55.59161-37.45603;2025-08-10
Бэбо Чито;бул. Веласкеса, 1 к1;55.591670;37.454540;osm-55.59167-37.45454;2025-08-10
Фуд-Цех;Прокшинский просп., 9;55.591724;37.430229;osm-55.59172-37.43023;2025-11-25
МестоПиvо;бул. Веласкеса, 1 к1;55.591737;37.454937;osm-55.59174-37.45494;2025-08-10
Burger Club;бул. Веласкеса, 4;55.591835;37.457036;osm-55.59184-37.45704;2025-08-11
Котомания;бул. Веласкеса, 4;55.591902;37.458130;osm-55.59190-37.45813;2025-08-11
Лавашура;бул. Веласкеса, 4;55.591985;37.457801;osm-55.59199-37.45780;2025-08-11
Масисо;бул. Веласкеса, 1 к2;55.592023;37.455986;osm-55.59202-37.45599;2025-08-10
Koala;бул. Веласкеса, 1 к2;55.592068;37.455961;osm-55.59207-37.45596;2025-08-10
Аурелия;Жуковский, ул. Маяковского, 9;55.592084;38.123474;osm-55.59208-38.12347;2025-01-02
Русь;Краснознаменск, просп. Мира, 19;55.592406;37.043367;osm-55.59241-37.04337;2024-04-18
Русь;Краснознаменск, просп. Мира, 19;55.592491;37.042989;osm-55.59249-37.04299;2024-04-18
Чердак;Краснознаменск, Победы, 22Б;55.593130;37.034792;osm-55.59313-37.03479;2024-08-10
Чердак;Краснознаменск, Победы, 22Б;55.593183;37.034906;osm-55.59318-37.03491;2024-08-10
Антидонер;Кратово, ул. Карла Маркса, 5А;55.593456;38.157262;osm-55.59346-38.15726;2026-07-28
Ихлас;ул. Академика Янгеля, 6 к1;55.595918;37.592213;osm-55.59592-37.59221;2026-02-01
Японский пёс;ул. Академика Янгеля, 6 к1;55.596042;37.591869;osm-55.59604-37.59187;2026-02-01
Усадьба Крёкшино;Кокошкино, ул. Озёрная, с2;55.596552;37.113308;osm-55.59655-37.11331;2023-10-18
Xome chef;Жуковский, ул. Мясищева, 28/1;55.596903;38.095313;osm-55.59690-38.09531;2023-11-04
Одна тонна;Жуковский, ул. Мясищева, 28/1;55.596989;38.095081;osm-55.59699-38.09508;2023-11-05
Bakehouse;Варшавское ш., 150Б;55.597231;37.601271;osm-55.59723-37.60127;2026-02-01
Frono;Варшавское ш., 150Б;55.597288;37.601335;osm-55.59729-37.60133;2026-02-01
Munzi;Варшавское ш., 150Б;55.597318;37.601073;osm-55.59732-37.60107;2026-02-01
Роллофф;Каширское ш., 142 к1А;55.597472;37.723070;osm-55.59747-37.72307;2023-10-15
Kam;Варшавское ш., 150Б;55.597521;37.601299;osm-55.59752-37.60130;2026-02-01
Sweety;Варшавское ш., 150Б;55.597546;37.601192;osm-55.59755-37.60119;2026-02-01
Порт;ул. Голубинская, 16;55.597633;37.526907;osm-55.59763-37.52691;2025-11-22
Вкус Индии;Варшавское ш., 150Б;55.597626;37.601476;osm-55.59763-37.60148;2026-02-01
Soul Seoul;Варшавское ш., 150Б;55.597716;37.601263;osm-55.59772-37.60126;2026-02-01
Taboo Bar;Варшавское ш., 150Б;55.597734;37.601407;osm-55.59773-37.60141;2026-02-01
3/4;Жуковский, ул. Фрунзе, 26;55.597746;38.120890;osm-55.59775-38.12089;2024-07-29
Udon Noodle Bar;Варшавское ш., 150Б;55.597783;37.601287;osm-55.59778-37.60129;2026-02-01
Честная рыба;Варшавское ш., 150Б;55.597783;37.601387;osm-55.59778-37.60139;2026-02-01
Столовая городской больницы;Жуковский, ул. Фрунзе, 1;55.597824;38.127844;osm-55.59782-38.12784;2024-12-27
JAM;Жуковский, ул. Гагарина, 2;55.598237;38.112620;osm-55.59824-38.11262;2026-06-30
Chester;Варшавское ш., 150 к2;55.598299;37.602214;osm-55.59830-37.60221;2026-02-01
Место есть;Тучково, ул. Советская, 3А;55.598420;36.467524;osm-55.59842-36.46752;2023-11-02
Pizza Express 24H;Жуковский, ул. Менделеева, 2А;55.598832;38.117152;osm-55.59883-38.11715;2024-04-16
Pizza Express 24;Кокошкино, ул. Железнодорожная, 14/2;55.599134;37.169244;osm-55.59913-37.16924;2025-06-17
Кофе с тобой;Кокошкино, ул. Железнодорожная, 16;55.599255;37.168924;osm-55.59925-37.16892;2025-06-17
Хмель и солод;ул. Паустовского, 6 к1;55.600150;37.538584;osm-55.60015-37.53858;2025-12-03
Домино'c;ул. Ясеневая, 10;55.600524;37.720892;osm-55.60052-37.72089;2024-09-07
Хачапури тётушки Марико;Жуковский, ул. Мясищева, 1;55.600837;38.106785;osm-55.60084-38.10679;2023-11-05
Столовая;Кубинка, ул. Заводская, 27;55.600941;36.696103;osm-55.60094-36.69610;2026-03-07
Ozyurt;Калужское ш., 8с3;55.601254;37.481970;osm-55.60125-37.48197;2025-11-22
Шаурма в лаваше;Жуковский, Московская пл., 1 с1;55.601273;38.134293;osm-55.60127-38.13429;2026-04-06
РЭД;Краснознаменск, ул. Победы, 6Е;55.601403;37.035203;osm-55.60140-37.03520;2024-07-09
РЭД;Краснознаменск, ул. Победы, 6Е;55.601536;37.035267;osm-55.60154-37.03527;2024-07-09
Ренессанс;Жуковский, ул. Энергетическая, 9;55.601724;38.115545;osm-55.60172-38.11554;2023-11-27
У самолёта;Краснознаменск, ул. Молодёжная, 2/3;55.601903;37.045417;osm-55.60190-37.04542;2024-04-17
У самолёта;Краснознаменск, ул. Молодёжная, 2/3;55.601970;37.045233;osm-55.60197-37.04523;2024-04-17
S∀MOVAR;Новоясеневский просп., 25А;55.602145;37.555306;osm-55.60215-37.55531;2024-09-22
Burger Club;Тучково, ул. Москворецкая, 1А;55.602572;36.482436;osm-55.60257-36.48244;2024-07-08
Ясен Кофе;ул. Вильнюсская, 7 к2;55.602681;37.523921;osm-55.60268-37.52392;2026-03-28
Хмель & солод;ул. Ясеневая, 32 к3;55.602919;37.740221;osm-55.60292-37.74022;2026-09-25
Хлебница;ул. Паустовского, 2/34;55.603067;37.541497;osm-55.60307-37.54150;2026-01-24
Чайхана Чай Хаус;ул. Ясеневая, 19 к1;55.603541;37.730846;osm-55.60354-37.73085;2026-10-01
Пивотека-Bonus;ул. Бианки, 3;55.603636;37.360272;osm-55.60364-37.36027;2025-04-30
Экспресс Пицца;ул. Ясеневая, 21 к1;55.603673;37.731731;osm-55.60367-37.73173;2026-10-01
Chicken House;ул. 2-я Рейсовая, 2 к3;55.603739;37.290752;osm-55.60374-37.29075;2024-09-25
3/4;Ильинский, ул. Гудкова, 22;55.603802;38.083103;osm-55.60380-38.08310;2024-07-31
DeVino;ул. Вильнюсская, 5;55.604046;37.522903;osm-55.60405-37.52290;2025-12-06
Pizzarium;ул. 2-я Рейсовая, 2 к5;55.604113;37.284891;osm-55.60411-37.28489;2025-10-12
Каша;ул. Генерала Белова, 28 к2;55.604144;37.724010;osm-55.60414-37.72401;2024-03-11
Pizzarium;ул. 2-я Рейсовая, 2 к5;55.604160;37.284877;osm-55.60416-37.28488;2025-10-12
Хочу шашлык;ул. Чертановская, 47 к1;55.604773;37.590888;osm-55.60477-37.59089;2024-03-06
Nabat Palace;ул. Тамбовская, 8 к2;55.604918;37.744942;osm-55.60492-37.74494;2026-05-13
Шаверма Просто Вася;ул. Ясеневая, 31 к1;55.605107;37.737992;osm-55.60511-37.73799;2024-11-07
На Луче;Жуковский, ул. Луч, 27;55.605390;38.111843;osm-55.60539-38.11184;2025-11-05
Мацони Тайм;ул. Елецкая, 20А;55.605770;37.733642;osm-55.60577-37.73364;2024-03-11
Chilan Tea;Новоясеневский просп., 11;55.606492;37.536341;osm-55.60649-37.53634;2025-11-22
Pho Street;Новоясеневский просп., 11;55.606549;37.536370;osm-55.60655-37.53637;2025-11-22
3/4;Ильинский, ул. Гагарина, 67;55.608174;38.091252;osm-55.60817-38.09125;2024-07-31
Поминальная трапезная;Хованское кладбище, с1;55.608319;37.454099;osm-55.60832-37.45410;2024-05-21
Чентуриппе;Ильинский, ул. Гагарина, 69А;55.608438;38.090094;osm-55.60844-38.09009;2025-09-14
Авиньон;Литовский бул., 4;55.609488;37.526679;osm-55.60949-37.52668;2026-03-14
Grass-hopper;Литовский бул., 4;55.609563;37.526853;osm-55.60956-37.52685;2026-03-14
Kuzina;ул. Воронежская, 16;55.609866;37.732315;osm-55.60987-37.73231;2024-09-07
Восток;ул. Ясногорская, 2;55.610281;37.536346;osm-55.61028-37.53635;2026-03-14
Пекарня как дома;ул. Воронежская, 44 к1А;55.610329;37.746352;osm-55.61033-37.74635;2024-02-11
Чайхана;Ильинский, ул. Опалённой Юности, 23А;55.610698;38.094897;osm-55.61070-38.09490;2025-12-31
Theory;Ильинский, ул. Опалённой Юности, 23А;55.610785;38.094791;osm-55.61078-38.09479;2025-12-31
НАМИ;ул. Красного Маяка, 2Б;55.610940;37.607421;osm-55.61094-37.60742;2023-10-22
Милано;ул. Кировоградская, 13А;55.611495;37.607474;osm-55.61149-37.60747;2024-08-05
Навват;Литовский бул., 22 с1;55.611525;37.537018;osm-55.61153-37.53702;2026-03-14
Эгриси;Шипиловский пр., 39 к1;55.611687;37.696339;osm-55.61169-37.69634;2025-08-08
Дом кофе;Ильинский, ул. Опалённой Юности, 28;55.611962;38.096144;osm-55.61196-38.09614;2025-12-31
Сыроварня;ул. Кировоградская, 13А;55.612110;37.606829;osm-55.61211-37.60683;2026-05-25
Алло Пицца;Литовский бул., 22;55.612163;37.537384;osm-55.61216-37.53738;2026-03-14
Миловида;ул. Дольская, 1 с15;55.612288;37.681820;osm-55.61229-37.68182;2025-06-09
Кофе в парке;ул. Дольская, 1 с15;55.612395;37.681673;osm-55.61239-37.68167;2025-11-02
Капучинофф;ул. Дольская, 1 с15;55.612411;37.681764;osm-55.61241-37.68176;2025-06-09
Капучинофф;ул. Дольская, 1 с38;55.613393;37.693142;osm-55.61339-37.69314;2025-06-09
Капучинофф;ул. Дольская, 1 с5;55.614356;37.680538;osm-55.61436-37.68054;2025-06-09
Домино'c;Ореховый бул., 45 к1;55.614445;37.743380;osm-55.61445-37.74338;2024-09-07
Пиццетто;Голицыно, Заводской просп., 13;55.615418;36.982720;osm-55.61542-36.98272;2023-11-14
Шаурмастер;Соловьиный пр., 4 к4;55.615834;37.549504;osm-55.61583-37.54950;2024-10-26
Унимэ суши;ул. Омская, 7А;55.615876;37.263524;osm-55.61588-37.26352;2023-10-18
Капучинофф;ул. Дольская, 1 с30;55.616108;37.674922;osm-55.61611-37.67492;2025-06-13
Manana;ул. Генерала Белова, 23А;55.616142;37.720156;osm-55.61614-37.72016;2024-02-12
Чайхана Танья;Каширское ш., 61 к3А;55.617381;37.715398;osm-55.61738-37.71540;2024-05-10
Буфет;ул. Дольская, 2 с2;55.617404;37.680737;osm-55.61740-37.68074;2024-04-05
Пантеон;ул. Тюрина, 1;55.617967;37.673138;osm-55.61797-37.67314;2026-09-15
Пантеон;ул. Тюрина, 1;55.618326;37.672921;osm-55.61833-37.67292;2026-09-15
Pizzamento;ул. Тюрина, 1;55.618445;37.673177;osm-55.61845-37.67318;2025-04-21
Белая башня;Ильинский, ул. Октябрьская, 14А;55.619290;38.109105;osm-55.61929-38.10910;2024-04-24
Boss бар;Голицыно, Звенигородское ш., 24;55.619386;36.985703;osm-55.61939-36.98570;2025-02-23
Золотой колос;ул. Тёплый Стан, 1А;55.619477;37.500766;osm-55.61948-37.50077;2024-11-08
Чайхана;ул. Весёлая, 2;55.621558;37.667305;osm-55.62156-37.66730;2024-05-31
Детали;ул. Каспийская, 28;55.623185;37.674042;osm-55.62318-37.67404;2025-08-22
Между булок;Мирный, ул. Академика Северина, 8/1;55.623390;37.942296;osm-55.62339-37.94230;2026-02-02
Глобус;23-й км Киевского ш., 1;55.623692;37.422228;osm-55.62369-37.42223;2024-04-01
Тандыр Самса;Малаховка, Быковское ш., 40Б;55.625091;38.008133;osm-55.62509-38.00813;2026-09-07
Гамбринус Сеть ресторанов;ул. Профсоюзная, 142 к1;55.625125;37.508953;osm-55.62512-37.50895;2025-03-18
Сушитека;Малаховка, Быковское ш., 40Б;55.625189;38.008068;osm-55.62519-38.00807;2026-09-07
Veda;Дзержинский, ул. Академика Жукова, 35;55.625411;37.839452;osm-55.62541-37.83945;2026-02-04
Veda;Дзержинский, ул. Академика Жукова, 35;55.625489;37.839359;osm-55.62549-37.83936;2026-02-04
Тройка;ул. Генерала Тюленева, 4А с2;55.625909;37.483908;osm-55.62591-37.48391;2024-05-28
Бронзовый лев;ул. Бакинская, 6;55.626316;37.656533;osm-55.62632-37.65653;2024-04-16
Алло, пицца;ул. Профсоюзная, 140;55.626717;37.510961;osm-55.62672-37.51096;2026-04-04
Forest;Дзержинский, ул. Лесная, 27;55.628415;37.872345;osm-55.62841-37.87235;2024-02-03
Киото;Голицыно, ул. Советская, с1Б;55.628450;36.985801;osm-55.62845-36.98580;2024-01-31
District;ул. Чертановская, 12 к1;55.629880;37.599084;osm-55.62988-37.59908;2023-10-12
Da Lorenzo;ул. Профсоюзная, 123 к3;55.630038;37.516688;osm-55.63004-37.51669;2023-10-22
Кружка;ул. Профсоюзная, 128 к2;55.630200;37.515050;osm-55.63020-37.51505;2024-07-19
Малаховский очаг;Малаховка, Быковское ш., 31;55.630257;37.986677;osm-55.63026-37.98668;2024-04-30
Vietday;ул. Профсоюзная, 126 к3;55.630365;37.516853;osm-55.63036-37.51685;2025-11-22
Vintage;Большие Вязёмы, Можайское ш., 66/2;55.630643;36.993494;osm-55.63064-36.99349;2025-05-02
Китайские новости;ул. Профсоюзная, 126 к3;55.630646;37.517511;osm-55.63065-37.51751;2026-02-23
Vintage;Большие Вязёмы, Можайское ш., 66/2;55.630735;36.993405;osm-55.63074-36.99341;2025-05-02
Экспресс Пицца;Мирный, Быковское ш., 88;55.631031;37.978437;osm-55.63103-37.97844;2026-09-02
Щи;ул. Профсоюзная, 109 к2;55.632707;37.519786;osm-55.63271-37.51979;2026-04-04
Файз;ул. Профсоюзная, 109 к2;55.633026;37.520020;osm-55.63303-37.52002;2026-04-04
Ла Пиола;ул. Профсоюзная, 109 к2;55.633409;37.520252;osm-55.63341-37.52025;2026-04-04
Опята;Пролетарский просп., 20 к1;55.633675;37.657429;osm-55.63367-37.65743;2026-05-30
Библиотека;ул. Новоорловская, 9;55.633706;37.360295;osm-55.63371-37.36030;2023-10-22
Baikal;ул. Профсоюзная, 122;55.633827;37.518344;osm-55.63383-37.51834;2024-01-21
Буркина фасоль;ул. Анны Ахматовой, 11 к1;55.634295;37.333324;osm-55.63430-37.33332;2026-01-14
Pomodoro;ул. Анны Ахматовой, 11к1;55.634475;37.332055;osm-55.63448-37.33205;2023-10-22
Хинкальная;ул. Корнея Чуковского, 2;55.634743;37.334195;osm-55.63474-37.33420;2025-02-17
Соль и Сахар;Малаховка, ул. Шоссейная, 40;55.635353;38.010263;osm-55.63535-38.01026;2024-04-28
Сова;ул. Профсоюзная, 103А;55.635548;37.525757;osm-55.63555-37.52576;2026-04-26
Avenue;22-й км Киевского ш., д. 6А, стр. 3;55.635921;37.429887;osm-55.63592-37.42989;2024-11-09
Много лосося;ул. Анны Ахматовой, 7;55.636727;37.334384;osm-55.63673-37.33438;2024-08-28
Куры гриль;Пролетарский просп., вл23А;55.637113;37.656173;osm-55.63711-37.65617;2024-06-08
Кочевник;ул. Миклухо-Маклая, 40 соор1;55.637958;37.541291;osm-55.63796-37.54129;2023-10-06
Little Caesars;ул. Борисовские Пруды, 26 к2;55.639174;37.759503;osm-55.63917-37.75950;2024-08-12
Аксиома Кофе;Малаховка, ул. Шоссейная, 27;55.639388;38.010213;osm-55.63939-38.01021;2025-01-09
Берег;Дзержинский, ул. Угрешская, 5Б;55.639639;37.843487;osm-55.63964-37.84349;2024-05-05
Берег;Дзержинский, ул. Угрешская, 5Б;55.639683;37.843496;osm-55.63968-37.84350;2024-05-05
Шаверма Просто Вася;Боровское ш., 36;55.640116;37.354644;osm-55.64012-37.35464;2025-06-02
Между булок;Балаклавский просп., 5А;55.640123;37.608796;osm-55.64012-37.60880;2025-11-10
Токио-City;ул. Миклухо-Маклая, 36А;55.640156;37.533259;osm-55.64016-37.53326;2025-03-03
Gastrobar;ул. Миклухо-Маклая, 36А;55.640174;37.532830;osm-55.64017-37.53283;2025-01-20
Старинные обычаи;Пролетарский просп., 19 к3;55.640583;37.658308;osm-55.64058-37.65831;2024-04-08
Tu Ton;ул. Миклухо-Маклая, 32А;55.640725;37.531892;osm-55.64073-37.53189;2024-11-04
CVC;ул. Миклухо-Маклая, 32А;55.640818;37.531586;osm-55.64082-37.53159;2024-11-04
Vintage;ул. Миклухо-Маклая, 32А;55.640887;37.530977;osm-55.64089-37.53098;2024-06-22
Ла Делициа;Севастопольский просп., 56А;55.641002;37.548353;osm-55.64100-37.54835;2023-10-22
Hot Rod;Балаклавский просп., 9;55.641136;37.595588;osm-55.64114-37.59559;2026-05-13
Сытый лосось;ул. Миклухо-Маклая, 55;55.641312;37.532423;osm-55.64131-37.53242;2024-10-10
Dona;ул. Профсоюзная, 104;55.641499;37.524084;osm-55.64150-37.52408;2024-11-08
Чайхана Сафо;Пролетарский просп., 19 к1;55.641498;37.656114;osm-55.64150-37.65611;2024-11-30
Донер Самса;ул. Профсоюзная, 104;55.641564;37.523941;osm-55.64156-37.52394;2024-11-08
Шаурма арабская;ул. Профсоюзная, 104;55.641565;37.524121;osm-55.64156-37.52412;2025-03-24
Хинкальная;Большие Вязёмы, ул. Железнодорожная, лит17;55.641725;37.098938;osm-55.64173-37.09894;2026-05-13
District Bar;ул. Старобалаклавская, 2 к6;55.642336;37.618103;osm-55.64234-37.61810;2025-12-14
Полная кружка;ул. Профсоюзная, 104;55.642375;37.524351;osm-55.64238-37.52435;2024-11-08
Al waha;ул. Миклухо-Маклая, 24А;55.642627;37.523376;osm-55.64263-37.52338;2024-04-12
Jeffrey's;ул. Профсоюзная, 104;55.642699;37.524604;osm-55.64270-37.52460;2024-07-06
Шаурма;ул. Алма-Атинская, 1;55.643255;37.768223;osm-55.64326-37.76822;2025-02-17
Шаурма;Малаховка, ул. Малаховская, 2А;55.643923;38.009154;osm-55.64392-38.00915;2024-04-19
Brooklyn;ул. Донецкая, 34 к3;55.644035;37.701438;osm-55.64404-37.70144;2025-11-02
Наше кафе;Малаховка, ул. Рельсовая, 1 с4;55.644493;38.008161;osm-55.64449-38.00816;2023-10-06
Кафе Релакс;Малаховка, ул. Рельсовая, 7А;55.644585;38.008795;osm-55.64458-38.00879;2023-10-06
Мариус;ул. Миклухо-Маклая, 18 к2;55.644782;37.519972;osm-55.64478-37.51997;2024-07-19
Пара палок;ул. Донецкая, 34 к2;55.644971;37.702768;osm-55.64497-37.70277;2025-11-02
Свет;ул. Щорса, 9;55.645378;37.406752;osm-55.64538-37.40675;2023-10-12
Чеддер;ул. Люблинская, 175;55.645453;37.747392;osm-55.64545-37.74739;2024-12-20
Васильки;ул. Миклухо-Маклая, 18 к1;55.645615;37.518112;osm-55.64561-37.51811;2024-11-09
Винный бар;ул. Профсоюзная, 98 к1;55.645644;37.526367;osm-55.64564-37.52637;2026-02-15
Лорэм;ул. Миклухо-Маклая, 18 к1;55.645849;37.517455;osm-55.64585-37.51745;2024-11-09
Планета;ул. Миклухо-Маклая, 18 к1;55.645858;37.517515;osm-55.64586-37.51752;2024-11-09
Много лосося;Ленинский просп., 127;55.645874;37.476544;osm-55.64587-37.47654;2025-08-12
F1;Севастопольский просп., 54Г;55.645870;37.560827;osm-55.64587-37.56083;2024-06-05
Веста;Новочеркасский бул., 32;55.646202;37.732308;osm-55.64620-37.73231;2024-10-11
Shagov's;Малаховка, Красковское ш., 2;55.646369;38.005218;osm-55.64637-38.00522;2025-04-15
Мэри;Пролетарский просп., 4;55.646885;37.655697;osm-55.64688-37.65570;2023-12-30
Хорошо сидим;ул. Миклухо-Маклая, 27А;55.647227;37.516776;osm-55.64723-37.51678;2025-12-08
Хинкали & Co;ул. Миклухо-Маклая, 27А;55.647288;37.516662;osm-55.64729-37.51666;2025-12-08
Гемри&Эли;ул. Миклухо-Маклая, 27А;55.647353;37.517035;osm-55.64735-37.51703;2025-12-08
Brew & Wibe;ул. Миклухо-Маклая, 27А;55.647408;37.516876;osm-55.64741-37.51688;2025-12-08
Первый русский;ул. Миклухо-Маклая, 27А;55.647422;37.517126;osm-55.64742-37.51713;2025-12-08
PhoBo San;ул. Миклухо-Маклая, 27А;55.647433;37.516668;osm-55.64743-37.51667;2025-12-08
Siam Bangkok;ул. Миклухо-Маклая, 27А;55.647503;37.516799;osm-55.64750-37.51680;2025-12-08
Масала Хаус;ул. Миклухо-Маклая, 27А;55.647561;37.517083;osm-55.64756-37.51708;2025-12-08
Coffee Ray;Ленинский просп., 123В;55.647579;37.480004;osm-55.64758-37.48000;2026-03-27
Вьет вкус;Ленинский просп., 123В;55.647597;37.481296;osm-55.64760-37.48130;2025-11-22
Shemodi;Ленинский просп., 123В;55.647605;37.481797;osm-55.64760-37.48180;2026-06-24
Дворик;ул. Богданова, 56Б;55.647623;37.392861;osm-55.64762-37.39286;2026-05-22
Шаурму Ели;ул. Миклухо-Маклая, 27А;55.647628;37.516884;osm-55.64763-37.51688;2025-12-08
Star Food;ул. Бутлерова, 24 к2 с2;55.648145;37.537531;osm-55.64814-37.53753;2026-07-15
Наша чайная;Каширское ш., 44 к1;55.648381;37.663097;osm-55.64838-37.66310;2026-09-29
СушиStore;Новочеркасский бул., 55 с2;55.648446;37.741530;osm-55.64845-37.74153;2024-08-13
Жасмин;Ленинский просп., 121/1 к3;55.649158;37.484290;osm-55.64916-37.48429;2023-10-22
Звезда по имени Солнце;ул. Богданова, 52А;55.649536;37.394052;osm-55.64954-37.39405;2024-10-09
Крафтбол;ул. Бутлерова, 6;55.650176;37.522067;osm-55.65018-37.52207;2025-02-26
Метехи;ул. Обручева, 55А;55.650839;37.559845;osm-55.65084-37.55985;2024-08-14
Osteria Mario;Чонгарский бул., 7;55.651390;37.612527;osm-55.65139-37.61253;2026-01-14
Punjabi cafe;ул. Азовская, 24 к2;55.651685;37.596675;osm-55.65169-37.59667;2025-02-10
На Огне;1-й Котляковский пер., 2А к2;55.652139;37.628365;osm-55.65214-37.62837;2025-04-29
Traveler's Coffee;1-й Котляковский пер., 2А к1;55.652154;37.628785;osm-55.65215-37.62879;2025-09-28
Шавармэ;1-й Котляковский пер., 4 к1;55.652286;37.630350;osm-55.65229-37.63035;2025-04-29
Лаборатория Хлеба;1-й Котляковский пер., 2А к2;55.652299;37.628180;osm-55.65230-37.62818;2024-06-03
Небелка;1-й Котляковский пер., 2А к1;55.652464;37.628647;osm-55.65246-37.62865;2024-06-03
Зор самса;ул. Малая Юшуньская, 1 к1;55.652562;37.594068;osm-55.65256-37.59407;2026-07-15
Буффало;ул. Артековская, 1А;55.652667;37.613428;osm-55.65267-37.61343;2023-10-10
Шаурма;ул. 50 лет Октября, 2Б с2;55.652690;37.415481;osm-55.65269-37.41548;2026-07-18
Хлеб и вино;просп. Вернадского, 94 к8;55.652692;37.476516;osm-55.65269-37.47652;2025-03-08
Чайхана Иссык-Куль;ул. 50 лет Октября, 2Б с1;55.652735;37.415919;osm-55.65273-37.41592;2026-07-18
Бедия;ул. Херсонская, 20/2;55.652773;37.564678;osm-55.65277-37.56468;2024-09-23
Галилео;ул. Миклухо-Маклая, 13;55.652780;37.504170;osm-55.65278-37.50417;2026-01-11
Самарканд;ул. Херсонская, 20 к1;55.652903;37.563992;osm-55.65290-37.56399;2024-09-23
Fан-Zonа;Каширское ш., 26;55.652991;37.646186;osm-55.65299-37.64619;2026-05-13
На ТНК;Томилино, Новорязанское ш., 19;55.653156;37.905815;osm-55.65316-37.90581;2026-05-20
Locus Solus;ул. Малая Юшуньская, 1 к2;55.653344;37.593874;osm-55.65334-37.59387;2024-11-16
Заржавели;Каширский пр., 25 к4;55.653372;37.626703;osm-55.65337-37.62670;2025-05-30
Шаурма&Кофе;Каширский пр., 25 к4;55.653388;37.626528;osm-55.65339-37.62653;2026-06-06
Sbarro;Варшавское ш., 87Б;55.653692;37.620575;osm-55.65369-37.62058;2026-05-30
Coffee Break;ул. Каховка, 23 к5;55.653719;37.575355;osm-55.65372-37.57536;2024-07-12
Habbat;ул. Каховка, 19 с2;55.653724;37.577870;osm-55.65372-37.57787;2024-09-23
Ёлки-Палки;Варшавское ш., 87Б;55.653853;37.620691;osm-55.65385-37.62069;2026-05-13
ПораПоПицце;ул. Новомарьинская, 14/15;55.653880;37.757781;osm-55.65388-37.75778;2023-10-15
Red Cat;ул. Братиславская, 26;55.653945;37.764258;osm-55.65395-37.76426;2024-10-21
Vita Juice;Котельники, 1-й Покровский пр., 5;55.653993;37.844269;osm-55.65399-37.84427;2024-12-26
https://farshburger.ru/;Каширское ш., 26;55.654034;37.646796;osm-55.65403-37.64680;2024-11-11
Порапопицце;ул. Новомарьинская, 14/15;55.654028;37.757514;osm-55.65403-37.75751;2026-05-02
Еще парочку;ул. Новомарьинская, 14/15;55.654145;37.757802;osm-55.65414-37.75780;2026-05-02
Крафт & Бургер;ул. Одесская, 20;55.654531;37.589529;osm-55.65453-37.58953;2023-11-02
Семейное кафе;Быково, ул. Шоссейная, 7А/2;55.654680;38.134915;osm-55.65468-38.13491;2025-01-07
Мцхета;ул. Керченская, 1Б;55.655016;37.583528;osm-55.65502-37.58353;2024-09-23
Пицца всем;ул. Керченская, 1Б;55.655063;37.583314;osm-55.65506-37.58331;2024-09-23
Заводная шаурма;Научный пр., 2А;55.655086;37.544564;osm-55.65509-37.54456;2026-09-25
Parfe Studio;ул. Каховка, 25;55.655203;37.573803;osm-55.65520-37.57380;2025-02-06
Трапезная;просп. Андропова, 39 с69;55.655574;37.657399;osm-55.65557-37.65740;2024-08-13
100 Мираторг;Одинцово, ул. Внуковская, 13 с6;55.655605;37.286455;osm-55.65561-37.28645;2025-01-14
Марфа;просп. Андропова, 39 с69;55.655819;37.657810;osm-55.65582-37.65781;2024-08-13
Дринкит кофе;ул. Академика Волгина, 2;55.656109;37.523405;osm-55.65611-37.52340;2025-12-08
Ниагара;ул. Азовская, 18;55.656144;37.597773;osm-55.65614-37.59777;2026-05-13
Наша Грузия;ул. Каховка, 29А;55.656191;37.569454;osm-55.65619-37.56945;2024-06-21
French Bakery;ул. Академика Волгина, 2;55.656245;37.523607;osm-55.65624-37.52361;2025-12-08
Матча;ул. Каховка, 29А;55.656274;37.569154;osm-55.65627-37.56915;2024-06-21
From;ул. Каховка, 29А;55.656343;37.569133;osm-55.65634-37.56913;2024-06-21
Jeffrey's;ул. Каховка, 29А;55.656356;37.569557;osm-55.65636-37.56956;2024-06-21
Хлеб с маслом;ул. Каховка, 29А;55.656454;37.569795;osm-55.65645-37.56979;2024-06-21
Перчини;ул. Каховка, 29А;55.656491;37.569579;osm-55.65649-37.56958;2024-08-26
Библиотека;Одинцово, ул. Погодина, 4 к2;55.656538;37.333514;osm-55.65654-37.33351;2026-03-26
Фудхолл Академик;ул. Академика Волгина, 2;55.656639;37.522933;osm-55.65664-37.52293;2025-12-08
Подъезд;ул. Болотниковская, 21 с2;55.656732;37.597374;osm-55.65673-37.59737;2024-02-03
Бар-буфет;Одинцово, ул. Погодина, 4 к2;55.656863;37.333855;osm-55.65686-37.33385;2024-04-29
Ян Примус;просп. Вернадского, 121 к1;55.657077;37.481614;osm-55.65708-37.48161;2024-12-18
Ваш Город;Симферопольский бул., 9 к4;55.657155;37.608726;osm-55.65716-37.60873;2023-11-11
Pho Viet;ул. Болотниковская, 12;55.657174;37.607915;osm-55.65717-37.60791;2025-08-29
Дом творчества;Одинцово, ул. Погодина, 4 с5;55.657187;37.334083;osm-55.65719-37.33408;2024-08-13
Швили;ул. Профсоюзная, 61, стр. 1;55.657514;37.542682;osm-55.65751-37.54268;2023-10-22
Osteria Mario;ул. Профсоюзная, 61, стр. 1;55.657570;37.542519;osm-55.65757-37.54252;2023-10-22
Зам-зам;ВНИИССОК, ул. Триумфальная, 17;55.657790;37.227082;osm-55.65779-37.22708;2024-08-24
Bổ;Мячковский бул., 3А;55.657880;37.751738;osm-55.65788-37.75174;2024-08-09
Жаворонок;ул. Перерва, 56/2;55.658121;37.748394;osm-55.65812-37.74839;2023-10-15
Чудо печка;ул. Братиславская, 16 к2;55.658482;37.757640;osm-55.65848-37.75764;2026-05-31
Столовая;ул. Чагинская, 13 с1;55.658548;37.810536;osm-55.65855-37.81054;2024-08-20
Катюша;Рошаль, ул. Косякова, 5;55.658614;39.867591;osm-55.65861-39.86759;2026-02-21
Александрова Слобода;Родники, ул. Парковая, 1/1;55.658833;38.100465;osm-55.65883-38.10046;2026-05-29
Райский дворик;Люберцы, ул. Космонавтов, 15А с1;55.659250;37.906469;osm-55.65925-37.90647;2023-11-08
Пицца Паоло;ВНИИССОК, ул. Кленовая, 1;55.659279;37.199059;osm-55.65928-37.19906;2023-10-18
Зебо;ул. Чагинская, 3;55.659312;37.810660;osm-55.65931-37.81066;2024-08-23
Ангар 44;Новоивановское, 6-я ул. Лазенки, 38 с3;55.659391;37.356086;osm-55.65939-37.35609;2024-10-21
Старый Баку;Томилино, Егорьевское ш., 20/1;55.659424;37.934192;osm-55.65942-37.93419;2026-05-13
Spaten Haus;Симферопольский бул., 4;55.659451;37.608006;osm-55.65945-37.60801;2025-08-15
Робин;Одинцово, ул. Серафимовича, 1;55.659482;37.331527;osm-55.65948-37.33153;2023-11-17
Кружка;ул. Братиславская, 12;55.659523;37.752383;osm-55.65952-37.75238;2024-07-19
Старый Баку;Томилино, Егорьевское ш., 20/1;55.659537;37.934329;osm-55.65954-37.93433;2026-05-13
А где я?;ВНИИССОК, ул. Кленовая, 1;55.659632;37.198642;osm-55.65963-37.19864;2024-07-19
Росу;ул. Каховка, 28 к2;55.659918;37.562936;osm-55.65992-37.56294;2026-05-15
Менга;ул. Обручева, 11;55.660032;37.514637;osm-55.66003-37.51464;2025-04-19
Beerмуды;Одинцово, ул. Белорусская, 10;55.660463;37.299685;osm-55.66046-37.29968;2024-08-07
Пицца экспресс;ВНИИССОК, Можайское ш., 38;55.660502;37.195887;osm-55.66050-37.19589;2024-06-22
Пицца экспресс;ВНИИССОК, Можайское ш., 38;55.660555;37.195624;osm-55.66056-37.19562;2024-06-22
Shooga;Котельники, Новорязанское ш., 8 с15;55.660627;37.877418;osm-55.66063-37.87742;2024-09-07
Кафе-столовая г. Рошаль;Рошаль, ул. Косякова, 12;55.661117;39.869339;osm-55.66112-39.86934;2026-02-21
Буркина Фасоль;Боровское ш., 2 к5;55.661463;37.420095;osm-55.66146-37.42010;2026-01-14
Ёбидоёби;ул. Профсоюзная, 76;55.661589;37.544674;osm-55.66159-37.54467;2024-07-15
Поль Бейкери;Малаховка, Егорьевское ш., 15 с1;55.661609;38.015256;osm-55.66161-38.01526;2023-10-05
BB&Burgers;Котельники, Новорязанское ш., 8 с17;55.661890;37.878370;osm-55.66189-37.87837;2024-02-19
Суши Lime;ВНИИССОК, 1-е Успенское ш., 1 с6;55.662109;37.182094;osm-55.66211-37.18209;2025-10-04
Экспресс;Рошаль, ул. Косякова, 16;55.662134;39.869192;osm-55.66213-39.86919;2026-02-21
Барракуда;Томилино, ул. Потехина, 12;55.662218;37.957977;osm-55.66222-37.95798;2024-10-12
Чайхана Дар;ВНИИССОК, ул. Центральная, 36;55.662246;37.237632;osm-55.66225-37.23763;2024-08-26
Амбар;Одинцово, пр. Вишневского, 1А;55.662258;37.328992;osm-55.66226-37.32899;2024-04-26
Narine;Боровское ш., 2 к5;55.662265;37.418349;osm-55.66226-37.41835;2023-11-04
ВьетКафе;ул. Намёткина, 13А;55.662646;37.554514;osm-55.66265-37.55451;2026-07-19
МагБургер;Котельники, Дзержинское ш., 28;55.662659;37.875292;osm-55.66266-37.87529;2025-03-15
Ёрш;ул. Перерва, 58;55.662844;37.760538;osm-55.66284-37.76054;2024-09-08
Казан;ул. Намёткина, 11;55.662939;37.553653;osm-55.66294-37.55365;2026-03-18
Маркет Дружба;просп. Вернадского, 105;55.663057;37.485757;osm-55.66306-37.48576;2025-12-07
Спорт Кофе Сервис;Красково, Егорьевское ш., 3;55.663176;38.002305;osm-55.66318-38.00230;2026-05-11
BB&Burgers;просп. Вернадского, 86А;55.663472;37.480760;osm-55.66347-37.48076;2023-10-25
Bon Cafe;Одинцово, ул. Железнодорожная, 4 с1;55.663486;37.254993;osm-55.66349-37.25499;2024-08-26
Неофит;ул. Болотниковская, 38 к5;55.663608;37.591205;osm-55.66361-37.59121;2024-03-11
Bubbleology;Ленинский просп., 109;55.663637;37.510800;osm-55.66364-37.51080;2023-11-19
BB&Burgers;Ленинский просп., 109;55.663713;37.511039;osm-55.66371-37.51104;2023-10-25
Светское кафе;ул. Одесская, 2;55.664099;37.598580;osm-55.66410-37.59858;2025-06-07
Выжимка;ул. Новаторов, 34 к7;55.664136;37.521089;osm-55.66414-37.52109;2026-09-16
Ан;Каширское ш., 14;55.664186;37.627244;osm-55.66419-37.62724;2026-05-17
Бургер&Фрайс;ул. Одесская, 2;55.664229;37.598818;osm-55.66423-37.59882;2025-02-23
Токио-City;ул. Покрышкина, 4;55.664823;37.481683;osm-55.66482-37.48168;2026-09-19
Катюша;Коломенский пр., 13А;55.665199;37.641294;osm-55.66520-37.64129;2023-10-09
Время есть;Одинцово, ул. Старое Яскино, 29 с2;55.665549;37.265417;osm-55.66555-37.26542;2024-08-25
Mosca;ул. Профсоюзная, 64 к2;55.665746;37.548749;osm-55.66575-37.54875;2025-12-12
Сытый лось;Коломенский пр., 10;55.665797;37.651171;osm-55.66580-37.65117;2023-10-15
Ярд;ул. Намёткина, 3;55.666157;37.545614;osm-55.66616-37.54561;2024-02-06
Park 47;ул. Архитектора Власова, 47;55.666367;37.544135;osm-55.66637-37.54413;2025-09-28
Right Habits;ул. Архитектора Власова, 47;55.666397;37.543737;osm-55.66640-37.54374;2025-09-28
Регистан;Каширское ш., 15А;55.666400;37.632399;osm-55.66640-37.63240;2023-10-09
Алло! Пицца;ул. Архитектора Власова, 47;55.666455;37.543556;osm-55.66645-37.54356;2025-09-28
De Villagio;ул. Профсоюзная, 45;55.666733;37.552424;osm-55.66673-37.55242;2025-01-20
Биджо;ул. Новаторов, 16А;55.667093;37.523978;osm-55.66709-37.52398;2023-12-26
Марсера;Каширское ш., 13 к3;55.667277;37.632435;osm-55.66728-37.63244;2023-10-09
Лимон;Одинцово, ул. Железнодорожная, 1Д;55.667496;37.256900;osm-55.66750-37.25690;2024-08-26
Pizza Heart;Нахимовский просп., 25А;55.667935;37.590207;osm-55.66793-37.59021;2026-07-08
Тахар;ул. Верхние Поля, 43;55.668012;37.771756;osm-55.66801-37.77176;2024-05-29
Mimi;ул. Новаторов, 1;55.668639;37.525435;osm-55.66864-37.52544;2024-02-25
Арияна;Котельники, ул. Строителей, 5;55.668659;37.854872;osm-55.66866-37.85487;2023-11-19
Маэстро ресто;ул. Гарибальди, 30А;55.669486;37.551302;osm-55.66949-37.55130;2023-10-22
Скалка;Ленинский просп., 99;55.669530;37.519340;osm-55.66953-37.51934;2024-09-09
Брюсофф;просп. Андропова, 48;55.669607;37.660529;osm-55.66961-37.66053;2023-10-15
Loft room coffee;Нахимовский просп., 22;55.669647;37.588612;osm-55.66965-37.58861;2025-07-28
Кахури;ул. Профсоюзная, 56;55.669716;37.552851;osm-55.66972-37.55285;2025-07-10
Сам пришёл;просп. Вернадского, 76А;55.670094;37.493613;osm-55.67009-37.49361;2024-02-25
Tsomi;Ленинский просп., 108А;55.670229;37.513691;osm-55.67023-37.51369;2025-04-07
Капучинофф;просп. Андропова, 39 с56;55.670412;37.671481;osm-55.67041-37.67148;2024-10-28
Зелёная поляна;просп. Андропова, 39 с56;55.670425;37.672477;osm-55.67043-37.67248;2023-10-09
Трдельник;просп. Андропова, 39 с56;55.670505;37.671621;osm-55.67050-37.67162;2023-10-09
Донер на Восточной;Одинцово, ул. Восточная, 10 с2;55.670771;37.305482;osm-55.67077-37.30548;2024-08-07
Жаровня;просп. Андропова, 39 с29;55.670797;37.670929;osm-55.67080-37.67093;2023-10-09
PizzaBeer;Котельники, ул. Юбилейная, 23А;55.670824;37.869786;osm-55.67082-37.86979;2026-05-13
Аполлон;Одинцово, ул. Восточная, 10;55.670940;37.304386;osm-55.67094-37.30439;2024-08-07
Бар' Bq;просп. Андропова, 39 с29;55.670983;37.670119;osm-55.67098-37.67012;2023-10-09
Черетто Море;ул. Удальцова, 1А;55.671044;37.518940;osm-55.67104-37.51894;2024-09-09
Капучинофф;просп. Андропова, 39 с26;55.671273;37.669410;osm-55.67127-37.66941;2025-06-09
Капучинофф;просп. Андропова, 39 с26;55.671336;37.668726;osm-55.67134-37.66873;2025-11-23
Подъезд;Одинцово, Можайское ш., 43;55.671582;37.266886;osm-55.67158-37.26689;2025-11-28
Urban;Одинцово, ул. Восточная, 6;55.671731;37.301896;osm-55.67173-37.30190;2026-09-10
Лимончино;ул. Профсоюзная, 33 с1;55.671894;37.557250;osm-55.67189-37.55725;2025-09-09
Гон ЖУ;ул. Цимлянская, 2А;55.672266;37.775387;osm-55.67227-37.77539;2026-05-27
Гранат Холл;ул. Цимлянская, 2А;55.672314;37.775331;osm-55.67231-37.77533;2026-05-27
Кариночка;ул. Новочерёмушкинская, 44 к1 с1;55.672610;37.568564;osm-55.67261-37.56856;2023-10-30
Timesburg;ул. Гарибальди, 18;55.672822;37.544572;osm-55.67282-37.54457;2025-12-16
Pizzamento;просп. Андропова, 37;55.672912;37.664561;osm-55.67291-37.66456;2024-07-31
Луна;ул. Судакова, 22/10;55.672926;37.753399;osm-55.67293-37.75340;2025-09-04
Карсиллама Самса;ул. Судакова, 11 с2;55.672972;37.746929;osm-55.67297-37.74693;2026-07-07
Sivarus;Ленинский просп., 95Б;55.673006;37.524321;osm-55.67301-37.52432;2026-05-11
Капучинофф;просп. Андропова, 37;55.673194;37.664598;osm-55.67319-37.66460;2024-07-22
Пхеньян;просп. Андропова, 37;55.673282;37.664609;osm-55.67328-37.66461;2026-05-25
Скандинавия;Электролитный пр., 16А;55.673398;37.612193;osm-55.67340-37.61219;2026-04-05
Фру фру;ул. Судакова, 11;55.673422;37.746699;osm-55.67342-37.74670;2025-03-28
Хорошие новости;Электролитный пр., 7;55.673425;37.610080;osm-55.67343-37.61008;2025-05-20
Хинкалъ Паласъ;Нагорный бул., 5 к1;55.673757;37.593846;osm-55.67376-37.59385;2023-10-22
Лаванда;ул. Большая, 84 с3;55.673774;37.668946;osm-55.67377-37.66895;2024-05-19
Filini;Ленинский просп., 90/3;55.673858;37.520400;osm-55.67386-37.52040;2025-01-24
Каппадокия;ул. Совхозная, 41;55.674624;37.760619;osm-55.67462-37.76062;2024-08-23
Il Pittore;ул. Новочерёмушкинская, 38 к1;55.674791;37.570425;osm-55.67479-37.57043;2025-08-03
Il Pittore;ул. Новочерёмушкинская, 38 к1;55.674889;37.570514;osm-55.67489-37.57051;2025-08-03
Yonks;ул. Профсоюзная, 21А;55.675477;37.561363;osm-55.67548-37.56136;2025-04-14
Шале;Электролитный пр., 7 к2;55.675483;37.610620;osm-55.67548-37.61062;2025-07-31
Урюк;ул. Профсоюзная, 21А;55.675559;37.561087;osm-55.67556-37.56109;2025-04-14
Луковка;Одинцово, ул. Маршала Неделина, 9;55.675587;37.269979;osm-55.67559-37.26998;2026-03-31
Лаки pizza;ул. Нагорная, 30 к1;55.675597;37.596843;osm-55.67560-37.59684;2026-04-02
Амрита;ул. Гурьянова, 81 с2;55.675714;37.719873;osm-55.67571-37.71987;2024-09-24
Чайхона Изюм;просп. Андропова, 36;55.675723;37.661934;osm-55.67572-37.66193;2023-10-09
Döner kebab;ул. Вавилова, 95;55.675742;37.540579;osm-55.67574-37.54058;2025-01-18
Амрита;ул. Гурьянова, 81 с2;55.675834;37.719832;osm-55.67583-37.71983;2024-09-24
Coffee Way;ул. Краснодарская, 57 к3;55.676118;37.770986;osm-55.67612-37.77099;2023-10-15
Dizengof//99;Нахимовский просп., 51;55.676146;37.566678;osm-55.67615-37.56668;2026-01-14
Фудхолл;просп. Андропова, 27;55.676289;37.665280;osm-55.67629-37.66528;2024-08-04
Voodoo;ул. Нагатинская, 28 к3;55.676348;37.658089;osm-55.67635-37.65809;2023-10-09
Лусюнь;ул. Кржижановского, 24/35 к4;55.676369;37.577426;osm-55.67637-37.57743;2025-01-07
Шаурмян;просп. 40 лет Октября, 19А;55.676372;37.746126;osm-55.67637-37.74613;2026-09-26
Дюшес;Люберцы, ул. Кирова, 26;55.676546;37.889868;osm-55.67655-37.88987;2023-10-15
Satrapezo;ул. Мичуринский Проспект, Олимпийская Деревня, 3;55.676601;37.468101;osm-55.67660-37.46810;2024-02-29
Вах генацвале;ул. Нагорная, 25 с1;55.676626;37.599835;osm-55.67663-37.59983;2026-08-05
Ордо;ул. Кржижановского, 24/35 к3;55.676827;37.578083;osm-55.67683-37.57808;2025-08-10
Black Grill;Нахимовский просп., 40;55.677429;37.565530;osm-55.67743-37.56553;2026-04-22
Кофе твой друг;просп. Андропова, 25А с3;55.677551;37.664167;osm-55.67755-37.66417;2023-11-14
Чебуречная № 1;ул. Нагатинская, 33;55.677569;37.660280;osm-55.67757-37.66028;2023-11-12
BaoBar;Одинцово, ул. Маршала Неделина, 6А;55.677607;37.269344;osm-55.67761-37.26934;2025-10-25
ВьетнамиКо;Котельники, ул. Привольная, 70 к1;55.677653;37.855256;osm-55.67765-37.85526;2026-06-26
Контраст;ул. Нагатинская, 24;55.677663;37.655573;osm-55.67766-37.65557;2026-09-04
Хинкальная № 8;Ленинский просп., 89/2;55.677735;37.533262;osm-55.67773-37.53326;2024-04-05
Плов Бухара;ул. Краснодарская, 31;55.677826;37.755846;osm-55.67783-37.75585;2024-12-07
Food Way;просп. Андропова, 25В с1;55.677882;37.664819;osm-55.67788-37.66482;2023-11-07
Майиз;Тихорецкий бул., 1 с78;55.678073;37.781446;osm-55.67807-37.78145;2024-03-18
Твой кофе;ул. Гарибальди, 1А;55.678210;37.532167;osm-55.67821-37.53217;2024-03-06
Дом Куксу;ул. Гарибальди, 3А;55.678208;37.535004;osm-55.67821-37.53500;2024-11-13
МосКофе;просп. Вернадского, 14А;55.678254;37.506894;osm-55.67825-37.50689;2024-05-10
Дом Куксу;ул. Гарибальди, 3А;55.678258;37.535030;osm-55.67826-37.53503;2024-11-13
Южное;ул. Гарибальди, 3А;55.678400;37.534448;osm-55.67840-37.53445;2026-06-21
Торнадо;Нахимовский просп., 57;55.678479;37.560980;osm-55.67848-37.56098;2023-10-22
Хинкали-Gали!;ул. Речников, 32;55.678485;37.688835;osm-55.67849-37.68883;2023-11-07
Везувий;ул. Нагатинская, 25 с1;55.678696;37.650897;osm-55.67870-37.65090;2025-12-28
Юрта;ул. Новороссийская, 14 с2;55.678789;37.759541;osm-55.67879-37.75954;2025-02-14
Чайхана Караван;ул. Совхозная, 51 с1;55.678877;37.762500;osm-55.67888-37.76250;2024-10-04
Mellow Yellow;ул. Нагатинская, 16 с9;55.678886;37.640505;osm-55.67889-37.64050;2025-03-17
Бакинский бульвар;просп. Андропова, 21А;55.678949;37.665019;osm-55.67895-37.66502;2024-01-29
Биджо;ул. Профсоюзная, 15;55.678960;37.565343;osm-55.67896-37.56534;2023-11-15
Чисто Ростовский бар;ул. Кржижановского, 20/30 к1;55.679036;37.571893;osm-55.67904-37.57189;2026-06-03
Barkas Coffee;ул. Речников, 21Б;55.679044;37.690038;osm-55.67904-37.69004;2023-11-07
Бундок Баддис;ул. Кржижановского, 20/30 к1;55.679052;37.572510;osm-55.67905-37.57251;2026-08-23
Десяточка;Одинцово, Красногорское ш., 8 к3;55.679056;37.275420;osm-55.67906-37.27542;2024-10-27
Хелло Индия;ул. Кржижановского, 20/30 к1;55.679101;37.572354;osm-55.67910-37.57235;2026-08-23
Cafe Brasserie;Нахимовский просп., 61;55.679181;37.559675;osm-55.67918-37.55967;2025-01-10
Время Есть;ул. Речников, 21 с10;55.679239;37.690345;osm-55.67924-37.69035;2023-11-07
Хан Кебаб;ул. Речников, 21 с9;55.679260;37.690026;osm-55.67926-37.69003;2023-11-07
Wooji;ул. Профсоюзная, 15;55.679732;37.565502;osm-55.67973-37.56550;2025-05-22
Рамен по-ланьчжоуски;ул. Профсоюзная, 24 к1;55.680128;37.564613;osm-55.68013-37.56461;2024-10-21
Триггер;Варшавское ш., 45;55.680268;37.625062;osm-55.68027-37.62506;2025-06-10
Структура кофе;ул. Профсоюзная, 24 к1;55.680298;37.564782;osm-55.68030-37.56478;2024-10-21
РоялсБир;Нахимовский просп., 50;55.680837;37.558737;osm-55.68084-37.55874;2024-05-27
Да Чикко;ул. Профсоюзная, 13/12;55.680902;37.566759;osm-55.68090-37.56676;2024-10-21
Русский Мир;ул. Кржижановского, 13 к2;55.680903;37.569961;osm-55.68090-37.56996;2026-04-04
Конор Мак Несса;Нахимовский просп., 67;55.680925;37.556703;osm-55.68093-37.55670;2026-05-24
Шаурма 13/12;ул. Профсоюзная, 13/12;55.680935;37.566916;osm-55.68093-37.56692;2024-10-21
Кошка;Ленинский просп., 82/2;55.681039;37.532800;osm-55.68104-37.53280;2024-07-29
Il Pittore;просп. Вернадского, 29;55.681318;37.515790;osm-55.68132-37.51579;2026-06-20
Амарант;Одинцово, ул. Маршала Жукова, 41А;55.681452;37.266079;osm-55.68145-37.26608;2026-01-18
Beer Empire;Котельники, ул. Привольная, 65/32;55.681545;37.850102;osm-55.68154-37.85010;2025-02-22
Dadali;ул. Шоссейная, 42А;55.681620;37.723726;osm-55.68162-37.72373;2026-02-28
Шаурма;Севастопольский просп., 15 к3;55.681847;37.598598;osm-55.68185-37.59860;2026-08-19
Пицца & Гирос;Ленинский просп., 78;55.682057;37.535524;osm-55.68206-37.53552;2025-10-24
19/90;ул. Судостроительная, 23 к1;55.682120;37.677366;osm-55.68212-37.67737;2025-09-30
Шашлык натур;ул. Большая Черёмушкинская, 20 к4 с1;55.682126;37.584936;osm-55.68213-37.58494;2025-08-04
Империя дыма;ул. Новочерёмушкинская, 21А;55.682242;37.580730;osm-55.68224-37.58073;2026-03-28
АйДаБаран;просп. Андропова, 22;55.682731;37.663145;osm-55.68273-37.66315;2023-10-15
Bazzap;Севастопольский просп., 15 к1;55.682750;37.599510;osm-55.68275-37.59951;2026-08-19
Наршараб;Севастопольский просп., 15 к1;55.682878;37.599568;osm-55.68288-37.59957;2026-08-19
Обжорка;Люберцы, ул. Инициативная, 18;55.683035;37.896940;osm-55.68303-37.89694;2024-11-13
Табриз;ул. Судостроительная, 29;55.683083;37.680711;osm-55.68308-37.68071;2024-06-10
Обжорка;Люберцы, ул. Инициативная, 10;55.683135;37.896929;osm-55.68314-37.89693;2024-11-13
Чайхана каганат;Севастопольский просп., 15 к1;55.683189;37.599983;osm-55.68319-37.59998;2026-08-19
Столовая;ул. Кедрова, 14 к1;55.683419;37.572034;osm-55.68342-37.57203;2025-12-07
Наутилус;ул. Корабельная, 17 к3;55.683830;37.698912;osm-55.68383-37.69891;2024-02-25
Pro.Хинкали;Ломоносовский просп., 1/64;55.683920;37.550764;osm-55.68392-37.55076;2023-11-19
Parka;Ломоносовский просп., 1/64;55.683972;37.550261;osm-55.68397-37.55026;2025-02-19
Ciro;ул. Новочерёмушкинская, 17;55.683997;37.583117;osm-55.68400-37.58312;2026-03-01
Hookah time;просп. Андропова, 13А;55.684070;37.667402;osm-55.68407-37.66740;2024-09-06
Grande Osteria;ул. Удальцова, 85Б;55.684108;37.488990;osm-55.68411-37.48899;2025-02-03
За Обе Щёки;Варшавское ш., 26 с6;55.684122;37.621527;osm-55.68412-37.62153;2025-01-10
Phou;Варшавское ш., 26 с6;55.684168;37.621273;osm-55.68417-37.62127;2025-02-07
Шаверма Просто Вася;Люберцы, ул. Генерала Кузнецова, 26 к1;55.684180;37.853713;osm-55.68418-37.85371;2024-11-07
Суши Фиш;ул. Судостроительная, 37/11;55.684303;37.685807;osm-55.68430-37.68581;2025-09-30
Хмель и солод;ул. Судостроительная, 37/11;55.684303;37.685859;osm-55.68430-37.68586;2025-09-30
Борщевъ;Одинцово, ул. Чикина, 3А;55.684345;37.292792;osm-55.68435-37.29279;2025-10-03
Beer-Лога;Одинцово, ул. Чикина, 3А;55.684434;37.292698;osm-55.68443-37.29270;2025-10-03
Карл Баллинг;ул. Ивана Бабушкина, 17 к1;55.684488;37.560924;osm-55.68449-37.56092;2023-10-22
Мы за кофе;ул. Дмитрия Ульянова, 30;55.684950;37.579697;osm-55.68495-37.57970;2025-08-07
Риверс;Нагатинская наб., 32 к1;55.684990;37.666083;osm-55.68499-37.66608;2024-09-06
Бадьян и Корица;Кленовый бул., 2;55.685277;37.671509;osm-55.68528-37.67151;2024-09-06
Хинкальная Нагатино;ул. Судостроительная, 42А;55.685349;37.692524;osm-55.68535-37.69252;2023-11-07
Чайхона-Бистро;Люберцы, ул. Инициативная, 7 с2;55.685368;37.897014;osm-55.68537-37.89701;2023-12-04
Sabz;ул. Заречная, 14;55.685424;37.397280;osm-55.68542-37.39728;2026-05-19
La Poste;ул. Заречная, 14;55.685425;37.397427;osm-55.68543-37.39743;2026-05-19
Корн-дог кафе;ул. Дмитрия Ульянова, 27;55.685655;37.581264;osm-55.68565-37.58126;2026-03-22
КофеIN;Люберцы, ул. Генерала Кузнецова, 17;55.685854;37.857702;osm-55.68585-37.85770;2024-09-07
Eshak;Одинцово, Можайское ш., 122;55.686081;37.307510;osm-55.68608-37.30751;2024-02-12
Тянься Чуэнь;Ленинский просп., 75А;55.686183;37.544102;osm-55.68618-37.54410;2023-11-19
1872 кафе;Ленинский просп., 72/2;55.686717;37.540127;osm-55.68672-37.54013;2026-06-28
Будильник;Одинцово, Можайское ш., 134;55.686888;37.310632;osm-55.68689-37.31063;2024-06-18
Сушистор;Севастопольский просп., 11Е;55.687523;37.604356;osm-55.68752-37.60436;2026-03-20
Билли Мак Дениел;ул. Дмитрия Ульянова, 20 к1;55.687855;37.571626;osm-55.68785-37.57163;2023-11-15
Dimario;Одинцово, ул. Говорова, 24А;55.687942;37.291824;osm-55.68794-37.29182;2025-09-29
Жара;Одинцово, ул. Колхозная, 92;55.688036;37.317158;osm-55.68804-37.31716;2024-06-18
MonteViewCoffee;Нагорный пр., 6;55.688130;37.615972;osm-55.68813-37.61597;2025-06-21
Китайский барбекю;Ломоносовский просп. (дублёр), 11/70;55.688311;37.543849;osm-55.68831-37.54385;2024-12-19
То, те хинкали;ул. Дмитрия Ульянова, 16 к1;55.688321;37.569856;osm-55.68832-37.56986;2023-10-02
Такэ;просп. 60-летия Октября, 20;55.688377;37.573229;osm-55.68838-37.57323;2024-05-20
Джоли лепрекон;просп. 60-летия Октября, 20;55.688488;37.573490;osm-55.68849-37.57349;2025-04-05
Пекарня у дяди Миши;ул. Большая Черёмушкинская, 11 корп 3;55.688519;37.596752;osm-55.68852-37.59675;2026-04-01
Sky beans;ул. Дмитрия Ульянова, 14 к1;55.688877;37.569013;osm-55.68888-37.56901;2023-10-02
Шикари;Ленинский просп., 68/10;55.688905;37.544795;osm-55.68890-37.54480;2026-05-25
Time To Coffee;ул. Дмитрия Ульянова, 14 к1;55.688970;37.568758;osm-55.68897-37.56876;2023-10-02
Borghetto;ул. Винокурова, 4 к1;55.689074;37.583242;osm-55.68907-37.58324;2025-10-26
Ламаджо;ул. Вавилова, 52 к1;55.689122;37.557827;osm-55.68912-37.55783;2025-05-19
Ковчег;Одинцово, ул. Говорова, 40А;55.689626;37.301135;osm-55.68963-37.30114;2023-10-22
Золотая рыбка;Люберцы, Октябрьский просп., 55А;55.689798;37.870751;osm-55.68980-37.87075;2024-06-15
Золотая рыбка;Люберцы, Октябрьский просп., 55А;55.689856;37.870758;osm-55.68986-37.87076;2024-06-15
Totem night;ул. Большая Черёмушкинская, 3;55.689870;37.598165;osm-55.68987-37.59817;2026-03-12
Jazzve;ул. Большая Черёмушкинская, 1;55.689919;37.602888;osm-55.68992-37.60289;2024-10-27
Моль;просп. Лихачёва, 12 к4;55.690040;37.654771;osm-55.69004-37.65477;2025-06-29
The Pivo;ул. Большая Черёмушкинская, 1;55.690105;37.601823;osm-55.69011-37.60182;2025-11-14
Wok & рис;ул. Большая Черёмушкинская, 1;55.690158;37.601686;osm-55.69016-37.60169;2025-11-14
Mr. croissant;ул. Большая Черёмушкинская, 1;55.690266;37.601817;osm-55.69027-37.60182;2024-10-27
АЯ;Новоивановское, ул. Зворыкина, 19 к2;55.690343;37.355537;osm-55.69034-37.35554;2025-04-16
Мадам Бриошь;просп. Вернадского, 9/10;55.690348;37.534485;osm-55.69035-37.53448;2026-09-26
Shan Shan;ул. Большая Черёмушкинская, 1 с1;55.690394;37.601169;osm-55.69039-37.60117;2025-11-14
Долина;ул. Большая Черёмушкинская, 1 с1;55.690410;37.601128;osm-55.69041-37.60113;2025-11-14
Руспыш;ул. Старые Кузьминки, 10;55.690541;37.786307;osm-55.69054-37.78631;2025-09-28
Пикколо;просп. 60-летия Октября, 25 к1;55.690713;37.576074;osm-55.69071-37.57607;2023-10-22
Хинкали;Севастопольский просп., 6;55.691011;37.605684;osm-55.69101-37.60568;2025-01-31
Lamadjo;ул. Большая Черёмушкинская, 2А, стр. 1;55.691325;37.599989;osm-55.69132-37.59999;2026-05-13
Fox and Grapes;ул. Гурьянова, 3;55.691674;37.722612;osm-55.69167-37.72261;2024-09-25
Антистресс;Варшавское ш., 33 с12;55.691685;37.622399;osm-55.69168-37.62240;2024-10-12
Тирольские пироги;Ленинский просп., 67;55.691696;37.553197;osm-55.69170-37.55320;2024-07-19
Camera Obscura;просп. Андропова, 18 к9;55.691819;37.660508;osm-55.69182-37.66051;2026-09-15
Альма;Раменский бул., 1;55.691902;37.516522;osm-55.69190-37.51652;2025-02-02
Ливан Хаус;просп. Вернадского, 6;55.691921;37.527793;osm-55.69192-37.52779;2025-10-10
Brasserie Lambic;ул. Дмитрия Ульянова, 5А;55.691924;37.561350;osm-55.69192-37.56135;2024-12-12
Вавилон;проектируемый пр. № 4062, 6 с1;55.691981;37.659105;osm-55.69198-37.65910;2024-10-23
#Farш;просп. Вернадского, 6;55.691985;37.527911;osm-55.69199-37.52791;2025-10-10
Торро Гриль;просп. Вернадского, 6;55.691987;37.529342;osm-55.69199-37.52934;2024-07-15
Воккер;просп. Вернадского, 6;55.692242;37.528391;osm-55.69224-37.52839;2025-10-10
Рынок и общепит Шук;просп. Вернадского, 6 с3;55.692623;37.533910;osm-55.69262-37.53391;2025-02-10
Дэди;ул. Дмитрия Ульянова, 5;55.692830;37.561375;osm-55.69283-37.56137;2024-08-07
Marta's Deli;Новоивановское, ул. Новая, 100 с4;55.692922;37.385878;osm-55.69292-37.38588;2025-07-21
Camper coffee;Новоивановское, ул. Зворыкина, 2 к2;55.692927;37.351697;osm-55.69293-37.35170;2025-04-16
Udon Noodle Bar;пл. Джавахарлала Неру, 1;55.692941;37.534318;osm-55.69294-37.53432;2026-01-08
Buffalo's;пл. Джавахарлала Неру, 1;55.692964;37.534243;osm-55.69296-37.53424;2025-10-10
Саламури;ул. Люблинская, 51;55.692983;37.735442;osm-55.69298-37.73544;2024-08-02
Clever;Новоивановское, Большой бул., 42 к1;55.692993;37.347247;osm-55.69299-37.34725;2024-04-16
resource;Новоивановское, Большой бул., 42 к1;55.693120;37.347687;osm-55.69312-37.34769;2024-04-16
Смак;ул. Раменки, 3 с1;55.693161;37.496769;osm-55.69316-37.49677;2024-04-29
Big Don;Марусино, ул. Заречная, 29;55.693221;37.971039;osm-55.69322-37.97104;2026-07-03
Grills hot dog;пл. Джавахарлала Неру, 1;55.693494;37.534017;osm-55.69349-37.53402;2024-11-28
Korean cuisine;пл. Джавахарлала Неру, 1;55.693570;37.533955;osm-55.69357-37.53395;2024-11-28
Huaguoshan;Ломоносовский просп., 25 к1;55.693585;37.532942;osm-55.69358-37.53294;2023-11-19
Фантазеры;Ленинский просп., 61/1;55.694537;37.557888;osm-55.69454-37.55789;2026-01-06
Amore;Новоивановское, Большой бул., 40;55.694680;37.346887;osm-55.69468-37.34689;2024-10-12
Burger Club;Люберцы, ул. Митрофанова, 21А;55.694820;37.888586;osm-55.69482-37.88859;2026-03-20
Barrel;Ленинский просп., 61/1;55.694869;37.558468;osm-55.69487-37.55847;2024-08-07
Кофе твой друг;Новоивановское, Большой бул., 40;55.695114;37.346847;osm-55.69511-37.34685;2024-12-08
Жемчужина;Люберцы, ул. Митрофанова, 21Б;55.695146;37.888198;osm-55.69515-37.88820;2026-08-01
Ростикс;Новоивановское, Большой бул., 40;55.695312;37.347361;osm-55.69531-37.34736;2024-10-12
La Cà Quán;Новоданиловская наб., 12;55.695399;37.625318;osm-55.69540-37.62532;2025-08-16
Шикари;просп. Андропова, 8;55.695681;37.665411;osm-55.69568-37.66541;2023-10-15
Зефир;Новоивановское, Большой бул., 40;55.695696;37.346783;osm-55.69570-37.34678;2024-10-12
КофеTerraca;просп. Андропова, 8;55.695870;37.664896;osm-55.69587-37.66490;2026-06-19
Сезоны;ул. Весенняя, 2;55.696180;37.397279;osm-55.69618-37.39728;2026-07-15
Между булок;Марусино, ул. Камова, 3 к2;55.696533;37.955841;osm-55.69653-37.95584;2026-02-02
HQ!coffee;Мичуринский просп., 56 с1;55.696669;37.486774;osm-55.69667-37.48677;2025-07-07
Гудман;Ленинский просп., 57;55.696698;37.561678;osm-55.69670-37.56168;2026-01-06
Remy Kitchen Bakery;бул. Братьев Весниных, 3;55.697001;37.639697;osm-55.69700-37.63970;2025-11-22
Корнер;ул. Василия Ланового, 1 к1;55.697185;37.476740;osm-55.69718-37.47674;2026-05-25
Ciàlde;ул. Архитектора Щусева, 5 к1;55.697278;37.636109;osm-55.69728-37.63611;2023-12-30
Пятёрочка;ул. Юных Ленинцев, 115;55.697688;37.785774;osm-55.69769-37.78577;2024-09-24
Чебуречная у Сени;Марусино, ул. Камова, 7 к3;55.697991;37.955089;osm-55.69799-37.95509;2025-03-18
Серый дом;бул. Братьев Весниных, 1;55.697999;37.639659;osm-55.69800-37.63966;2026-05-25
Moloko Coffee;Варшавское ш., 10 к1;55.698233;37.619870;osm-55.69823-37.61987;2024-04-26
Чайхана экспресс;ул. Ташкентская, 28 с9;55.698287;37.805717;osm-55.69829-37.80572;2025-05-30
Пьеро;бул. Братьев Весниных, 1;55.698516;37.639955;osm-55.69852-37.63996;2026-06-19
Чеми Сули;ул. Архитектора Щусева, 2 к2;55.699042;37.634794;osm-55.69904-37.63479;2026-05-25
Eat Arena;Мичуринский просп., 13А ст1;55.699097;37.512775;osm-55.69910-37.51277;2026-02-02
Человек и кофе;ул. Родченко, 1;55.699432;37.631572;osm-55.69943-37.63157;2024-05-12
По Фрейду;Новоивановское, ул. Западная, с181;55.699462;37.343733;osm-55.69946-37.34373;2024-10-19
Тайга;Университетский просп., 6 к3;55.699610;37.552525;osm-55.69961-37.55253;2026-07-31
Амириён;Люберцы, ул. Михельсона, 53А;55.699745;37.866817;osm-55.69975-37.86682;2024-06-04
Garage;ул. Ташкентская, 28 с1;55.699819;37.806127;osm-55.69982-37.80613;2025-05-30
Шаурма у перекупа;ул. Юных Ленинцев, 54c2;55.699892;37.766122;osm-55.69989-37.76612;2025-08-11
Гринвуд;Люберцы, ул. Шевлякова, 8;55.699993;37.886183;osm-55.69999-37.88618;2025-08-15
Artelli;ул. Архитектора Щусева, 2 к1;55.700024;37.635432;osm-55.70002-37.63543;2026-06-19
Muu;ул. Архитектора Щусева, 2к3;55.700054;37.634611;osm-55.70005-37.63461;2024-07-17
Гуд фуд;2-й Южнопортовый пр., 8 с1;55.700266;37.687537;osm-55.70027-37.68754;2023-10-10
Уютбуфет;ул. Бардина, 4 с22;55.700277;37.572649;osm-55.70028-37.57265;2025-01-23
Pauwel Kwak;Мичуринский просп., 7 к1 с2;55.700345;37.512761;osm-55.70034-37.51276;2023-10-22
Boring Coffee;ул. Вавилова, 19;55.700367;37.580028;osm-55.70037-37.58003;2024-05-22
Чуаньюй;Мичуринский просп., 7 к1 с2;55.700448;37.512939;osm-55.70045-37.51294;2025-08-05
Ривьера;просп. 60-летия Октября, 8А;55.700594;37.577932;osm-55.70059-37.57793;2025-01-22
Пивотека 465;Новоданиловская наб., 4А с1;55.700596;37.625809;osm-55.70060-37.62581;2025-08-05
Буфет;2-й Южнопортовый пр., 10 с1;55.700609;37.688645;osm-55.70061-37.68865;2024-03-14
Изба Михайловна;Руза, ул. Солнцева, 3;55.700859;36.193266;osm-55.70086-36.19327;2026-10-01
Снегири;Новоивановское, бул. Эйнштейна, 2;55.700876;37.359476;osm-55.70088-37.35948;2025-04-21
Грузинские каникулы;ул. Юных Ленинцев, 65/47 к1;55.700934;37.764714;osm-55.70093-37.76471;2025-02-09
Дружище;Руза, ул. Солнцева, 2;55.700982;36.193616;osm-55.70098-36.19362;2026-10-01
Суши сет;Руза, ул. Солнцева, 4;55.701109;36.193573;osm-55.70111-36.19357;2026-10-01
Грузинская кухня;Новоивановское, бул. Эйнштейна, 2;55.701168;37.359466;osm-55.70117-37.35947;2024-05-18
basilic;Новоивановское, бул. Эйнштейна, 2;55.701185;37.360499;osm-55.70119-37.36050;2025-04-21
Жар Chicken;Люберцы, ул. 8 Марта, 22;55.701227;37.882639;osm-55.70123-37.88264;2026-08-02
Do.Bro Coffee;Новоивановское, бул. Эйнштейна, 3;55.701236;37.361627;osm-55.70124-37.36163;2025-04-20
Артишок;Руза, ул. Солнцева, 6;55.701260;36.193546;osm-55.70126-36.19355;2026-10-01
Соль;2-й Южнопортовый пр., 12А к1 с3;55.701349;37.688509;osm-55.70135-37.68851;2024-09-27
Зам-Зам;ул. Люблинская, 10 с4;55.701441;37.731991;osm-55.70144-37.73199;2024-08-02
Мама Малина;Марусино, ул. Лавриненко, 5;55.701442;37.946591;osm-55.70144-37.94659;2024-09-29
ДагХауз;Мичуринский просп., 7;55.701548;37.510766;osm-55.70155-37.51077;2025-11-22
Marikofe;Марусино, ул. Лавриненко, 11 к1;55.701567;37.948535;osm-55.70157-37.94853;2024-04-13
Шварц Кайзер;ул. Ташкентская, 23 к1;55.701584;37.813424;osm-55.70158-37.81342;2025-06-17
Magicup;Марусино, ул. Недорубова, 18к3;55.701588;37.937314;osm-55.70159-37.93731;2024-09-29
Пицца Пират;Марусино, ул. Покровская, 20;55.701778;37.931554;osm-55.70178-37.93155;2025-07-16
Поколение кофе;2-й Южнопортовый пр., 12А к1 с1;55.701846;37.688530;osm-55.70185-37.68853;2024-08-08
Синкопа;ул. Вавилова, 17;55.701855;37.580580;osm-55.70186-37.58058;2026-03-26
Sushi vibes;Новоивановское, бул. Эйнштейна, 4;55.702024;37.365064;osm-55.70202-37.36506;2025-04-22
Lavendiya;Новоивановское, бул. Эйнштейна, 4;55.702163;37.365232;osm-55.70216-37.36523;2025-04-22
Донер Пицца;Марусино, ул. Лавриненко, 11 к1;55.702160;37.948071;osm-55.70216-37.94807;2024-04-13
Wine Room Gallery;ул. Столетова, 17;55.702180;37.499083;osm-55.70218-37.49908;2026-05-13
КузнецовЪ;Ликино-Дулёво, ул. Ленина, 15/1;55.702323;38.958401;osm-55.70232-38.95840;2026-05-04
Печенег;Волгоградский просп., 171А;55.702526;37.791200;osm-55.70253-37.79120;2025-11-25
Di Paolo;ул. Матвеевская, 20 к3;55.702785;37.466614;osm-55.70278-37.46661;2025-03-23
Harat's pub;ул. Маршала Чуйкова, 3;55.703170;37.764536;osm-55.70317-37.76454;2025-06-28
Культура встречи;Мичуринский просп., 5;55.703347;37.510648;osm-55.70335-37.51065;2026-06-19
Doner Xan;ул. Трофимова, 32Г;55.703441;37.685377;osm-55.70344-37.68538;2024-05-23
Кофе Бодрый;Новоивановское, ул. Кутузовская, 4;55.703550;37.327045;osm-55.70355-37.32704;2024-02-05
Оджалеши;Волгоградский просп., 108;55.703583;37.775486;osm-55.70358-37.77549;2025-07-21
Чайхана;ул. Трофимова, 36 к1;55.703588;37.685563;osm-55.70359-37.68556;2024-05-03
Кофешефф;ул. Автозаводская, 19 к1;55.704043;37.652980;osm-55.70404-37.65298;2024-06-29
Кнут и пряник;Духовской пер., 17 с10;55.704045;37.614729;osm-55.70405-37.61473;2025-07-21
Zoom Lounge Bar;Духовской пер., 17 с1;55.704304;37.616337;osm-55.70430-37.61634;2025-07-28
Борсок;ул. Автозаводская, 17 к1;55.704377;37.653514;osm-55.70438-37.65351;2025-07-23
Сэр Хинкаль;ул. Автозаводская, 17 к1;55.704414;37.653584;osm-55.70441-37.65358;2023-10-15
Дадали;Волгоградский просп., 88;55.704444;37.769420;osm-55.70444-37.76942;2025-07-21
Мейхана;ул. Зеленодольская, 40;55.704474;37.765190;osm-55.70447-37.76519;2026-06-15
Чайхана24;Новоивановское, ул. Агрохимиков, 6;55.704544;37.358290;osm-55.70454-37.35829;2024-09-30
Белла Чао;Духовской пер., 17 с7;55.704567;37.616241;osm-55.70457-37.61624;2025-07-22
Mikale;Духовской пер., 17 с11;55.704589;37.615526;osm-55.70459-37.61553;2025-07-21
Cassette;Духовской пер., 17 с11;55.704596;37.615253;osm-55.70460-37.61525;2025-07-21
Шаурма в пите;ул. Автозаводская, 17 к1;55.704617;37.653965;osm-55.70462-37.65396;2023-10-15
J.D. Coffee;Духовской пер., 17 с11;55.704648;37.615920;osm-55.70465-37.61592;2025-07-28
Pasta cup & pizza;ул. Автозаводская, 18;55.704695;37.639574;osm-55.70470-37.63957;2025-12-21
Zero Time;ул. Автозаводская, 17 с2;55.704705;37.654364;osm-55.70470-37.65436;2024-06-29
Starhit;ул. Автозаводская, 18;55.704771;37.639815;osm-55.70477-37.63981;2025-12-21
Posolite;Духовской пер., 17 с16;55.704862;37.616649;osm-55.70486-37.61665;2025-07-10
Баварская кухня;ул. Автозаводская, 18 к2;55.704890;37.638001;osm-55.70489-37.63800;2025-12-21
Brun's Coffee;ул. Автозаводская, 18;55.704919;37.639804;osm-55.70492-37.63980;2025-12-21
Хинкальная;ул. Автозаводская, 18 к2;55.705000;37.638021;osm-55.70500-37.63802;2025-12-21
Кранчи Дрим;ул. Автозаводская, 18;55.705223;37.640345;osm-55.70522-37.64035;2025-12-21
Бахча;ул. Ферганская, 19;55.705231;37.819420;osm-55.70523-37.81942;2025-11-19
Фитнес-бар;ул. Автозаводская, 18 к2;55.705260;37.637460;osm-55.70526-37.63746;2025-12-21
Osterio Mario;ул. Автозаводская, 18;55.705255;37.640821;osm-55.70526-37.64082;2025-12-21
Швили;ул. Автозаводская, 18;55.705283;37.640139;osm-55.70528-37.64014;2025-12-21
Шаурма & кофе;ул. Трофимова, 35/20;55.705317;37.685809;osm-55.70532-37.68581;2024-08-19
Мясо & Рыба;ул. Автозаводская, 18;55.705330;37.641456;osm-55.70533-37.64146;2025-12-21
Урюк;ул. Автозаводская, 18;55.705337;37.639668;osm-55.70534-37.63967;2025-12-21
Бахча;ул. Ферганская, 19;55.705351;37.819429;osm-55.70535-37.81943;2025-11-19
Константинофф;ул. Автозаводская, 24;55.705478;37.633868;osm-55.70548-37.63387;2025-11-15
CVC;Мичуринский просп., 8/29;55.705780;37.510197;osm-55.70578-37.51020;2024-01-15
Сытый лось;ул. Люблинская, 4А;55.705876;37.730451;osm-55.70588-37.73045;2024-10-24
Сытый лось;ул. Люблинская, 4А;55.705941;37.730625;osm-55.70594-37.73063;2024-10-24
Pho Ngon;ул. Вавилова, 3;55.706379;37.593781;osm-55.70638-37.59378;2026-05-21
Хлеб с маслом;ул. Вавилова, 3;55.706580;37.591311;osm-55.70658-37.59131;2024-06-22
Coffee Way;ул. Вавилова, 3;55.706600;37.591989;osm-55.70660-37.59199;2024-06-22
Drive Cafe;Люберцы, ул. 8 Марта, 54А;55.706895;37.906566;osm-55.70690-37.90657;2025-07-01
Блин блинский;ул. Косыгина, 20А;55.706906;37.552022;osm-55.70691-37.55202;2025-04-19
Аритмия;ул. Косыгина, 20А;55.706969;37.551382;osm-55.70697-37.55138;2025-04-19
Georgiano;ул. Косыгина, 5;55.707138;37.572740;osm-55.70714-37.57274;2026-01-14
Рамен по ланьчжоуски;ул. Вавилова, 3;55.707135;37.592530;osm-55.70714-37.59253;2026-05-21
Пятница;Марусино, ул. Барыкина, 2;55.707142;37.955825;osm-55.70714-37.95582;2024-04-13
Литл Сизарс Пицца;ул. Ферганская, 14/13;55.707655;37.809888;osm-55.70766-37.80989;2025-06-13
Суши Фреш;Марусино, ул. Вертолётная, 10;55.707745;37.961753;osm-55.70775-37.96175;2024-04-13
Гермес;ул. Нежинская, 11;55.707761;37.473298;osm-55.70776-37.47330;2025-12-12
Буркина фасоль;Ленинский просп., 39А;55.707780;37.583307;osm-55.70778-37.58331;2026-01-14
Point 242;ул. Петра Романова, 6;55.707976;37.681165;osm-55.70798-37.68117;2024-02-19
Блик;4-й Верхний Михайловский пр., 1;55.708084;37.606961;osm-55.70808-37.60696;2024-11-16
Жи Есть;ул. Орджоникидзе, 11 с17;55.708254;37.591274;osm-55.70825-37.59127;2026-01-31
Гастродача Вселуг;Холодильный пер., 3 с2;55.708326;37.624627;osm-55.70833-37.62463;2024-02-25
Линдфорс;ул. Вавилова, 6;55.708374;37.587121;osm-55.70837-37.58712;2026-04-04
Кебабар;ул. Орджоникидзе, 11 с12;55.708445;37.591580;osm-55.70844-37.59158;2026-01-31
Панда;ул. Вавилова, 6;55.708528;37.587335;osm-55.70853-37.58734;2026-05-25
Ambassadori;ул. Косыгина, 28;55.708537;37.544569;osm-55.70854-37.54457;2023-12-17
Чайхана Бек;ул. Мастеркова, 4;55.708620;37.656942;osm-55.70862-37.65694;2026-01-09
Донер 24;ул. Вавилова, 6;55.708628;37.587480;osm-55.70863-37.58748;2026-01-31
Боярский;Даниловская наб., 6А;55.708673;37.638376;osm-55.70867-37.63838;2024-05-16
True Cost;ул. Орджоникидзе, 11 с44;55.708768;37.597953;osm-55.70877-37.59795;2026-01-31
Боярский;Даниловская наб., 6А;55.708791;37.638293;osm-55.70879-37.63829;2024-05-16
Venue;Марусино, ул. Барыкина, 10/2;55.708837;37.957751;osm-55.70884-37.95775;2024-04-12
La Cà Quán;Холодильный пер., 3 с2;55.708857;37.624789;osm-55.70886-37.62479;2026-05-25
Руки вверх;ул. Ленинская Слобода, 26;55.708922;37.652348;osm-55.70892-37.65235;2025-12-21
Iki;Холодильный пер., 3 с2;55.708932;37.624895;osm-55.70893-37.62490;2024-10-18
Gills;Холодильный пер., 3 с2;55.708958;37.624727;osm-55.70896-37.62473;2025-05-01
Марков двор;ул. Ленинская Слобода, 19 с1;55.708969;37.655433;osm-55.70897-37.65543;2024-05-04
Узбечка;ул. Ленинская Слобода, 26;55.708975;37.652477;osm-55.70898-37.65248;2025-12-21
Корё;ул. Орджоникидзе, 11 с9;55.709027;37.592928;osm-55.70903-37.59293;2026-01-31
The Pivo;ул. Большая Тульская, 13;55.709087;37.622317;osm-55.70909-37.62232;2025-08-18
Егерь;ул. Мастеркова, 3;55.709103;37.658441;osm-55.70910-37.65844;2025-12-14
+39;Холодильный пер., 3 с4;55.709151;37.624906;osm-55.70915-37.62491;2023-12-17
Primebeaf Bar;ул. Ленинская Слобода, 26;55.709163;37.653012;osm-55.70916-37.65301;2025-12-21
Jeffry's;ул. Орджоникидзе, 15;55.709176;37.587823;osm-55.70918-37.58782;2025-09-17
StrEAT;ул. Ленинская Слобода, 26;55.709270;37.652915;osm-55.70927-37.65292;2025-12-21
Привал у Пандочки;Холодильный пер., 4;55.709368;37.623945;osm-55.70937-37.62394;2025-02-25
Поль Бейкери;ул. Большая Тульская, 13;55.709397;37.622336;osm-55.70940-37.62234;2023-10-15
Barcelona;Холодильный пер., 4;55.709455;37.624448;osm-55.70945-37.62445;2025-02-25
Ташир Пицца;ул. Большая Тульская, 13;55.709498;37.622025;osm-55.70950-37.62203;2023-10-15
Чисто ростовский бар;ул. Ленинская Слобода, 19 с3;55.709536;37.654274;osm-55.70954-37.65427;2025-12-21
Com 1989;Холодильный пер., 2;55.709599;37.624554;osm-55.70960-37.62455;2025-01-27
Rebellion;ул. Ленинская Слобода, 19 c3;55.709669;37.654673;osm-55.70967-37.65467;2025-12-21
Eazzy Wok;ул. Ферганская, 6 к2;55.709732;37.803319;osm-55.70973-37.80332;2024-08-07
Da Pino;Волгоградский просп., 73/1;55.709807;37.744039;osm-55.70981-37.74404;2023-10-15
Друзья;ул. Ленинская Слобода, 26;55.709849;37.655188;osm-55.70985-37.65519;2025-12-21
Раменная;ул. Ферганская, 6 к2;55.709860;37.803445;osm-55.70986-37.80345;2024-02-19
Шикари;Холодильный пер., 2 с2;55.709899;37.624006;osm-55.70990-37.62401;2023-10-15
DuckCoffee;ул. 2-я Рощинская, 10 с2;55.709932;37.612320;osm-55.70993-37.61232;2023-11-07
Илья Муромец;Ленинский просп., 37;55.710024;37.585506;osm-55.71002-37.58551;2026-01-06
Dubai Meal;ул. 7-я Кожуховская, 9;55.710064;37.674524;osm-55.71006-37.67452;2024-06-22
DUDU;ул. Орджоникидзе, 9 к1;55.710093;37.598941;osm-55.71009-37.59894;2026-01-31
Streat;ул. Ленинская Слобода, 26;55.710110;37.653860;osm-55.71011-37.65386;2026-01-09
Salambo;ул. Орджоникидзе, 12 с4;55.710182;37.590953;osm-55.71018-37.59095;2026-06-15
Не плачь, пей кофе;Волгоградский просп., 61;55.710310;37.734703;osm-55.71031-37.73470;2026-04-15
I-chef;ул. 7-я Кожуховская, 9;55.710325;37.674647;osm-55.71032-37.67465;2024-06-22
Матча;ул. 7-я Кожуховская, 9;55.710523;37.674517;osm-55.71052-37.67452;2024-06-22
Sky Lounge;Ленинский просп., 32А;55.710631;37.577488;osm-55.71063-37.57749;2024-10-15
Дракон Сити;Ленинский просп., 37;55.710738;37.586157;osm-55.71074-37.58616;2026-01-06
Кофе Краш;ул. Малая Тульская, 2;55.710756;37.620889;osm-55.71076-37.62089;2024-03-16
Саперавия;ул. 7-я Кожуховская, 9;55.710804;37.675424;osm-55.71080-37.67542;2024-06-22
Фаэтон;ул. Академика Скрябина, 9 к2 с9;55.710893;37.796141;osm-55.71089-37.79614;2026-06-11
Day Coffee;Люберцы, ул. Дмитриевского, 1;55.710891;37.880471;osm-55.71089-37.88047;2026-01-23
Россичъ;ул. Нежинская, 9 к1;55.710901;37.474246;osm-55.71090-37.47425;2025-06-09
Буйабес;Ленинский просп., 35;55.710992;37.586520;osm-55.71099-37.58652;2026-01-06
Конаклы;ул. Орджоникидзе, 1;55.711000;37.605034;osm-55.71100-37.60503;2026-03-01
Hygge;ул. Орджоникидзе, 1;55.711076;37.605559;osm-55.71108-37.60556;2023-12-17
Фаэтон;ул. Академика Скрябина, 9 к2 с9;55.711114;37.796156;osm-55.71111-37.79616;2026-06-11
Рачули;ул. Серпуховский Вал, 3;55.711144;37.618788;osm-55.71114-37.61879;2023-10-02
Igloobar;ул. 7-я Кожуховская, 9;55.711145;37.676923;osm-55.71115-37.67692;2023-10-15
Раки реки;ул. Серпуховский Вал, 21 к1;55.711256;37.610615;osm-55.71126-37.61062;2026-03-01
Engineer coffee;ул. Серпуховский Вал, 17;55.711273;37.612952;osm-55.71127-37.61295;2026-04-16
Хан Кебаб;ул. Серпуховский Вал, 17;55.711275;37.612828;osm-55.71128-37.61283;2026-06-29
Лагманная;Новоивановское, ул. Западная, 79;55.711385;37.369994;osm-55.71138-37.36999;2024-04-18
Империя;ул. Шаболовка, 58;55.711568;37.605422;osm-55.71157-37.60542;2026-03-01
Три утки;ул. Мытная, 74;55.711915;37.620510;osm-55.71191-37.62051;2024-07-13
Кухня Кипра;ул. Мытная, 74;55.711909;37.620663;osm-55.71191-37.62066;2024-07-13
Болливуд;ул. Серпуховский Вал, 14;55.711939;37.614774;osm-55.71194-37.61477;2024-07-13
Человек и пароход;ул. Мытная, 74;55.711970;37.620948;osm-55.71197-37.62095;2024-07-13
Injir;ул. Мытная, 74;55.712021;37.620834;osm-55.71202-37.62083;2024-07-13
T&S Lounge;Люберцы, ул. Лухмановская, 2;55.712055;37.898597;osm-55.71205-37.89860;2026-06-19
Китайское барбекю 1314;ул. Даниловский Вал, 1 с13;55.712080;37.626139;osm-55.71208-37.62614;2024-04-26
Даниловский рынок;ул. Мытная, 74;55.712129;37.620611;osm-55.71213-37.62061;2026-03-01
Olymp Junior;ул. Лужники, 24 с19А;55.712157;37.555102;osm-55.71216-37.55510;2024-02-13
Умами;ул. Лужники, 24 с60;55.712170;37.559279;osm-55.71217-37.55928;2026-01-10
La Raquette;ул. Лужники, 24 с21;55.712220;37.564643;osm-55.71222-37.56464;2024-11-09
Авлабар;ул. Ленинская Слобода, 5;55.712326;37.662765;osm-55.71233-37.66277;2026-03-18
Пита пита;ул. Мытная, 74;55.712371;37.620188;osm-55.71237-37.62019;2025-04-19
Лу;ул. Лужники, 24 с61;55.712598;37.560043;osm-55.71260-37.56004;2026-01-10
Кепи;3-й Павелецкий пр., 4;55.712599;37.645982;osm-55.71260-37.64598;2025-04-15
7 сэндвичей;2-й Донской пр., 4 с9;55.712717;37.594326;osm-55.71272-37.59433;2024-05-28
Aqumarine;Лужнецкая наб., 24;55.712782;37.558986;osm-55.71278-37.55899;2026-01-10
Quidi;ул. Лужники, 24 с59;55.713361;37.550506;osm-55.71336-37.55051;2026-01-10
Feifan Hot Pot;ул. Лужники, 24 с47;55.713471;37.551381;osm-55.71347-37.55138;2026-01-28
Loona;ул. Лужники, 24 с59;55.713494;37.550787;osm-55.71349-37.55079;2026-01-10
Магбургер;ул. Нежинская, 5А;55.713659;37.475445;osm-55.71366-37.47545;2025-06-09
Новатор кофе;ул. Хавская, 24;55.713722;37.613333;osm-55.71372-37.61333;2026-05-13
Конструктор;ул. Восточная, 9;55.713733;37.659707;osm-55.71373-37.65971;2025-09-29
Street9 Coffee;ул. Восточная, 9;55.713777;37.659383;osm-55.71378-37.65938;2025-09-29
Чичико;ул. Нежинская, 5Б;55.713846;37.474956;osm-55.71385-37.47496;2025-06-09
Ava;ул. Лужники, 24 с42;55.713871;37.549525;osm-55.71387-37.54953;2026-01-10
Кусочки;ул. Шаболовка, 63 к1;55.713872;37.607649;osm-55.71387-37.60765;2024-09-11
Ирина;ул. Стасовой, 10А;55.713886;37.597313;osm-55.71389-37.59731;2025-04-10
Трапезная;Донская пл., 1 с27;55.714180;37.600853;osm-55.71418-37.60085;2026-01-31
Ахтамар;ул. Амбулаторная, 64;55.714259;37.374008;osm-55.71426-37.37401;2024-04-18
Traveler's coffee;ул. Гжатская, 5 к1;55.714261;37.435280;osm-55.71426-37.43528;2024-06-22
Amara Platinum;1-я ул. Машиностроения, 16;55.714477;37.672789;osm-55.71448-37.67279;2024-11-29
Бар-ресторан Территория;Рязанский просп., 64;55.714536;37.803912;osm-55.71454-37.80391;2025-06-04
Мегаполис;ул. Лужники, 24 с7;55.714684;37.561327;osm-55.71468-37.56133;2024-01-21
Штопор;ул. Шарикоподшипниковская, 38 с1;55.715031;37.677299;osm-55.71503-37.67730;2023-11-18
Самарканд;1-я ул. Машиностроения, 5;55.715094;37.673920;osm-55.71509-37.67392;2024-07-12
Plim Coffee;ул. Шаболовка, 59 к1А;55.715283;37.608204;osm-55.71528-37.60820;2023-12-29
Shawarma №1;ул. Шаболовка, 59 к1А;55.715464;37.608268;osm-55.71546-37.60827;2023-12-17
Wаурма & love;Советский просп., 2Б;55.715495;37.372131;osm-55.71549-37.37213;2024-05-15
Veranda Riverside;ул. Лужники, 24 с34;55.715974;37.546215;osm-55.71597-37.54621;2026-01-10
Senior Rodrigez;ул. Лужники, 24 с34;55.716058;37.545324;osm-55.71606-37.54532;2026-01-10
Colibri;ул. Хавская, 9;55.716077;37.613806;osm-55.71608-37.61381;2024-09-24
Мама Хинкали;ул. Шухова, 21;55.716136;37.608617;osm-55.71614-37.60862;2026-03-18
Райхан;ул. Шарикоподшипниковская, 32;55.716280;37.676479;osm-55.71628-37.67648;2026-07-12
Искра;Звенигород, Верхнепосадское ш., 5;55.716308;36.823642;osm-55.71631-36.82364;2025-08-21
La Colline;Власиха, ул. Речная, с1;55.716419;37.184301;osm-55.71642-37.18430;2023-10-06
Tempo;ул. Хавская, 9;55.716439;37.613811;osm-55.71644-37.61381;2024-09-24
La Colline;Власиха, ул. Речная, с1;55.716460;37.184235;osm-55.71646-37.18424;2023-10-06
Инициатива;ул. Инициативная, 3;55.716558;37.459235;osm-55.71656-37.45923;2026-06-02
Coffee Rush;ул. Шарикоподшипниковская, 32;55.716634;37.676190;osm-55.71663-37.67619;2026-07-12
vmeste;ул. Хамовнический Вал, 6;55.716928;37.575674;osm-55.71693-37.57567;2025-05-23
Кофе и другие прелести;ул. Люсиновская, 64;55.717051;37.622084;osm-55.71705-37.62208;2024-10-26
Чайхана;Аминьевское ш., 26Б;55.717234;37.452405;osm-55.71723-37.45240;2025-10-12
HQ!coffee;Ленинский просп., 20 к1;55.717370;37.592270;osm-55.71737-37.59227;2025-05-12
Шампур House;Рязанский просп., 32 к1;55.717415;37.785425;osm-55.71742-37.78542;2023-11-21
Шампур House;Рязанский просп., 32 к1;55.717532;37.785297;osm-55.71753-37.78530;2023-11-21
Хинкальный дом Арагви;Ленинский просп., 25;55.717561;37.595498;osm-55.71756-37.59550;2025-09-09
RollX;Рязанский просп., 75 к2;55.717578;37.793158;osm-55.71758-37.79316;2024-05-04
Дрозд;ул. Велозаводская, 3/2;55.717607;37.664368;osm-55.71761-37.66437;2026-07-12
Shabway;Рязанский просп., 75 к2;55.717612;37.793439;osm-55.71761-37.79344;2024-05-04
Сэр Хинкаль;ул. Люсиновская, 62;55.717678;37.622041;osm-55.71768-37.62204;2024-10-26
МосШаурма;Рязанский просп., 75 с1;55.717682;37.792518;osm-55.71768-37.79252;2024-05-04
Между делом;ул. Хавская, 14 к1 с9;55.717703;37.613362;osm-55.71770-37.61336;2024-10-18
Между Булок;Рязанский просп., 75 с2;55.717886;37.793343;osm-55.71789-37.79334;2026-02-02
Antep Sofrasi;ул. Минская, 2Г к1;55.718012;37.502620;osm-55.71801-37.50262;2024-04-26
Пьяный тюлень;Дербеневская наб., 13/17 к1;55.718379;37.647784;osm-55.71838-37.64778;2026-01-30
Трапезная;ул. Шарикоподшипниковская, 14;55.718611;37.673386;osm-55.71861-37.67339;2025-09-21
Однажды в Ташкенте;ул. Шарикоподшипниковская, 11 с5;55.718813;37.676586;osm-55.71881-37.67659;2026-07-12
Якисоба;ул. Шарикоподшипниковская, 11 с5;55.718886;37.676528;osm-55.71889-37.67653;2026-07-12
Buna;ул. Виктора Маслова, 2;55.718947;37.657429;osm-55.71895-37.65743;2024-07-12
465 Glassность;ул. Рябиновая, 3 к1;55.718964;37.424869;osm-55.71896-37.42487;2023-10-22
Шаурляндия;ул. Шаболовка, 30/12;55.719480;37.608554;osm-55.71948-37.60855;2026-03-22
Чевапи гриль;ул. Шаболовка, 30/12;55.719499;37.607757;osm-55.71950-37.60776;2025-09-26
Zafferano;Хорошёвский пр., 14;55.719543;37.379909;osm-55.71954-37.37991;2024-01-24
Cafrica;ул. Шарикоподшипниковская, 12;55.719539;37.673941;osm-55.71954-37.67394;2026-07-12
YesNoMilk;ул. Лужники, 24 с25;55.719555;37.549360;osm-55.71955-37.54936;2024-02-14
МосПончик;ул. Шаболовка, 30/12;55.719580;37.607968;osm-55.71958-37.60797;2026-03-22
Олива;ул. Большая Серпуховская, 60;55.719576;37.625730;osm-55.71958-37.62573;2026-03-01
Edoko;Хорошёвский пр., 6;55.719631;37.378008;osm-55.71963-37.37801;2024-01-24
Forte Bello;Хорошёвский пр., 14;55.719663;37.379417;osm-55.71966-37.37942;2024-01-24
Штаб;ул. Шарикоподшипниковская, 4 к4А;55.719676;37.669827;osm-55.71968-37.66983;2026-07-12
Панорама;ул. Большая Косинская, 41А;55.719681;37.858008;osm-55.71968-37.85801;2026-08-06
Султан Palace;ул. Грайвороновская, 12 к2;55.719702;37.732609;osm-55.71970-37.73261;2023-11-23
Спорт-бар;Электроугли, ул. Маяковского, 29;55.719743;38.218308;osm-55.71974-38.21831;2024-04-24
Панорама;ул. Большая Косинская, 41А;55.719749;37.858082;osm-55.71975-37.85808;2026-08-06
Спорт-бар;Электроугли, ул. Маяковского, 29;55.719802;38.218337;osm-55.71980-38.21834;2024-04-24
Минутка;ул. Дербеневская, 17;55.719839;37.648102;osm-55.71984-37.64810;2026-01-30
Heavy Haze;ул. Шарикоподшипниковская, 4 к4А;55.719848;37.670445;osm-55.71985-37.67045;2026-07-12
Хочу есть;ул. Донская, 31;55.719928;37.606238;osm-55.71993-37.60624;2026-01-31
Пловно-сытно;ул. Большая Серпуховская, 58;55.719936;37.626098;osm-55.71994-37.62610;2026-03-01
Скалка;ул. Донская, 31;55.719945;37.606150;osm-55.71995-37.60615;2026-01-31
Olive;ул. Шарикоподшипниковская, 11 с6;55.719960;37.675623;osm-55.71996-37.67562;2026-07-12
Лиса и Гусь;Ленинский просп., 15;55.720188;37.599402;osm-55.72019-37.59940;2024-05-28
Китаки;ул. Вешняковская, 22А;55.720191;37.822084;osm-55.72019-37.82208;2024-07-19
Пронто;ул. Вешняковская, 22А;55.720217;37.822003;osm-55.72022-37.82200;2023-10-15
Eyes Coffee;ул. Большая Серпуховская, 58;55.720341;37.626348;osm-55.72034-37.62635;2026-03-01
Star Hit Cafe;ул. Дербеневская, 15Б;55.720357;37.648423;osm-55.72036-37.64842;2026-01-30
Lalaland;ул. Шаболовка, 31Г;55.720467;37.610133;osm-55.72047-37.61013;2024-09-24
Coffiberry's;Ленинский просп., 15А;55.720486;37.600492;osm-55.72049-37.60049;2026-03-22
GustoLive;ул. Шарикоподшипниковская, 4 к1А;55.720673;37.672933;osm-55.72067-37.67293;2026-07-12
Рамён Бульон;ул. Шаболовка, 24;55.720782;37.609370;osm-55.72078-37.60937;2026-06-15
Паблик кафе;Ленинский просп., 15А;55.720850;37.600383;osm-55.72085-37.60038;2026-08-11
Суши таки;ул. Павла Андреева, 23 с10;55.720895;37.621396;osm-55.72089-37.62140;2024-09-23
Шаварм'е;Волгоградский просп., 32/5 к3;55.720975;37.688721;osm-55.72098-37.68872;2026-07-10
Уют;ул. Шаболовка, 24;55.720991;37.609453;osm-55.72099-37.60945;2024-12-05
Раки и гады;Комсомольский просп., 42 с1;55.721138;37.573048;osm-55.72114-37.57305;2026-05-15
Coffeeport;Дербеневская наб., 11;55.721153;37.652489;osm-55.72115-37.65249;2023-10-15
Вино и другие лекарства;Комсомольский просп., 42 с1;55.721322;37.573298;osm-55.72132-37.57330;2023-12-17
Кирпи4;Конный пер., 12;55.721353;37.612023;osm-55.72135-37.61202;2026-05-15
Вкус Жизни;Рязанский просп., 22 к2;55.721388;37.770986;osm-55.72139-37.77099;2025-05-30
Чуррос Мания;Крымский вал, 9 с33К;55.721519;37.589773;osm-55.72152-37.58977;2025-11-08
Ком 1989;Партийный пер., 1 к12;55.721576;37.635384;osm-55.72158-37.63538;2026-05-31
Кофе маркет;ул. Шаболовка, 20;55.721622;37.609704;osm-55.72162-37.60970;2026-03-12
The Фишка;ул. Шаболовка, 29 к2;55.721707;37.610585;osm-55.72171-37.61059;2026-05-15
Meat me;ул. Шаболовка, 29 к2;55.721800;37.610619;osm-55.72180-37.61062;2024-09-15
Blanc de Blancs;ул. Люсиновская, 36/50;55.721806;37.621697;osm-55.72181-37.62170;2026-06-19
Black Grill;ул. Шаболовка, 29 к2;55.721897;37.610654;osm-55.72190-37.61065;2024-10-21
Точка кофе;Люберцы, ул. Лухмановская, 17;55.722122;37.896580;osm-55.72212-37.89658;2026-08-27
Много лосося;ул. Давыдковская, 8 к1;55.722281;37.474513;osm-55.72228-37.47451;2025-11-19
Дети лапши;Дербеневская наб., 7 с22;55.722289;37.651789;osm-55.72229-37.65179;2024-09-25
Нескучный;Ленинский просп., 9 с26;55.722617;37.598306;osm-55.72262-37.59831;2026-03-22
Пипл&паста;Дербеневская наб., 7 с8;55.722754;37.652992;osm-55.72275-37.65299;2023-10-29
Образ жизни;ул. Люсиновская, 36 с2;55.722812;37.621641;osm-55.72281-37.62164;2026-06-19
Glastonberry;ул. 1-я Дубровская, 13А с1;55.722877;37.673625;osm-55.72288-37.67363;2025-12-21
Lintu;ул. Усачёва, 35 с2;55.723050;37.560587;osm-55.72305-37.56059;2025-04-14
Много лосося;ул. Доватора, 11 к1;55.723271;37.567768;osm-55.72327-37.56777;2026-09-25
One and Double;ул. Барвихинская, 13/3;55.723305;37.396453;osm-55.72331-37.39645;2026-01-16
Pace;ул. Шаболовка, 19;55.723393;37.611143;osm-55.72339-37.61114;2026-05-25
Времена года;ул. Крымский Вал, 9 с20;55.723425;37.595791;osm-55.72342-37.59579;2025-10-25
#НеШаурма;Новоивановское, ул. Московская, 65;55.723477;37.353715;osm-55.72348-37.35372;2024-05-09
Дербеневка;Дербеневская наб., 7 с2;55.723486;37.655686;osm-55.72349-37.65569;2026-01-30
Dizengof//99;ул. Шаболовка, 19;55.723502;37.611167;osm-55.72350-37.61117;2026-01-14
Времена года;ул. Крымский Вал, 9 с20;55.723546;37.595697;osm-55.72355-37.59570;2025-10-25
Блюз;ул. Доватора, 8;55.723568;37.567806;osm-55.72357-37.56781;2025-11-08
Mátes;ул. Шаболовка, 19;55.723653;37.611205;osm-55.72365-37.61120;2023-11-02
Чокань;ул. Донская, 15;55.723663;37.607990;osm-55.72366-37.60799;2026-01-31
Riverside;Фрунзенская наб., 32;55.723723;37.587247;osm-55.72372-37.58725;2025-11-23
Лебединое озеро;ул. Крымский Вал, 9 с22;55.723813;37.595541;osm-55.72381-37.59554;2025-10-25
China today;Кутузовский просп., 71;55.723839;37.452230;osm-55.72384-37.45223;2024-08-10
Street Food Maniac's;ул. Михайлова, 30А к5;55.723843;37.777598;osm-55.72384-37.77760;2024-10-17
Хинкальная;ул. Большая Серпуховская, 29;55.723873;37.627027;osm-55.72387-37.62703;2026-03-01
Лебединое озеро;ул. Крымский Вал, 9 с22;55.723904;37.595538;osm-55.72390-37.59554;2025-10-25
8 Oz;ул. Крымский Вал, 9 с21;55.724008;37.595783;osm-55.72401-37.59578;2025-10-25
Николай-Каравай;ул. Люсиновская, 12;55.724019;37.621496;osm-55.72402-37.62150;2025-01-11
Практика кофе;Комсомольский просп., 33/11;55.724064;37.578703;osm-55.72406-37.57870;2026-03-22
Тарелка;ул. Усачёва, 66А;55.724068;37.561081;osm-55.72407-37.56108;2024-04-01
8 Oz;ул. Крымский Вал, 9 с21;55.724123;37.595857;osm-55.72412-37.59586;2025-10-25
Melnica Group;Марусино, ул. Романычева, 2;55.724381;37.970068;osm-55.72438-37.97007;2026-06-02
Dr.Coffee;Звенигород, ул. Депутатская, 4;55.724412;36.839129;osm-55.72441-36.83913;2026-07-12
Вкус Востока;Звенигород, ул. Депутатская, 4;55.724456;36.839178;osm-55.72446-36.83918;2026-01-30
Оджахури;Власиха, Рублёво-Успенское ш., 22В;55.724529;37.174048;osm-55.72453-37.17405;2025-02-10
Ферма;Фрунзенская наб., 26;55.724571;37.588496;osm-55.72457-37.58850;2024-02-08
Curry House;Дербеневская наб., 7 с21;55.724607;37.650304;osm-55.72461-37.65030;2026-01-30
Bon Lavash Siciliana;2-й Грайвороновский пр., 42 к4;55.724685;37.744268;osm-55.72469-37.74427;2023-12-22
Кофеттория;ул. Донская, 9;55.724715;37.608729;osm-55.72472-37.60873;2026-01-31
Aquarium;2-й Грайвороновский пр., 42 к4;55.724865;37.745221;osm-55.72487-37.74522;2023-11-15
АлоЁ;ул. Большая Серпуховская, 32 с1;55.725037;37.625753;osm-55.72504-37.62575;2026-03-01
C`cups;ул. Большая Серпуховская, 32 с1;55.725116;37.625713;osm-55.72512-37.62571;2024-04-15
Булка и кофе;ул. Большая Серпуховская, 32 с1;55.725257;37.625649;osm-55.72526-37.62565;2026-03-01
Рыбная мануфактура №1;ул. Ефремова, 10 к1;55.725332;37.575057;osm-55.72533-37.57506;2025-11-08
Umma;ул. Минская, 2Б;55.725341;37.497261;osm-55.72534-37.49726;2025-12-20
1981;2-й Грайвороновский пр., 42 к3;55.725539;37.745485;osm-55.72554-37.74549;2023-10-28
Ла Специя;Комсомольский просп., 32 к2;55.725558;37.579045;osm-55.72556-37.57905;2025-11-08
Новое кафе;Новоивановское, Рублёвский пр., 40 к3;55.725652;37.326368;osm-55.72565-37.32637;2026-03-08
проШашлык.ру;ул. Мельникова, 16А;55.725659;37.667486;osm-55.72566-37.66749;2026-05-21
Grape & Grain;2-й Грайвороновский пр., 44 к1;55.725770;37.745375;osm-55.72577-37.74538;2026-02-20
Чебурешная;2-й Грайвороновский пр., 44 к3;55.725823;37.749885;osm-55.72582-37.74988;2023-12-12
ВьетнамиКО;2-й Грайвороновский пр., 44 к3;55.725840;37.750605;osm-55.72584-37.75061;2026-08-26
Jinju;ул. Усачёва, 15А;55.725879;37.570383;osm-55.72588-37.57038;2024-02-25
Terra&Mare;2-й Грайвороновский пр., 44 к3;55.725892;37.750804;osm-55.72589-37.75080;2024-04-10
Жан-Иван;Звенигород, ул. Луговая, 4/14;55.725925;36.836281;osm-55.72592-36.83628;2026-01-30
Ra'men Land;ул. Большая Серпуховская, 23;55.725943;37.625864;osm-55.72594-37.62586;2026-06-24
Вадваре;ул. Ефремова, 10 с1 к4/8;55.725991;37.573341;osm-55.72599-37.57334;2025-11-08
Mado;ул. Мосфильмовская, 2В;55.726023;37.532892;osm-55.72602-37.53289;2024-03-23
Locals;2-й Грайвороновский пр., 44 к3;55.726025;37.749761;osm-55.72602-37.74976;2024-10-08
Свой Круг;ул. Летниковская, 11/10 с13;55.726080;37.647055;osm-55.72608-37.64706;2023-10-29
Greenside;ул. Ефремова, 10 с1 к4/8;55.726172;37.573741;osm-55.72617-37.57374;2025-11-08
Триумф;Комсомольский просп., 25 к1;55.726218;37.581751;osm-55.72622-37.58175;2026-03-22
Rebecca;ул. Трубецкая, 12;55.726261;37.573937;osm-55.72626-37.57394;2025-11-08
Caffinity;Рязанский просп., 6А;55.726307;37.751951;osm-55.72631-37.75195;2025-11-20
The Gallery;Рязанский просп., 6А;55.726342;37.752911;osm-55.72634-37.75291;2026-02-25
Pasta Casa 39;Комсомольский просп., 28;55.726379;37.579694;osm-55.72638-37.57969;2026-07-13
Mos;Комсомольский просп., 28;55.726460;37.579822;osm-55.72646-37.57982;2025-11-08
Домашняя еда;Рязанский просп., 10 с2;55.726468;37.758089;osm-55.72647-37.75809;2026-04-12
Антракт;Комсомольский просп., 28;55.726544;37.579936;osm-55.72654-37.57994;2025-11-08
La Cà Quán;Рязанский просп., 10 с2;55.726672;37.757529;osm-55.72667-37.75753;2026-04-12
Малиновка;ул. Крымский Вал, 9 с52;55.726726;37.595830;osm-55.72673-37.59583;2025-10-25
Vadman's;ул. Большая Серпуховская, 19/37 с2;55.726734;37.626433;osm-55.72673-37.62643;2026-03-01
Doner&Grill;ул. Большая Серпуховская, 17 с1;55.726816;37.625624;osm-55.72682-37.62562;2026-03-01
Vera;Комсомольский просп., 23-25;55.726865;37.582569;osm-55.72686-37.58257;2026-03-22
Varka;ул. Большая Серпуховская, 17 с1;55.726933;37.625616;osm-55.72693-37.62562;2026-03-01
Burlesque;Комсомольский просп., 28;55.726941;37.580530;osm-55.72694-37.58053;2025-11-08
Abrakadabra;ул. Большая Серпуховская, 17 с1;55.726978;37.626259;osm-55.72698-37.62626;2026-08-04
Ракета;Стремянный пер., 38;55.727016;37.626729;osm-55.72702-37.62673;2026-08-04
Nothing Fancy;ул. Усачёва, 17 с1;55.727033;37.569508;osm-55.72703-37.56951;2026-06-19
Ирыстон;ул. Кожевнический Вражек, 3А;55.727135;37.651761;osm-55.72713-37.65176;2026-01-30
Чайхана;ул. Кожевнический Вражек, 3А;55.727144;37.651699;osm-55.72714-37.65170;2026-01-30
Leo;ул. Усачёва, 15;55.727168;37.569884;osm-55.72717-37.56988;2025-11-22
Loro;ул. Трубецкая, 10;55.727241;37.576043;osm-55.72724-37.57604;2026-09-25
СырИнжир;ул. Усачёва, 26;55.727334;37.567597;osm-55.72733-37.56760;2025-05-01
BB&Burgers;ул. Усачёва, 26;55.727328;37.567681;osm-55.72733-37.56768;2025-05-01
Hibiki;ул. Трубецкая, 10;55.727343;37.575906;osm-55.72734-37.57591;2026-03-22
Chicko;ул. Крымский Вал, 9 с25;55.727415;37.596926;osm-55.72742-37.59693;2025-10-26
Мореманит;ул. Крымский Вал, 9 с25;55.727430;37.597025;osm-55.72743-37.59703;2025-10-26
Lukumàdes;ул. Крымский Вал, 9 с25;55.727454;37.596823;osm-55.72745-37.59682;2025-10-26
Stay;ул. Трубецкая, 10;55.727474;37.575723;osm-55.72747-37.57572;2026-03-22
Ava Bistro;ул. Усачёва, 26;55.727478;37.567993;osm-55.72748-37.56799;2026-03-18
Под Усами;ул. Усачёва, 26;55.727497;37.567375;osm-55.72750-37.56737;2026-06-19
Рестопаркинг;ул. Крымский Вал, 9 с25;55.727507;37.597116;osm-55.72751-37.59712;2025-10-26
The Good Job;ул. Летниковская, 4 с5;55.727575;37.644657;osm-55.72758-37.64466;2026-06-19
Пролив на Проспекте;Ленинский просп., 4 с1А;55.727601;37.609090;osm-55.72760-37.60909;2026-03-05
Блинский;ул. Крымский Вал, 9 с25;55.727610;37.596913;osm-55.72761-37.59691;2025-10-26
Рестопаркинг;ул. Крымский Вал, 9 с25;55.727629;37.597065;osm-55.72763-37.59707;2025-10-26
Таксим;Кутузовский просп., 57;55.727699;37.476503;osm-55.72770-37.47650;2025-05-01
Sibsa;ул. Крымский Вал, 9 с25;55.727717;37.597036;osm-55.72772-37.59704;2025-10-26
Раковая на Усачева;ул. Усачёва, 22;55.727760;37.570185;osm-55.72776-37.57019;2026-06-28
La Provincia;Калужская пл., 1 к2;55.727784;37.613624;osm-55.72778-37.61362;2026-01-31
Madame Roche;ул. Кожевническая, 14 с3;55.727781;37.646406;osm-55.72778-37.64641;2025-01-16
Hot Dog Bulldog;ул. Крымский Вал, 9 с25;55.727816;37.597129;osm-55.72782-37.59713;2025-10-26
Holy Gyros;ул. Крымский Вал, 9 с25;55.727831;37.597422;osm-55.72783-37.59742;2025-10-26
Волчок;Калужская пл., 1 с7;55.727839;37.611472;osm-55.72784-37.61147;2025-08-07
Americano;Кутузовский просп., 57;55.727853;37.474357;osm-55.72785-37.47436;2025-01-19
Линдфорс;ул. Малая Пироговская, 14 с1;55.727862;37.566929;osm-55.72786-37.56693;2024-03-16
MagGrill;ул. Крымский Вал, 9 с25;55.727868;37.597466;osm-55.72787-37.59747;2025-10-26
Dizengof//99;ул. Люсиновская, 13 с1;55.727883;37.623461;osm-55.72788-37.62346;2026-01-14
Burger Heroes;ул. Крымский Вал, 9 с25;55.727912;37.597432;osm-55.72791-37.59743;2025-10-26
Cafe Garage;ул. Крымский Вал, 9 с32;55.727947;37.601963;osm-55.72795-37.60196;2025-10-25
Айван;Калужская пл., 1 с7;55.728010;37.611262;osm-55.72801-37.61126;2025-08-07
Coffee Barra;ул. Большая Серпуховская, 14/13 с1;55.728037;37.624332;osm-55.72804-37.62433;2024-04-15
Cutlet;Кутузовский просп., 57;55.728069;37.475640;osm-55.72807-37.47564;2025-01-19
Мясо&Рыба;Кутузовский просп., 57;55.728102;37.477077;osm-55.72810-37.47708;2026-06-24
Cihan;Комсомольский просп., 21/10;55.728111;37.584349;osm-55.72811-37.58435;2026-04-07
Kono;Калужская пл., 1 к1;55.728152;37.611512;osm-55.72815-37.61151;2026-01-31
Lintu;ул. Летниковская, 2 с4;55.728164;37.643417;osm-55.72816-37.64342;2024-04-26
Mates;ул. Усачёва, 11А;55.728170;37.571750;osm-55.72817-37.57175;2026-05-25
Hite;ул. Большая Серпуховская, 12/11 с2;55.728176;37.624271;osm-55.72818-37.62427;2025-04-05
МосПлов;ул. Ивана Франко, 38;55.728207;37.416333;osm-55.72821-37.41633;2026-07-11
Star$;ул. Ивана Франко, 38;55.728229;37.416144;osm-55.72823-37.41614;2026-07-11
Хинкальная;ул. Мытная, 1 с1;55.728252;37.614956;osm-55.72825-37.61496;2026-01-31
Rébellion Clubhouse;Комсомольский просп., 24 с1;55.728271;37.581154;osm-55.72827-37.58115;2025-02-02
Так сказала моя мама;Большой Симоновский пер., 2;55.728290;37.672975;osm-55.72829-37.67298;2026-05-21
Чайхана;ул. Газгольдерная, 6;55.728330;37.733486;osm-55.72833-37.73349;2025-08-19
Гиляровский;ул. Люсиновская, 9;55.728392;37.623544;osm-55.72839-37.62354;2026-01-20
Чайная на Крутицах;ул. Крутицкая, 17 с9;55.728443;37.658491;osm-55.72844-37.65849;2026-06-24
Среда обитания;Рязанский просп., 2/1 к2;55.728437;37.737464;osm-55.72844-37.73746;2026-01-18
Методика Кофе;Калужская пл., 1 к1;55.728469;37.612296;osm-55.72847-37.61230;2026-01-31
Кофейная среда;Рязанский просп., 2/1 к2;55.728494;37.737435;osm-55.72849-37.73743;2026-01-18
Лаваш;Новоивановское, ул. Колхозная, 45;55.728581;37.335687;osm-55.72858-37.33569;2025-03-05
Pho Diem;ул. Большая Серпуховская, 8/7 с2;55.728584;37.624102;osm-55.72858-37.62410;2026-09-25
Mimi;ул. Большая Пироговская, 37-43 кА;55.728636;37.564157;osm-55.72864-37.56416;2024-02-25
Торро Гриль;ул. Кожевническая, 8;55.728652;37.644774;osm-55.72865-37.64477;2024-07-15
чайхана Баракат;ул. Большая Серпуховская, 8/7 с2;55.728668;37.624005;osm-55.72867-37.62400;2023-10-15
Вне времени;Звенигород, ул. Василия Фабричнова, 18;55.728680;36.859628;osm-55.72868-36.85963;2023-11-18
High Ground;ул. Кожевническая, 18;55.728720;37.647859;osm-55.72872-37.64786;2025-10-18
Fave;ул. Малая Пироговская, 13 с4;55.728741;37.569620;osm-55.72874-37.56962;2026-03-18
Coffee Moose;Звенигород, ул. Василия Фабричнова, 26;55.728746;36.860022;osm-55.72875-36.86002;2023-11-18
Первая шаурма;ул. Большая Серпуховская, 8/7 с2;55.728753;37.624042;osm-55.72875-37.62404;2023-10-15
Мама варит кофе;Стремянный пер., 2;55.728753;37.636510;osm-55.72875-37.63651;2026-01-14
Кирпич;ул. Кожевническая, 18;55.728763;37.648100;osm-55.72876-37.64810;2025-10-18
Центральная столовая;Ленинский просп., 2/4;55.728776;37.608661;osm-55.72878-37.60866;2024-07-08
Ciao;ул. Кожевническая, 18;55.728817;37.647904;osm-55.72882-37.64790;2025-10-18
Finch;ул. Большая Серпуховская, 5;55.728844;37.625733;osm-55.72884-37.62573;2026-03-01
Тамада Культур-мультур;ул. Большая Пироговская, 37-43 кА;55.728849;37.564642;osm-55.72885-37.56464;2026-05-25
Молли Гвинн'з;ул. Коровий Вал, 11;55.728898;37.617578;osm-55.72890-37.61758;2025-10-25
Bearsach;ул. Кожевническая, 14 к1;55.728933;37.647073;osm-55.72893-37.64707;2025-10-18
Com;ул. Коровий Вал, 11;55.728946;37.617916;osm-55.72895-37.61792;2025-10-25
Bodro coffee;Ленинский просп., 2А;55.728972;37.611458;osm-55.72897-37.61146;2026-09-20
Boston;ул. Летниковская, 5;55.729000;37.644576;osm-55.72900-37.64458;2024-11-11
Bodrum;ул. Кожевническая, 14 к1;55.729000;37.647073;osm-55.72900-37.64707;2025-10-18
Бистро-Донер;Электроугли, ул. Центральная, 114А;55.729048;38.203858;osm-55.72905-38.20386;2026-05-27
Чаме-Чаме;Рязанский просп., 2/1 к2;55.729063;37.739649;osm-55.72906-37.73965;2026-01-18
Rockets;ул. Валовая, 35;55.729079;37.626802;osm-55.72908-37.62680;2026-09-10
Муссон;ул. Коровий Вал, 3 с1;55.729118;37.620411;osm-55.72912-37.62041;2026-06-27
Syncopa;Волгоградский просп., 16;55.729125;37.675209;osm-55.72913-37.67521;2026-05-21
Dомино Пицца;ул. Талалихина, 37;55.729125;37.680559;osm-55.72913-37.68056;2025-11-30
ФемиЛим;Волгоградский просп., 17 с1;55.729146;37.680064;osm-55.72915-37.68006;2025-11-30
Мясо & Рыба;ул. Малая Пироговская, 13;55.729194;37.569771;osm-55.72919-37.56977;2026-09-25
Жаровня;ул. Крымский Вал, 9;55.729280;37.599320;osm-55.72928-37.59932;2025-10-25
Шаурмагия;Рязанский просп., 37;55.729308;37.753828;osm-55.72931-37.75383;2026-04-12
Трапезная;Звенигород, Ратехинское ш., 8Д;55.729321;36.814964;osm-55.72932-36.81496;2024-09-15
Starlite Diner;ул. Коровий Вал, 9А;55.729344;37.616259;osm-55.72934-37.61626;2026-06-27
Space by Cosmos;ул. Кожевническая, 8 с3;55.729371;37.643913;osm-55.72937-37.64391;2026-05-30
Жаровня;ул. Крымский Вал, 9;55.729397;37.599160;osm-55.72940-37.59916;2025-10-25
Starlite Diner;ул. Коровий Вал, 9А;55.729405;37.616485;osm-55.72940-37.61648;2026-06-27
Братец Кролик;Звенигород, ул. Василия Фабричнова, 5 с4;55.729417;36.856850;osm-55.72942-36.85685;2026-10-01
Трапезная;Звенигород, Ратехинское ш., 8Д;55.729432;36.815114;osm-55.72943-36.81511;2024-09-15
Upside Down Cake;Павелецкая пл., 2 с3;55.729466;37.636370;osm-55.72947-37.63637;2026-01-11
Asia Mix;Звенигород, ул. Василия Фабричнова, 5 с2;55.729484;36.856335;osm-55.72948-36.85634;2023-11-18
Хот-доги и кофе;Павелецкая пл., 1A c2;55.729576;37.640814;osm-55.72958-37.64081;2026-01-12
12 ярдов;ул. Братьев Фонченко, 10 к1;55.729628;37.511751;osm-55.72963-37.51175;2026-05-13
Scrochiarella;Звенигород, ул. Московская, 18А;55.729706;36.857497;osm-55.72971-36.85750;2024-06-21
Луковка;Звенигород, ул. Московская, 18А;55.729718;36.857372;osm-55.72972-36.85737;2023-11-18
Sporco;ул. Зацепа, 26 с1;55.729733;37.632020;osm-55.72973-37.63202;2024-04-26
Пит-Стоп;Павелецкая пл., 1А;55.729732;37.639329;osm-55.72973-37.63933;2026-01-12
One&Double;Павелецкая пл., 1А;55.729735;37.639385;osm-55.72973-37.63938;2026-01-12
One&Double;Павелецкая пл., 1A c2;55.729748;37.640268;osm-55.72975-37.64027;2026-01-12
Ёрш;Звенигород, ул. Московская, 18;55.729791;36.856764;osm-55.72979-36.85676;2023-11-18
Пончик и чай;Звенигород, ул. Московская, 18;55.729801;36.856628;osm-55.72980-36.85663;2023-11-18
Zio Vini;ул. Малая Пироговская, 8;55.729820;37.570901;osm-55.72982-37.57090;2025-07-21
Каравай;Павелецкая пл., 1А;55.729818;37.638639;osm-55.72982-37.63864;2026-01-12
Ракета;Павелецкая пл., 1А;55.729852;37.639726;osm-55.72985-37.63973;2026-01-12
PizzaSushiWok;Звенигород, ул. Ленина, 16;55.729856;36.855657;osm-55.72986-36.85566;2024-06-21
City Doner;Павелецкая пл., 1А;55.729879;37.640161;osm-55.72988-37.64016;2026-01-12
Вятский край;Звенигород, ул. Московская, 29;55.729916;36.858181;osm-55.72992-36.85818;2026-10-01
Универ;ул. Кожевническая, 7 с1;55.729927;37.645181;osm-55.72993-37.64518;2025-10-18
Здесь был Чехов;Звенигород, ул. Московская, 27;55.729947;36.857424;osm-55.72995-36.85742;2026-10-01
The Гарден;ул. Кожевническая, 4;55.729975;37.642752;osm-55.72998-37.64275;2025-10-18
Хищник;Павелецкая пл., 2 с2;55.729993;37.636053;osm-55.72999-37.63605;2024-06-30
Wursthaus;ул. Крымский Вал, 9 с64;55.730049;37.599606;osm-55.73005-37.59961;2025-10-25
Cazaban;Серпуховская пл., 36/71 с1;55.730075;37.624119;osm-55.73007-37.62412;2026-09-25
Coffee Combo;Рязанский просп., 2 к3;55.730084;37.734445;osm-55.73008-37.73445;2026-01-18
Молния;ул. Кожевническая, 5;55.730091;37.644629;osm-55.73009-37.64463;2025-10-18
Pitcher;ул. Пятницкая, 82/34 с1;55.730103;37.625287;osm-55.73010-37.62529;2026-01-11
BOSS;Звенигород, ул. Московская, 17;55.730132;36.855919;osm-55.73013-36.85592;2025-02-24
Жучки-паучки;ул. Крутицкий Вал, 3 к2;55.730135;37.667225;osm-55.73013-37.66723;2026-02-08
Шубу Ем;Рязанский просп., 2 к3;55.730128;37.734668;osm-55.73013-37.73467;2026-01-18
Ателье;Звенигород, ул. Московская, 12А;55.730137;36.853292;osm-55.73014-36.85329;2023-11-18
Everest Mansion;ул. Житная, 4;55.730155;37.622281;osm-55.73016-37.62228;2026-06-19
Take and Wake;Звенигород, ул. Московская, 15;55.730183;36.855768;osm-55.73018-36.85577;2023-11-18
Рамен Клаб;ул. Пятницкая, 82/34 с1;55.730178;37.625359;osm-55.73018-37.62536;2026-07-03
Hookeh Самса;ул. Кожевническая, 5;55.730175;37.643941;osm-55.73018-37.64394;2025-10-18
Тоже паб;ул. Валовая, 11-19 с1;55.730200;37.631415;osm-55.73020-37.63141;2025-10-25
Støy;ул. Валовая, 30;55.730245;37.626646;osm-55.73024-37.62665;2026-01-11
Игристый;ул. Пятницкая, 82/34 с1;55.730255;37.625395;osm-55.73025-37.62539;2026-01-11
Дом;Звенигород, ул. Московская, 10;55.730274;36.852585;osm-55.73027-36.85258;2026-10-01
Сенполия;ул. Житная, 10;55.730266;37.618505;osm-55.73027-37.61850;2023-11-17
Jawsspot;ул. Валовая, 28;55.730269;37.626822;osm-55.73027-37.62682;2026-01-11
Белый лист;ул. Валовая, 32/75 с2;55.730281;37.626295;osm-55.73028-37.62629;2026-01-11
Баловень;ул. Валовая, 11-19 с5;55.730296;37.632558;osm-55.73030-37.63256;2026-03-01
La Scarpetta;Оболенский пер., 9 к1;55.730317;37.579210;osm-55.73032-37.57921;2026-08-13
Небылицы;ул. Валовая, 32/75 с2;55.730348;37.626379;osm-55.73035-37.62638;2026-06-19
По Чесноку;ул. Кожевническая, 7 с1;55.730385;37.645213;osm-55.73038-37.64521;2025-10-18
Довлатов;ул. Валовая, 3 с1;55.730390;37.633489;osm-55.73039-37.63349;2025-10-25
Romano;ул. Валовая, 26;55.730398;37.627879;osm-55.73040-37.62788;2026-01-11
Зацепин;ул. Кожевническая, 3 с1;55.730404;37.643039;osm-55.73040-37.64304;2025-10-18
Colin McDaniel;ул. Валовая, 3 с1;55.730408;37.633675;osm-55.73041-37.63367;2025-10-12
Гудман;Павелецкая пл., 2 с1;55.730448;37.634259;osm-55.73045-37.63426;2025-10-25
4Brewers;ул. Большая Полянка, 65/74 с3;55.730512;37.623177;osm-55.73051-37.62318;2024-12-14
Ача-Чача;ул. Пятницкая, 82/34 с2;55.730519;37.625544;osm-55.73052-37.62554;2026-01-11
Старый город;Звенигород, ул. Московская, 7/9;55.730525;36.852642;osm-55.73053-36.85264;2026-10-01
Главпельмень;Звенигород, ул. Московская, 7/9;55.730620;36.852601;osm-55.73062-36.85260;2026-03-05
Пей да гуляй;ул. Пятницкая, 73;55.730631;37.625991;osm-55.73063-37.62599;2024-10-17
Шашлык-хаус;Звенигород, ул. Московская, 5;55.730703;36.852036;osm-55.73070-36.85204;2026-03-05
Белый Журавль;Фрунзенская наб., 14;55.730716;37.593122;osm-55.73072-37.59312;2025-02-17
Тэсти;Шлюзовая наб., 4 с2;55.730760;37.644998;osm-55.73076-37.64500;2025-10-18
Тот еще Гусь;ул. Валовая, 26;55.730792;37.628700;osm-55.73079-37.62870;2026-01-11
Чайхана;3-й Крутицкий пер., 13;55.730834;37.663953;osm-55.73083-37.66395;2025-12-16
Milk&Beans;ул. Усачёва, 2 с1;55.730841;37.576414;osm-55.73084-37.57641;2025-04-16
Колдуны;ул. Крымский Вал, 6;55.730910;37.610023;osm-55.73091-37.61002;2026-06-19
Now;Шлюзовая наб., 2А;55.730943;37.644146;osm-55.73094-37.64415;2026-01-27
Chicha San Chen;Павелецкая пл., 3;55.731067;37.640001;osm-55.73107-37.64000;2026-01-10
Флориста Бариста;Крымский туп., 12;55.731082;37.609448;osm-55.73108-37.60945;2026-05-02
Ив. Дурдинъ;Волгоградский просп., 4А;55.731093;37.670945;osm-55.73109-37.67095;2025-11-30
Rosso Riva;Шлюзовая наб., 6 с1;55.731113;37.647517;osm-55.73111-37.64752;2026-04-30
Sue;ул. Валовая, 2-4/44 с1;55.731115;37.634763;osm-55.73112-37.63476;2026-01-11
Торро Гриль;3-й Крутицкий пер., 11;55.731125;37.666716;osm-55.73112-37.66672;2025-12-16
Хот-дог Бульдог;ул. Крымский Вал, 8/25;55.731144;37.609251;osm-55.73114-37.60925;2026-09-25
Среда;Павелецкая пл., 3;55.731140;37.639016;osm-55.73114-37.63902;2026-01-10
Тополино.Rus;ул. Крымский Вал, 8/25;55.731203;37.609075;osm-55.73120-37.60907;2026-05-02
Буркина фасоль;ул. Большая Якиманка, 56;55.731202;37.611689;osm-55.73120-37.61169;2026-01-14
Мосгоркофе;ул. Кунцевская, 10;55.731225;37.412947;osm-55.73123-37.41295;2026-07-03
Экспресс Пицца;ул. Кунцевская, 10;55.731226;37.413206;osm-55.73123-37.41321;2026-07-03
Babacha;Комсомольский просп., 7 с2;55.731339;37.591745;osm-55.73134-37.59175;2026-03-22
Сыроварня;ул. Крымский Вал, 9 с1;55.731347;37.604786;osm-55.73135-37.60479;2025-10-25
coffee first;ул. Крымский Вал, 8/25;55.731364;37.608700;osm-55.73136-37.60870;2026-05-02
Дон Кюфта;Комсомольский просп., 7 с2;55.731455;37.591994;osm-55.73145-37.59199;2026-01-20
Котелок;ул. Новокузнецкая, 42 с5;55.731448;37.634765;osm-55.73145-37.63477;2026-06-19
Привет;ул. Пятницкая, 71/5 с2;55.731468;37.627611;osm-55.73147-37.62761;2024-10-18
Lambic Brasserie;ул. Пятницкая, 74 с3;55.731555;37.624365;osm-55.73156-37.62436;2026-03-31
Хлебница;Волгоградский просп., 3/5;55.731650;37.672678;osm-55.73165-37.67268;2025-11-30
Айва;Павелецкая пл., 1;55.731733;37.640736;osm-55.73173-37.64074;2025-10-18
Жемчужина;Рязанский просп., 7Д;55.731729;37.739019;osm-55.73173-37.73902;2026-04-12
Дача;Звенигород, ул. Пролетарская, 19/6;55.731827;36.852913;osm-55.73183-36.85291;2026-03-05
Pancho Villa;ул. Большая Якиманка, 52;55.731840;37.611692;osm-55.73184-37.61169;2024-10-23
Pinzeria by Bontempi;Шлюзовая наб., 4;55.731847;37.644380;osm-55.73185-37.64438;2026-04-30
Мука;Звенигород, ул. Чехова, 6;55.731880;36.852484;osm-55.73188-36.85248;2026-03-05
Eggsellent;Несвижский пер., 2;55.731967;37.587785;osm-55.73197-37.58778;2024-01-29
Свадебное кафе;пл. Победы, 3А;55.731978;37.502298;osm-55.73198-37.50230;2024-07-03
Divas;Большой Саввинский пер., 12 с10Г;55.731997;37.561186;osm-55.73200-37.56119;2023-10-09
Марья Моревна;Звенигород, ул. Пролетарская, 19/6;55.732026;36.853048;osm-55.73203-36.85305;2026-10-01
Мяо Какао;Рязанский просп., 3Б;55.732026;37.731458;osm-55.73203-37.73146;2026-04-12
Peach;Большой Саввинский пер., 12 с10Г;55.732072;37.561161;osm-55.73207-37.56116;2023-10-09
Дастархан;Комсомольский просп., 5/2;55.732092;37.592677;osm-55.73209-37.59268;2026-03-22
NGS;Рязанский просп., 3Б;55.732146;37.731383;osm-55.73215-37.73138;2026-04-12
Место огонь;ул. Новокузнецкая, 39;55.732159;37.635708;osm-55.73216-37.63571;2024-04-26
Обломов;1-й Монетчиковский пер., 5;55.732174;37.628256;osm-55.73217-37.62826;2024-11-13
Пловный аул;ул. Новокузнецкая, 39;55.732179;37.635785;osm-55.73218-37.63578;2024-04-26
ВкусВилл кафе;Волгоградский просп., 1с1;55.732231;37.671672;osm-55.73223-37.67167;2025-11-30
Горбуфет Шашлычная;ул. Новокузнецкая, 39;55.732303;37.635394;osm-55.73230-37.63539;2026-06-24
Umami Ramen Bistro;Космодамианская наб., 52 с3;55.732331;37.645300;osm-55.73233-37.64530;2026-04-30
ProХинкали;ул. Новокузнецкая, 39;55.732353;37.635359;osm-55.73235-37.63536;2025-11-01
Клёвый;Новоивановское, ул. Заречная, с26;55.732363;37.340927;osm-55.73236-37.34093;2024-02-26
Nebar;ул. Пятницкая, 66 с2;55.732435;37.626834;osm-55.73244-37.62683;2026-03-09
Клевый;Новоивановское, ул. Заречная, с26;55.732473;37.340785;osm-55.73247-37.34078;2026-09-03
Nodo;ул. Талалихина, 31А/2;55.732501;37.679942;osm-55.73250-37.67994;2025-11-30
Сила Кофе;ул. Зацепский Вал, 5;55.732516;37.640809;osm-55.73252-37.64081;2025-10-18
XVII;ул. Льва Толстого, 10 с2;55.732542;37.589284;osm-55.73254-37.58928;2026-06-22
Б. 28;ул. Бахрушина, 28;55.732647;37.636811;osm-55.73265-37.63681;2025-01-18
Белая Ворона;Звенигород, ул. Чехова, 12;55.732671;36.852012;osm-55.73267-36.85201;2026-03-05
Ордо;ул. Большая Ордынка, 62 с1;55.732669;37.623936;osm-55.73267-37.62394;2026-01-11
Клевый;Новоивановское, ул. Заречная, с26;55.732681;37.340757;osm-55.73268-37.34076;2026-09-03
Эль Гаучо;ул. Зацепский Вал, 6;55.732769;37.639326;osm-55.73277-37.63933;2025-11-01
Кофе для души;ул. Большая Ордынка, 62 с1;55.732831;37.624052;osm-55.73283-37.62405;2026-01-11
Тирольские пироги;ул. Воронцовская, 48;55.732864;37.663948;osm-55.73286-37.66395;2025-09-22
Soho Rooms;Большой Саввинский пер., 12 с8;55.732990;37.562084;osm-55.73299-37.56208;2023-11-19
24tort.ru;ул. Воронцовская, 46;55.733050;37.663277;osm-55.73305-37.66328;2025-12-22
Донер кебаб;ул. Зацепский Вал, 4 с2;55.733081;37.640096;osm-55.73308-37.64010;2026-01-11
Акапелла;Космодамианская наб., 52;55.733105;37.644438;osm-55.73311-37.64444;2026-04-30
Мадиани;ул. Нижегородская, 70 к2 с2;55.733313;37.710093;osm-55.73331-37.71009;2025-11-04
Cosmic Latte;Якиманский пер., 6;55.733325;37.609963;osm-55.73333-37.60996;2026-05-03
Мацони;ул. Новокузнецкая, 33 с1;55.733356;37.634461;osm-55.73336-37.63446;2025-11-01
City Space Bar;Космодамианская наб., 52/6;55.733427;37.643848;osm-55.73343-37.64385;2024-07-19
Moments;ул. Татарская, 7 с1;55.733472;37.638893;osm-55.73347-37.63889;2025-11-02
Пилзнер;Озерковская наб., 56;55.733492;37.641140;osm-55.73349-37.64114;2026-01-11
Мангал;Новоивановское, ул. Советская, 45А;55.733614;37.347293;osm-55.73361-37.34729;2026-09-03
Восточные вечера;ул. Нижегородская, 52 c3;55.733700;37.703474;osm-55.73370-37.70347;2024-04-02
Мангал;Новоивановское, ул. Советская, 45А;55.733731;37.347266;osm-55.73373-37.34727;2026-09-03
Восточные вечера;ул. Нижегородская, 52 c3;55.733803;37.703498;osm-55.73380-37.70350;2024-04-02
Poke house;ул. Тимура Фрунзе, 11 к2;55.733819;37.589913;osm-55.73382-37.58991;2026-03-22
Franch Bakery;Перовское ш., 2 к1;55.733870;37.738777;osm-55.73387-37.73878;2025-07-21
Nicepricecafe;ул. Пятницкая, 54 с2;55.733880;37.627420;osm-55.73388-37.62742;2025-06-08
Пражка;ул. Воронцовская, 35Б к1;55.734021;37.663043;osm-55.73402-37.66304;2025-09-22
Трын-Трава;ул. Молодогвардейская, 28 к1;55.734082;37.417628;osm-55.73408-37.41763;2026-07-11
Lovemark;ул. Льва Толстого, 16;55.734144;37.587089;osm-55.73414-37.58709;2024-05-19
Сесто Сенсо;Новоспасский пер., 3 к1;55.734231;37.656922;osm-55.73423-37.65692;2025-10-15
J'pan;ул. Льва Толстого, 16;55.734236;37.589193;osm-55.73424-37.58919;2025-11-22
Sapiens;ул. Льва Толстого, 16;55.734301;37.589095;osm-55.73430-37.58910;2026-03-22
Старина Мюллер;ул. Воронцовская, 35Б к1;55.734322;37.662614;osm-55.73432-37.66261;2025-09-22
Верона;ул. Воронцовская, 36 с1;55.734377;37.661678;osm-55.73438-37.66168;2025-09-22
Чайхана Ташкент Сити;ул. Минская, 6;55.734555;37.488381;osm-55.73456-37.48838;2024-03-14
Эспрессоварня;ул. Татарская, 5 с1;55.734575;37.638198;osm-55.73457-37.63820;2025-11-01
Хинкальная;Фрунзенская наб., 2/1;55.734668;37.595528;osm-55.73467-37.59553;2025-10-25
Синекопа;ул. Марксистская, 34 к8;55.734717;37.665210;osm-55.73472-37.66521;2025-11-06
Due Forni;Большой Саввинский пер., 11 c1;55.734809;37.568305;osm-55.73481-37.56831;2024-03-23
Paulaner Wirtshaus;1-й Казачий пер., 13;55.734833;37.619713;osm-55.73483-37.61971;2026-01-11
Гогиели;ул. Марксистская, 9;55.734842;37.668048;osm-55.73484-37.66805;2025-09-20
Братья Караваевы;ул. Нижегородская, 27Б;55.734921;37.707244;osm-55.73492-37.70724;2025-11-04
Barmalini;ул. Садовническая, 79;55.734991;37.642792;osm-55.73499-37.64279;2025-09-28
Эль Асадор;ул. Большая Ордынка, 45 с3;55.734998;37.624597;osm-55.73500-37.62460;2026-01-11
МагБургер;ул. Нижегородская, 27Б;55.735002;37.707338;osm-55.73500-37.70734;2025-11-04
На Казачьем;1-й Казачий пер., 4;55.735072;37.623453;osm-55.73507-37.62345;2026-01-11
Чайная у скита;Звенигород, Ратехинское ш., вл8 с19;55.735077;36.811160;osm-55.73508-36.81116;2024-06-22
Fiorentini;ул. Льва Толстого, 20;55.735079;37.585000;osm-55.73508-37.58500;2025-05-01
Pipes Studio;Бережковская наб., 20 с69;55.735132;37.551224;osm-55.73513-37.55122;2026-01-07
Оджахури;ул. Большая Якиманка, 32 с1;55.735205;37.612835;osm-55.73521-37.61283;2025-02-23
Camera Obscura;ул. Садовническая, 82 с2;55.735226;37.642437;osm-55.73523-37.64244;2026-09-15
Pho City;ул. Большая Якиманка, 31;55.735414;37.613858;osm-55.73541-37.61386;2025-07-21
Paul;ул. Садовническая, 82 с2;55.735429;37.642572;osm-55.73543-37.64257;2024-09-04
Inspiro Neurobistro;ул. Льва Толстого, 20;55.735482;37.584774;osm-55.73548-37.58477;2026-09-25
Раковая на Таганке;Краснохолмская наб., 1 с3;55.735580;37.649884;osm-55.73558-37.64988;2026-06-28
S-cafe;ул. Бахрушина, 12 с2;55.735616;37.634843;osm-55.73562-37.63484;2024-10-18
Алло Пицца;ул. Василисы Кожиной, 13;55.735642;37.498855;osm-55.73564-37.49885;2023-11-18
Нитка;ул. Большая Ордынка, 46 с3;55.735640;37.624091;osm-55.73564-37.62409;2023-10-10
Академия;ул. Абельмановская, 6;55.735670;37.669895;osm-55.73567-37.66989;2026-01-08
Biwon;ул. Погодинская, 2;55.735678;37.572628;osm-55.73568-37.57263;2024-02-25
Суло;ул. Большие Каменщики, 21/8;55.735681;37.657888;osm-55.73568-37.65789;2025-08-20
Привет;ул. Тимура Фрунзе, 22;55.735687;37.588356;osm-55.73569-37.58836;2024-10-18
1812;ул. 1812 Года, 2 к2;55.735709;37.524508;osm-55.73571-37.52451;2025-04-16
I Like Wine 2.0;ул. Тимура Фрунзе, 11 с10 фл8;55.735844;37.586737;osm-55.73584-37.58674;2026-03-22
Одна тонна;Звенигород, ул. Советская, 2/40;55.735862;36.856199;osm-55.73586-36.85620;2023-10-25
Хинкальная 53;ул. Остоженка, 53/2 с10;55.735890;37.595250;osm-55.73589-37.59525;2025-10-25
Хурма;ул. Кастанаевская, 38;55.735902;37.479967;osm-55.73590-37.47997;2024-02-25
13°;ул. Василисы Кожиной, 13;55.735930;37.498743;osm-55.73593-37.49874;2026-07-13
La Vie Café;ул. Воронцовская, 25 с1;55.735932;37.660515;osm-55.73593-37.66051;2025-09-22
rockets. concept store;ул. Садовническая, 73 с1;55.735940;37.642352;osm-55.73594-37.64235;2026-09-10
Бистро;ул. Остоженка, 53/2 с10;55.736002;37.595230;osm-55.73600-37.59523;2025-10-25
Costo do Cafe;ул. Марксистская, 34 к7;55.736018;37.663834;osm-55.73602-37.66383;2025-10-06
Mendia;ул. Василисы Кожиной, 13;55.736033;37.501148;osm-55.73603-37.50115;2026-03-11
Местные;ул. Василисы Кожиной, 13;55.736115;37.499483;osm-55.73611-37.49948;2024-07-05
Бутчер;Садовническая наб., 75;55.736151;37.640764;osm-55.73615-37.64076;2026-02-14
Oriental Tea;ул. Абельмановская, 7;55.736187;37.671705;osm-55.73619-37.67171;2025-10-06
Oltremare;Саввинская наб., 11;55.736225;37.568117;osm-55.73622-37.56812;2024-02-25
Bodro Coffee;ул. Поклонная, 3 к4;55.736314;37.531629;osm-55.73631-37.53163;2026-09-25
Pro.Хинкали;Зубовский бул., 17 с1;55.736314;37.590686;osm-55.73631-37.59069;2026-09-27
Duckstarsbar;ул. Абельмановская, 4А;55.736342;37.670616;osm-55.73634-37.67062;2026-01-08
Сикварули;ул. Василисы Кожиной, 13;55.736345;37.500144;osm-55.73635-37.50014;2023-11-25
Котеешная № 1;ул. Новокузнецкая, 20/21-19 с5;55.736367;37.631497;osm-55.73637-37.63150;2024-07-11
Sansa;Пречистенская наб., 5;55.736415;37.600679;osm-55.73642-37.60068;2024-09-12
Ne за Gorami;ул. Марксистская, 7;55.736419;37.665469;osm-55.73642-37.66547;2025-11-22
Русский АвангъАрдъ;ул. Марксистская, 34 с6;55.736442;37.663127;osm-55.73644-37.66313;2025-10-02
Daniell'o Pizza;ул. Смирновская, 19;55.736511;37.710426;osm-55.73651-37.71043;2026-08-16
Птичка;ул. Марксистская, 24 с2;55.736525;37.662983;osm-55.73653-37.66298;2025-10-11
Кофе & Моlоkо;ул. 1812 Года, 2;55.736573;37.524439;osm-55.73657-37.52444;2024-05-14
Рамен-Клаб;Садовническая наб., 75;55.736579;37.640503;osm-55.73658-37.64050;2026-02-14
InOut;ул. Зубовская, 7;55.736592;37.583354;osm-55.73659-37.58335;2026-01-14
The little door;Пречистенская наб., 7;55.736606;37.600961;osm-55.73661-37.60096;2024-08-29
Хлебница;ул. Большая Полянка, 28;55.736664;37.618750;osm-55.73666-37.61875;2026-01-11
Dark Side;ул. Нижегородская, 32 с5;55.736694;37.694534;osm-55.73669-37.69453;2025-11-04
Remy Kitchen Bakery;Пречистенская наб., 7;55.736724;37.601371;osm-55.73672-37.60137;2025-10-12
Буф а39;Зубовский бул., 2 с5;55.736785;37.594433;osm-55.73678-37.59443;2026-01-04
Югата;Звенигород, ул. Пролетарская, 49;55.736825;36.856555;osm-55.73683-36.85656;2023-10-25
Brasserie Lambic;Турчанинов пер., 3 с5;55.736843;37.595800;osm-55.73684-37.59580;2026-07-16
Киото;Звенигород, ул. Пролетарская, 49;55.736903;36.856695;osm-55.73690-36.85670;2024-01-31
Скандинавия;ул. Воронцовская, 21 с1;55.736906;37.659246;osm-55.73691-37.65925;2025-09-22
Мадлиани;ул. Талалихина, 6 с1;55.736908;37.675844;osm-55.73691-37.67584;2025-11-30
Хинкали хачапури;ул. Воронцовская, 21 с1;55.737023;37.659104;osm-55.73702-37.65910;2025-09-22
Pioner’s;ул. Нижегородская, 32 с3;55.737080;37.689973;osm-55.73708-37.68997;2025-11-04
Ла Лара;ул. Воронцовская, 22;55.737114;37.658360;osm-55.73711-37.65836;2025-08-20
Ёж и устрица;Гончарная наб., 9/16 с2;55.737119;37.649427;osm-55.73712-37.64943;2025-10-01
Le carré;ул. Садовническая, 69;55.737132;37.642310;osm-55.73713-37.64231;2025-09-28
Чайхана;ул. Нижегородская, 32 с6;55.737133;37.689410;osm-55.73713-37.68941;2026-06-28
Хуго;Садовническая наб., 80;55.737139;37.640178;osm-55.73714-37.64018;2026-02-14
WineState;Хилков пер., 1А;55.737183;37.600369;osm-55.73718-37.60037;2024-09-12
Мерани;Бродников пер., 10 с3;55.737229;37.616468;osm-55.73723-37.61647;2025-01-27
Князь Багратион;ул. Плющиха, 58 с1А;55.737254;37.575206;osm-55.73725-37.57521;2025-12-12
Пуримания;ул. Народная, 14 с1;55.737290;37.649810;osm-55.73729-37.64981;2025-10-01
Terrapieno;Садовническая наб., 80;55.737296;37.640056;osm-55.73730-37.64006;2026-02-14
Так сказала моя мама;ул. Садовническая, 82;55.737318;37.640766;osm-55.73732-37.64077;2025-09-28
Шеф Kebab;ул. Народная, 16/9;55.737321;37.649228;osm-55.73732-37.64923;2025-10-01
Finch;ул. Зубовская, 5/36;55.737333;37.584831;osm-55.73733-37.58483;2026-03-22
Большая столовая;ул. Большая Татарская, 35 с2;55.737343;37.635400;osm-55.73734-37.63540;2025-11-01
Babo’s;ул. Народная, 16/9;55.737346;37.649025;osm-55.73735-37.64903;2025-10-01
Аэроплан;Садовническая наб., 80;55.737365;37.640032;osm-55.73736-37.64003;2026-02-14
Ra'men;ул. Пятницкая, 45;55.737390;37.628348;osm-55.73739-37.62835;2023-12-26
1715;ул. Юности, 2 с18;55.737398;37.811560;osm-55.73740-37.81156;2025-01-26
Clever;ул. Зубовская, 5/36;55.737406;37.584616;osm-55.73741-37.58462;2026-03-22
аё;ул. Народная, 16/9;55.737425;37.648709;osm-55.73743-37.64871;2025-10-01
Шербет;ул. Новокузнецкая, 13 с1;55.737464;37.631527;osm-55.73746-37.63153;2025-11-01
Monteview;ул. Большие Каменщики, 9 сС;55.737464;37.655420;osm-55.73746-37.65542;2025-08-20
ОКофе;Бережковская наб., 14;55.737473;37.563920;osm-55.73747-37.56392;2024-02-25
аё;ул. Народная, 16/9;55.737483;37.648733;osm-55.73748-37.64873;2025-10-01
Иван-Чайное купе;Садовническая наб., 80;55.737491;37.639961;osm-55.73749-37.63996;2026-02-14
Сушисет;ул. Большие Каменщики, 4;55.737501;37.653931;osm-55.73750-37.65393;2025-12-02
6 a.m.;ул. Садовническая, 80;55.737507;37.641334;osm-55.73751-37.64133;2025-09-28
Сиёма;ул. Подъёмная, 1;55.737594;37.704477;osm-55.73759-37.70448;2026-08-16
Reina;ул. Зубовская, 5/36;55.737611;37.584435;osm-55.73761-37.58443;2026-05-19
Ганс и Марта;ул. Салтыковская, 15Г;55.737639;37.867296;osm-55.73764-37.86730;2024-07-19
Шаурмагия;ул. Малая Калитниковская, 1;55.737666;37.675683;osm-55.73767-37.67568;2025-11-04
Ska vi Fika?;ул. Большая Татарская, 35 с3;55.737709;37.635192;osm-55.73771-37.63519;2025-01-10
Campus;Пречистенская наб., 11 с1;55.737750;37.603598;osm-55.73775-37.60360;2024-10-09
Поле;Зубовская пл., 3 с2;55.737760;37.584934;osm-55.73776-37.58493;2025-04-16
ЛавКрафт;пл. Победы, 2 к1;55.737766;37.520287;osm-55.73777-37.52029;2025-10-21
Will taste;ул. Садовническая, 80;55.737779;37.641602;osm-55.73778-37.64160;2026-01-16
Рихтер;ул. Пятницкая, 42;55.737857;37.627749;osm-55.73786-37.62775;2026-01-22
Заросли;ул. Садовническая, 80;55.737900;37.641552;osm-55.73790-37.64155;2025-11-19
Terrine;Зубовский бул., 4;55.737942;37.589194;osm-55.73794-37.58919;2023-10-28
Академия;Бутиковский пер., 7;55.737935;37.601906;osm-55.73794-37.60191;2024-10-09
Pizza Heart;ул. Новокузнецкая, 13 с1;55.737940;37.631188;osm-55.73794-37.63119;2025-11-01
Teboil;Марусино, ул. Керамическая, с3 в5;55.737936;37.967823;osm-55.73794-37.96782;2024-08-23
Маргарита любит Пеперони;ул. Большая Якиманка, 17/2 с1;55.737945;37.615790;osm-55.73795-37.61579;2026-01-14
Абрамовъ;ул. Большая Полянка, 27;55.737947;37.618837;osm-55.73795-37.61884;2026-01-11
Атмосфера;ул. Василисы Кожиной, 1 к1;55.737962;37.505948;osm-55.73796-37.50595;2024-02-21
Волга;пл. Победы, 2 к1;55.737964;37.522042;osm-55.73796-37.52204;2026-09-20
Teboil;Марусино, ул. Керамическая, с3 в5;55.737968;37.967838;osm-55.73797-37.96784;2024-08-23
Lea;ул. Зубовская, 3 с1;55.737982;37.585583;osm-55.73798-37.58558;2025-04-16
Old grinder;Кропоткинский пер., 9;55.737979;37.592989;osm-55.73798-37.59299;2024-05-25
Специя;Зубовский бул., 37 с1;55.737988;37.586460;osm-55.73799-37.58646;2025-10-25
Ленивый Кофе;ул. Талалихина, 2/1 к1;55.737985;37.673020;osm-55.73799-37.67302;2025-10-06
Park Baku;Бережковская наб., 12;55.737999;37.564418;osm-55.73800-37.56442;2026-01-14
Булка;ул. Большие Каменщики, 9 сС;55.738001;37.654968;osm-55.73800-37.65497;2025-08-23
Макиндоли;Кутузовский просп., 43;55.738022;37.528137;osm-55.73802-37.52814;2025-04-03
Piazza Italiana;Пречистенская наб., 13 с1;55.738033;37.604018;osm-55.73803-37.60402;2024-10-09
Бакинский бульвар;ул. Неверовского, 15;55.738105;37.513046;osm-55.73810-37.51305;2025-01-13
Вилка;ул. Большие Каменщики, 9 сС;55.738144;37.654861;osm-55.73814-37.65486;2025-08-23
Москвичи;ул. Старый Гай, 7;55.738184;37.829109;osm-55.73818-37.82911;2025-04-17
The Coffee club;ул. Большая Ордынка, 31/12 с1;55.738198;37.624639;osm-55.73820-37.62464;2023-10-09
NicePriceCafe;ул. Нижегородская, 8;55.738241;37.679006;osm-55.73824-37.67901;2026-06-28
Серебряный Век;Померанцев пер., 3;55.738246;37.594637;osm-55.73825-37.59464;2025-10-25
Родник;ул. Талалихина, 2/1 к1;55.738264;37.673245;osm-55.73826-37.67325;2025-10-06
Черёмуха;ул. Большие Каменщики, 9 сИ;55.738355;37.655164;osm-55.73835-37.65516;2025-08-23
Пельменная;ул. Пречистенка, 37 с8;55.738373;37.587929;osm-55.73837-37.58793;2024-05-25
Рыбная мануфактура №1;ул. Плющиха, 53/25 с2;55.738392;37.576287;osm-55.73839-37.57629;2024-06-06
gaufré;ул. Таганская, 40 с2;55.738414;37.666505;osm-55.73841-37.66651;2025-09-19
Подмосковные вечера;Власиха, Рублёво-Успенское ш., 205;55.738416;37.241852;osm-55.73842-37.24185;2023-10-16
planov more;ул. Таганская, 40 с2;55.738421;37.666830;osm-55.73842-37.66683;2025-08-19
Труффальдино;ул. Марксистская, 20 с1;55.738428;37.659829;osm-55.73843-37.65983;2025-09-19
Подмосковные вечера;Власиха, Рублёво-Успенское ш., 205;55.738480;37.241892;osm-55.73848-37.24189;2023-10-16
Grange;Зубовский бул., 22/39;55.738489;37.587412;osm-55.73849-37.58741;2025-12-11
Гамбринус;ул. Марксистская, 20 с1;55.738513;37.659690;osm-55.73851-37.65969;2026-09-18
NiJi;ул. Бурденко, 3;55.738588;37.581360;osm-55.73859-37.58136;2024-07-07
Conversation;ул. Остоженка, 37 с2;55.738595;37.595878;osm-55.73859-37.59588;2025-10-25
Донер Хаус;Кутузовский просп., 36А с1;55.738619;37.525406;osm-55.73862-37.52541;2025-06-10
Joja Coffee;ул. Народная, 9;55.738615;37.651858;osm-55.73862-37.65186;2025-09-19
Roco Bay;Кутузовский просп., 41;55.738656;37.530959;osm-55.73866-37.53096;2024-11-29
Ханой Фуд;ул. Марксистская, 3 с1;55.738663;37.660950;osm-55.73866-37.66095;2025-10-15
Горбуфет Шашлычная;Кутузовский просп., 36А;55.738724;37.526480;osm-55.73872-37.52648;2026-06-24
Руки вверх;ул. Нижегородская, 2 к1;55.738771;37.674307;osm-55.73877-37.67431;2026-06-28
Чакапули;ул. Минская, 14А;55.738808;37.484823;osm-55.73881-37.48482;2026-03-18
GemoPuri;3-й Голутвинский пер., 10 с1;55.738832;37.610568;osm-55.73883-37.61057;2026-01-11
Atlantica;Кутузовский просп., 36А;55.738838;37.526522;osm-55.73884-37.52652;2026-09-20
Пушистая братва;ул. Большая Полянка, 19;55.738836;37.618179;osm-55.73884-37.61818;2026-01-11
Жеральдин;ул. Остоженка, 27 к2;55.739025;37.597419;osm-55.73902-37.59742;2024-09-12
Pho City;ул. Пятницкая, 33-35 с2;55.739064;37.628504;osm-55.73906-37.62850;2026-03-18
Guests in thе city;Пречистенская наб., 15 с2/1;55.739075;37.605565;osm-55.73907-37.60556;2025-01-16
Фу Сян;Кутузовский просп., 36А с1;55.739092;37.526172;osm-55.73909-37.52617;2026-03-05
Linbistro;ул. Остоженка, 27 к1;55.739093;37.596185;osm-55.73909-37.59618;2026-07-25
Кофе Станция;ул. Большие Каменщики, 2;55.739104;37.652721;osm-55.73910-37.65272;2025-09-20
Образ жизни;ул. Пречистенка, 40/2 с2;55.739214;37.587325;osm-55.73921-37.58732;2025-01-09
Sadu;ул. Большая Полянка, 17 с1;55.739210;37.617837;osm-55.73921-37.61784;2026-01-11
Блины;ул. Воронцовская, 8 с1;55.739211;37.655954;osm-55.73921-37.65595;2025-10-12
Mishka Balalaika;ул. Таганская, 38 с1;55.739288;37.666831;osm-55.73929-37.66683;2025-08-19
Eva;1-й пер. Тружеников, 4;55.739339;37.575472;osm-55.73934-37.57547;2024-09-11
Сэр Пуэр;пер. Маяковского, 3;55.739345;37.660410;osm-55.73935-37.66041;2026-03-02
Рич Бро;1-й Голутвинский пер., 3-5 с1;55.739359;37.613605;osm-55.73936-37.61360;2026-01-11
Зачет;ул. Киевская, 18;55.739369;37.548595;osm-55.73937-37.54859;2025-10-12
Baba Napoli;ул. 2-я Филёвская, 13;55.739391;37.490071;osm-55.73939-37.49007;2023-10-29
Коллеги;ул. Воронцовская, 6 с7;55.739396;37.654431;osm-55.73940-37.65443;2026-06-19
Shawarma Bar;ул. Минская, 14А;55.739411;37.483784;osm-55.73941-37.48378;2023-11-14
Shawarma Bar;ул. Минская, 14А;55.739448;37.483748;osm-55.73945-37.48375;2023-11-14
Espressivo;ул. Таганская, 31/22;55.739476;37.670353;osm-55.73948-37.67035;2025-11-12
Pero;ул. Лазо, 7 с3;55.739484;37.772361;osm-55.73948-37.77236;2026-01-14
Хата Суриката;ул. Народная, 4 с1;55.739503;37.651797;osm-55.73950-37.65180;2025-10-01
Шаверма&шашлык;ул. Таганская, 32/1 с1;55.739498;37.664712;osm-55.73950-37.66471;2026-04-21
Coffeebara;ул. Таганская, 32/1 с1;55.739523;37.664901;osm-55.73952-37.66490;2026-04-21
Бистро столовая №1;ул. Таганская, 32/1 с1;55.739530;37.664809;osm-55.73953-37.66481;2026-04-21
Кампус;Смоленский бул., 3/5 с1А;55.739549;37.584784;osm-55.73955-37.58478;2025-10-25
Издательство пиццы;пер. Маяковского, 2;55.739559;37.659627;osm-55.73956-37.65963;2026-09-15
Мир кулинарии;ул. Таганская, 26 с1;55.739592;37.664308;osm-55.73959-37.66431;2026-05-08
Аруба;ул. Народная, 4 с2;55.739612;37.651874;osm-55.73961-37.65187;2025-10-01
Блэк;Якиманская наб., 2;55.739626;37.611735;osm-55.73963-37.61174;2026-01-11
Мандарин;ул. Таганская, 29 с1;55.739636;37.667424;osm-55.73964-37.66742;2025-11-13
Kukushka;ул. Таганская, 29;55.739674;37.668076;osm-55.73967-37.66808;2025-11-12
Айва;ул. Таганская, 27;55.739680;37.666822;osm-55.73968-37.66682;2025-11-12
Хинкальная;ул. Таганская, 27;55.739691;37.666739;osm-55.73969-37.66674;2025-11-12
Чайхана;ул. Таганская, 29 с1;55.739738;37.666987;osm-55.73974-37.66699;2025-12-10
Тифлисский дворик;ул. Остоженка, 30 с2;55.739778;37.595628;osm-55.73978-37.59563;2026-07-25
Лицей;ул. Остоженка, 32 с1;55.739796;37.596211;osm-55.73980-37.59621;2026-07-25
Мегрелия;ул. Большие Каменщики, 1;55.739799;37.654060;osm-55.73980-37.65406;2025-08-23
Грядка;ул. Барклая, 6 с9;55.739829;37.508370;osm-55.73983-37.50837;2023-11-06
Romanico;ул. Большая Татарская, 24;55.739863;37.632951;osm-55.73986-37.63295;2025-11-01
Крым;Болотная наб., 3 с1;55.739894;37.610296;osm-55.73989-37.61030;2026-05-02
Порто Романо;Старомонетный пер., 18;55.739892;37.618665;osm-55.73989-37.61867;2026-09-25
Берг-коллегия;ул. Остоженка, 30 с1;55.739896;37.596282;osm-55.73990-37.59628;2026-07-25
Гринери;ул. Таганская, 24 с1;55.739939;37.662042;osm-55.73994-37.66204;2025-08-19
Дядя Осман;Болотная наб., 3 с2;55.739954;37.609263;osm-55.73995-37.60926;2026-05-02
Матрёшка;Болотная наб., 3 с3;55.739973;37.610380;osm-55.73997-37.61038;2026-05-02
Мустафа Кебаб;ул. Большая Татарская, 24;55.739985;37.632863;osm-55.73998-37.63286;2025-11-01
Колбасофф;ул. Таганская, 21;55.739986;37.663875;osm-55.73999-37.66387;2025-11-12
Вильям Басс;ул. Малая Якиманка, 9;55.740011;37.615977;osm-55.74001-37.61598;2026-01-11
Voronin Берег;Берсеневская наб., 6 с1;55.740039;37.609003;osm-55.74004-37.60900;2026-05-02
Here'n'Now;ул. Таганская, 17-23;55.740042;37.663562;osm-55.74004-37.66356;2025-11-12
Гамбринус;ул. Минская, 11 с1А;55.740052;37.481985;osm-55.74005-37.48199;2023-10-15
Saletta coffee;ул. Таганская, 25;55.740063;37.665267;osm-55.74006-37.66527;2025-11-12
Брюзга;ул. Таганская, 24 с1;55.740072;37.661929;osm-55.74007-37.66193;2025-08-19
floo mini;ул. Таганская, 24 с1;55.740119;37.661716;osm-55.74012-37.66172;2025-11-26
Joja;ул. Новокузнецкая, 1 с2;55.740133;37.630018;osm-55.74013-37.63002;2025-11-01
Vina Pho;Болотная наб., 3 с4;55.740154;37.610056;osm-55.74015-37.61006;2026-05-02
Диана;ул. Большая Татарская, 20 с2;55.740146;37.632757;osm-55.74015-37.63276;2025-11-01
Kutuza;Кутузовский просп., 36 с13/14;55.740175;37.526690;osm-55.74018-37.52669;2024-04-17
Uklad;ул. Большая Полянка, 9;55.740191;37.617280;osm-55.74019-37.61728;2026-04-16
The Waiters;Якиманская наб., 4/4 с3;55.740212;37.612396;osm-55.74021-37.61240;2026-06-28
столовая;ул. Минская, 16А;55.740232;37.483966;osm-55.74023-37.48397;2025-06-09
Пивной гонг;ул. Большая Татарская, 20 с2;55.740240;37.632687;osm-55.74024-37.63269;2025-11-01
Кофе&молоко;Кутузовский просп., 35/30;55.740261;37.537263;osm-55.74026-37.53726;2024-05-09
Рыба Мечты;ул. Садовническая, 57 с1;55.740292;37.640951;osm-55.74029-37.64095;2025-09-28
Ушинка;Большой Толмачёвский пер., 3 с2;55.740300;37.621519;osm-55.74030-37.62152;2026-04-10
Underdog;ул. Новокузнецкая, 1 с2;55.740305;37.630369;osm-55.74030-37.63037;2025-11-01
Диана;ул. Большая Татарская, 20 с1;55.740336;37.632610;osm-55.74034-37.63261;2025-11-01
Какао Дом;ул. Таганская, 17;55.740337;37.662835;osm-55.74034-37.66284;2025-10-12
Howard Loves Craft;Болотная наб., 7 с3;55.740348;37.610467;osm-55.74035-37.61047;2026-05-02
Евгенич;ул. Пятницкая, 30 с1;55.740351;37.628237;osm-55.74035-37.62824;2026-06-19
Dictatura Æstetica;Берсеневская наб., 6 с2;55.740360;37.608688;osm-55.74036-37.60869;2026-05-02
Мистер Шаурмович;Берсеневская наб., 6 с4;55.740358;37.609855;osm-55.74036-37.60986;2026-05-02
Cream Soda;Большой Толмачёвский пер., 5 с11;55.740363;37.620750;osm-55.74036-37.62075;2026-04-10
Чайхана Халва;ул. Воронцовская, 2/10 с3;55.740359;37.654739;osm-55.74036-37.65474;2025-09-20
Тропа;Болотная наб., 7 с3;55.740391;37.610333;osm-55.74039-37.61033;2026-05-02
Pho Viet;ул. Большая Татарская, 20 с1;55.740413;37.632553;osm-55.74041-37.63255;2025-11-01
Anycargo;Берсеневская наб., 6 с2;55.740469;37.608899;osm-55.74047-37.60890;2026-05-02
Kefi;Мансуровский пер., 21/12 с4;55.740476;37.593244;osm-55.74048-37.59324;2023-12-17
Арабист;ул. Большая Андроньевская, 23;55.740497;37.671812;osm-55.74050-37.67181;2026-03-13
Монтероссо;ул. Воронцовская, 2/10 с1;55.740535;37.654188;osm-55.74054-37.65419;2025-08-23
Мир какаду;Большой Толмачёвский пер., 4 с1;55.740575;37.623114;osm-55.74057-37.62311;2026-04-15
Вторая Жена;ул. Барклая, 6;55.740602;37.503872;osm-55.74060-37.50387;2023-12-01
Бар24;Берсеневская наб., 6 с3;55.740638;37.608803;osm-55.74064-37.60880;2026-05-02
Бистро Столовая №1;Климентовский пер., 3;55.740659;37.629319;osm-55.74066-37.62932;2025-11-01
Курорт;Климентовский пер., 3;55.740672;37.629052;osm-55.74067-37.62905;2025-11-01
Ускюдар Донер;ул. Пятницкая, 31 с3;55.740699;37.628838;osm-55.74070-37.62884;2026-01-20
Бар Капибар;ул. Таганская, 13 с2;55.740724;37.660466;osm-55.74072-37.66047;2026-07-01
Лампа;Рублёвское ш., 91 к4;55.740794;37.427873;osm-55.74079-37.42787;2025-02-07
YesNoMilk;ул. Таганская, 2;55.740791;37.658365;osm-55.74079-37.65837;2025-11-26
Roma;ул. Барклая, 8;55.740797;37.503628;osm-55.74080-37.50363;2026-05-13
Croissant Atelier;Климентовский пер., 9/1;55.740807;37.626111;osm-55.74081-37.62611;2026-06-24
Кафетериус;Кутузовский просп., 32 к1;55.740823;37.531695;osm-55.74082-37.53169;2025-06-03
Кофеварня;Озерковская наб., 22/24;55.740818;37.637748;osm-55.74082-37.63775;2026-05-25
Пицца-Пи;ул. Воронцовская, 2/10 с1;55.740833;37.654497;osm-55.74083-37.65450;2025-09-22
Beerжевик;ул. Пятницкая, 29;55.740845;37.629057;osm-55.74085-37.62906;2026-06-19
Udon;ул. Пятницкая, 29;55.740860;37.629357;osm-55.74086-37.62936;2025-11-01
Есть хинкали, пить вино;ул. Остоженка, 19 с1;55.740872;37.598275;osm-55.74087-37.59828;2026-07-25
Будвар;Котельническая наб., 33 к1;55.740878;37.647963;osm-55.74088-37.64796;2025-10-23
Бэль Кафе;ул. Барклая, 8;55.740886;37.503845;osm-55.74089-37.50384;2023-12-01
Вилла Паста;ул. Пятницкая, 26;55.740907;37.628343;osm-55.74091-37.62834;2025-12-30
Козловица;ул. Пятницкая, 29;55.740907;37.629123;osm-55.74091-37.62912;2025-11-01
Чайхана;Таганская пл., 88 с2;55.740919;37.652475;osm-55.74092-37.65248;2025-10-21
Coffeshop Company;Лаврушинский пер., 17 с1;55.740938;37.622419;osm-55.74094-37.62242;2025-11-29
Айва - шаурма;ул. Барклая, 9;55.740955;37.499904;osm-55.74095-37.49990;2023-11-26
Osteria Spaghetti;Климентовский пер., 10 с1;55.740947;37.627684;osm-55.74095-37.62768;2026-06-21
Рёберная № 1;Климентовский пер., 10 с2;55.740960;37.627440;osm-55.74096-37.62744;2025-12-30
Urban;Берсеневская наб., 8 с1;55.740980;37.608717;osm-55.74098-37.60872;2026-05-02
Айва;ул. Барклая, 9;55.741000;37.500011;osm-55.74100-37.50001;2023-11-26
Блин бери;Ордынский туп., 4А;55.741033;37.622886;osm-55.74103-37.62289;2025-11-29
Black Angus;ул. Пятницкая, 27 с3А;55.741025;37.628716;osm-55.74103-37.62872;2025-12-30
Undr Bar;Таганская пл., 88 с2;55.741063;37.652586;osm-55.74106-37.65259;2025-10-21
ABC Coffee Roasters;Ордынский туп., 4А;55.741067;37.623431;osm-55.74107-37.62343;2025-11-29
Tutta la Vita;Ордынский туп., 6;55.741075;37.624700;osm-55.74108-37.62470;2025-02-03
XXI;Кутузовский просп., 36 с38;55.741102;37.525524;osm-55.74110-37.52552;2024-03-28
Luma;ул. Пятницкая, 29;55.741156;37.629248;osm-55.74116-37.62925;2025-11-01
Gt.Coffee;ул. Плющиха, 37;55.741174;37.577376;osm-55.74117-37.57738;2024-05-20
Эссе;ул. Пятницкая, 27 с3А;55.741170;37.628909;osm-55.74117-37.62891;2025-11-01
Каслл;Кутузовский просп., 36 с28;55.741202;37.526956;osm-55.74120-37.52696;2026-07-14
Поминальная трапеза;Реутов, ул. Окольная, 4;55.741198;37.891359;osm-55.74120-37.89136;2024-08-14
Cafetera;Кутузовский просп., 32/1;55.741238;37.531950;osm-55.74124-37.53195;2025-07-07
Пронто;ул. Таганская, 3;55.741237;37.658435;osm-55.74124-37.65843;2026-06-13
Сахар;ул. Барклая, 6 с25;55.741259;37.509082;osm-55.74126-37.50908;2023-11-06
Pho Hops;Кутузовский просп., 36 с17;55.741266;37.524138;osm-55.74127-37.52414;2024-12-29
Pho Ngon;Кутузовский просп., 36 с17;55.741290;37.524300;osm-55.74129-37.52430;2024-12-29
Rizz;ул. Пятницкая, 24;55.741292;37.628383;osm-55.74129-37.62838;2025-11-22
Поминальная трапеза;Реутов, ул. Окольная, 4;55.741303;37.891541;osm-55.74130-37.89154;2024-08-14
Грабли;ул. Пятницкая, 25 с1Д;55.741323;37.628726;osm-55.74132-37.62873;2023-11-15
Братец Винчестер;Таганская пл., 86/1 с1;55.741337;37.652792;osm-55.74134-37.65279;2026-07-03
Shaverma house;ул. Таганская, 1/2 с2;55.741353;37.657437;osm-55.74135-37.65744;2025-10-21
Prscco;ул. Пятницкая, 24;55.741362;37.628384;osm-55.74136-37.62838;2025-02-19
Риальто;Большой Факельный пер., 9/11;55.741384;37.664963;osm-55.74138-37.66496;2026-05-13
Coffeeport;Кутузовский просп., 36 с17;55.741389;37.524217;osm-55.74139-37.52422;2024-10-21
Pub no pub;Таганская пл., 86/1 с1;55.741405;37.652841;osm-55.74141-37.65284;2025-10-21
St.Riders;ул. Таганская, 1/2 с2;55.741415;37.657132;osm-55.74142-37.65713;2026-06-13
Parka;ул. Пятницкая, 22;55.741441;37.628386;osm-55.74144-37.62839;2025-05-12
Моряк и чайка;ул. Пятницкая, 25 с1Д;55.741454;37.628733;osm-55.74145-37.62873;2025-02-19
Банзай;Кутузовский просп., 32 к1;55.741464;37.531324;osm-55.74146-37.53132;2025-07-07
Раковарня;ул. Таганская, 1/2 с2;55.741455;37.656921;osm-55.74146-37.65692;2025-10-21
Nove;ул. Большая Татарская, 9;55.741469;37.632701;osm-55.74147-37.63270;2025-10-27
Хинкали & Vino;ул. Таганская, 1 с1;55.741515;37.656608;osm-55.74151-37.65661;2026-06-13
Сок;Лаврушинский пер., 15 с1;55.741524;37.621475;osm-55.74152-37.62147;2025-11-29
Пончиковая;ул. Пятницкая, 22 с1;55.741527;37.628381;osm-55.74153-37.62838;2023-10-15
Smith's;ул. Таганская, 1 с1;55.741537;37.656482;osm-55.74154-37.65648;2026-06-13
Loave;ул. Пятницкая, 22 с1;55.741579;37.628378;osm-55.74158-37.62838;2026-03-18
Бухта;ул. Большая Ордынка, 21/16 с12;55.741621;37.625392;osm-55.74162-37.62539;2024-09-11
Harvey & Monica;Котельническая наб., 31;55.741620;37.646163;osm-55.74162-37.64616;2025-09-20
Method;Товарищеский пер., 4 с5;55.741626;37.659797;osm-55.74163-37.65980;2026-05-13
Pomme Verte;ул. Пятницкая, 22 с1;55.741653;37.628346;osm-55.74165-37.62835;2026-05-25
Buta House;Большой Факельный пер., 12;55.741658;37.663974;osm-55.74166-37.66397;2025-09-21
Мангал Холл;Таганская пл., 86/1 с1;55.741670;37.652853;osm-55.74167-37.65285;2025-10-21
Мультикультура;ул. Пречистенка, 24/1;55.741715;37.593659;osm-55.74171-37.59366;2025-06-11
Дижестив;Кутузовский просп., 33;55.741757;37.541182;osm-55.74176-37.54118;2024-12-17
Айна;ул. Остоженка, 14/2;55.741784;37.599147;osm-55.74178-37.59915;2026-07-25
Магадан;Берсеневский пер., 3/10 с8;55.741800;37.609526;osm-55.74180-37.60953;2026-05-02
Kiyomi;Пожарский пер., 15;55.741813;37.600855;osm-55.74181-37.60086;2025-10-12
Кофейня на Остоженке;ул. Остоженка, 14/2;55.741843;37.598950;osm-55.74184-37.59895;2026-07-25
Брик Бистро;ул. Нижняя Радищевская, 14/2;55.741847;37.652679;osm-55.74185-37.65268;2026-05-02
Гараж 13;Старомонетный пер., 6;55.741859;37.617341;osm-55.74186-37.61734;2026-05-31
Генацвале VIP;ул. Остоженка, 14/2;55.741957;37.598615;osm-55.74196-37.59862;2024-10-08
Мясная карта;Смоленский бул., 17 с3;55.741975;37.583885;osm-55.74197-37.58389;2025-10-12
Moris Brew;ул. Большая Ордынка, 19 с9;55.742089;37.625182;osm-55.74209-37.62518;2023-12-17
Avtor coffee;ул. Подъёмная, 14 с44;55.742109;37.707653;osm-55.74211-37.70765;2024-07-22
Варка;ул. Александра Солженицына, 1/5;55.742116;37.655284;osm-55.74212-37.65528;2025-10-09
Burger Heroes;ул. Нижняя Радищевская, 5 с1;55.742174;37.652973;osm-55.74217-37.65297;2025-09-28
Место встреч;ул. Александра Солженицына, 3;55.742178;37.655533;osm-55.74218-37.65553;2024-09-20
Хоуми;Товарищеский пер., 7 с3;55.742180;37.660336;osm-55.74218-37.66034;2025-09-21
Караоке Pro;ул. Большая Полянка, 1/3;55.742227;37.616369;osm-55.74223-37.61637;2025-11-29
Краткость;ул. Гончарная, 34;55.742294;37.649780;osm-55.74229-37.64978;2025-10-21
Трапезная;2-й Обыденский пер., 8/8;55.742307;37.603221;osm-55.74231-37.60322;2024-09-15
Kilim;Берсеневская наб., 12 с1;55.742323;37.609146;osm-55.74232-37.60915;2026-05-02
Чайхона № 1;ул. Большая Полянка, 1/3;55.742345;37.616650;osm-55.74235-37.61665;2025-11-29
Шашлык;Павловская Слобода, ул. Дмитровская, 33;55.742367;37.059314;osm-55.74237-37.05931;2023-10-31
Полная кружка;ул. Нижняя Радищевская, 10 с1;55.742385;37.652293;osm-55.74238-37.65229;2025-10-21
Babacha;ул. Нижняя Радищевская, 10 с4;55.742425;37.651820;osm-55.74242-37.65182;2025-10-21
Big Easy;ул. Пятницкая, 16 с1;55.742429;37.628270;osm-55.74243-37.62827;2026-05-15
Южная рюмочная;ул. Большая Татарская, 5;55.742451;37.631477;osm-55.74245-37.63148;2025-11-01
Шашлык;Павловская Слобода, ул. Дмитровская, 33;55.742483;37.059168;osm-55.74248-37.05917;2023-10-31
Второй бар;Болотная наб., 15 к1;55.742499;37.612869;osm-55.74250-37.61287;2024-08-07
Квартира с видом;ул. Большая Татарская, 5;55.742504;37.631372;osm-55.74250-37.63137;2025-11-01
Шашлычная;ул. Пятницкая, 16 с1;55.742531;37.628260;osm-55.74253-37.62826;2025-10-30
Иван Да Марья;Большой Лёвшинский пер., 6 с3;55.742549;37.589097;osm-55.74255-37.58910;2025-11-15
AM/PM Coffee;Марусино, ул. Юбилейная, 1А;55.742562;38.017150;osm-55.74256-38.01715;2024-12-06
Мандаринка;Багратионовский пр., 7 к20А;55.742586;37.502454;osm-55.74259-37.50245;2023-12-01
Стрелка;Берсеневская наб., 14 с5;55.742590;37.609317;osm-55.74259-37.60932;2026-05-02
Варим кофе;Рублёвское ш., 101;55.742597;37.422526;osm-55.74260-37.42253;2025-03-12
Фрателлидзе;ул. Студенческая, 19 к1;55.742599;37.549531;osm-55.74260-37.54953;2025-02-15
Настоечная на Кузне;Пятницкий пер., 10 с1;55.742612;37.629728;osm-55.74261-37.62973;2025-11-01
One and Double;ул. Пятницкая, 21 с1;55.742657;37.628607;osm-55.74266-37.62861;2025-10-30
Оранжерея;Багратионовский пр., 7 к20А;55.742674;37.502660;osm-55.74267-37.50266;2023-12-01
Чайхана Восток;ул. Барклая, 10А;55.742685;37.499498;osm-55.74269-37.49950;2024-01-27
Кофе остров;ул. Большая Ордынка, 14 с1-2;55.742746;37.625189;osm-55.74275-37.62519;2025-01-24
Sibir';Кадашёвская наб., 6/1/2 с1;55.742767;37.616908;osm-55.74277-37.61691;2025-11-29
Com 1989;ул. Остоженка, 8 с1;55.742782;37.600732;osm-55.74278-37.60073;2026-09-25
Вай Мэ!;Пятницкий пер., 8 с1;55.742798;37.629838;osm-55.74280-37.62984;2025-11-01
Наби;ул. Можайский Вал, 10 с21;55.742809;37.552967;osm-55.74281-37.55297;2025-02-19
Лав Кебаб;Пятницкий пер., 8 с1;55.742953;37.629850;osm-55.74295-37.62985;2025-11-01
Витязь;ул. Большая Филёвская, 35;55.742968;37.481170;osm-55.74297-37.48117;2025-08-23
Забродский;Багратионовский пр., 5А к1;55.742967;37.510647;osm-55.74297-37.51065;2026-05-15
Зарубежье;ул. Нижняя Радищевская, 2;55.742982;37.651786;osm-55.74298-37.65179;2025-10-21
Класс Тантуни;Барклая, 10;55.743017;37.499172;osm-55.74302-37.49917;2026-09-21
Code Coffee;Кадашёвская наб., 6/1/2 с1;55.743020;37.617415;osm-55.74302-37.61742;2025-11-29
Шаурма;ул. Большая Филёвская, 35;55.743051;37.481124;osm-55.74305-37.48112;2025-08-25
Maer;1-й Обыденский пер., 9/12;55.743070;37.602435;osm-55.74307-37.60243;2024-09-15
Алоха;Пятницкий пер., 3;55.743099;37.630085;osm-55.74310-37.63009;2025-11-01
Рыжая Кошка;ул. Садовническая, 54 с1;55.743110;37.638807;osm-55.74311-37.63881;2025-09-28
Маяк;Пятницкий пер., 3/4 с3;55.743127;37.630637;osm-55.74313-37.63064;2025-11-01
Bardot;2-й Обыденский пер., 12А;55.743150;37.601139;osm-55.74315-37.60114;2024-10-11
Карло;ул. Верхняя Радищевская, 19/3 с1;55.743160;37.653074;osm-55.74316-37.65307;2025-08-23
Delhi 6;ул. Киевская, 2;55.743167;37.562847;osm-55.74317-37.56285;2025-01-16
Траттория-пиццерия;Кадашёвская наб., 6/1/2 с1;55.743183;37.617803;osm-55.74318-37.61780;2025-11-29
Lui;Берсеневская наб., 16 с9;55.743189;37.610115;osm-55.74319-37.61012;2024-10-18
HelloPapaya;Багратионовский пр., 5А к1;55.743233;37.510867;osm-55.74323-37.51087;2023-11-25
Sora;Багратионовский пр., 5А к1;55.743271;37.510760;osm-55.74327-37.51076;2026-07-13
Пролив на Таганке;ул. Верхняя Радищевская, 15 с2;55.743297;37.652424;osm-55.74330-37.65242;2026-04-24
Донер-Сити;Барклая, 10;55.743309;37.498908;osm-55.74331-37.49891;2025-08-23
Hiroo;ул. Можайский Вал, 8;55.743339;37.555912;osm-55.74334-37.55591;2025-02-19
Marcel;Багратионовский пр., 7 к20В;55.743347;37.504948;osm-55.74335-37.50495;2024-09-12
Non Solo;ул. Садовническая, 54 с2;55.743348;37.638577;osm-55.74335-37.63858;2025-09-28
Brasserie Lambic;ул. Верхняя Радищевская, 15 с1;55.743383;37.652186;osm-55.74338-37.65219;2025-10-28
Чайко кофе;ул. Большая Филёвская, 35;55.743424;37.480802;osm-55.74342-37.48080;2025-10-18
Алёша и графин;ул. Верхняя Радищевская, 15 c1;55.743435;37.652048;osm-55.74343-37.65205;2025-10-28
Хинкальная Батуми;ул. Барклая, 10;55.743541;37.498888;osm-55.74354-37.49889;2024-01-27
Pan Asian;ул. Барклая, 10;55.743574;37.498963;osm-55.74357-37.49896;2024-01-27
MoreКот;ул. Остоженка, 3/14;55.743578;37.601814;osm-55.74358-37.60181;2024-09-15
Coffee Collage;ул. Рогожский Вал, 7;55.743623;37.677892;osm-55.74362-37.67789;2026-03-04
Coffee Want;ул. Барклая, 10;55.743626;37.498626;osm-55.74363-37.49863;2023-11-23
Pub Daddy;Большой Овчинниковский пер., 18;55.743628;37.630244;osm-55.74363-37.63024;2025-11-01
Бабка Блинная;ул. Барклая, 10;55.743645;37.499210;osm-55.74365-37.49921;2024-01-27
White Fox;ул. Плющиха, 20/2;55.743657;37.578136;osm-55.74366-37.57814;2024-06-02
Арго VIP;ул. Плющиха, 20/2;55.743683;37.577748;osm-55.74368-37.57775;2023-10-28
Мамина Пекарня;ул. Барклая, 10;55.743712;37.499346;osm-55.74371-37.49935;2024-01-27
Будильник;Кутузовский просп., 27;55.743727;37.546038;osm-55.74373-37.54604;2026-07-20
Интеллигенция 2.0;ул. Александра Солженицына, 17 с1;55.743774;37.661696;osm-55.74377-37.66170;2025-10-16
GreenTerra;ул. Оршанская, 13;55.743812;37.401610;osm-55.74381-37.40161;2026-06-24
Твой кофе;Большой Дровяной пер., 8 с2;55.743824;37.656856;osm-55.74382-37.65686;2025-10-09
Долина;пл. Европы, 1А;55.743843;37.569024;osm-55.74384-37.56902;2026-02-14
Arrurru;ул. Остоженка, 1/9;55.743937;37.601994;osm-55.74394-37.60199;2026-05-16
Core Mio;ул. Пятницкая, 8;55.743944;37.627720;osm-55.74394-37.62772;2026-09-25
Craftland;ул. Александра Солженицына, 17 с1;55.743949;37.661459;osm-55.74395-37.66146;2025-10-16
Ни Свет Ни Заря;Большой Дровяной пер., 8 с2;55.744010;37.656465;osm-55.74401-37.65646;2026-01-14
Dunkin';пл. Киевского Вокзала, 2;55.744031;37.565842;osm-55.74403-37.56584;2026-09-21
Пикник;ул. Большая Филёвская, 24;55.744096;37.480588;osm-55.74410-37.48059;2024-04-22
Vаниль;ул. Остоженка, 1/9;55.744110;37.602280;osm-55.74411-37.60228;2026-09-25
pausa caffe;ул. Рогожский Вал, 5 с1;55.744139;37.679683;osm-55.74414-37.67968;2026-05-13
Дружба-Москва;Большой Овчинниковский пер., 18 с4;55.744148;37.630510;osm-55.74415-37.63051;2026-05-15
Лосось сан;ул. Рогожский Вал, 5 с9;55.744194;37.678956;osm-55.74419-37.67896;2025-02-19
Батони;Смоленская-Сенная пл., 23/25;55.744201;37.583019;osm-55.74420-37.58302;2026-07-13
Спутник;Большой Дровяной пер., 10;55.744253;37.657079;osm-55.74425-37.65708;2025-10-09
Beyond;Большой Овчинниковский пер., 16;55.744286;37.630383;osm-55.74429-37.63038;2026-06-15
На ковёр;ул. Александра Солженицына, 23А с4;55.744390;37.663002;osm-55.74439-37.66300;2025-08-21
Shota;ул. Пятницкая, 6/1;55.744415;37.627434;osm-55.74441-37.62743;2025-10-30
Бардак;ул. Пятницкая, 9/28 с1;55.744433;37.627807;osm-55.74443-37.62781;2026-06-24
Ещё вина;ул. Пречистенка, 4 с2;55.744447;37.600589;osm-55.74445-37.60059;2024-06-26
Коллектив;Кутузовский просп., 24;55.744465;37.545268;osm-55.74446-37.54527;2023-12-03
Спецбуфет No.2;ул. Серафимовича, 2;55.744462;37.612882;osm-55.74446-37.61288;2026-05-13
Travel Cafe;ул. Верхняя Радищевская, 7 с1;55.744456;37.649550;osm-55.74446-37.64955;2026-04-24
Шурик;ул. Рогожский Вал, 5 с7;55.744512;37.680032;osm-55.74451-37.68003;2024-09-12
Хинкали Point;ул. Большая Ордынка, 9/4 с1;55.744520;37.624899;osm-55.74452-37.62490;2025-10-21
Харддей;ул. Верхняя Радищевская, 7 с1;55.744552;37.649348;osm-55.74455-37.64935;2026-04-24
Shagal;земляной вал, 70;55.744550;37.654610;osm-55.74455-37.65461;2025-09-19
Фарш;пл. Киевского Вокзала, 2;55.744572;37.565522;osm-55.74457-37.56552;2026-09-21
Punch & Judy;ул. Пятницкая, 6/1;55.744569;37.627347;osm-55.74457-37.62735;2025-10-30
Есть хинкали, пить вино;ул. Пятницкая, 4/2 с9;55.744623;37.626861;osm-55.74462-37.62686;2025-10-30
Тандыр Донер;ул. Барклая, 14;55.744643;37.497541;osm-55.74464-37.49754;2024-05-15
J'pan;ул. Пятницкая, 4/2 с9;55.744684;37.627260;osm-55.74468-37.62726;2025-10-30
Pro.Хинкали;Большой Овчинниковский пер., 16;55.744677;37.629906;osm-55.74468-37.62991;2026-05-15
Best Kebab;пл. Киевского Вокзала, 2;55.744741;37.564979;osm-55.74474-37.56498;2024-02-09
69 Pints;ул. Барклая, 12;55.744776;37.498833;osm-55.74478-37.49883;2023-11-26
Перезвон;ул. Пятницкая, 4/2 с9;55.744802;37.627140;osm-55.74480-37.62714;2025-10-30
Грабли;пл. Киевского Вокзала, 2;55.744836;37.565158;osm-55.74484-37.56516;2026-09-21
Субботица;Багратионовский пр., 12;55.744867;37.508243;osm-55.74487-37.50824;2023-11-13
Пепе неро;Кадашёвская наб., 26;55.744933;37.621841;osm-55.74493-37.62184;2025-09-13
Lauren Parker;ул. Станиславского, 15;55.744929;37.661444;osm-55.74493-37.66144;2025-08-21
Сочно восточно;ул. Перовская, 62;55.744940;37.794527;osm-55.74494-37.79453;2023-11-19
Буду поздно;Средний Овчинниковский пер., 3;55.744952;37.631014;osm-55.74495-37.63101;2025-09-10
One and Double;Московская Железная Дорога, Белорусское, 6-й километр, 4;55.744960;37.515074;osm-55.74496-37.51507;2025-06-04
НиНиКо;Власиха, ул. Центральная, 6А;55.744981;37.175584;osm-55.74498-37.17558;2026-06-22
Шереп;ул. Барклая, 12;55.745011;37.499596;osm-55.74501-37.49960;2024-04-30
Masters & Margaritas;ул. Пятницкая, 5 с1;55.745075;37.627358;osm-55.74507-37.62736;2025-10-30
Х&М;ул. Пятницкая, 2/38 с2;55.745082;37.626892;osm-55.74508-37.62689;2025-10-30
Своё;Большой Афанасьевский пер., 3 с3;55.745145;37.597211;osm-55.74515-37.59721;2026-06-24
Coffee Bean;ул. Пятницкая, 5;55.745204;37.627249;osm-55.74520-37.62725;2025-10-30
Белфаст;Средний Овчинниковский пер., 1 с13;55.745254;37.630719;osm-55.74525-37.63072;2025-09-13
Белый шафран;ул. Можайский Вал, 3;55.745271;37.558041;osm-55.74527-37.55804;2026-05-15
Машенька и негрони;ул. Пятницкая, 2/38 с2;55.745281;37.626731;osm-55.74528-37.62673;2025-10-30
Time Club Ковчег;ул. Земляной Вал, 68/18 с5;55.745337;37.653931;osm-55.74534-37.65393;2023-10-29
Cantinetta Antinori;Денежный пер., 20;55.745350;37.586723;osm-55.74535-37.58672;2025-10-25
Хачапури и вино;ул. Пятницкая, 3/4 с1;55.745416;37.627069;osm-55.74542-37.62707;2025-10-30
Джумбус;ул. Добровольческая, 12;55.745427;37.667926;osm-55.74543-37.66793;2025-09-24
Гюго;Овчинниковская наб., 6 с1;55.745480;37.628529;osm-55.74548-37.62853;2024-11-22
Lure;ул. Пятницкая, 2/38 с1;55.745491;37.626556;osm-55.74549-37.62656;2025-10-30
Таганка;ул. Добровольческая, 12;55.745508;37.667798;osm-55.74551-37.66780;2025-09-24
Salden’s Taphouse;ул. Пятницкая, 3/4 с1;55.745523;37.627023;osm-55.74552-37.62702;2025-07-31
12;Гоголевский бул., 6 с1;55.745573;37.601273;osm-55.74557-37.60127;2025-11-02
Бьёрн;ул. Пятницкая, 3/4 с1;55.745597;37.626916;osm-55.74560-37.62692;2025-10-30
Штрудель;ул. Александра Солженицына, 42;55.745626;37.667451;osm-55.74563-37.66745;2024-07-07
Подозрительные лица;ул. Пятницкая, 2/38 с1;55.745666;37.626415;osm-55.74567-37.62642;2025-10-30
Волна;Носовихинское ш., 11;55.745696;37.862447;osm-55.74570-37.86245;2025-03-11
Новжинский Кофе;Большой Дровяной пер., 18;55.745717;37.658636;osm-55.74572-37.65864;2025-11-08
Место Зангези;ул. Гончарная, 7/4 с1;55.745746;37.646286;osm-55.74575-37.64629;2026-05-16
Хансамса;Носовихинское ш., 12;55.745747;37.862543;osm-55.74575-37.86254;2025-03-11
Экспромт;ул. Школьная, 48;55.745773;37.677504;osm-55.74577-37.67750;2025-10-16
Ипполит Матвеевич;ул. Большая Филёвская, 22/2;55.745822;37.488332;osm-55.74582-37.48833;2024-02-22
Место Зангези;ул. Гончарная, 7/4 с1;55.745831;37.646180;osm-55.74583-37.64618;2026-05-16
Нитка;Гоголевский бул., 11;55.745850;37.599501;osm-55.74585-37.59950;2025-12-12
Оливка;Багратионовский пр., 1А к1;55.745867;37.512792;osm-55.74587-37.51279;2026-06-15
Гамбринус Сеть ресторанов;ул. Большая Дорогомиловская, 4;55.745875;37.571079;osm-55.74587-37.57108;2026-02-14
М2;Гоголевский бул., 8 с2;55.745866;37.600826;osm-55.74587-37.60083;2026-05-01
Баан Тай;ул. Большая Дорогомиловская, 11;55.745964;37.553014;osm-55.74596-37.55301;2026-06-19
Don Doner Coffee;ул. Южная, вл19;55.745959;37.865101;osm-55.74596-37.86510;2023-10-30
Бульсай;ул. Большая Дорогомиловская, 11;55.745970;37.553139;osm-55.74597-37.55314;2026-06-19
Community;Космодамианская наб., 4/22 с9;55.745967;37.638184;osm-55.74597-37.63818;2025-09-19
Pizza & Grill;Павловская Слобода, ул. Полевая, 12А;55.745998;37.119847;osm-55.74600-37.11985;2023-11-21
ДеликАдесса;Котельническая наб., 1/15 кА;55.745996;37.642432;osm-55.74600-37.64243;2025-12-19
Революция;Марусино, Саввинское ш., 7Б;55.746025;38.011211;osm-55.74603-38.01121;2024-05-04
Daily Food;ул. Станиславского, 21 с1;55.746056;37.663963;osm-55.74606-37.66396;2023-10-27
Pinzeria by Bontempi;Большой Знаменский пер., 2 с3;55.746098;37.602045;osm-55.74610-37.60204;2025-11-02
СибирьСибирь;ул. Смоленская, 8;55.746139;37.580117;osm-55.74614-37.58012;2026-02-14
Select;ул. Большая Дорогомиловская, 8;55.746181;37.565788;osm-55.74618-37.56579;2026-09-26
Ku:;ул. Смоленская, 8;55.746179;37.580554;osm-55.74618-37.58055;2026-02-14
Московское время;Гоголевский бул., 8;55.746178;37.600626;osm-55.74618-37.60063;2025-11-02
Тапчан;ул. Сергия Радонежского, 2;55.746195;37.670621;osm-55.74620-37.67062;2025-10-12
Alexander's митпойнт;ул. Большая Дорогомиловская, 10;55.746255;37.562622;osm-55.74625-37.56262;2026-01-14
Тантуни;ул. Большая Дорогомиловская, 10;55.746247;37.562686;osm-55.74625-37.56269;2026-01-14
Пан Запекан;ул. Земляной Вал, 64 c2;55.746247;37.654877;osm-55.74625-37.65488;2025-09-19
ГоТай;Плотников пер., 15;55.746259;37.588371;osm-55.74626-37.58837;2025-11-29
Хочу шаурму;ул. Большая Дорогомиловская, 10;55.746271;37.562458;osm-55.74627-37.56246;2026-01-14
Bruxelles;ул. Смоленская, 8;55.746274;37.580492;osm-55.74627-37.58049;2026-02-14
Кофейня;ул. Котовского, 10А;55.746288;37.866124;osm-55.74629-37.86612;2025-05-24
Барская Трапеза;Кутузовский просп., 22 к2;55.746319;37.547769;osm-55.74632-37.54777;2024-08-25
Curry India;ул. Большая Дорогомиловская, 10;55.746345;37.561914;osm-55.74634-37.56191;2026-01-14
0.75 please;ул. Смоленская, 8;55.746341;37.580275;osm-55.74634-37.58028;2026-05-15
МосПлов;ул. Сергия Радонежского, 2;55.746339;37.671520;osm-55.74634-37.67152;2025-10-16
Лето Италия;Садовническая наб., 9;55.746350;37.629118;osm-55.74635-37.62912;2025-09-13
Край;ул. Николоямская, 62;55.746349;37.667593;osm-55.74635-37.66759;2026-05-25
Хинкальная;ул. Сергия Радонежского, 2;55.746353;37.670776;osm-55.74635-37.67078;2025-10-16
ada coffee;ул. Сергия Радонежского, 2;55.746370;37.671416;osm-55.74637-37.67142;2025-10-16
Relict;ул. Смоленская, 6;55.746395;37.580998;osm-55.74639-37.58100;2025-10-25
Репаст Траттория;ул. Большая Филёвская, 21 к2;55.746413;37.493034;osm-55.74641-37.49303;2025-08-23
Dolce Far Niente;ул. Смоленская, 6;55.746462;37.581264;osm-55.74646-37.58126;2025-10-25
Cafe 2.3;наб. Тараса Шевченко, 23А;55.746472;37.546398;osm-55.74647-37.54640;2024-02-04
Папа Журди;ул. Южная, 10А;55.746481;37.862741;osm-55.74648-37.86274;2024-08-10
Oh My Toast;ул. Смоленская, 6;55.746518;37.581471;osm-55.74652-37.58147;2025-10-25
Гамбринус;ул. Сергия Радонежского, 8;55.746515;37.675637;osm-55.74652-37.67564;2025-05-30
Honey Coffee;Гоголевский бул., 17 с1;55.746530;37.599138;osm-55.74653-37.59914;2025-11-02
Dictatura Æstetica;Гоголевский бул., 17 с1;55.746654;37.599068;osm-55.74665-37.59907;2025-11-02
Дрезна;Дрезна, ул. Советская, 12А;55.746732;38.852751;osm-55.74673-38.85275;2024-09-24
Садовническая;ул. Садовническая, 20 с1;55.746743;37.630766;osm-55.74674-37.63077;2026-02-14
Буфетоф;ул. Земляной Вал, 62;55.746746;37.654874;osm-55.74675-37.65487;2025-09-19
Club Le Chateau;ул. Николоямская, 40/22 с4;55.746756;37.659137;osm-55.74676-37.65914;2025-11-08
Кофеметрия;ул. Южная, 15;55.746769;37.863557;osm-55.74677-37.86356;2023-10-11
Tea room;Софийская наб., 34 с5;55.746800;37.622504;osm-55.74680-37.62250;2026-06-19
Султан;ул. Сергия Радонежского, 29-31 с1;55.746885;37.679895;osm-55.74688-37.67990;2024-09-22
Poke House;Пресненская наб., 10;55.746887;37.537152;osm-55.74689-37.53715;2024-11-05
Бостон;ул. Сергия Радонежского, 29-31 с1;55.746888;37.679525;osm-55.74689-37.67952;2024-10-21
Мзиани;ул. Николоямская, 28/60;55.746909;37.654974;osm-55.74691-37.65497;2025-09-19
The Лапша;ул. Сергия Радонежского, 29-31 с1;55.746907;37.679292;osm-55.74691-37.67929;2024-09-22
Допинг;ул. Сергия Радонежского, 29-31 с1;55.746917;37.679192;osm-55.74692-37.67919;2024-09-22
Манас;ул. Сергия Радонежского, 27 с1;55.746934;37.679008;osm-55.74693-37.67901;2024-09-22
Take and Wake;ул. Садовническая, 14 с2;55.746940;37.629035;osm-55.74694-37.62904;2025-10-30
Приличные люди;ул. Сергия Радонежского, 23-25с1;55.746969;37.678526;osm-55.74697-37.67853;2025-10-16
Рюмочная Ильича;ул. Сергия Радонежского, 23-25с1;55.746980;37.678413;osm-55.74698-37.67841;2025-10-16
Осень;ул. Яузская, 8 с2;55.746994;37.647045;osm-55.74699-37.64704;2026-04-24
Манки;ул. Николоямская, 38 с1;55.746995;37.658193;osm-55.74699-37.65819;2025-11-07
Лалибела кофе;ул. Волхонка, 9 с1;55.747004;37.607336;osm-55.74700-37.60734;2026-08-09
Pho City;ул. Николоямская, 26 с1А;55.747008;37.654475;osm-55.74701-37.65447;2025-09-19
Remy Kitchen Bakery;Кутузовский просп., 17;55.747018;37.556674;osm-55.74702-37.55667;2025-02-10
LNVKофе;ул. Ленивка, 3 с3;55.747018;37.608303;osm-55.74702-37.60830;2026-08-09
Healthy Food;Пресненская наб., 8 с1;55.747056;37.539090;osm-55.74706-37.53909;2026-09-23
По чесноку;2-й Смоленский пер., 1/4;55.747094;37.581592;osm-55.74709-37.58159;2024-10-17
Альпака и кофе;Староконюшенный пер., 20;55.747125;37.595020;osm-55.74712-37.59502;2026-07-25
Шашлычок;ул. Сергия Радонежского, 29-31 с1;55.747133;37.679610;osm-55.74713-37.67961;2024-09-22
Fine;ул. Волхонка, 9 с2;55.747180;37.607895;osm-55.74718-37.60789;2026-08-09
Дарбази;ул. Николоямская, 14 с1;55.747196;37.651035;osm-55.74720-37.65104;2025-09-19
Gøg;ул. Яузская, 8 с2;55.747215;37.646831;osm-55.74721-37.64683;2025-10-04
Vero;ул. Земляной Вал, 58/23;55.747207;37.654952;osm-55.74721-37.65495;2025-09-19
#ВоблакеВкуса;ул. Сергия Радонежского, 9 с1;55.747225;37.675285;osm-55.74723-37.67529;2024-09-23
Dragon;Пресненская наб., 8 с1;55.747239;37.538746;osm-55.74724-37.53875;2025-01-27
Шашлык;ул. Перовская, 6 к1;55.747247;37.757131;osm-55.74725-37.75713;2026-02-08
Триумф;ул. Волхонка, 9 с2;55.747283;37.607693;osm-55.74728-37.60769;2026-08-09
Пельмени & Пельмени;ул. Волхонка, 7/6;55.747311;37.608192;osm-55.74731-37.60819;2026-08-09
Street Doner;ул. Николоямская, 31;55.747333;37.657097;osm-55.74733-37.65710;2025-11-07
Башня дедушки Мерлина;ул. Земляной Вал, 56 с4;55.747355;37.654901;osm-55.74735-37.65490;2024-02-25
Дядя Геральт;ул. Земляной Вал, 58/23;55.747371;37.655045;osm-55.74737-37.65505;2025-10-12
Buba by Sumosan;Пресненская наб., 8 с1;55.747380;37.539128;osm-55.74738-37.53913;2024-07-14
Я настаиваю;Хлебников пер., 2;55.747383;37.674239;osm-55.74738-37.67424;2024-09-22
Баклажан;ул. Николоямская, 29 с3;55.747409;37.656065;osm-55.74741-37.65606;2025-10-28
Белый;ул. Арбат, 55;55.747428;37.585444;osm-55.74743-37.58544;2025-11-02
Jules Zang;Большой Афанасьевский пер., 16/8;55.747447;37.597642;osm-55.74745-37.59764;2026-07-13
Кафе-бар;Реутов, Носовихинское ш., 18А;55.747464;37.872593;osm-55.74746-37.87259;2025-11-09
Хинкал есть;ул. Николоямская, 15;55.747511;37.652212;osm-55.74751-37.65221;2025-09-19
Русские традиции;Реутов, Носовихинское ш., 18В;55.747512;37.872759;osm-55.74751-37.87276;2025-11-09
Look Up;ул. Садовническая, 9А;55.747526;37.629040;osm-55.74753-37.62904;2026-02-14
Шаурма Огонь;ул. Большая Филёвская, 19/18 к1;55.747562;37.496918;osm-55.74756-37.49692;2026-09-26
Лолита;ул. Яузская, 6;55.747565;37.646255;osm-55.74757-37.64625;2025-10-04
Симона;ул. Николоямская, 39/43 к1;55.747587;37.659957;osm-55.74759-37.65996;2025-11-07
Plove & doner lab;ул. Тестовская, 1;55.747598;37.532915;osm-55.74760-37.53292;2024-04-17
Чайка;Реутов, Носовихинское ш., 21В;55.747611;37.873417;osm-55.74761-37.87342;2023-10-29
Coffee Inn;ул. Садовническая, 8;55.747622;37.627676;osm-55.74762-37.62768;2026-02-14
Восток;Гжельский пер., 19 с2;55.747662;37.680504;osm-55.74766-37.68050;2026-03-24
Вьетнамка;Реутов, Носовихинское ш., 21В;55.747666;37.873524;osm-55.74767-37.87352;2023-10-29
Самарканд;Гжельский пер., 19;55.747684;37.680249;osm-55.74768-37.68025;2026-03-24
White Rabbit;Смоленская пл., 3;55.747707;37.581881;osm-55.74771-37.58188;2026-01-19
Гранд Урюк. Березка;Пресненская наб., 8 с1;55.747735;37.539194;osm-55.74773-37.53919;2024-06-24
Wine place;ул. Балчуг, 3/2;55.747725;37.625905;osm-55.74773-37.62591;2026-02-14
Ku:;Пресненская наб., 10 с2;55.747749;37.534516;osm-55.74775-37.53452;2025-01-20
Amarcord;Котельническая наб., 1/15 кВ;55.747747;37.644630;osm-55.74775-37.64463;2026-04-03
Antipa;Колымажный пер., 8/4 с7;55.747768;37.605622;osm-55.74777-37.60562;2026-01-16
Chefs Table;Смоленская пл., 3;55.747789;37.581044;osm-55.74779-37.58104;2025-06-20
Zodiac;Смоленская пл., 3;55.747795;37.581498;osm-55.74780-37.58150;2025-06-20
Sakura Place;Софийская наб., 30 с1;55.747817;37.621374;osm-55.74782-37.62137;2026-03-18
Plov & doner lab;ул. Тестовская, 1;55.747835;37.532444;osm-55.74784-37.53244;2025-12-09
Кренделькофф;ул. Тестовская, 1;55.747845;37.532579;osm-55.74784-37.53258;2025-12-09
Vadman's;ул. Тестовская, 1;55.747854;37.532697;osm-55.74785-37.53270;2025-12-09
Горы и море;Кривоарбатский пер., 16/22;55.747866;37.588246;osm-55.74787-37.58825;2026-05-25
Uglewood;ул. Сергия Радонежского, 15-17 с28;55.747888;37.677116;osm-55.74789-37.67712;2024-10-17
Сыроварня;Пресненская наб., 10 с2;55.747906;37.534487;osm-55.74791-37.53449;2024-02-25
Cutfish;Пресненская наб., 6 с2;55.747920;37.540031;osm-55.74792-37.54003;2023-12-14
Вкусная ферма;ш. Энтузиастов, 12 к2;55.747920;37.704995;osm-55.74792-37.70499;2023-11-01
Босфор;ул. Арбат, 47 с1;55.747931;37.587729;osm-55.74793-37.58773;2025-11-02
Anton;Пресненская наб., 8 с1;55.747960;37.539008;osm-55.74796-37.53901;2024-06-24
Воккер;Пресненская наб., 6 с2;55.747956;37.540218;osm-55.74796-37.54022;2026-08-21
Мясо & Рыба;Пресненская наб., 2;55.747965;37.537096;osm-55.74797-37.53710;2026-02-21
Почтмейстер;ул. Арбат, 47/23;55.748059;37.587627;osm-55.74806-37.58763;2026-07-13
Хлеб & Friends;ул. Большая Филёвская, 3 c5;55.748067;37.519496;osm-55.74807-37.51950;2024-04-18
Istanbul doner;ул. Арбат, 44 с1;55.748136;37.586835;osm-55.74814-37.58684;2025-11-02
Signature art;Котельническая наб., 1/15 кВ;55.748155;37.644551;osm-55.74815-37.64455;2026-01-06
Coffee Bean;Пресненская наб., 6 с2;55.748159;37.539777;osm-55.74816-37.53978;2023-12-13
София;Софийская наб., 32 с13;55.748164;37.621567;osm-55.74816-37.62157;2026-03-17
Эмма;Раушская наб., 4/5 с1;55.748203;37.627130;osm-55.74820-37.62713;2026-02-14
Абрау-Дюрсо;ул. Арбат, 45/24;55.748209;37.587993;osm-55.74821-37.58799;2025-11-02
Caspian;ул. Арбат, 42 с1;55.748250;37.587151;osm-55.74825-37.58715;2025-11-02
Тирольские пироги;Калошин пер., 6 с1;55.748246;37.592402;osm-55.74825-37.59240;2024-07-19
Eat Market;Смоленская пл., 7-9;55.748275;37.581525;osm-55.74827-37.58152;2025-12-07
Долина;ш. Энтузиастов, 10/2;55.748288;37.703797;osm-55.74829-37.70380;2024-07-17
Джон Булл;Карманицкий пер., 9;55.748315;37.583399;osm-55.74831-37.58340;2026-02-14
Bread&Meat;Пресненская наб., 6 с2;55.748349;37.540606;osm-55.74835-37.54061;2026-08-21
A-House x Gt.Coffee;Большой Афанасьевский пер., 20;55.748368;37.597520;osm-55.74837-37.59752;2024-05-06
Открытая кухня;Пресненская наб., 6 с2;55.748454;37.540491;osm-55.74845-37.54049;2026-08-21
Meat Coin;Смоленская пл., 7-9;55.748471;37.581750;osm-55.74847-37.58175;2026-01-19
Притча;Смоленская пл., 6;55.748553;37.583157;osm-55.74855-37.58316;2026-06-19
Венеция;ул. Арбат, 38/1 с1;55.748546;37.588089;osm-55.74855-37.58809;2025-04-05
Москвичи;Раушская наб., 4/5 с1;55.748571;37.627156;osm-55.74857-37.62716;2023-12-17
Il pizzaiolo;ул. Волхонка, 6;55.748586;37.608795;osm-55.74859-37.60880;2026-02-14
Zerna;Пресненская наб., 10 с1;55.748621;37.535411;osm-55.74862-37.53541;2026-01-20
Чемодан;Гоголевский бул., 25 с1;55.748669;37.599463;osm-55.74867-37.59946;2024-10-24
Бабель;1-й Николощеповский пер., 6 с2;55.748689;37.580295;osm-55.74869-37.58029;2026-04-30
Эрик Рыжий;ул. Арбат, 36/2 стр. 1;55.748703;37.588518;osm-55.74870-37.58852;2023-11-12
Руби донер;Смоленская пл., 6;55.748738;37.583187;osm-55.74874-37.58319;2026-02-14
Kemer;ул. Арбат, 36/2 с1;55.748792;37.588827;osm-55.74879-37.58883;2025-04-05
Рукав;ул. Земляной Вал, 59;55.748807;37.657060;osm-55.74881-37.65706;2025-10-28
Зелёная Точка;Пресненская наб., 10 с1;55.748856;37.535706;osm-55.74886-37.53571;2025-11-28
Настоишная;ул. Арбат, 36/2 с1;55.748871;37.589086;osm-55.74887-37.58909;2025-04-05
Хинкальная by Ten;ул. Арбат, 38/1 с2;55.748900;37.588322;osm-55.74890-37.58832;2025-10-15
Читай кофе;Реутов, ул. имени Академика В.Н. Челомея, 12А;55.748963;37.879295;osm-55.74896-37.87929;2025-03-07
Chicha San Chen;Пресненская наб., 2;55.749026;37.537752;osm-55.74903-37.53775;2026-09-25
Арарат;ул. Арбат, 32;55.749046;37.589622;osm-55.74905-37.58962;2025-04-05
Практика кофе;Пресненская наб., 10 с1;55.749072;37.535511;osm-55.74907-37.53551;2025-11-28
Спешилав;ул. Земляной Вал, 52/16 с1;55.749079;37.655216;osm-55.74908-37.65522;2026-08-14
Curry;ул. Арбат, 32;55.749117;37.589849;osm-55.74912-37.58985;2025-04-05
Smart Day;пр. Шелихова, 1 к2;55.749152;37.689883;osm-55.74915-37.68988;2026-09-25
Gastroлёр;ул. Арбат, 30/3 с1;55.749202;37.590081;osm-55.74920-37.59008;2025-04-05
Ruski;1-й Красногвардейский пр., 21 с2;55.749244;37.534188;osm-55.74924-37.53419;2025-01-02
Вкусоgraf;Николоямский пер., 3А к4;55.749269;37.661479;osm-55.74927-37.66148;2025-11-07
CoffeePort;Пресненская наб., 12;55.749291;37.537390;osm-55.74929-37.53739;2023-10-28
Jamaa;1-й Красногвардейский пр., 21 с2;55.749319;37.533991;osm-55.74932-37.53399;2026-06-24
Stoneside;Наставнический пер., 17 с2;55.749343;37.665732;osm-55.74934-37.66573;2026-02-20
Шашлычок-24;Наставнический пер., 18/11 с4А;55.749384;37.664960;osm-55.74938-37.66496;2025-10-12
Nicepricecafe;Смоленская пл., 6/13;55.749460;37.583287;osm-55.74946-37.58329;2025-10-22
Варочная;Пресненская наб., 12;55.749537;37.537625;osm-55.74954-37.53762;2026-04-13
Svoy;Малый Знаменский пер., 11/11 с3;55.749579;37.605765;osm-55.74958-37.60576;2026-02-14
Buba by Sumosan;1-й Красногвардейский пр., 21 с1;55.749596;37.533774;osm-55.74960-37.53377;2026-03-07
coffeePita;Пресненская наб., 12;55.749616;37.537847;osm-55.74962-37.53785;2025-07-10
Monkey Express;Зелёный просп., 5/12 с1;55.749636;37.774864;osm-55.74964-37.77486;2023-12-06
Голландский бар;Серебряническая наб., 11;55.749658;37.647079;osm-55.74966-37.64708;2026-07-16
ХоБа;Серебряническая наб., 11;55.749678;37.647248;osm-55.74968-37.64725;2026-02-14
Море Поке;Марусино, ул. Октябрьская, 25 к3 лит1-2;55.749753;38.000685;osm-55.74975-38.00068;2024-12-21
Catcher pizza;1-й Красногвардейский пр., 19 5/1;55.749766;37.535607;osm-55.74977-37.53561;2024-05-20
Кайфын;Марусино, ул. Жилгородок, 44А;55.749791;37.993472;osm-55.74979-37.99347;2024-07-07
Кайфын;Марусино, ул. Жилгородок, 44А;55.749804;37.993652;osm-55.74980-37.99365;2024-07-07
Il pizzaiolo;ул. Арбат, 29;55.749846;37.593201;osm-55.74985-37.59320;2024-05-21
У Клавдии;Балашиха, ул. Керамическая, 27А;55.749854;37.972348;osm-55.74985-37.97235;2023-12-26
Сказка;Реутов, ул. Котовского, 1;55.749891;37.867147;osm-55.74989-37.86715;2024-10-16
Рахмановское;Павловский Посад, ул. Дачная, 3;55.749891;38.606165;osm-55.74989-38.60616;2024-10-31
Derby;Марусино, ул. Жилгородок, 44А;55.749903;37.993735;osm-55.74990-37.99374;2024-07-07
У Клавдии;Балашиха, ул. Керамическая, 27А;55.749913;37.972236;osm-55.74991-37.97224;2023-12-26
Рахмановское;Павловский Посад, ул. Дачная, 3;55.749929;38.606106;osm-55.74993-38.60611;2024-10-31
CoffeePort;Пресненская наб., 12;55.749941;37.537422;osm-55.74994-37.53742;2023-10-28
Раменная;Зелёный просп., 5/12 с2;55.749996;37.774676;osm-55.75000-37.77468;2024-02-19
All Day;Пресненская наб., 12;55.750005;37.537534;osm-55.75001-37.53753;2023-10-06
Vina Pho;Большой Николопесковский пер., 5;55.750154;37.590507;osm-55.75015-37.59051;2025-10-12
Манко;ул. Южная, 2Б;55.750175;37.860266;osm-55.75017-37.86027;2025-11-10
Coffee and The City;ул. Большая Филёвская, 22 с14;55.750202;37.479349;osm-55.75020-37.47935;2024-02-22
Курочка;ул. Большая Филёвская, 22 с14;55.750219;37.479113;osm-55.75022-37.47911;2024-09-11
Ача-Чача;1-й Смоленский пер., 24А;55.750224;37.578929;osm-55.75022-37.57893;2025-08-12
La Maree;Проточный пер., 7;55.750265;37.580537;osm-55.75026-37.58054;2025-06-11
Шаурма №1;Зелёный просп., 15/37;55.750378;37.780553;osm-55.75038-37.78055;2025-04-22
Icup Coffee;ул. Авиамоторная, 47;55.750411;37.718385;osm-55.75041-37.71838;2024-06-27
Проточный;Новинский бул., 1/2;55.750431;37.582254;osm-55.75043-37.58225;2025-12-07
Магнат;пр. Завода Серп и Молот, 5;55.750446;37.709313;osm-55.75045-37.70931;2024-07-08
Moonlight;ул. Авиамоторная, 47;55.750480;37.718537;osm-55.75048-37.71854;2025-06-27
Coffee Lavka;Зелёный просп., 24;55.750480;37.789703;osm-55.75048-37.78970;2026-10-01
Орбита;ул. Яузская, 1/15 с1;55.750497;37.643467;osm-55.75050-37.64347;2025-08-15
Кабаре Шум;ул. Яузская, 1/15 с1;55.750519;37.643100;osm-55.75052-37.64310;2026-05-08
Гурманика;Костомаровский пер., 10 с1;55.750520;37.665383;osm-55.75052-37.66538;2025-10-12
Одуван;Гоголевский бул., 31 с1;55.750585;37.599887;osm-55.75059-37.59989;2024-10-24
Sugar;Филипповский пер., 15/5;55.750675;37.598612;osm-55.75068-37.59861;2025-12-12
Jonjoli;Зелёный просп., 24;55.750701;37.790117;osm-55.75070-37.79012;2026-10-01
Fo'x;ул. Большая Филёвская, 22 С16а;55.750792;37.490675;osm-55.75079-37.49068;2024-02-12
La Griglia;Рублёвское ш., 42 к1;55.750847;37.412300;osm-55.75085-37.41230;2023-10-15
Шеф;пр. Завода Серп и Молот, 5 с3;55.750926;37.710276;osm-55.75093-37.71028;2024-09-24
Локация;ул. Крузенштерна, 12 к3;55.750940;37.706726;osm-55.75094-37.70673;2026-03-24
Приятного аппетита;ул. Земляной Вал, 50А/2;55.750977;37.654618;osm-55.75098-37.65462;2024-04-08
Шаурма №1;ш. Энтузиастов, 24;55.751030;37.717824;osm-55.75103-37.71782;2024-07-18
Eshak;Рублёвское ш., 42 к1;55.751059;37.412437;osm-55.75106-37.41244;2024-02-12
Чайхана;ш. Энтузиастов, 20;55.751060;37.717127;osm-55.75106-37.71713;2024-06-27
Air Coffee;ш. Энтузиастов, 24;55.751066;37.717998;osm-55.75107-37.71800;2024-06-27
Самарканд сити;ш. Энтузиастов, 20;55.751082;37.716272;osm-55.75108-37.71627;2024-06-24
Секрет вкуса;Наставнический пер., 8 к2;55.751103;37.663932;osm-55.75110-37.66393;2026-02-20
Ритм & Блюз;Староваганьковский пер., 19 с2;55.751132;37.606919;osm-55.75113-37.60692;2025-11-02
Right Hops;1-й Красногвардейский пр., 22 с1;55.751138;37.533521;osm-55.75114-37.53352;2023-12-17
Beer'N'Blues;Мукомольный пр., 2;55.751149;37.525910;osm-55.75115-37.52591;2024-10-27
Лодка;Новинский бул., 8;55.751270;37.584304;osm-55.75127-37.58430;2024-01-29
Виноград;ул. Крузенштерна, 12 к3;55.751270;37.706197;osm-55.75127-37.70620;2025-05-01
Babo;Староваганьковский пер., 19 с7;55.751278;37.607137;osm-55.75128-37.60714;2025-11-02
Rule;Староваганьковский пер., 19 с7;55.751298;37.607021;osm-55.75130-37.60702;2025-11-02
Muu;Мукомольный пр., 2;55.751320;37.526599;osm-55.75132-37.52660;2026-01-14
Portovino;ул. Большая Филёвская, 1 с3;55.751329;37.515502;osm-55.75133-37.51550;2023-10-12
Тесто;пр. Невельского, 3 к2;55.751329;37.697692;osm-55.75133-37.69769;2023-10-27
31 floor;Кутузовский просп., 2/1;55.751349;37.565920;osm-55.75135-37.56592;2026-06-24
Муфлон;Староваганьковский пер., 19 с7;55.751355;37.607403;osm-55.75135-37.60740;2025-11-02
Beyoglu;ул. Арбат, 13;55.751374;37.597488;osm-55.75137-37.59749;2025-11-22
Jules Zang;Наставнический пер., 3;55.751399;37.663672;osm-55.75140-37.66367;2026-02-20
Зёрна;ул. Большая Филёвская, 3 к1;55.751463;37.517285;osm-55.75146-37.51729;2024-02-05
Locals;ул. Красноказарменная, 14А к4;55.751471;37.708003;osm-55.75147-37.70800;2025-02-06
Космос Китчен;ул. Красноказарменная, 14А к6;55.751474;37.709024;osm-55.75147-37.70902;2025-01-23
Мелисса;пр. Невельского, 3 к1;55.751491;37.699783;osm-55.75149-37.69978;2024-08-02
Баба Марта;ул. Арбат, 9 с1;55.751507;37.597861;osm-55.75151-37.59786;2025-01-30
Бабушка бобра;ул. 2-я Владимирская, 34;55.751511;37.783793;osm-55.75151-37.78379;2023-10-19
Yauza;Подколокольный пер., 16 с4;55.751520;37.644765;osm-55.75152-37.64476;2025-11-23
Арки Кофе;ш. Энтузиастов, 13;55.751539;37.715080;osm-55.75154-37.71508;2025-01-21
Levantine;Новинский бул., 8;55.751593;37.584017;osm-55.75159-37.58402;2024-01-29
Tuna Bar;Новинский бул., 7 с1;55.751664;37.582692;osm-55.75166-37.58269;2025-12-07
Goldfinch;ул. Большая Филёвская, 1 с3;55.751677;37.516245;osm-55.75168-37.51624;2026-01-18
Zea;Кутузовский просп., 2/1;55.751683;37.565712;osm-55.75168-37.56571;2025-01-16
Грабли;ул. Арбат, 1;55.751682;37.598453;osm-55.75168-37.59845;2023-11-15
Кофепорт;ул. Арбат, 1;55.751677;37.600110;osm-55.75168-37.60011;2026-02-14
Станция;ул. Октября, 10;55.751707;37.858422;osm-55.75171-37.85842;2023-10-28
Экспедиция;Певческий пер., 6;55.751747;37.641751;osm-55.75175-37.64175;2025-08-23
На троих;ул. Арбат, 6/2;55.751797;37.597237;osm-55.75180-37.59724;2025-02-02
Буфет № 11;Арбатская пл., 4;55.751813;37.601661;osm-55.75181-37.60166;2024-07-16
Факел;ш. Энтузиастов, 15/16;55.751842;37.716680;osm-55.75184-37.71668;2025-01-21
Том и Ям;ул. Арбат, 1;55.751912;37.599403;osm-55.75191-37.59940;2025-04-15
Chicko;Новинский бул., 7 с1;55.751936;37.582744;osm-55.75194-37.58274;2025-12-07
Royal Space;Новинский бул., 8;55.751940;37.584178;osm-55.75194-37.58418;2026-02-14
Beriot;ул. Композиторская, 13;55.751952;37.587295;osm-55.75195-37.58729;2026-02-14
Чудо-Юдо;ул. Композиторская, 13;55.751954;37.587461;osm-55.75195-37.58746;2026-02-14
Twenty One Club;ул. Композиторская, 13;55.751959;37.587635;osm-55.75196-37.58763;2026-02-14
Picco;Мукомольный пр., 4А с2;55.751978;37.525861;osm-55.75198-37.52586;2025-01-27
Хитровка;Певческий пер., 4 с1;55.751983;37.641858;osm-55.75198-37.64186;2026-08-14
Швили;Зелёный просп., 81;55.751987;37.819879;osm-55.75199-37.81988;2026-02-04
From;Новинский бул., 7 с1;55.752055;37.582759;osm-55.75205-37.58276;2026-06-19
Maroon;Кутузовский просп., 2/1 с6;55.752078;37.568504;osm-55.75208-37.56850;2025-02-03
Eshak;ул. Новый Арбат, 28 соор1;55.752128;37.584346;osm-55.75213-37.58435;2026-02-14
Cihan;ул. Новый Арбат, 21;55.752135;37.585460;osm-55.75214-37.58546;2026-02-14
Чайхона №1;ул. Новый Арбат, 21 с2;55.752138;37.585859;osm-55.75214-37.58586;2026-02-14
Барашка;ул. Новый Арбат, 21 с2;55.752140;37.586213;osm-55.75214-37.58621;2026-02-14
Chesterfield;ул. Новый Арбат, 19;55.752147;37.589001;osm-55.75215-37.58900;2026-02-14
Fish Культура;Большой Николопесковский пер., 12;55.752152;37.590094;osm-55.75215-37.59009;2026-02-14
Navat;ул. Новый Арбат, 15;55.752151;37.591943;osm-55.75215-37.59194;2026-02-14
Sultan;ул. Новый Арбат, 15;55.752154;37.592026;osm-55.75215-37.59203;2026-02-14
Мох / Волна;ул. Нижняя Сыромятническая, 10 с7;55.752150;37.668951;osm-55.75215-37.66895;2025-08-21
Steak&Burger;ул. Новый Арбат, 17;55.752165;37.590669;osm-55.75216-37.59067;2026-02-14
Волковская пивоварня;ул. Новый Арбат, 15;55.752157;37.592233;osm-55.75216-37.59223;2026-02-14
Мумий Тролль;ул. Новый Арбат, 15;55.752158;37.592398;osm-55.75216-37.59240;2026-02-14
Китайские новости;ул. Новый Арбат, 17;55.752166;37.590507;osm-55.75217-37.59051;2026-02-14
Chakrul;ул. Новый Арбат, 15;55.752170;37.592985;osm-55.75217-37.59298;2026-02-14
Бонвиван;ул. Новый Арбат, 13;55.752170;37.593113;osm-55.75217-37.59311;2026-02-14
Соседи;ул. Красноказарменная, 14А к6;55.752177;37.710938;osm-55.75218-37.71094;2025-01-21
Gourmet Lunch;пр. Завода Серп и Молот, 10;55.752196;37.703496;osm-55.75220-37.70350;2024-07-15
Met Tea;ул. Новый Арбат, 13;55.752208;37.593674;osm-55.75221-37.59367;2026-02-14
РомБаба;ул. Новый Арбат, 13;55.752210;37.593927;osm-55.75221-37.59393;2026-02-14
Il Letterato;ул. Воздвиженка, 1;55.752217;37.611609;osm-55.75222-37.61161;2024-09-11
Жигули;ул. Новый Арбат, 11 с1;55.752241;37.596749;osm-55.75224-37.59675;2026-02-14
Джари;пр. Завода Серп и Молот, 10;55.752269;37.703808;osm-55.75227-37.70381;2024-07-03
Ёбидоёби;ул. Красноказарменная, 14А к6;55.752269;37.711763;osm-55.75227-37.71176;2024-09-30
Лаваш Loft;Реутов, Носовихинское ш., 102 с1;55.752266;37.900417;osm-55.75227-37.90042;2025-09-12
Istanbul;ул. Новый Арбат, 11;55.752289;37.596048;osm-55.75229-37.59605;2026-02-14
Dостоевский;ул. Моховая, 14;55.752301;37.611066;osm-55.75230-37.61107;2025-12-20
Richy Richy;Кутузовский просп., 2/1 с6;55.752316;37.567048;osm-55.75232-37.56705;2026-01-14
Hot Bird;ул. Арбат, 6/2;55.752317;37.597098;osm-55.75232-37.59710;2025-04-15
КуулКлевер;пр. Невельского, 6 к2;55.752448;37.700826;osm-55.75245-37.70083;2024-09-24
Eleven;Арбатская пл., 14;55.752462;37.602125;osm-55.75246-37.60213;2023-10-25
Eazzy Wok;пр. Невельского, 6 к2;55.752466;37.700643;osm-55.75247-37.70064;2024-08-07
Донерчик;ул. Новый Арбат, 7А;55.752488;37.597329;osm-55.75249-37.59733;2026-02-14
Трапезная;ул. Варварка, 4;55.752557;37.627503;osm-55.75256-37.62750;2024-02-07
Дежурная;ул. Новый Арбат, 7А;55.752581;37.597288;osm-55.75258-37.59729;2026-02-14
Doner Time;ул. 3-я Владимирская, 31/33;55.752586;37.791964;osm-55.75259-37.79196;2026-10-01
Oomat Samsa;ул. 3-я Владимирская, 31/33;55.752586;37.792104;osm-55.75259-37.79210;2026-10-01
Shashlyk Djan;ул. 3-я Владимирская, 31/33;55.752594;37.792153;osm-55.75259-37.79215;2026-10-01
Волконский;ул. Воздвиженка, 7/6 с1;55.752601;37.605777;osm-55.75260-37.60578;2025-11-02
Kostèr Сити;ул. Воздвиженка, 9 с2;55.752632;37.603756;osm-55.75263-37.60376;2025-11-02
Машенька;ул. Варварка, 14;55.752634;37.631675;osm-55.75263-37.63168;2026-09-28
Lobby;ул. Варварка, 2;55.752644;37.626099;osm-55.75264-37.62610;2025-10-04
Good Tea;ул. Новый Арбат, 7А;55.752659;37.597311;osm-55.75266-37.59731;2026-02-14
CofAir;ул. Воздвиженка, 9;55.752662;37.605145;osm-55.75266-37.60515;2025-11-02
Abbey Players;ул. Новый Арбат, 5;55.752678;37.598141;osm-55.75268-37.59814;2026-02-14
Пян-се;Романов пер., 2/6 с1;55.752685;37.609340;osm-55.75268-37.60934;2026-05-13
Сеньор Денёр;ул. Дзержинского, 9;55.752691;37.857127;osm-55.75269-37.85713;2024-07-21
Forever Coffee;ул. 3-я Владимирская, 31/33;55.752730;37.791775;osm-55.75273-37.79178;2026-10-01
Старая Грузия;Подколокольный пер., 16/2 с1;55.752806;37.645620;osm-55.75281-37.64562;2026-07-06
Кофе & завтраки;Покровский бул., 18/15 с2;55.752818;37.646088;osm-55.75282-37.64609;2023-11-08
Буфетоф&Рамен;ул. Воронцово Поле, 2/1;55.752868;37.647577;osm-55.75287-37.64758;2026-09-25
Капибар;ул. Новый Арбат, 30/9;55.752882;37.582230;osm-55.75288-37.58223;2025-02-19
Собрание 19;Подколокольный пер., 4 с4;55.752876;37.640852;osm-55.75288-37.64085;2026-07-18
Царская рюмочная;Новинский бул., 12;55.752891;37.583995;osm-55.75289-37.58400;2025-10-12
Viet Pho;Подколокольный пер., 4 с4;55.752908;37.640531;osm-55.75291-37.64053;2026-07-18
Волконский;ул. Новый Арбат, 22;55.752932;37.588957;osm-55.75293-37.58896;2026-05-10
Soul Burger;ул. Новый Арбат, 22;55.752958;37.588895;osm-55.75296-37.58890;2026-05-10
Эверест;ул. Авиамоторная, 12 к2;55.752962;37.715862;osm-55.75296-37.71586;2026-05-13
Варварка III;ул. Варварка, 8;55.753003;37.627509;osm-55.75300-37.62751;2025-10-04
Буховски'с;Славянская пл., 2/5/4;55.753012;37.635305;osm-55.75301-37.63531;2025-11-23
Не горюй;Трубниковский пер., 11;55.753103;37.586441;osm-55.75310-37.58644;2026-05-10
Liberty;Славянская пл., 2/5/4;55.753104;37.635100;osm-55.75310-37.63510;2025-11-23
Golden Coffee;ул. Новый Арбат, 6;55.753107;37.596467;osm-55.75311-37.59647;2025-12-07
Burger first;ул. Нижняя Сыромятническая, 10 с11;55.753157;37.666765;osm-55.75316-37.66676;2025-05-04
ЦентроЧай;ул. Нижняя Сыромятническая, 11 к1;55.753163;37.671212;osm-55.75316-37.67121;2026-09-25
True Cost;Славянская пл., 2/5/4;55.753176;37.634918;osm-55.75318-37.63492;2025-11-23
Пиzzа;ул. Нижняя Сыромятническая, 10 с10;55.753179;37.667858;osm-55.75318-37.66786;2026-03-13
Beer&Balls;ул. Воздвиженка, 4/7 с2;55.753194;37.610396;osm-55.75319-37.61040;2025-01-27
Saf;ул. Авиамоторная, 12;55.753210;37.715839;osm-55.75321-37.71584;2025-01-21
Хинкальная;ул. Новый Арбат, 22;55.753216;37.589099;osm-55.75322-37.58910;2026-05-10
Гоген;ул. Нижняя Сыромятническая, 10 с10;55.753225;37.667551;osm-55.75323-37.66755;2026-03-13
1929;Славянская пл., 2/5/4;55.753236;37.634766;osm-55.75324-37.63477;2025-11-23
Тэму;ул. Новый Арбат, 2;55.753248;37.599741;osm-55.75325-37.59974;2026-06-15
Pro.Шашлык;ул. Поварская, 10 с1;55.753390;37.598091;osm-55.75339-37.59809;2026-05-10
Таёжный;ул. Красноказарменная, 16;55.753422;37.710381;osm-55.75342-37.71038;2025-01-23
Сыто Пьяно;ул. Авиамоторная, 41Б;55.753417;37.716511;osm-55.75342-37.71651;2025-01-21
Kislovsky;ул. Воздвиженка, 10;55.753430;37.605619;osm-55.75343-37.60562;2025-12-20
Here'n'now;ул. Воздвиженка, 10;55.753523;37.605662;osm-55.75352-37.60566;2025-12-20
Трапезная;ул. Воронцово Поле, 16 с4;55.753597;37.654269;osm-55.75360-37.65427;2025-10-28
Подкоп;Подкопаевский пер., 4 с7;55.753652;37.641670;osm-55.75365-37.64167;2026-07-18
Равиоли;ул. Большая Филёвская, 4;55.753671;37.512186;osm-55.75367-37.51219;2024-02-23
Coffeeport;Нижний Кисловский пер., 1 с2;55.753730;37.605747;osm-55.75373-37.60575;2025-12-20
Varvarka 3;ул. Ильинка, 4;55.753741;37.626226;osm-55.75374-37.62623;2024-10-21
Культура;ул. Солянка, 4 с1;55.753747;37.637094;osm-55.75375-37.63709;2025-12-30
Piggy;ул. Солянка, 4 с1;55.753780;37.637223;osm-55.75378-37.63722;2025-10-04
Грабли;ул. Солянка, 6;55.753779;37.637814;osm-55.75378-37.63781;2025-08-23
Халял;Старая Купавна, Ласточкин пр., вл8с8;55.753781;38.083820;osm-55.75378-38.08382;2026-07-21
Компот;2-й Сыромятнический пер., 1;55.753798;37.662611;osm-55.75380-37.66261;2025-10-12
Пивотека 465;ул. Большая Филёвская, 4;55.753807;37.511794;osm-55.75381-37.51179;2024-02-23
Here'n'Now;2-й Сыромятнический пер., 1;55.753819;37.661736;osm-55.75382-37.66174;2026-02-20
Виновные;ул. Солянка, 1/2 с2;55.753832;37.638592;osm-55.75383-37.63859;2026-08-02
Двойка;ул. Солянка, 1/2 с2;55.753880;37.638708;osm-55.75388-37.63871;2026-08-02
Tea Palace;Солянский пр., 4/1 с1;55.753893;37.636048;osm-55.75389-37.63605;2025-10-04
Буузы;Солянский пр., 4/1 с1;55.753902;37.636089;osm-55.75390-37.63609;2026-06-15
Хачапури и вино;ул. Солянка, 1/2 с1;55.753896;37.638098;osm-55.75390-37.63810;2026-08-02
Культурно Коротко;Солянский пр., 4/1 с1;55.753917;37.636153;osm-55.75392-37.63615;2026-07-06
Экспромт;ул. Солянка, 1/2 с1;55.753923;37.637562;osm-55.75392-37.63756;2026-01-24
Baker Street;Старая Купавна, Ласточкин пр., вл8с8;55.753943;38.083916;osm-55.75394-38.08392;2024-01-10
Met Tea;ул. Солянка, 2;55.753949;37.636300;osm-55.75395-37.63630;2026-05-06
Silеncio;ул. Солянка, 1/2;55.753978;37.638282;osm-55.75398-37.63828;2023-12-30
Tajiri Go;Романов пер., 2 с1;55.754004;37.608511;osm-55.75400-37.60851;2024-10-18
Roll X;ул. Авиамоторная, 10 к1;55.754012;37.715366;osm-55.75401-37.71537;2026-04-22
Pasta na Solyanke;ул. Солянка, 2/6 с1;55.754034;37.636910;osm-55.75403-37.63691;2025-12-30
Bebo;ул. Солянка, 1/2 с1;55.754054;37.637401;osm-55.75405-37.63740;2024-12-23
Манга;ул. Красноказарменная, 19;55.754065;37.709825;osm-55.75406-37.70983;2024-06-24
Ayu;Романов пер., 2 с1;55.754074;37.608457;osm-55.75407-37.60846;2024-10-18
Штольня;ул. Солянка, 2/6 с1;55.754071;37.636861;osm-55.75407-37.63686;2025-10-04
Три перца;Зелёный просп., 47;55.754066;37.800277;osm-55.75407-37.80028;2024-11-13
Uchiwa;Романов пер., 2 с1;55.754078;37.608591;osm-55.75408-37.60859;2024-10-18
Château Руставели;Романов пер., 2/6 с7;55.754120;37.609941;osm-55.75412-37.60994;2025-11-10
Masa Madre;ул. Солянка, 1/2 с2;55.754134;37.638672;osm-55.75413-37.63867;2026-08-02
Калашный;Калашный пер., 4/1;55.754185;37.602626;osm-55.75418-37.60263;2026-01-02
Carniceria Vino;ул. Солянка, 1/2 с2;55.754196;37.638605;osm-55.75420-37.63860;2026-08-02
Суши Заря Пицца;Старая Купавна, ул. Советская, 17;55.754201;38.083422;osm-55.75420-38.08342;2024-01-07
Столовая №57;ул. Ильинка, 3/8 с1;55.754210;37.623361;osm-55.75421-37.62336;2025-10-04
Coffee.Fm;ул. Авиамоторная, 10 к1;55.754218;37.715417;osm-55.75422-37.71542;2026-04-22
Зацепи кофе;Калашный пер., 2/10 с3;55.754233;37.602903;osm-55.75423-37.60290;2026-09-25
ДНИ;ул. Нижняя Сыромятническая, 1/4 с3;55.754243;37.667205;osm-55.75424-37.66721;2026-05-19
Krasota;Романов пер., 2 с1;55.754263;37.608529;osm-55.75426-37.60853;2026-08-09
Burger Heroes;ул. Нижняя Сыромятническая, 1/4 с3;55.754260;37.667245;osm-55.75426-37.66725;2026-05-19
Chang;ул. Солянка, 1/2 с1;55.754283;37.637399;osm-55.75428-37.63740;2026-05-06
Голден Гросс Кафе;ул. Верхняя Сыромятническая, 2;55.754288;37.659903;osm-55.75429-37.65990;2026-02-20
Senti Menti;ул. Солянка, 1/2 с1;55.754345;37.637593;osm-55.75435-37.63759;2025-05-01
Сеньор Денёр;ул. Электродная, 2 с32;55.754360;37.752585;osm-55.75436-37.75259;2024-02-07
Bambule;ул. Солянка, 1/2;55.754406;37.637751;osm-55.75441-37.63775;2026-05-06
Фестивальное;Ветошный пер., 17;55.754422;37.622818;osm-55.75442-37.62282;2025-10-04
The black swan;ул. Солянка, 1/2;55.754476;37.637927;osm-55.75448-37.63793;2023-11-27
Svet;Подкопаевский пер., 4А;55.754513;37.642293;osm-55.75451-37.64229;2023-10-12
Настенька;Лубянский пр., 25 с2;55.754517;37.634776;osm-55.75452-37.63478;2025-12-30
J'pan;Большой Спасоглинищевский пер., 9/1 с16А;55.754519;37.637477;osm-55.75452-37.63748;2026-05-06
Чайхана;ул. Авиамоторная, 10 к1;55.754529;37.715533;osm-55.75453-37.71553;2025-01-21
22см;ул. Солянка, 1/2;55.754551;37.638121;osm-55.75455-37.63812;2026-05-06
Kava;ул. Воронцово Поле, 18;55.754552;37.655569;osm-55.75455-37.65557;2025-10-13
Пио Розелло;Лубянский пр., 25 с2;55.754557;37.634741;osm-55.75456-37.63474;2026-05-15
Brasserie Lambic;Подсосенский пер., 30 с2;55.754574;37.654012;osm-55.75457-37.65401;2025-10-28
Hanoi;ул. Воронцово Поле, 18;55.754581;37.655710;osm-55.75458-37.65571;2025-10-13
Pizzamento;ул. Мантулинская, 5;55.754586;37.550181;osm-55.75459-37.55018;2025-09-26
Кубдари;Большой Спасоглинищевский пер., 9/1;55.754593;37.636608;osm-55.75459-37.63661;2025-11-16
Хинкали Point;Большой Спасоглинищевский пер., 9/1 с14;55.754601;37.637679;osm-55.75460-37.63768;2025-10-21
Фо Вьет;ул. Верхняя Сыромятническая, 7 с1;55.754613;37.661216;osm-55.75461-37.66122;2025-10-12
Магадан;ул. Ильинка, 3/8 с5;55.754624;37.624731;osm-55.75462-37.62473;2025-10-04
Много кофе;Большой Трёхсвятительский пер., 3 с2;55.754633;37.644399;osm-55.75463-37.64440;2025-04-23
Гетнатун;Большой Кисловский пер., 6;55.754643;37.606516;osm-55.75464-37.60652;2025-12-20
Prosvet;ул. Ильинка, 6/1 с1;55.754636;37.625604;osm-55.75464-37.62560;2023-12-09
Пушкинъ;Красная пл., 3;55.754658;37.621291;osm-55.75466-37.62129;2025-10-04
Мансарда;Большой Спасоглинищевский пер., 9/1 с16А;55.754667;37.637510;osm-55.75467-37.63751;2026-07-17
Chow-Chow;Большой Спасоглинищевский пер., 9/1 с14;55.754666;37.637841;osm-55.75467-37.63784;2026-05-06
Vivian's;Лубянский пр., 25 с2;55.754709;37.634617;osm-55.75471-37.63462;2025-12-30
Origami;Большой Трёхсвятительский пер., 2/1 с7;55.754721;37.645488;osm-55.75472-37.64549;2023-10-14
Узоры;Краснопресненская наб., 2/1;55.754737;37.568159;osm-55.75474-37.56816;2024-10-18
Сибирячка и Снегирь;Большой Спасоглинищевский пер., 9/1;55.754736;37.636421;osm-55.75474-37.63642;2025-11-16
Сюр;Большой Трёхсвятительский пер., 2/1 с8;55.754739;37.642802;osm-55.75474-37.64280;2026-07-18
Af;Большой Трёхсвятительский пер., 2/1 с1;55.754736;37.645261;osm-55.75474-37.64526;2026-09-25
If;Большой Трёхсвятительский пер., 2/1 с1;55.754768;37.645310;osm-55.75477-37.64531;2024-02-06
Newtone;Хлебный пер., 2/3 с3;55.754800;37.597715;osm-55.75480-37.59772;2025-01-24
Mrs Shrimps;Большой Спасоглинищевский пер., 9/1;55.754808;37.636473;osm-55.75481-37.63647;2025-10-21
Yamkee;Манежная пл., 1 с2;55.754820;37.613591;osm-55.75482-37.61359;2026-05-23
Назаре;ул. Земляной Вал, 39/1с1;55.754818;37.657287;osm-55.75482-37.65729;2026-06-18
Китайский летчик Джао Да;Лубянский пр., 25 с1;55.754827;37.634519;osm-55.75483-37.63452;2025-12-30
Мунк;ул. Нижняя Сыромятническая, 1/4 с11;55.754864;37.665904;osm-55.75486-37.66590;2025-05-29
Pir&Rog;Дурасовский пер., 1;55.754872;37.649056;osm-55.75487-37.64906;2026-08-14
Marble;Никитский бул., 10;55.754876;37.601027;osm-55.75488-37.60103;2025-01-16
Namdin;Береговой пр., 5А к2;55.754901;37.509120;osm-55.75490-37.50912;2024-03-25
Nova;Лубянский пр., 25 с1;55.754924;37.634414;osm-55.75492-37.63441;2025-12-30
Рюмочная мечты;Большой Спасоглинищевский пер., 9/1 с10;55.754952;37.637245;osm-55.75495-37.63725;2026-07-18
Sbarro;Манежная пл., 1 с2;55.754962;37.613385;osm-55.75496-37.61339;2026-05-23
Ø36;Большой Трёхсвятительский пер., 2/1 с8;55.754983;37.642922;osm-55.75498-37.64292;2024-02-17
Буфет;Береговой пр., 5А к2;55.754992;37.509451;osm-55.75499-37.50945;2024-03-31
Реджина;Большой Спасоглинищевский пер., 9/1 с10;55.754997;37.637266;osm-55.75500-37.63727;2026-07-18
Beats & Brew;4-й Сыромятнический пер., 3/5 с3;55.754999;37.667156;osm-55.75500-37.66716;2025-05-04
Element Coffee;Борисоглебский пер., 12;55.755015;37.591196;osm-55.75502-37.59120;2026-05-10
Sporco;Большой Спасоглинищевский пер., 9/1 с10;55.755016;37.637111;osm-55.75502-37.63711;2024-04-26
Репей;Большой Трёхсвятительский пер., 2/1 с5;55.755020;37.644407;osm-55.75502-37.64441;2024-02-17
Эклер;Большой Трёхсвятительский пер., 2/1 с5;55.755020;37.644804;osm-55.75502-37.64480;2024-02-17
Закуток;Большой Трёхсвятительский пер., 2/1 с5;55.755026;37.644655;osm-55.75503-37.64466;2024-02-17
Жажда;Большой Трёхсвятительский пер., 2/1 с8;55.755063;37.642995;osm-55.75506-37.64299;2026-07-18
Левантская хижина;Никитский бул., 10;55.755068;37.600855;osm-55.75507-37.60086;2024-10-27
Аренда;Большой Трёхсвятительский пер., 2/1 с5;55.755067;37.644432;osm-55.75507-37.64443;2024-02-23
Shulman Kitchen;Большой Трёхсвятительский пер., 2/1 с5;55.755073;37.644826;osm-55.75507-37.64483;2025-01-27
Винфак;Большой Трёхсвятительский пер., 2 c1;55.755070;37.645396;osm-55.75507-37.64540;2024-02-17
Мастерская;Большой Трёхсвятительский пер., 2 c1;55.755074;37.645491;osm-55.75507-37.64549;2024-02-17
Vкараоке;Рублёвское ш., 52А;55.755084;37.403086;osm-55.75508-37.40309;2025-09-01
Corner Coffee;Покровский бул., 14/6;55.755079;37.647790;osm-55.75508-37.64779;2025-11-23
Фестивальное 2;Красная пл., 3;55.755091;37.621099;osm-55.75509-37.62110;2025-10-04
Монастырская трапеза;Малый Ивановский пер., 2A c2;55.755086;37.640116;osm-55.75509-37.64012;2026-05-06
Еврокафе;ул. Верхняя Сыромятническая, 7 с10;55.755088;37.660919;osm-55.75509-37.66092;2025-10-12
Hite;ул. 1905 года, 2;55.755097;37.560233;osm-55.75510-37.56023;2025-04-05
Zacoffee;ул. Рочдельская, 15 с31;55.755097;37.561500;osm-55.75510-37.56150;2026-01-17
Монастырская трапеза;Малый Ивановский пер., 2A c2;55.755120;37.640036;osm-55.75512-37.64004;2026-05-06
288;Береговой пр., 5А к2;55.755143;37.509022;osm-55.75514-37.50902;2024-03-25
Kurnik;Ветошный пер., 13-15;55.755153;37.622030;osm-55.75515-37.62203;2024-10-27
Los Pollos Bandidos;Манежная пл., 1 с2;55.755170;37.613643;osm-55.75517-37.61364;2026-05-23
HQ! Coffee;ул. Мантулинская, 9 к4;55.755193;37.543504;osm-55.75519-37.54350;2026-05-25
География;ул. Рочдельская, 15 с16;55.755274;37.563996;osm-55.75527-37.56400;2026-01-17
Ikra;ул. Большая Никитская, 5;55.755280;37.609183;osm-55.75528-37.60918;2026-08-09
Ra'men;4-й Сыромятнический пер., 1 с3;55.755278;37.665474;osm-55.75528-37.66547;2025-05-04
Zефир;Береговой пр., 5А к1;55.755302;37.509916;osm-55.75530-37.50992;2024-03-31
Чайхана Лаззат;Манежная пл., 1 с2;55.755344;37.614085;osm-55.75534-37.61409;2026-05-23
Красная площадь, дом 1;Красная пл., 1;55.755362;37.618219;osm-55.75536-37.61822;2023-10-07
Хинкали Мишлен;Никитский бул., 12;55.755366;37.600623;osm-55.75537-37.60062;2024-10-21
Дворный Пивик;Манежная пл., 1 с2;55.755375;37.613725;osm-55.75538-37.61373;2026-05-23
Паоло;Береговой пр., 5А к1;55.755397;37.510083;osm-55.75540-37.51008;2024-03-31
Гвидон;ул. Большая Никитская, 5;55.755413;37.608686;osm-55.75541-37.60869;2026-08-09
Busby;Никитский бул., 12;55.755470;37.600539;osm-55.75547-37.60054;2024-10-27
Coffee Moffee;Береговой пр., 5А к2;55.755485;37.509195;osm-55.75549-37.50919;2024-03-25
Sbarro;Манежная пл., 1 с2;55.755498;37.614662;osm-55.75550-37.61466;2026-05-23
CHICO Californian Grill;Манежная пл., 1 с2;55.755519;37.613934;osm-55.75552-37.61393;2026-05-23
Пролив;Никитский бул., 12;55.755555;37.600462;osm-55.75556-37.60046;2026-09-25
Touché;ул. Рочдельская, 15 с22;55.755611;37.562645;osm-55.75561-37.56265;2026-01-17
Счастье;ул. Никольская, 5/1 с3;55.755632;37.620248;osm-55.75563-37.62025;2026-05-25
Настоишная;Лубянский пр., 19 с1;55.755649;37.633576;osm-55.75565-37.63358;2025-12-30
Всё Лень;ул. Мантулинская, 5 с5;55.755688;37.551011;osm-55.75569-37.55101;2026-02-21
Дружба;ул. Рочдельская, 15 с30;55.755691;37.561239;osm-55.75569-37.56124;2026-01-17
Хитрые люди;4-й Сыромятнический пер., 1/8 с10;55.755696;37.665723;osm-55.75570-37.66572;2024-04-30
Цурцум;4-й Сыромятнический пер., 1 с6;55.755740;37.664731;osm-55.75574-37.66473;2024-04-30
Unlock;Лубянский пр., 19 с1;55.755760;37.633441;osm-55.75576-37.63344;2025-12-30
Макото;Краснопресненская наб., 12 к2;55.755791;37.555904;osm-55.75579-37.55590;2025-09-27
Хинкальная;Богоявленский пер., 6 с1;55.755835;37.623760;osm-55.75583-37.62376;2025-07-22
BQ;Манежная пл., 1 с2;55.755850;37.615585;osm-55.75585-37.61559;2026-05-23
Red Brick;Хохловский пер., 10 с6;55.755864;37.644066;osm-55.75586-37.64407;2026-05-06
Harvard Café;ул. Красноказарменная, 13 с3;55.755888;37.704348;osm-55.75589-37.70435;2026-04-22
Раковарня;ул. Рочдельская, 15 с30;55.755904;37.561220;osm-55.75590-37.56122;2026-01-17
Barrel;4-й Сыромятнический пер., 1/8 с7;55.755905;37.664698;osm-55.75590-37.66470;2025-05-04
The Nappe Bistro;Скатертный пер., 13;55.755928;37.594546;osm-55.75593-37.59455;2023-12-30
Drozdov coffee;4-й Сыромятнический пер., 1/8 с6;55.755975;37.665069;osm-55.75597-37.66507;2025-05-04
Uhvat;ул. Рочдельская, 15 с41;55.756009;37.561988;osm-55.75601-37.56199;2026-01-17
Bagel;Большой Спасоглинищевский пер., 8 с8;55.756005;37.634724;osm-55.75601-37.63472;2023-12-30
Заварка;ул. Рочдельская, 15 с30;55.756032;37.560987;osm-55.75603-37.56099;2026-01-17
Playce;ул. Рочдельская, 15 с29;55.756036;37.563975;osm-55.75604-37.56397;2026-01-17
Кофеин;ул. Никольская, 7-9 с4;55.756063;37.620475;osm-55.75606-37.62047;2025-10-04
ШавЁрма;ул. Мантулинская, 24;55.756088;37.548110;osm-55.75609-37.54811;2026-02-21
Coperto;Покровский бул., 5;55.756090;37.648935;osm-55.75609-37.64894;2026-01-07
Coffee Frisbee;4-й Сыромятнический пер., 1/8 с6;55.756091;37.665549;osm-55.75609-37.66555;2025-05-04
Grafa;Большой Спасоглинищевский пер., 8;55.756096;37.635048;osm-55.75610-37.63505;2026-05-03
Остерия Марио;пл. Манежная, 1, строение 2;55.756141;37.616120;osm-55.75614-37.61612;2026-05-23
Canteen;ул. Рочдельская, 15 с13;55.756152;37.565115;osm-55.75615-37.56511;2026-06-28
Лейкин и закон;ул. Мантулинская, 18;55.756190;37.551248;osm-55.75619-37.55125;2025-09-28
Хлеб & Кофе;Береговой пр., 5 к2;55.756205;37.509513;osm-55.75621-37.50951;2024-03-25
Il Ristorante;ул. Большая Никитская, 12;55.756212;37.606576;osm-55.75621-37.60658;2025-12-20
We Cidreria;Лубянский пр., 15 с2;55.756247;37.632942;osm-55.75625-37.63294;2025-12-30
Tutti Frutti;Манежная пл., 1А;55.756289;37.616333;osm-55.75629-37.61633;2026-05-23
Lumberjack;Большой Спасоглинищевский пер., 3 с5;55.756315;37.635208;osm-55.75632-37.63521;2025-11-16
St.Peters & St.Anton;ул. Моховая, 11 с5;55.756409;37.609746;osm-55.75641-37.60975;2026-08-09
Птицаcиница;Большой Спасоглинищевский пер., 3 с5;55.756414;37.635258;osm-55.75641-37.63526;2023-11-12
Ugolёk;ул. Большая Никитская, 12;55.756424;37.606676;osm-55.75642-37.60668;2025-12-20
Пестики-тычинки;Большой Спасоглинищевский пер., 3 с5;55.756433;37.635242;osm-55.75643-37.63524;2023-11-12
Фрэш;ул. Рочдельская, 15 с43;55.756438;37.566209;osm-55.75644-37.56621;2026-01-17
Jimmy Poy;Лубянский пр., 15 с2;55.756468;37.632532;osm-55.75647-37.63253;2025-12-30
Salad Up;Береговой пр., 5 к2;55.756484;37.508629;osm-55.75648-37.50863;2024-03-31
ТрактирЪ Лефортово;ул. Энергетическая, 22;55.756483;37.715506;osm-55.75648-37.71551;2024-05-30
Северяне;ул. Большая Никитская, 12;55.756490;37.606420;osm-55.75649-37.60642;2025-12-20
El Pimpi;ул. Большая Никитская, 12 с3;55.756552;37.606178;osm-55.75655-37.60618;2025-07-21
Не плачь, пей кофе;ул. Красноказарменная, 15 к2;55.756552;37.705955;osm-55.75655-37.70596;2024-04-26
Шарманка;ул. Авиамоторная, 33;55.756579;37.717002;osm-55.75658-37.71700;2024-06-28
Paróma;ул. Рочдельская, 15 с7;55.756609;37.559761;osm-55.75661-37.55976;2026-01-17
Гарда;ул. Рочдельская, 15 с35;55.756606;37.562643;osm-55.75661-37.56264;2026-01-17
Moris Brew;Никитский бул., 17 с3;55.756606;37.598329;osm-55.75661-37.59833;2025-07-15
Моя рьяnaya babyшка леmиm v cinгапур;ул. Большая Никитская, 14/2 с6;55.756611;37.605912;osm-55.75661-37.60591;2025-12-20
Loola;Старая Купавна, ул. Советская, 15;55.756627;38.082273;osm-55.75663-38.08227;2026-05-21
Мануфактура 15;ул. Рочдельская, 15 с35;55.756640;37.563478;osm-55.75664-37.56348;2026-01-17
Funky Food;ул. Рочдельская, 15 с1;55.756647;37.566442;osm-55.75665-37.56644;2026-01-17
Шарманка;ул. Авиамоторная, 33;55.756650;37.716785;osm-55.75665-37.71679;2024-06-28
Black Milk;Старосадский пер., 6/12;55.756656;37.639325;osm-55.75666-37.63932;2024-08-18
Eliso bistro;ул. Поварская, 29/36 с1;55.756670;37.588222;osm-55.75667-37.58822;2026-05-10
Mamie;ул. Большая Никитская, 14/2 с6;55.756668;37.605648;osm-55.75667-37.60565;2025-12-20
Имрус;Новинский бул., 22 с1;55.756684;37.584997;osm-55.75668-37.58500;2024-05-23
19g Atelier;ул. Самокатная, 4 с13;55.756700;37.675472;osm-55.75670-37.67547;2024-07-29
Beyoglu doner;ул. Никольская, 11-13 с2;55.756710;37.621618;osm-55.75671-37.62162;2025-10-04
Бутчер;Лубянский пр., 15 с2;55.756714;37.632263;osm-55.75671-37.63226;2025-12-30
Kurlovich;ул. Самокатная, 4 с13;55.756723;37.675330;osm-55.75672-37.67533;2026-05-03
Lúwo;ул. Большая Никитская, 15;55.756726;37.603747;osm-55.75673-37.60375;2025-12-20
She;ул. Большая Никитская, 15 с1;55.756744;37.603592;osm-55.75674-37.60359;2025-12-20
Muse;ул. Большая Никитская, 14/2 с7;55.756744;37.605270;osm-55.75674-37.60527;2025-12-20
Petite Decadence;ул. Большая Никитская, 14/2 с7;55.756738;37.605409;osm-55.75674-37.60541;2026-05-15
DNA;ул. Самокатная, 4 с53;55.756752;37.675076;osm-55.75675-37.67508;2025-08-14
Il pizzaiolo;ул. Никольская, 11-13 с1;55.756757;37.621680;osm-55.75676-37.62168;2025-10-04
Coffee In;Реутов, ул. Ленина, 10;55.756760;37.857513;osm-55.75676-37.85751;2024-08-23
Kaleidoscope;ул. Моховая, 15/1;55.756781;37.614084;osm-55.75678-37.61408;2026-01-14
Азиаты;ул. Рочдельская, 15 с8;55.756793;37.563793;osm-55.75679-37.56379;2026-01-17
Marea;Лубянский пр., 15 с2;55.756823;37.632130;osm-55.75682-37.63213;2025-12-30
Dr. Живаго;ул. Моховая, 15/1;55.756830;37.614340;osm-55.75683-37.61434;2026-04-22
Bodro coffee;ул. Рочдельская, 15 с1;55.756851;37.566110;osm-55.75685-37.56611;2026-01-17
Ēdomo;ул. Большая Никитская, 17;55.756854;37.602773;osm-55.75685-37.60277;2026-06-15
Memo;ул. Рочдельская, 15 с35;55.756874;37.562387;osm-55.75687-37.56239;2026-01-17
Qualaquri;Береговой пр., 5 с1;55.756876;37.507256;osm-55.75688-37.50726;2024-10-27
Гурмэ;ул. Никольская, 11-13 с1;55.756879;37.621849;osm-55.75688-37.62185;2025-10-04
Планча;Мерзляковский пер., 22;55.756898;37.596961;osm-55.75690-37.59696;2026-08-01
Джаганнат;Осенний бул., 10 к1;55.756930;37.408948;osm-55.75693-37.40895;2023-10-28
Давид;Никитский бул., 25;55.756940;37.598160;osm-55.75694-37.59816;2025-12-07
Волчок;Большой Спасоглинищевский пер., 1;55.756940;37.634679;osm-55.75694-37.63468;2026-09-25
Magma coffee;ул. Самокатная, 4 с9;55.756943;37.677677;osm-55.75694-37.67768;2024-02-20
Донер кебаб;ул. Самокатная, 4 с9;55.756942;37.677799;osm-55.75694-37.67780;2024-02-20
Ухват;ул. Рочдельская, 15 с35;55.756945;37.563429;osm-55.75695-37.56343;2026-01-17
Ciderella;ул. Никольская, 11-13 с1;55.756953;37.621942;osm-55.75695-37.62194;2025-10-04
Chat noir;ул. Самокатная, 4 с9;55.756951;37.677930;osm-55.75695-37.67793;2024-02-20
Evergreen;Шмитовский пр., 19;55.756978;37.547528;osm-55.75698-37.54753;2026-04-26
True cost;ул. Рочдельская, 15 с8;55.756982;37.564086;osm-55.75698-37.56409;2026-01-17
Shokunin;Покровский бул., 8 с2;55.756989;37.646306;osm-55.75699-37.64631;2026-06-19
Москва;ул. Охотный Ряд, 2;55.757000;37.617517;osm-55.75700-37.61752;2026-01-26
На вина!;ул. Большая Никитская, 23/14/9;55.757020;37.599744;osm-55.75702-37.59974;2026-01-02
Юг22;ул. Большая Никитская, 22/2;55.757016;37.603321;osm-55.75702-37.60332;2026-07-31
Niki;ул. Большая Никитская, 22/2;55.757031;37.603138;osm-55.75703-37.60314;2026-07-31
Кофеин;ул. Никольская, 11-13 с5;55.757042;37.622090;osm-55.75704-37.62209;2025-10-04
Ester;ул. Большая Никитская, 22/2;55.757051;37.602975;osm-55.75705-37.60298;2026-07-31
Tokyo;ул. Большая Никитская, 22/2;55.757065;37.602832;osm-55.75706-37.60283;2026-07-31
Шалаш;Реутов, ул. Транспортная, 27;55.757068;37.887821;osm-55.75707-37.88782;2024-06-07
Das Brot;ул. Самокатная, 4 с12;55.757092;37.675279;osm-55.75709-37.67528;2026-06-04
Buro29;ул. Буракова, 29;55.757104;37.735430;osm-55.75710-37.73543;2024-02-10
Iggy;ул. Большая Никитская, 23/14/9;55.757105;37.599665;osm-55.75711-37.59967;2026-01-02
AST.wine;ул. Большая Никитская, 24/1 с6;55.757108;37.602419;osm-55.75711-37.60242;2026-07-31
Rusty;Большой Черкасский пер., 11 с1;55.757114;37.627509;osm-55.75711-37.62751;2026-06-19
Novikov;ул. Тверская, 3;55.757121;37.613372;osm-55.75712-37.61337;2026-01-25
Jun;ул. Большая Никитская, 24/1 с6;55.757134;37.602093;osm-55.75713-37.60209;2026-07-31
Чашка настоящего;Подсосенский пер., 17;55.757132;37.652553;osm-55.75713-37.65255;2026-04-18
Рестик;ул. Самокатная, 4 с11;55.757128;37.676400;osm-55.75713-37.67640;2026-06-04
Maya;ул. Большая Никитская, 24/1 с6;55.757143;37.601986;osm-55.75714-37.60199;2026-07-31
ABC coffee roasters;ул. Большая Никитская, 19/16;55.757155;37.600603;osm-55.75715-37.60060;2025-12-20
Хачапури;Театральная пл., 5 с2;55.757150;37.620788;osm-55.75715-37.62079;2023-11-02
SIP coffee;Газетный пер., 3-5 с1;55.757183;37.608021;osm-55.75718-37.60802;2023-12-17
Москвич;ул. Земляной Вал, 32;55.757185;37.657213;osm-55.75718-37.65721;2025-10-12
Фо Оань;ул. Маросейка, 2/15 с1;55.757187;37.632194;osm-55.75719-37.63219;2025-09-04
Loro;ул. Большая Никитская, 21/18 с1;55.757208;37.600282;osm-55.75721-37.60028;2025-12-20
Реберная № 1;Театральная пл., 5 с2;55.757218;37.620921;osm-55.75722-37.62092;2023-11-02
The Line;ул. Маросейка, 4/2 с3;55.757221;37.633800;osm-55.75722-37.63380;2024-10-27
Котофейня;ул. Земляной Вал, 32;55.757239;37.656959;osm-55.75724-37.65696;2025-10-13
Союз;ул. Анны Северьяновой, 3 с3;55.757264;37.553008;osm-55.75726-37.55301;2026-05-31
Michelada;ул. Маросейка, 4/2 с3;55.757264;37.634182;osm-55.75726-37.63418;2025-11-16
Dizengof//99;Покровский бул., 8 с1;55.757255;37.646741;osm-55.75726-37.64674;2026-01-14
Кафетериус;ул. Большая Никитская, 35;55.757282;37.594951;osm-55.75728-37.59495;2025-12-20
Каппо Хироки Аракава;ул. Охотный Ряд, 2;55.757282;37.617137;osm-55.75728-37.61714;2026-01-26
Los Bandidos;ул. Маросейка, 2;55.757276;37.632445;osm-55.75728-37.63244;2025-02-19
Brera;ул. Большая Никитская, 24/1 с1;55.757288;37.601081;osm-55.75729-37.60108;2026-07-31
Lucky;ул. Большая Никитская, 23/14/9;55.757296;37.599571;osm-55.75730-37.59957;2026-07-31
Тоттори;Большой Черкасский пер., 13 с4;55.757300;37.628364;osm-55.75730-37.62836;2026-01-07
Big Jim’s;ул. Большая Никитская, 24/1 с5;55.757320;37.602498;osm-55.75732-37.60250;2023-11-27
Ava;ул. Большая Никитская, 23/14/9;55.757330;37.599457;osm-55.75733-37.59946;2026-07-31
Peshi;ул. Охотный Ряд, 2;55.757335;37.616966;osm-55.75733-37.61697;2026-01-26
Finch;Газетный пер., 3-5 с1;55.757347;37.608226;osm-55.75735-37.60823;2026-03-18
Conversation;ул. Большая Никитская, 23/14/9;55.757356;37.599231;osm-55.75736-37.59923;2026-07-31
Бардак;ул. Маросейка, 6-8 с1;55.757361;37.634374;osm-55.75736-37.63437;2026-06-24
Hey Morning;ул. Маросейка, 4/2 с1;55.757386;37.633265;osm-55.75739-37.63327;2026-06-19
Шаурмидзе;ул. Маросейка, 2/15с1;55.757403;37.633181;osm-55.75740-37.63318;2026-06-19
Дуть;ул. Маросейка, 4/2 с3;55.757413;37.634104;osm-55.75741-37.63410;2026-05-03
Автомойка;Старосадский пер., 3 с2;55.757443;37.639769;osm-55.75744-37.63977;2026-06-19
Hedonist;Покровский бул., 8 с1;55.757444;37.646540;osm-55.75744-37.64654;2025-11-23
Уе!бар;ул. Маросейка, 4/2 с3;55.757451;37.634076;osm-55.75745-37.63408;2026-05-03
Вова's бар;ул. Маросейка, 10/1 с1;55.757460;37.636920;osm-55.75746-37.63692;2024-12-17
Котофейня;ул. Маросейка, 10/1;55.757464;37.637162;osm-55.75746-37.63716;2026-05-10
Моряк и чайка;ул. Маросейка, 4/2 с1;55.757495;37.634055;osm-55.75749-37.63405;2026-05-03
Станция Маросейка;ул. Маросейка, 8;55.757491;37.636607;osm-55.75749-37.63661;2024-10-17
Fridays;ул. Земляной Вал, 33;55.757494;37.658459;osm-55.75749-37.65846;2025-10-12
Parka;ул. Маросейка, 9 с1;55.757509;37.634416;osm-55.75751-37.63442;2026-05-15
Assunta Madre;ул. Поварская, 50;55.757519;37.586782;osm-55.75752-37.58678;2023-10-12
Share;Вознесенский пер., 5;55.757522;37.603853;osm-55.75752-37.60385;2026-08-01
Mono Bar;Покровский бул., 6/20;55.757518;37.646423;osm-55.75752-37.64642;2025-11-23
Охотка;ул. Маросейка, 8;55.757533;37.636660;osm-55.75753-37.63666;2023-12-01
Siyai;ул. Маросейка, 9 с8;55.757539;37.634969;osm-55.75754-37.63497;2024-08-20
Натахтари;ул. Маросейка, 9 с8;55.757545;37.635069;osm-55.75755-37.63507;2025-03-30
Шаурмовский;ул. Сталеваров, вл3Л;55.757563;37.841771;osm-55.75756-37.84177;2023-12-21
Упс!;ул. Маросейка, 8;55.757570;37.635479;osm-55.75757-37.63548;2026-07-13
Компаньон;Старосадский пер., 3 с3;55.757567;37.639863;osm-55.75757-37.63986;2025-12-09
Casa di Famiglia;ул. Металлургов, 7/18;55.757570;37.780338;osm-55.75757-37.78034;2023-10-29
Kaya;Береговой пр., 3;55.757602;37.509209;osm-55.75760-37.50921;2024-03-31
RomiRomi;ул. Маросейка, 8;55.757639;37.636610;osm-55.75764-37.63661;2026-03-18
Клуб;Покровский бул., 6/20;55.757651;37.646104;osm-55.75765-37.64610;2025-11-23
Кебстер!;ул. Маросейка, 9/2 с1;55.757672;37.634079;osm-55.75767-37.63408;2023-12-30
Кофе и кофе;Лялин пер., 22;55.757669;37.652730;osm-55.75767-37.65273;2025-10-28
Хинкали - хачапури;ул. Тверская, 5/6;55.757686;37.611443;osm-55.75769-37.61144;2026-04-25
ZinTea;ул. Маросейка, 9 с1;55.757703;37.634509;osm-55.75770-37.63451;2024-11-17
Roll X;ул. Авиамоторная, 10 к1;55.757709;37.715711;osm-55.75771-37.71571;2023-10-16
Left Bank;ул. Маросейка, 9/2 с1;55.757753;37.633761;osm-55.75775-37.63376;2023-11-27
Песто Кафе;Осенний бул., 10;55.757773;37.409127;osm-55.75777-37.40913;2023-10-28
Megobari;ул. Маросейка, 8;55.757810;37.636390;osm-55.75781-37.63639;2024-08-20
Модники;ул. Маросейка, 9 с8;55.757844;37.634830;osm-55.75784-37.63483;2023-10-12
Рыба моя;Новинский бул., 31;55.757850;37.583469;osm-55.75785-37.58347;2026-06-24
Good tea;ул. Маросейка, 8;55.757851;37.636604;osm-55.75785-37.63660;2025-12-12
Ya Won;Береговой пр., 1А;55.757869;37.510737;osm-55.75787-37.51074;2024-03-31
Mr.Lee;ул. Поварская, 52;55.757865;37.585879;osm-55.75787-37.58588;2023-10-12
Белая Стрекоза;ул. Маросейка, 15;55.757870;37.636330;osm-55.75787-37.63633;2025-01-16
Торро Гриль;ул. Земляной Вал, 33;55.757870;37.658518;osm-55.75787-37.65852;2024-07-17
МоцАрт;Вознесенский пер., 7;55.757892;37.604169;osm-55.75789-37.60417;2026-08-01
10 by Ten;ул. Маросейка, 8;55.757901;37.636845;osm-55.75790-37.63685;2024-08-20
Breakfast;ул. Малая Никитская, 2/1 с1;55.757910;37.597373;osm-55.75791-37.59737;2025-12-20
Сон Красной Панды;ул. Маросейка, 9/2 с4;55.757919;37.633966;osm-55.75792-37.63397;2025-01-16
Земля, прощай!;ул. Маросейка, 17/6 с4;55.757932;37.636990;osm-55.75793-37.63699;2026-06-16
Friends Forever;ул. Малая Никитская, 4 с1;55.757954;37.596996;osm-55.75795-37.59700;2025-12-20
Новогиреевское;ул. Новогиреевская, 20/34 к3;55.757968;37.795239;osm-55.75797-37.79524;2023-10-18
Беловъ;ул. Маросейка, 9/2 с6;55.757984;37.633419;osm-55.75798-37.63342;2026-06-15
Чистая линия;ул. Тверская, 5/6;55.757994;37.612481;osm-55.75799-37.61248;2026-01-25
Breakfast Club;ул. Никольская, 10;55.757994;37.624915;osm-55.75799-37.62492;2025-04-14
Время антракта;ул. Тверская, 5/6;55.757999;37.611977;osm-55.75800-37.61198;2026-01-25
Разведка;Новая пл., 10;55.757995;37.627412;osm-55.75800-37.62741;2025-12-28
Remy Kitchen Bakery;Театральный пр., 2;55.758012;37.621252;osm-55.75801-37.62125;2025-12-12
Было - не было;ул. Маросейка, 9/2 с8;55.758072;37.634796;osm-55.75807-37.63480;2023-11-19
Coba;Новая пл., 10;55.758088;37.627296;osm-55.75809-37.62730;2025-12-28
Вино & Хинкали;ул. Земляной Вал, 33;55.758093;37.658456;osm-55.75809-37.65846;2025-10-13
Арома;ул. Малая Никитская, 19 с2;55.758121;37.590878;osm-55.75812-37.59088;2026-06-15
Mr. Ливанец;Вознесенский пер., 9 с3;55.758141;37.604362;osm-55.75814-37.60436;2026-07-31
69 pints;ул. Тверская, 5/6;55.758136;37.612226;osm-55.75814-37.61223;2026-01-25
Бейрут;ул. Никольская, 10;55.758166;37.624360;osm-55.75817-37.62436;2025-07-31
Ткемали;Новая пл., 10;55.758203;37.627118;osm-55.75820-37.62712;2025-12-28
Магнолия;ул. Покровка, 2/1 с1;55.758200;37.639300;osm-55.75820-37.63930;2024-07-09
Rockets;Тверской бул., 3/1;55.758213;37.597975;osm-55.75821-37.59797;2026-07-31
That Place;Подсосенский пер., 8 с2;55.758247;37.650134;osm-55.75825-37.65013;2026-07-13
Лефортово;ул. Красноказарменная, 9;55.758246;37.697340;osm-55.75825-37.69734;2024-07-04
Телиани;ул. Лефортовский Вал, 11;55.758254;37.700660;osm-55.75825-37.70066;2026-05-13
Are;ул. Покровка, 2/1 с1;55.758305;37.639682;osm-55.75831-37.63968;2026-01-14
Золотая Вобла;ул. Покровка, 2/1 с1;55.758330;37.639801;osm-55.75833-37.63980;2026-01-14
Meteorite;ул. Покровка, 20/1;55.758329;37.647271;osm-55.75833-37.64727;2026-01-07
Crosby Coffee;ш. Энтузиастов, 50А с6;55.758331;37.758347;osm-55.75833-37.75835;2025-04-09
Savva;Театральный пр., 2;55.758379;37.621048;osm-55.75838-37.62105;2026-04-05
Недальний Восток;ул. Поварская, 52/55 с7;55.758391;37.586484;osm-55.75839-37.58648;2025-12-20
Nebar;ул. Покровка, 1/13 с1;55.758401;37.639125;osm-55.75840-37.63912;2026-06-19
Хаджурао;Шмитовский пр., 14 к1;55.758437;37.551170;osm-55.75844-37.55117;2026-02-21
Wine and Crab;ул. Никольская, 19-21/1 с1;55.758437;37.623812;osm-55.75844-37.62381;2025-10-04
Osteria Mario;ул. Покровка, 1/13 с1;55.758452;37.639324;osm-55.75845-37.63932;2025-11-15
Pizz'n'Roll;Старая Купавна, ул. Маршала Батицкого, 12;55.758445;38.081531;osm-55.75845-38.08153;2026-04-07
Кофе Готов;Газетный пер., 9 с11;55.758458;37.609467;osm-55.75846-37.60947;2025-10-26
P4;ул. Покровка, 3/7 с1А;55.758466;37.640441;osm-55.75847-37.64044;2024-07-06
Met Tea;ул. Никольская, 19-21/1 с2;55.758483;37.624556;osm-55.75848-37.62456;2025-10-04
Kulek;ул. Покровка, 2/1 с1;55.758506;37.639516;osm-55.75851-37.63952;2024-10-31
Палаццо Дукале;Тверской бул., 3/1;55.758526;37.598328;osm-55.75853-37.59833;2026-07-31
Рилли?;Малый Златоустинский пер., 3;55.758562;37.634157;osm-55.75856-37.63416;2026-05-03
ТСЛ;Шмитовский пр., 5 с2;55.758569;37.554396;osm-55.75857-37.55440;2026-02-21
Дом, В Котором;ул. Покровка, 14/2 с3;55.758571;37.645377;osm-55.75857-37.64538;2025-11-23
Миндаль;ул. Строителей, 6А;55.758569;37.846234;osm-55.75857-37.84623;2024-12-28
Хинкали у Нино;ул. Покровка, 4 с1;55.758580;37.641092;osm-55.75858-37.64109;2024-07-09
Милк;ул. Покровка, 16/16 с1;55.758592;37.646257;osm-55.75859-37.64626;2025-11-23
Ritmo;ул. Малая Никитская, 12 с1;55.758601;37.593941;osm-55.75860-37.59394;2026-03-17
Ramen Ten;ул. Покровка, 4 с1;55.758598;37.641202;osm-55.75860-37.64120;2024-07-09
Lumicino;ул. Большая Никитская, 58;55.758613;37.586475;osm-55.75861-37.58648;2025-12-20
Сытый лось;Шмитовский пр., 3 с1;55.758616;37.555497;osm-55.75862-37.55550;2026-02-21
Я тебя люля;ул. Покровка, 16/16 с1;55.758617;37.645989;osm-55.75862-37.64599;2025-11-23
Esh Шаурма;ул. Земляной Вал, 27 с2;55.758620;37.658809;osm-55.75862-37.65881;2026-03-15
Plata Lounge;Малый Конюшковский пер., 2;55.758633;37.580100;osm-55.75863-37.58010;2026-05-01
Mina;ул. Малая Никитская, 16/5;55.758635;37.591235;osm-55.75863-37.59123;2026-05-02
Сыроварня;ул. Большая Никитская, 60 с2;55.758669;37.586184;osm-55.75867-37.58618;2025-12-20
Лан Ма;ул. Покровка, 3/7 с1А;55.758665;37.640216;osm-55.75867-37.64022;2026-06-15
Marion;ул. Покровка, 6;55.758671;37.642178;osm-55.75867-37.64218;2023-11-02
Шаурма Сити;ул. Покровка, 4 с1;55.758684;37.641713;osm-55.75868-37.64171;2026-06-19
Лора Крафт;ул. Покровка, 1/13 с2;55.758696;37.638942;osm-55.75870-37.63894;2023-12-28
Кофепровод;Яковоапостольский пер., 9 с1;55.758697;37.654213;osm-55.75870-37.65421;2025-10-28
Джаганнат;ул. Земляной Вал, 24/30 с1;55.758698;37.657220;osm-55.75870-37.65722;2025-10-12
Dai Viet;Шмитовский пр., 10/7;55.758749;37.552851;osm-55.75875-37.55285;2026-02-21
Шаляпин;Театральный пр., 2;55.758752;37.621442;osm-55.75875-37.62144;2023-11-02
Экспромт;Большой Златоустинский пер., 7 с1;55.758774;37.632548;osm-55.75877-37.63255;2025-11-16
De Laura;ул. Покровка, 6;55.758771;37.642199;osm-55.75877-37.64220;2025-04-14
Maestrello;ул. Покровка, 16;55.758775;37.645873;osm-55.75877-37.64587;2025-11-23
Ясно и Ладно;ул. Покровка, 18/18 с1;55.758769;37.646527;osm-55.75877-37.64653;2026-05-16
On Sight;ул. Покровка, 20 с3;55.758772;37.647514;osm-55.75877-37.64751;2025-06-21
Mates;ул. Покровка, 10 с1;55.758777;37.643305;osm-55.75878-37.64330;2024-07-07
Gussi;Малый Черкасский пер., 1/3 с1;55.758789;37.626088;osm-55.75879-37.62609;2026-01-07
Hanky 3/7;ул. Покровка, 3/7 с1А;55.758787;37.640216;osm-55.75879-37.64022;2024-10-17
Saperavi;ул. Покровка, 5 с5;55.758795;37.640945;osm-55.75879-37.64095;2025-05-04
Мама варит кофе;ул. Покровка, 8;55.758801;37.642370;osm-55.75880-37.64237;2025-04-14
Remy Kitchen Bakery;Тверской бул., 7;55.758820;37.598469;osm-55.75882-37.59847;2026-07-31
Nomer;ул. Покровка, 3/7 с1Г;55.758818;37.639817;osm-55.75882-37.63982;2026-05-15
Зинзивер;Покровский бул., 2/14;55.758816;37.645530;osm-55.75882-37.64553;2025-11-23
Метрополь;Театральный пр., 2;55.758832;37.621171;osm-55.75883-37.62117;2026-01-07
Skrepka!;ул. Покровка, 3/7 с1Г;55.758848;37.639718;osm-55.75885-37.63972;2024-12-09
Я в Грузии;Большой Конюшковский пер., 27А;55.758889;37.579766;osm-55.75889-37.57977;2026-05-01
Big Wine Freaks;ул. Большая Никитская, 62 с3;55.758903;37.585147;osm-55.75890-37.58515;2025-12-20
Bon Lavash;ул. Покровка, 14/2 с1;55.758906;37.645464;osm-55.75891-37.64546;2025-11-23
#Farш;ул. Никольская, 12/1/2 с1;55.758921;37.625147;osm-55.75892-37.62515;2025-10-04
White Fox;Большой Трёхгорный пер., 6;55.758943;37.563552;osm-55.75894-37.56355;2026-01-17
Couture;Яковоапостольский пер., 12 с1;55.758936;37.656080;osm-55.75894-37.65608;2025-10-28
Moris Brew;ул. Малая Бронная, 2 с1;55.758949;37.598169;osm-55.75895-37.59817;2023-12-17
Geisha Superman;Тверской бул., 7;55.758954;37.598750;osm-55.75895-37.59875;2026-07-31
Исси и Биси;ул. Малая Бронная, 2 с1;55.758961;37.598439;osm-55.75896-37.59844;2024-10-21
Kill Fish;ул. Покровка, 10 с2;55.758968;37.644319;osm-55.75897-37.64432;2025-11-23
Nouge;ул. Покровка, 10 с1;55.758978;37.643580;osm-55.75898-37.64358;2025-11-23
Йорик убил Хамлета;ул. Покровка, 16;55.758981;37.645733;osm-55.75898-37.64573;2025-11-23
Столовая ЦИАМ;ул. Авиамоторная, 2;55.758991;37.709899;osm-55.75899-37.70990;2023-12-11
О'Коннелл'с паб;ул. Покровка, 18/18 с1;55.758997;37.646301;osm-55.75900-37.64630;2026-01-07
ABC coffee roasters;ул. Покровка, 6;55.759009;37.642162;osm-55.75901-37.64216;2023-10-19
Магадан;ул. Дружинниковская, 30 с1;55.759017;37.576308;osm-55.75902-37.57631;2026-01-17
Рыбы нет;ул. Никольская, 12/1/2 с1;55.759018;37.625327;osm-55.75902-37.62533;2025-10-04
Alexander's митпойнт;Вознесенский пер., 12 с1;55.759029;37.605485;osm-55.75903-37.60549;2026-07-31
Пицца и Каноли;ул. Малая Никитская, 24 с7;55.759055;37.588724;osm-55.75905-37.58872;2026-04-25
Centrale Bistro;Брюсов пер., 11;55.759049;37.605688;osm-55.75905-37.60569;2026-05-15
Ketch Up;ул. Покровка, 10 с2;55.759052;37.644307;osm-55.75905-37.64431;2025-11-23
Цыпа доннер;ул. Покровка, 12 с1;55.759056;37.644509;osm-55.75906-37.64451;2025-11-23
Пше’Nizza;Шмитовский пр., 10/7;55.759074;37.552817;osm-55.75907-37.55282;2026-02-21
Dodgy;ул. Покровка, 9 с1;55.759073;37.642602;osm-55.75907-37.64260;2026-01-20
Шава Моя Шава;ул. Энергетическая, 14 к1;55.759075;37.708357;osm-55.75908-37.70836;2024-06-28
Русский паб;Тверской бул., 10 с1;55.759095;37.600429;osm-55.75910-37.60043;2024-04-02
StandUp Cafe;ул. Покровка, 14/2 с1;55.759099;37.645636;osm-55.75910-37.64564;2025-11-23
Нах;ул. Тверская, 9;55.759121;37.610844;osm-55.75912-37.61084;2026-01-25
Duets;ул. Садовая-Кудринская, 2/62/35 с2;55.759126;37.585387;osm-55.75913-37.58539;2025-12-20
Phantom;ул. Малая Никитская, 24 с2;55.759136;37.588218;osm-55.75914-37.58822;2026-04-25
Моряк и чайка;ул. Покровка, 14/2 с1;55.759203;37.645654;osm-55.75920-37.64565;2025-03-10
Волковская пивоварня;Нижний Сусальный пер., 5 с7;55.759223;37.663311;osm-55.75922-37.66331;2026-09-25
Wu Shu;ул. Покровка, 18/18 с3;55.759231;37.645850;osm-55.75923-37.64585;2026-01-20
Блины у камина;Барашёвский пер., 4;55.759234;37.649196;osm-55.75923-37.64920;2025-07-24
Спица;ул. Никольская, 25;55.759241;37.625045;osm-55.75924-37.62505;2023-11-12
Тайская тема;ул. Тверская, 9;55.759249;37.610967;osm-55.75925-37.61097;2023-10-21
Трапеза;Нижний Сусальный пер., 5 с19;55.759248;37.666433;osm-55.75925-37.66643;2025-05-04
Старина Мюллер;Шмитовский пр., 2 с1;55.759260;37.556755;osm-55.75926-37.55676;2024-07-19
Mon Viet;ул. Тверская, 9;55.759273;37.610990;osm-55.75927-37.61099;2023-10-21
Пилзнер;ул. Покровка, 15/16 с1;55.759335;37.644873;osm-55.75934-37.64487;2025-11-23
Balzi Rossi;Кудринская пл., 1;55.759374;37.581671;osm-55.75937-37.58167;2026-08-07
Скворец;ул. Малая Бронная, 4;55.759418;37.597521;osm-55.75942-37.59752;2026-05-16
ExtraVirgin;ул. Покровка, 14/2 с1;55.759425;37.645532;osm-55.75943-37.64553;2025-11-23
Так себе бар;ул. Сергея Макеева, 4;55.759435;37.550720;osm-55.75944-37.55072;2026-02-18
ШаурмуЕли;Шмитовский пр., 10/7;55.759441;37.552749;osm-55.75944-37.55275;2025-11-29
Старый Шпинат & Зандукели;Брюсов пер., 8/10 с1;55.759445;37.608756;osm-55.75944-37.60876;2026-09-25
Ланч плэйс;Армянский пер., 9 с1;55.759448;37.637410;osm-55.75945-37.63741;2023-11-17
Эль Кафе;Нижний Сусальный пер., 5 с19;55.759461;37.665837;osm-55.75946-37.66584;2025-05-04
Академия;Камергерский пер., 2;55.759472;37.612958;osm-55.75947-37.61296;2026-01-25
Булка;ул. Покровка, 19;55.759546;37.646376;osm-55.75955-37.64638;2026-01-07
Неслучайно 0808;Шмитовский пр., 10/7;55.759568;37.552635;osm-55.75957-37.55264;2026-01-14
Кондитерская Олега Ильина;Большой Конюшковский пер., 27А;55.759599;37.580198;osm-55.75960-37.58020;2026-05-01
Laffa Laffa;ул. Малая Бронная, 4;55.759606;37.597400;osm-55.75961-37.59740;2026-05-16
Булошная;Лялин пер., 7/2;55.759611;37.652035;osm-55.75961-37.65203;2025-04-17
Восток;ул. Авиамоторная, 6 с8;55.759607;37.715844;osm-55.75961-37.71584;2024-08-29
Есть хинкали, пить вино;ул. Малая Бронная, 4;55.759707;37.597259;osm-55.75971-37.59726;2026-05-16
Аджария;ул. Тверская, 9А с6;55.759747;37.609874;osm-55.75975-37.60987;2024-08-31
Capo;ул. Большая Дмитровка, 5/6 с1;55.759756;37.615777;osm-55.75976-37.61578;2024-11-16
22см;ул. Покровка, 25 с1;55.759783;37.647828;osm-55.75978-37.64783;2025-11-22
Symposy;Нижний Сусальный пер., 5 с4;55.759805;37.662972;osm-55.75981-37.66297;2026-09-25
Vanwok;Театральный пр., 5 с1;55.759827;37.624813;osm-55.75983-37.62481;2024-01-06
Остров Пасхи;ул. Покровка, 26/1 с1;55.759838;37.648909;osm-55.75984-37.64891;2023-11-18
В бокале с креслом - мятая вода;ул. Покровка, 27 с20;55.759855;37.648100;osm-55.75986-37.64810;2026-07-13
Saray;ул. Малая Никитская, 24 с5;55.759910;37.587222;osm-55.75991-37.58722;2025-12-25
Tintoretto;Большой Казённый пер., 1/2;55.759922;37.652770;osm-55.75992-37.65277;2024-11-03
Чеховъ;Камергерский пер., 3;55.759935;37.613000;osm-55.75993-37.61300;2026-01-25
Арарат;ул. Неглинная, 4;55.759932;37.621420;osm-55.75993-37.62142;2026-04-05
Dark Patrick's;ул. Мясницкая, 10 с1;55.759962;37.631577;osm-55.75996-37.63158;2025-11-16
#the Жарим по-грузински;ул. Большая Дмитровка, 5/6 с3;55.759968;37.613911;osm-55.75997-37.61391;2026-01-25
KOM;Большой Казённый пер., 1/2;55.759982;37.652862;osm-55.75998-37.65286;2024-08-26
Essenza by Mauro Panebianco;Леонтьевский пер., 14;55.760005;37.604443;osm-55.76000-37.60444;2026-08-01
Клаштер;ул. Покровка, 19;55.760003;37.646088;osm-55.76000-37.64609;2026-08-10
Hidden;ул. Большая Дмитровка, 5/6 с3;55.760010;37.614010;osm-55.76001-37.61401;2026-01-25
№ 13;ул. Малая Бронная, 13;55.760066;37.596478;osm-55.76007-37.59648;2026-05-16
Narnia;ул. Большая Бронная, 2/6;55.760072;37.597336;osm-55.76007-37.59734;2025-12-26
Moro;ул. Большая Дмитровка, 5/6 с3;55.760078;37.614249;osm-55.76008-37.61425;2026-05-19
БлинБери;Нижний Сусальный пер., 6 с4;55.760076;37.661916;osm-55.76008-37.66192;2025-05-04
Bro&N;ул. Большая Дмитровка, 5/6 с3;55.760107;37.614287;osm-55.76011-37.61429;2026-01-25
Афина;ул. Большая Бронная, 2/6;55.760120;37.597455;osm-55.76012-37.59745;2025-12-26
НеДетский;Театральный пр., 5 с1;55.760130;37.624838;osm-55.76013-37.62484;2026-07-13
Ахимса Шоколад;ул. Покровка, 27 с1;55.760135;37.648400;osm-55.76013-37.64840;2026-09-27
Грабли;Театральный пр., 5 с1;55.760139;37.625871;osm-55.76014-37.62587;2023-11-15
Ramen Room;ул. Садовая-Кудринская, 3Б;55.760194;37.584796;osm-55.76019-37.58480;2026-07-13
Teddy Bar;Театральный пр., 5 с1;55.760190;37.624484;osm-55.76019-37.62448;2025-09-10
Хаос;ул. Покровка, 28 с3;55.760204;37.649481;osm-55.76020-37.64948;2023-11-19
Генацвале;ул. Земляной Вал, 18 с4;55.760219;37.656787;osm-55.76022-37.65679;2026-03-15
Лицей;Лялин пер., 8 с2;55.760228;37.651406;osm-55.76023-37.65141;2024-10-23
Kulek;ул. Большая Дмитровка, 5/6 с4;55.760252;37.614697;osm-55.76025-37.61470;2026-01-25
Stars Selected;ул. Большая Дмитровка, 5/6 с3;55.760259;37.614022;osm-55.76026-37.61402;2026-01-25
Аист;ул. Малая Бронная, 8 с1;55.760289;37.596919;osm-55.76029-37.59692;2025-12-26
Хищnик;ул. Большая Дмитровка, 5/6 с4;55.760289;37.614782;osm-55.76029-37.61478;2026-01-25
Те самые пончики;Театральный пр., 5 с1;55.760289;37.624618;osm-55.76029-37.62462;2025-09-10
Temple Bar;Нижний Сусальный пер., 5 с4;55.760290;37.663722;osm-55.76029-37.66372;2026-03-15
Gusto;ул. Большая Дмитровка, 7/5;55.760312;37.614200;osm-55.76031-37.61420;2026-01-25
КидБург;Театральный пр., 5 с1;55.760333;37.625227;osm-55.76033-37.62523;2024-04-29
ВуФо;Нижний Сусальный пер., 5 с2;55.760340;37.662175;osm-55.76034-37.66217;2026-09-25
Coffeeport;ул. Баррикадная, 19 с1;55.760354;37.580343;osm-55.76035-37.58034;2025-12-20
Чайная высота;ул. Тверская, 6 с1;55.760365;37.611287;osm-55.76037-37.61129;2025-09-13
КоТОфейня;ул. Костикова, 3;55.760407;37.554637;osm-55.76041-37.55464;2026-05-15
Порто Миконос гриль;Театральный пр., 5 с1;55.760419;37.624989;osm-55.76042-37.62499;2026-09-04
Bo;ул. Пушечная, 11;55.760423;37.625089;osm-55.76042-37.62509;2024-01-06
Simach в Недальнем;Тверской бул., 15 с2;55.760426;37.600185;osm-55.76043-37.60019;2026-07-31
Таксим;ул. Большая Дмитровка, 5/6;55.760427;37.615186;osm-55.76043-37.61519;2026-01-25
Гамарджоба, генацвале!;ул. Пушечная, 11;55.760438;37.624817;osm-55.76044-37.62482;2024-01-06
Krunchy Dream;Камергерский пер., 5/7;55.760456;37.614584;osm-55.76046-37.61458;2026-01-25
Хинкальная;Нижний Сусальный пер., 5 с2;55.760468;37.662411;osm-55.76047-37.66241;2025-05-04
Viktoria&Albert;ул. Трёхгорный Вал, 14 с1;55.760494;37.561342;osm-55.76049-37.56134;2026-01-17
Под ведьмачьим мечом;Камергерский пер., 5/7;55.760491;37.614686;osm-55.76049-37.61469;2026-01-25
Beermood;Чистопрудный бул., 23 с1;55.760487;37.646466;osm-55.76049-37.64647;2026-08-10
Второй этаж;Чистопрудный бул., 23 с2;55.760514;37.647264;osm-55.76051-37.64726;2026-05-15
Drunk Punk;Нижний Сусальный пер., 5 с2;55.760550;37.662471;osm-55.76055-37.66247;2025-05-04
Волконский;Камергерский пер., 5/7;55.760569;37.614878;osm-55.76057-37.61488;2026-01-25
Mangal;ул. 1-я Владимирская, 4А;55.760582;37.772785;osm-55.76058-37.77278;2024-05-28
Остерия Марио;ул. Баррикадная, 21/34;55.760611;37.579268;osm-55.76061-37.57927;2025-12-20
Савой;ул. Пушечная, 4 с2;55.760624;37.623292;osm-55.76062-37.62329;2025-10-04
Neighborhood;ул. Мясницкая, 14/2 с1;55.760616;37.632205;osm-55.76062-37.63220;2025-08-05
Экта;ул. Макаренко, 2/21 с1;55.760646;37.646284;osm-55.76065-37.64628;2026-08-11
Старик и море;Чистопрудный бул., 12А с1;55.760681;37.643918;osm-55.76068-37.64392;2025-11-23
Рябчик;ул. Макаренко, 2/21 с3;55.760697;37.647353;osm-55.76070-37.64735;2025-07-21
Ёж и Устрица;ул. Пушечная, 4 с1;55.760707;37.622272;osm-55.76071-37.62227;2025-02-03
Шатёр;Чистопрудный бул., 12А;55.760727;37.644655;osm-55.76073-37.64466;2024-05-03
Арома;ул. Большая Дмитровка, 8 с2;55.760739;37.615628;osm-55.76074-37.61563;2026-05-15
Арма крафт;Нижний Сусальный пер., 5 с9;55.760747;37.663914;osm-55.76075-37.66391;2026-09-18
CoffeeNat;Нижний Сусальный пер., 5А с3;55.760761;37.664151;osm-55.76076-37.66415;2025-05-04
Fitz;ул. Мясницкая, 16;55.760781;37.632276;osm-55.76078-37.63228;2025-08-05
Хорошая девочка;ул. Малая Бронная, 10;55.760792;37.596562;osm-55.76079-37.59656;2026-05-16
Техникум;ул. Большая Дмитровка, 7/5 с2;55.760790;37.614840;osm-55.76079-37.61484;2026-09-08
Tajj Mahal;ул. Пушечная, 9/6 с1;55.760789;37.624039;osm-55.76079-37.62404;2025-10-04
Bodro Coffee;Нижний Сусальный пер., 5 соор2;55.760801;37.662489;osm-55.76080-37.66249;2025-05-04
Бистро de Torino;ул. Мясницкая, 14/2 с1;55.760810;37.632059;osm-55.76081-37.63206;2024-04-26
Хинкальная;ул. Энергетическая, 6;55.760810;37.703745;osm-55.76081-37.70374;2024-06-28
Let's Rock;ул. Кузнецкий Мост, 4;55.760834;37.616332;osm-55.76083-37.61633;2026-01-25
Стейк & Бургер Мираторг;ул. Рождественка, 5/7 с2;55.760842;37.623388;osm-55.76084-37.62339;2026-03-18
Здрасьте! Нам по пасте!;ул. Мясницкая, 7 с6;55.760841;37.630238;osm-55.76084-37.63024;2025-11-16
ГлавПивМаг;Пятницкий пер., 2;55.760844;37.646085;osm-55.76084-37.64608;2026-08-10
Steak It Easy;ул. Мясницкая, 7 с1;55.760852;37.631646;osm-55.76085-37.63165;2024-08-14
Рамен Клаб;ул. Мясницкая, 16;55.760852;37.632489;osm-55.76085-37.63249;2026-07-03
One special;Нижний Сусальный пер., 5 с11;55.760848;37.666366;osm-55.76085-37.66637;2025-07-20
Донер Хаус;ул. Энергетическая, 6;55.760855;37.703654;osm-55.76085-37.70365;2024-06-28
Наука и жизнь;ул. Рождественка, 5/7 с2;55.760861;37.623070;osm-55.76086-37.62307;2023-12-25
Наво;Красногорск, ул. Экспериментальная, 10;55.760866;37.230854;osm-55.76087-37.23085;2025-07-20
Fettucciamo;ул. Мясницкая, 16;55.760892;37.632377;osm-55.76089-37.63238;2026-07-17
Empire Zone;ул. Кузнецкий Мост, 4/3;55.760924;37.616596;osm-55.76092-37.61660;2026-08-06
Fettucciamo;ул. Рождественка, 5/7 с2;55.760921;37.623389;osm-55.76092-37.62339;2026-07-16
Такахули;ул. Малая Бронная, 10;55.760943;37.596497;osm-55.76094-37.59650;2026-06-24
Crazy Cook;ул. Покровка, 34;55.760949;37.650666;osm-55.76095-37.65067;2025-05-01
Чайных Дел Мастерская;Армянский пер., 3-5 с10;55.760956;37.635507;osm-55.76096-37.63551;2026-05-03
Öz kebab;ул. Покровка, 33;55.761013;37.650267;osm-55.76101-37.65027;2025-12-12
Кранчи Дрим;ул. Большая Грузинская, 2/12 с3;55.761049;37.579665;osm-55.76105-37.57966;2025-12-20
Авокадо;Чистопрудный бул., 12А с4;55.761047;37.643498;osm-55.76105-37.64350;2025-11-23
Adam;ул. Мясницкая, 18;55.761061;37.632393;osm-55.76106-37.63239;2026-01-07
Анна;ул. Большая Дмитровка, 10 с4;55.761070;37.615004;osm-55.76107-37.61500;2025-12-12
Patisserie Francois Bodrero;ул. Рождественка, 5/7 с2;55.761065;37.623379;osm-55.76107-37.62338;2025-10-04
Кофе & Пряник;Тверской бул., 20 с4;55.761076;37.603039;osm-55.76108-37.60304;2026-07-31
Ketch Up;Kuznetskiy Most Street, 6/3 с3;55.761136;37.617169;osm-55.76114-37.61717;2026-01-25
Пивбар 6/9;ул. Рождественка, 6/9/20 с1;55.761154;37.624042;osm-55.76115-37.62404;2025-11-23
Sölna;Кривоколенный пер., 10 с4;55.761200;37.635968;osm-55.76120-37.63597;2024-10-27
Калинка;ул. Неглинная, 8/10;55.761214;37.620633;osm-55.76121-37.62063;2026-04-05
Неслучайно 08 08;Красногорск, ул. Ленина, 30 с1;55.761252;37.243175;osm-55.76125-37.24318;2023-11-14
J'pan;ул. Большая Дмитровка, 10 с4;55.761246;37.614867;osm-55.76125-37.61487;2024-11-16
vkusno.cafe;Нижний Сусальный пер., 5 с1;55.761274;37.662809;osm-55.76127-37.66281;2026-03-15
Grill room;Нижний Сусальный пер., 5 с1;55.761279;37.663018;osm-55.76128-37.66302;2025-05-04
Loomi;ул. Неглинная, 8/10;55.761290;37.620594;osm-55.76129-37.62059;2026-04-05
Osteria Mario;ул. Земляной Вал, 9;55.761326;37.658102;osm-55.76133-37.65810;2026-02-28
Кебаб-экспресс;ул. Красная Пресня, 6/2 с1;55.761340;37.574711;osm-55.76134-37.57471;2026-04-25
Brasserie Кузнецкий Мост;Kuznetskiy Most Street, 6/3 с3;55.761338;37.617725;osm-55.76134-37.61773;2026-06-24
Selezen Project;ул. 2-я Черногрязская, 6 к1;55.761359;37.547107;osm-55.76136-37.54711;2024-04-26
Pokeville;ул. Большая Грузинская, 2/12 с3;55.761364;37.579927;osm-55.76136-37.57993;2026-06-28
Odzu;ул. Костикова, 4 к1;55.761372;37.557865;osm-55.76137-37.55786;2026-06-19
Bolshoi;ул. Петровка, 3 с2;55.761370;37.618391;osm-55.76137-37.61839;2025-12-07
Michel;ул. Красная Пресня, 13/5;55.761384;37.571163;osm-55.76138-37.57116;2026-04-25
Субботица;ул. Садовая-Кудринская, 8-10-12 с2;55.761383;37.586779;osm-55.76138-37.58678;2023-12-30
Marcelo Miracles;Кривоколенный пер., 10 с6;55.761375;37.636355;osm-55.76138-37.63636;2026-05-03
vkusno.cafe;Нижний Сусальный пер., 5 с1;55.761394;37.662899;osm-55.76139-37.66290;2025-05-04
Хачапури и вино;ул. Большая Дмитровка, 12/1;55.761410;37.614692;osm-55.76141-37.61469;2026-01-14
Крапива;Потаповский пер., 5 с1;55.761467;37.640772;osm-55.76147-37.64077;2026-06-15
Pho;ул. Трёхгорный Вал, 20;55.761482;37.562217;osm-55.76148-37.56222;2026-01-17
Dante;ул. Кузнецкий Мост, 3 с2;55.761482;37.617486;osm-55.76148-37.61749;2026-05-13
Il Forno;ул. Неглинная, 8/10;55.761495;37.620480;osm-55.76149-37.62048;2026-04-05
Широкую на Широкую;Кривоколенный пер., 12 с8;55.761510;37.636235;osm-55.76151-37.63623;2026-05-03
Сплетни by Anna Asti;ул. Кузнецкий Мост, 3 с2;55.761532;37.617590;osm-55.76153-37.61759;2026-06-19
Во сколько начинается аперитив?;Кривоколенный пер., 10 с5;55.761526;37.636096;osm-55.76153-37.63610;2026-05-03
Кофемания Bez Tarelok;ул. Мясницкая, 11;55.761559;37.632654;osm-55.76156-37.63265;2025-05-01
That place;Чистопрудный бул., 12 к4;55.761558;37.642981;osm-55.76156-37.64298;2025-11-23
Brunnen;Путейский туп., 6;55.761587;37.659643;osm-55.76159-37.65964;2026-02-28
Osteria by Mandy's;Чистопрудный бул., 12 с6;55.761596;37.642242;osm-55.76160-37.64224;2024-10-21
Коктейль-Холл;ул. Тверская, 6 с2;55.761615;37.610769;osm-55.76161-37.61077;2025-04-05
Aaark;ул. Чаплыгина, 20 с7;55.761618;37.649602;osm-55.76162-37.64960;2026-08-10
Настоишная;ул. Рождественка, 5/7;55.761636;37.623727;osm-55.76164-37.62373;2023-10-15
Mátes;ул. Малая Бронная, 16;55.761664;37.596016;osm-55.76166-37.59602;2026-05-16
Ю-Мэ;ул. Покровка, 38А;55.761663;37.651698;osm-55.76166-37.65170;2026-07-25
Gorilla by Баста;ул. Мясницкая, 11;55.761667;37.632856;osm-55.76167-37.63286;2025-10-07
Il Matto;ул. Большая Дмитровка, 9;55.761712;37.614024;osm-55.76171-37.61402;2023-11-17
Настоишная;Нижний Сусальный пер., 4 с3;55.761713;37.662796;osm-55.76171-37.66280;2026-09-25
Vino e Cucina;Шелепихинская наб., 34 к1;55.761719;37.512388;osm-55.76172-37.51239;2024-09-12
Школьник;ул. Земляной Вал, 12/7 с1;55.761725;37.656770;osm-55.76172-37.65677;2026-04-26
Ra'men;ул. Мясницкая, 20;55.761768;37.633080;osm-55.76177-37.63308;2023-12-26
Kook;ул. Мясницкая, 13 с1;55.761795;37.633129;osm-55.76179-37.63313;2023-11-04
Nomo;ул. Земляной Вал, 29 с3;55.761809;37.659415;osm-55.76181-37.65942;2026-02-28
Delulu;ул. Кузнецкий Мост, 20;55.761853;37.624013;osm-55.76185-37.62401;2026-07-13
Dubai;ул. Петровка, 8/11;55.761857;37.618443;osm-55.76186-37.61844;2026-03-18
Lac;ул. 2-я Звенигородская, 12А;55.761868;37.555192;osm-55.76187-37.55519;2026-06-15
Stolovaya;ул. Покровка, 38 с5;55.761887;37.652025;osm-55.76189-37.65203;2025-04-16
Jinju;ул. Макаренко, 9 с1;55.761900;37.648530;osm-55.76190-37.64853;2024-10-21
Хищник;ул. Кузнецкий Мост, 18/7;55.761925;37.623340;osm-55.76192-37.62334;2026-09-30
Кривое колено;Кривоколенный пер., 12 с14;55.761921;37.635819;osm-55.76192-37.63582;2026-07-13
Бублик;ул. Кузнецкий Мост, 18/7;55.761953;37.622670;osm-55.76195-37.62267;2026-01-02
Kiosk 1936;Чистопрудный бул., 12 к4;55.761946;37.642661;osm-55.76195-37.64266;2025-11-23
Max's Beef for Money;Большой Козихинский пер., 4;55.761959;37.598641;osm-55.76196-37.59864;2025-05-05
Fumisawa Sushi;ул. Кузнецкий Мост, 5 с2;55.761975;37.617368;osm-55.76197-37.61737;2026-05-23
Mr.Jet;Кривоколенный пер., 12 с14;55.761967;37.635917;osm-55.76197-37.63592;2026-07-13
Star Hit;ул. Кузнецкий Мост, 18/7;55.761993;37.622956;osm-55.76199-37.62296;2025-11-16
Штейгер;Архангельский пер., 8/2 с1;55.761986;37.638621;osm-55.76199-37.63862;2025-08-05
Mandy’s Apothecary;ул. Кузнецкий Мост, 19 с1;55.761997;37.626036;osm-55.76200-37.62604;2025-11-16
Хачапури и вино;ул. Мясницкая, 13 с2;55.762001;37.633521;osm-55.76200-37.63352;2026-06-24
Моряк и чайка;ул. Кузнецкий Мост, 18/7;55.762011;37.623088;osm-55.76201-37.62309;2026-01-02
OMG!Coffee;ул. Рождественка, 8/15 с3;55.762019;37.624201;osm-55.76202-37.62420;2025-11-16
Lambic Collection;ул. 2-я Звенигородская, 12 с1;55.762030;37.557715;osm-55.76203-37.55772;2026-02-22
Свобода-2;ул. Рождественка, 8/15 с3;55.762028;37.623889;osm-55.76203-37.62389;2025-11-16
Pasta Queen;ул. Кузнецкий Мост, 19 с1;55.762030;37.625852;osm-55.76203-37.62585;2025-11-16
Brasserie 2.0;ул. Красная Пресня, 22;55.762042;37.570758;osm-55.76204-37.57076;2026-04-25
Chang;ул. Мясницкая, 22 с1;55.762047;37.635222;osm-55.76205-37.63522;2026-05-03
Udon;ул. Кузнецкий Мост, 22 с2;55.762057;37.625665;osm-55.76206-37.62566;2026-06-15
Рикос;ул. Кузнецкий Мост, 19 с1;55.762064;37.626044;osm-55.76206-37.62604;2026-09-28
Козловна;ул. Мясницкая, 22 с1;55.762062;37.634241;osm-55.76206-37.63424;2026-01-07
Печорин;ул. 2-я Звенигородская, 12 с21;55.762085;37.557111;osm-55.76208-37.55711;2026-02-23
Mates bistro;ул. 2-я Звенигородская, 12 с21;55.762085;37.557263;osm-55.76208-37.55726;2025-12-12
Шашлыкофф;ул. Кузнецкий Мост, 22 с2;55.762091;37.625433;osm-55.76209-37.62543;2025-11-16
Cho;ул. Мясницкая, 13 с2;55.762087;37.633692;osm-55.76209-37.63369;2023-11-01
Black Milk;Чистопрудный бул., 10 с1;55.762112;37.642506;osm-55.76211-37.64251;2025-11-23
J'pan;ул. Мясницкая, 22 с1;55.762133;37.634394;osm-55.76213-37.63439;2026-05-03
So far kebab;ул. Мясницкая, 13 с2;55.762142;37.633788;osm-55.76214-37.63379;2023-11-01
Па-паэлья;ул. Мясницкая, 22 с1;55.762141;37.635047;osm-55.76214-37.63505;2026-05-03
Ни свет ни заря;ул. Покровка, 41 с1;55.762156;37.651801;osm-55.76216-37.65180;2026-08-21
Japmen;ул. Земляной Вал, 29 с3;55.762156;37.659273;osm-55.76216-37.65927;2026-02-28
Pho'Ngon;ул. 2-я Звенигородская, 13 с4;55.762172;37.554716;osm-55.76217-37.55472;2026-02-21
Уайт Харт;ул. Неглинная, 12 кБ;55.762192;37.620359;osm-55.76219-37.62036;2026-04-05
Практика;Чистопрудный бул., 10 с1;55.762202;37.642390;osm-55.76220-37.64239;2025-11-23
True Cost;ул. Большая Дмитровка, 13;55.762235;37.613445;osm-55.76223-37.61344;2026-05-23
Di Nulla;ул. 2-я Звенигородская, 12А;55.762239;37.555153;osm-55.76224-37.55515;2026-03-18
Quidi;ул. Малая Бронная, 20 с1;55.762248;37.595602;osm-55.76225-37.59560;2026-05-16
Семёнов;Столешников пер., 8;55.762248;37.612710;osm-55.76225-37.61271;2026-04-20
Грузинские каникулы;ул. Кузнецкий Мост, 21/5;55.762251;37.627788;osm-55.76225-37.62779;2025-11-16
Чайхана;ул. Красная Пресня, 29;55.762287;37.564239;osm-55.76229-37.56424;2026-01-17
Субботица;ул. Кузнецкий Мост, 21/5;55.762303;37.627973;osm-55.76230-37.62797;2025-11-16
Гадкий койот;Столешников пер., 8;55.762307;37.612923;osm-55.76231-37.61292;2024-12-12
Пробка;ул. Мясницкая, 22 с1;55.762306;37.635101;osm-55.76231-37.63510;2026-01-07
Everest Continental;ул. 2-я Звенигородская, 13 с4;55.762320;37.554722;osm-55.76232-37.55472;2025-02-03
Kaif Provenance;ул. Большая Дмитровка, 13;55.762319;37.613423;osm-55.76232-37.61342;2024-12-12
Spaten House;ул. Кузнецкий Мост, 21/5;55.762315;37.627346;osm-55.76232-37.62735;2025-11-16
Ess-Thetik;ул. Малая Бронная, 20 с1;55.762331;37.595538;osm-55.76233-37.59554;2026-05-16
Summer Punch;ул. Большая Дмитровка, 13;55.762332;37.613022;osm-55.76233-37.61302;2026-03-18
CVC;Чистопрудный бул., 10 с1;55.762326;37.642219;osm-55.76233-37.64222;2025-11-23
Pivbar;ул. Красная Пресня, 29 с3;55.762354;37.563891;osm-55.76235-37.56389;2024-04-16
Loona;Тверской бул., 24 с1;55.762358;37.603649;osm-55.76236-37.60365;2026-05-18
Ровесник;Малый Гнездниковский пер., 10;55.762363;37.605968;osm-55.76236-37.60597;2025-06-29
Аддис-Абеба;ул. Земляной Вал, 6 с1;55.762360;37.656710;osm-55.76236-37.65671;2026-06-24
Ням-Ням;ул. Радио, 22;55.762356;37.682038;osm-55.76236-37.68204;2024-10-03
Askaneli;ул. Мясницкая, 13 с3;55.762378;37.634187;osm-55.76238-37.63419;2025-12-12
Горыныч;ул. 2-я Звенигородская, 12 с22;55.762392;37.556732;osm-55.76239-37.55673;2026-03-09
ГастроКолледж;Кривоколенный пер., 14 с1;55.762411;37.636978;osm-55.76241-37.63698;2025-11-23
Воробушек;Спиридоньевский пер., 9 с1;55.762428;37.594027;osm-55.76243-37.59403;2024-09-12
Сойка напела;ул. Красная Пресня, 36 с1;55.762442;37.567078;osm-55.76244-37.56708;2026-09-03
Louis the Claw;Спиридоньевский пер., 9 с1;55.762478;37.594233;osm-55.76248-37.59423;2024-06-11
Happy End;Спиридоньевский пер., 9 с1;55.762492;37.594620;osm-55.76249-37.59462;2023-11-11
Chelsea;Малый Гнездниковский пер., 12;55.762507;37.606516;osm-55.76251-37.60652;2026-07-31
Свобода;Кривоколенный пер., 14 с1;55.762524;37.637452;osm-55.76252-37.63745;2025-09-12
Kalabasa;наб. Академика Туполева, 15 к26;55.762531;37.679773;osm-55.76253-37.67977;2023-11-04
Meow;ул. Кузнецкий Мост, 19 с1;55.762562;37.625781;osm-55.76256-37.62578;2026-01-15
Циники;Богословский пер., 8/15;55.762565;37.599587;osm-55.76257-37.59959;2024-01-29
The Lobbiest Bar;ул. Красная Пресня, 30 с3;55.762613;37.568165;osm-55.76261-37.56817;2023-10-12
М2;ул. Спиридоновка, 34;55.762605;37.589885;osm-55.76261-37.58989;2023-12-30
I love cake;Большой Патриарший пер., 4;55.762611;37.592019;osm-55.76261-37.59202;2025-12-25
Craft republic;Малый Гнездниковский пер., 9 с7;55.762614;37.606343;osm-55.76261-37.60634;2026-07-31
Pino;ул. Малая Бронная, 21/13;55.762616;37.594970;osm-55.76262-37.59497;2026-05-16
Pshur;ул. 2-я Звенигородская, 12 с23;55.762632;37.556896;osm-55.76263-37.55690;2025-12-20
Papandopulo;ул. 2-я Звенигородская, 12 с23;55.762627;37.557369;osm-55.76263-37.55737;2026-03-09
По бургеру;ул. 2-я Звенигородская, 12 с23;55.762641;37.556438;osm-55.76264-37.55644;2025-10-12
Ванлав;ул. 2-я Звенигородская, 12 с23;55.762635;37.556626;osm-55.76264-37.55663;2025-10-12
Purkin's Pub;ул. Покровка, 43 с2;55.762638;37.652715;osm-55.76264-37.65272;2026-05-25
Abc Coffee Roasters;ул. 2-я Звенигородская, 12 с1;55.762650;37.557749;osm-55.76265-37.55775;2026-03-09
Мари Ванна;Спиридоньевский пер., 10А;55.762678;37.595630;osm-55.76268-37.59563;2026-05-16
Все твои друзья;Малый Гнездниковский пер., 12/27;55.762678;37.606798;osm-55.76268-37.60680;2026-07-31
Неслучайно 0808;ул. Красная Пресня, 38;55.762688;37.566093;osm-55.76269-37.56609;2026-01-14
Campus;ул. 2-я Магистральная, 16 c1;55.762723;37.530190;osm-55.76272-37.53019;2023-11-24
Оригинал;ул. Земляной Вал, 9A;55.762721;37.659094;osm-55.76272-37.65909;2026-03-15
800 Contemporary Steak;Большой Патриарший пер., 6 с1;55.762731;37.592196;osm-55.76273-37.59220;2025-12-25
Синица;Малый Гнездниковский пер., 9 с1;55.762733;37.605490;osm-55.76273-37.60549;2023-12-05
Сыто Пьяно;ул. Земляной Вал, 7;55.762733;37.657512;osm-55.76273-37.65751;2026-06-24
Zoo Парк Экспресс;ул. Большая Грузинская, 4/6 с4;55.762785;37.580848;osm-55.76279-37.58085;2025-05-28
AVA;ул. Малая Бронная, 21/13 с2;55.762795;37.594791;osm-55.76279-37.59479;2026-05-16
Шануар;Тверской бул., 26/5;55.762793;37.604055;osm-55.76279-37.60406;2026-05-15
Londri;Дмитровский пер., 11;55.762786;37.617341;osm-55.76279-37.61734;2026-05-23
Nephew;Малый Казённый пер., 5А с32;55.762789;37.654527;osm-55.76279-37.65453;2026-05-26
Grace;ул. Спиридоновка, 25/20 с1;55.762798;37.588973;osm-55.76280-37.58897;2026-07-20
O Mela;Спиридоньевский пер., 10А;55.762802;37.595918;osm-55.76280-37.59592;2026-05-16
Ладо;Кривоколенный пер., 9 с2;55.762802;37.637411;osm-55.76280-37.63741;2025-09-12
Куда;Кривоколенный пер., 9 с2;55.762823;37.637328;osm-55.76282-37.63733;2025-11-23
Зойка;Большой Патриарший пер., 8 с1;55.762846;37.592456;osm-55.76285-37.59246;2023-11-11
Miss you;ул. Петровка, 12;55.762847;37.617918;osm-55.76285-37.61792;2026-01-02
Kozlov Club Unplugged;ул. Мясницкая, 13 с5;55.762849;37.634786;osm-55.76285-37.63479;2026-01-07
Буква Ю;ул. Мясницкая, 24/7 с8;55.762851;37.635704;osm-55.76285-37.63570;2025-11-22
Крым;ул. Покровка, 44;55.762858;37.653849;osm-55.76286-37.65385;2024-01-29
Greeks & pasta;ул. Неглинная, 15 с1;55.762878;37.619797;osm-55.76288-37.61980;2026-04-05
Patriki;ул. Малая Бронная, 21/13 с2;55.762887;37.594677;osm-55.76289-37.59468;2026-05-16
Lion's Head Pub;ул. Мясницкая, 13 с5;55.762888;37.634830;osm-55.76289-37.63483;2026-01-07
Кофемания Chef’s;Спиридоньевский пер., 17;55.762912;37.595739;osm-55.76291-37.59574;2026-05-16
Кривоколенный 9с3;Кривоколенный пер., 9 с3;55.762913;37.637818;osm-55.76291-37.63782;2024-06-11
Grand Cru;ул. Малая Бронная, 22 с2;55.762921;37.594966;osm-55.76292-37.59497;2026-05-16
Leo;Спиридоньевский пер., 12/9;55.762927;37.596198;osm-55.76293-37.59620;2025-12-12
Oshi;ул. Малая Бронная, 22 с2;55.763010;37.594863;osm-55.76301-37.59486;2026-05-16
Магнолия;Малый Гнездниковский пер., 9/8 с7;55.763021;37.606936;osm-55.76302-37.60694;2026-05-18
Soul.mo;ул. Земляной Вал, 3/1 с7;55.763032;37.657680;osm-55.76303-37.65768;2026-02-28
Хинкальная;ул. Неглинная, 15 с1;55.763036;37.619787;osm-55.76304-37.61979;2026-08-25
Турандот;Тверской бул., 26/5;55.763049;37.604292;osm-55.76305-37.60429;2023-12-30
Cream Soda;ул. Мясницкая, 24/7 с8;55.763062;37.635038;osm-55.76306-37.63504;2026-01-07
Davidoff Малая Бронная;ул. Малая Бронная, 22 с2;55.763098;37.594758;osm-55.76310-37.59476;2026-05-16
За Крышей;Столярный пер., 3 к8;55.763112;37.568497;osm-55.76311-37.56850;2025-04-14
Хинкали & Vino;ул. Мясницкая, 24/7 с8;55.763120;37.635094;osm-55.76312-37.63509;2026-01-07
Mr. Ливанец;Глинищевский пер., 3;55.763131;37.609570;osm-55.76313-37.60957;2023-12-17
Valiko;Большой Козихинский пер., 12/2;55.763144;37.596908;osm-55.76314-37.59691;2025-05-05
88;ул. Тверская, 12 с17;55.763136;37.609479;osm-55.76314-37.60948;2026-06-15
Сосна и Липа;ул. Мясницкая, 24/7 с5;55.763157;37.636905;osm-55.76316-37.63690;2025-09-12
Хачапури;ул. Тверская, 17;55.763177;37.607085;osm-55.76318-37.60708;2026-03-27
Хлеб да Винчик;Тверской бул., 25 с7;55.763204;37.602909;osm-55.76320-37.60291;2026-08-01
Хинкальный дом Колхида;ул. Садовая-Кудринская, 11;55.763236;37.586747;osm-55.76324-37.58675;2023-10-28
Raw to go;Большой Патриарший пер., 12 с1;55.763243;37.593266;osm-55.76324-37.59327;2024-09-24
Лодочка;Большой Гнездниковский пер., 10;55.763236;37.605299;osm-55.76324-37.60530;2026-05-15
Мегрули;ул. Покровка, 48 с1;55.763259;37.654662;osm-55.76326-37.65466;2024-01-10
Домино'c;ул. Молостовых, 3А;55.763268;37.833226;osm-55.76327-37.83323;2025-02-01
Циферблат;ул. Тверская, 12 с1;55.763280;37.607959;osm-55.76328-37.60796;2024-12-30
Arch 1908;Ермолаевский пер., 6;55.763302;37.589726;osm-55.76330-37.58973;2023-10-16
Maritozzo;ул. Малая Бронная, 24;55.763301;37.594512;osm-55.76330-37.59451;2026-05-16
Jinju;Столешников пер., 9 с3;55.763317;37.614442;osm-55.76332-37.61444;2026-05-23
Романов;ул. Неглинная, 17;55.763338;37.619767;osm-55.76334-37.61977;2026-08-25
Mama Tuta;ул. Малая Бронная, 24;55.763354;37.594462;osm-55.76335-37.59446;2026-05-16
Cyclo;ул. Тверская, 17;55.763351;37.606837;osm-55.76335-37.60684;2023-11-19
Дневник;Столешников пер., 7 с2;55.763353;37.614090;osm-55.76335-37.61409;2026-01-02
Speaker;ул. Покровка, 48 с1;55.763355;37.654877;osm-55.76335-37.65488;2024-01-29
ToMi;ул. Малая Бронная, 27/14;55.763367;37.594126;osm-55.76337-37.59413;2026-05-16
Atlantica Bistro;ул. Мясницкая, 24/7 с2;55.763379;37.635806;osm-55.76338-37.63581;2026-05-15
Тверской. Дом вкуса;Тверской бул., 27 c6;55.763392;37.602907;osm-55.76339-37.60291;2026-07-31
Павильон. Пруд. Патрики;Большой Патриарший пер., 7 с1;55.763396;37.592808;osm-55.76340-37.59281;2025-12-25
Пушкинъ;Тверской бул., 26/5;55.763411;37.604670;osm-55.76341-37.60467;2026-05-15
Павильон. Пруд. Патрики;Большой Патриарший пер., 7 с1;55.763417;37.592739;osm-55.76342-37.59274;2025-12-25
K-BBQ;ул. Малая Бронная, 26 с1;55.763417;37.594377;osm-55.76342-37.59438;2026-05-16
Венеция;Столешников пер., 9 с3;55.763415;37.614922;osm-55.76342-37.61492;2026-05-23
2/7;Чистопрудный бул., 7/2;55.763465;37.642894;osm-55.76346-37.64289;2026-08-10
Дебют;Столешников пер., 9 с5;55.763466;37.615621;osm-55.76347-37.61562;2026-01-02
Habit;ш. Энтузиастов, 86А к3;55.763467;37.798437;osm-55.76347-37.79844;2025-04-27
А.Р.Т;ул. Малая Бронная, 26 с1;55.763492;37.594298;osm-55.76349-37.59430;2026-05-16
Сыто Piano;ул. Тверская, 17;55.763491;37.606677;osm-55.76349-37.60668;2026-03-27
Amov;Гороховский пер., 4 с4;55.763486;37.660165;osm-55.76349-37.66016;2026-03-15
Kalina;ул. Тверская, 12 с9;55.763518;37.609399;osm-55.76352-37.60940;2024-07-05
Bro&N;ул. Малая Бронная, 27/14;55.763531;37.593862;osm-55.76353-37.59386;2023-11-11
Довлатов;ул. Покровка, 50/2 с2;55.763568;37.656078;osm-55.76357-37.65608;2026-04-26
Coffee Kiss;ул. Малая Бронная, 28;55.763593;37.594176;osm-55.76359-37.59418;2026-05-16
Andy's Friends;Чистопрудный бул., 5;55.763603;37.642421;osm-55.76360-37.64242;2026-08-10
Нюанс;ул. Петровка, 15 с3;55.763641;37.615836;osm-55.76364-37.61584;2026-05-23
Lao Lee;Столярный пер., 3 к5;55.763647;37.569428;osm-55.76365-37.56943;2024-08-11
Киану;ул. Малая Бронная, 28;55.763657;37.594098;osm-55.76366-37.59410;2026-05-16
Smash Point;ул. Большая Бронная, 25 с3;55.763677;37.602036;osm-55.76368-37.60204;2026-05-15
Пушкинъ;Тверской бул., 26А;55.763697;37.605029;osm-55.76370-37.60503;2026-05-15
Пушкинъ;Тверской бул., 26А;55.763704;37.605119;osm-55.76370-37.60512;2026-05-15
Meltisss;ул. Большая Бронная, 25 с3;55.763705;37.602081;osm-55.76371-37.60208;2026-05-15
ToTo;Столешников пер., 7 с3;55.763710;37.613884;osm-55.76371-37.61388;2026-09-10
Bigati;ул. Земляной Вал, 1/4 с1;55.763710;37.657493;osm-55.76371-37.65749;2026-02-28
Шербет;ул. Мясницкая, 17 с1;55.763724;37.635685;osm-55.76372-37.63569;2025-09-12
Margarita bistro;ул. Малая Бронная, 28;55.763794;37.593929;osm-55.76379-37.59393;2025-12-25
Found;Столешников пер., 11;55.763791;37.615448;osm-55.76379-37.61545;2026-05-15
Πάφος;Тверской бул., 27 с1;55.763802;37.602604;osm-55.76380-37.60260;2026-05-15
Angel Cakes;Большой Козихинский пер., 15;55.763807;37.595700;osm-55.76381-37.59570;2023-11-08
Buddy McDaniel;ул. Покровка, 50/2 с2;55.763813;37.655947;osm-55.76381-37.65595;2024-04-22
Пилзнер;ул. Пресненский Вал, 4/29;55.763819;37.564007;osm-55.76382-37.56401;2026-01-17
Bruno;ул. Неглинная, 12 кА;55.763853;37.620217;osm-55.76385-37.62022;2026-04-05
Одесса-мама;ул. Тверская, 12 с2;55.763889;37.607136;osm-55.76389-37.60714;2026-05-15
Траттория Semplice;ул. Чаплыгина, 6;55.763926;37.646019;osm-55.76393-37.64602;2026-08-10
Авантюрист;ул. 2-я Бауманская, 9/23 с4;55.763931;37.684192;osm-55.76393-37.68419;2023-11-17
Чайхона №1;ул. Петровские Линии, 2/18;55.763971;37.618269;osm-55.76397-37.61827;2026-04-30
Jazz Kebab;ул. 2-я Бауманская, 9/23 с4;55.763966;37.683905;osm-55.76397-37.68391;2023-11-17
Приём;ул. Мясницкая, 26А с17;55.763987;37.639036;osm-55.76399-37.63904;2026-06-19
Cutfish;Большой Козихинский пер., 17;55.764008;37.595491;osm-55.76401-37.59549;2025-05-05
Сочный Вертел;ул. Солдатская, 10 к2;55.764021;37.703804;osm-55.76402-37.70380;2026-04-24
Pizzamento;ул. Тверская, 12 с3;55.764070;37.607555;osm-55.76407-37.60755;2026-05-15
Армения;Тверской бул., 28;55.764084;37.605313;osm-55.76408-37.60531;2023-11-05
Сынри;Тверской бул., 28;55.764094;37.605961;osm-55.76409-37.60596;2026-03-27
Карти;ул. Большая Лубянка, 13/16;55.764111;37.629217;osm-55.76411-37.62922;2026-05-31
Хлеб и вино;ул. Тверская, 12 с3;55.764117;37.607676;osm-55.76412-37.60768;2026-05-15
Клава;ул. Петровка, 18;55.764116;37.617481;osm-55.76412-37.61748;2026-05-23
Oshi;ул. Петровка, 18;55.764120;37.617574;osm-55.76412-37.61757;2026-04-30
Mollusca;Большой Козихинский пер., 19/6;55.764136;37.595353;osm-55.76414-37.59535;2025-12-25
MO;ул. Петровка, 20/1;55.764152;37.618221;osm-55.76415-37.61822;2026-05-23
San Si;ул. Петровка, 15/13 с5;55.764178;37.616817;osm-55.76418-37.61682;2026-01-20
Заварка;Тверской бул., 28;55.764223;37.605793;osm-55.76422-37.60579;2026-08-01
Сандуны;ул. Неглинная, 14 с4;55.764231;37.621087;osm-55.76423-37.62109;2025-12-07
Тхали и Карри;Тверской бул., 28;55.764236;37.605740;osm-55.76424-37.60574;2026-05-20
Alma;Столярный пер., 3 к13;55.764269;37.568299;osm-55.76427-37.56830;2025-01-26
OMG!Coffee;Ермолаевский пер., 7;55.764292;37.590588;osm-55.76429-37.59059;2026-06-15
Чапа;ул. Жуковского, 1/2/10 с2;55.764289;37.645231;osm-55.76429-37.64523;2026-05-15
Zudwa;Столярный пер., 3 к13;55.764296;37.568489;osm-55.76430-37.56849;2024-10-21
Калина;ул. Большая Лубянка, 13/16;55.764310;37.629355;osm-55.76431-37.62935;2025-11-22
Irishman;Звенигородское ш., D16;55.764321;37.555566;osm-55.76432-37.55557;2026-02-21
Оджахури;ул. Машкова, 22 с1;55.764330;37.655204;osm-55.76433-37.65520;2024-08-26
Артист;ул. Чаплыгина, 1/12 с1;55.764354;37.645815;osm-55.76435-37.64581;2026-08-11
Bebi;Столярный пер., 3 к17;55.764367;37.569128;osm-55.76437-37.56913;2024-11-03
Copen 57;Малый Козихинский пер., 10;55.764371;37.596110;osm-55.76437-37.59611;2026-05-25
Alohapoke;Столярный пер., 3 к12;55.764379;37.568943;osm-55.76438-37.56894;2024-10-27
Pho-house;ул. Старая Басманная, 6 с3;55.764403;37.657627;osm-55.76440-37.65763;2026-02-28
Море;Малый Козихинский пер., 10;55.764412;37.596389;osm-55.76441-37.59639;2025-12-25
The Фишка;ул. Старая Басманная, 6 с3;55.764418;37.657690;osm-55.76442-37.65769;2026-05-15
Right Hops;Столярный пер., 3 к13;55.764461;37.568330;osm-55.76446-37.56833;2025-01-26
Coffee Juice;ул. Старая Басманная, 6 с3;55.764461;37.657812;osm-55.76446-37.65781;2026-02-28
Николай;ул. Старая Басманная, 5 с1;55.764477;37.657061;osm-55.76448-37.65706;2026-02-28
Буркина фасоль;ул. Пресненский Вал, 6 с2;55.764526;37.564262;osm-55.76453-37.56426;2024-09-24
Хинкальная №1;ул. Старая Басманная, 7 с1;55.764553;37.657283;osm-55.76455-37.65728;2026-02-28
Молодость;ул. Тверская, 16 с4;55.764617;37.607169;osm-55.76462-37.60717;2026-04-23
Coffeepie;ул. Наличная, 3;55.764628;37.704171;osm-55.76463-37.70417;2025-10-02
Люм;ул. Чаплыгина, 1/12 с1;55.764673;37.645288;osm-55.76467-37.64529;2026-08-10
Garda;ул. Петровка, 17;55.764683;37.616459;osm-55.76468-37.61646;2026-03-28
Holder;Большой Козихинский пер., 22 с2;55.764695;37.595463;osm-55.76470-37.59546;2025-05-05
БлинБери;Чистопрудный бул., 1А;55.764734;37.639685;osm-55.76473-37.63969;2026-09-21
Pub Daddy;ул. Солдатская, 6А;55.764809;37.701137;osm-55.76481-37.70114;2024-07-03
Север;Страстной бул., 4 с5;55.764825;37.608555;osm-55.76483-37.60856;2026-05-15
Florentini;ул. Старая Басманная, 9 с1;55.764832;37.657761;osm-55.76483-37.65776;2026-02-28
Хмель & Эль;Трёхпрудный пер., 4 с1;55.764859;37.598499;osm-55.76486-37.59850;2023-11-12
Галки;Страстной бул., 4 с5;55.764871;37.608841;osm-55.76487-37.60884;2026-05-15
У Поттера;Страстной бул., 4 с3;55.764910;37.608457;osm-55.76491-37.60846;2026-06-15
Сандро;Фролов пер., 2;55.764918;37.636207;osm-55.76492-37.63621;2025-11-23
Helpy Coffee;ул. Старая Басманная, 12 с1;55.764944;37.659283;osm-55.76494-37.65928;2026-02-28
Экслибрис;Бобров пер., 6 с2;55.764969;37.634200;osm-55.76497-37.63420;2024-12-08
Fest Bar;Страстной бул., 4 с3;55.765005;37.608336;osm-55.76501-37.60834;2026-05-15
Карти;Страстной бул., 4 с4;55.765023;37.607727;osm-55.76502-37.60773;2026-05-04
Султан Халяль;ул. Солдатская, 6А;55.765023;37.701648;osm-55.76502-37.70165;2025-09-29
Beermarket;Страстной бул., 4 с3;55.765060;37.608522;osm-55.76506-37.60852;2026-05-15
Coffeeport;ул. Неглинная, 16/2 с4;55.765063;37.620360;osm-55.76506-37.62036;2025-09-26
Yura;Страстной бул., 2;55.765070;37.606938;osm-55.76507-37.60694;2025-09-13
Naura;ул. Тверская, 19;55.765093;37.603505;osm-55.76509-37.60350;2026-06-15
Sous Sol;Большой Козихинский пер., 27 с1;55.765114;37.594674;osm-55.76511-37.59467;2025-05-05
Георгиевское подворье;ул. Малая Грузинская, 20/13;55.765121;37.572404;osm-55.76512-37.57240;2026-04-25
Парфе;Столярный пер., 3 к14;55.765150;37.569160;osm-55.76515-37.56916;2025-01-26
Алёнка;Страстной бул., 2;55.765153;37.607132;osm-55.76515-37.60713;2025-09-13
8 градусов;Страстной бул., 4 с3;55.765149;37.608404;osm-55.76515-37.60840;2026-05-15
Делай культуру;Милютинский пер., 15 с1;55.765146;37.631785;osm-55.76515-37.63179;2026-09-11
Beer & Fries;Страстной бул., 4 с4;55.765157;37.608148;osm-55.76516-37.60815;2026-06-15
Тайна кофе;Столярный пер., 3 к18;55.765175;37.569640;osm-55.76517-37.56964;2024-07-08
Эль Краб;Столярный пер., 3 к14;55.765214;37.568987;osm-55.76521-37.56899;2026-07-13
Вилла Паста;Петровский пер., 1/30;55.765208;37.611040;osm-55.76521-37.61104;2025-06-27
Венеция;Страстной бул., 4 с2;55.765218;37.608332;osm-55.76522-37.60833;2026-05-15
Зори;Столярный пер., 3 к14;55.765228;37.568775;osm-55.76523-37.56878;2024-06-30
Прана;ул. Зоологическая, 8;55.765239;37.580859;osm-55.76524-37.58086;2023-10-28
Рюмка;ул. Мясницкая, 32 с2;55.765245;37.639764;osm-55.76525-37.63976;2025-12-27
Jooie;Столярный пер., 3 к16;55.765261;37.568285;osm-55.76526-37.56829;2025-01-26
Rимляне;ул. Неглинная, 16/2 с4;55.765273;37.620505;osm-55.76527-37.62051;2026-03-28
Хинкальный дом Ваке;ул. 1905 года, 4;55.765278;37.561435;osm-55.76528-37.56144;2026-09-03
Местечко;ул. Мясницкая, 32 с2;55.765289;37.639658;osm-55.76529-37.63966;2025-12-27
Union Jack;Нижний Кисельный пер., 3 с1;55.765303;37.621664;osm-55.76530-37.62166;2026-04-05
Онегин;Страстной бул., 4;55.765322;37.608214;osm-55.76532-37.60821;2026-05-15
Лига пап;ул. Большая Лубянка, 24/15;55.765326;37.630926;osm-55.76533-37.63093;2025-02-10
Short Talk;ул. Садовая-Кудринская, 32 с2;55.765335;37.590533;osm-55.76534-37.59053;2026-04-18
Patisserie Francois Bodrero;ул. Петровка, 19 с1;55.765347;37.615959;osm-55.76535-37.61596;2026-03-28
Аляска;Бобров пер., 4 с1;55.765356;37.634305;osm-55.76536-37.63430;2025-09-12
BongBong;ул. Мясницкая, 32 с2;55.765369;37.639460;osm-55.76537-37.63946;2025-12-27
Чисто ростовский бар;ул. Садовая-Кудринская, 32 с1;55.765417;37.590648;osm-55.76542-37.59065;2026-04-18
Волшебнутый кофе;Трёхпрудный пер., 10/2;55.765424;37.597427;osm-55.76542-37.59743;2025-12-25
Kosmoхомяк;ул. Большая Дмитровка, 32 с2;55.765416;37.611228;osm-55.76542-37.61123;2023-11-05
Neon Monkey;ул. Большая Дмитровка, 32 с2;55.765469;37.611375;osm-55.76547-37.61138;2025-05-01
Maestrello;Ермолаевский пер., 19;55.765534;37.592290;osm-55.76553-37.59229;2025-11-22
StandUp Store;ул. Петровка, 21 с1;55.765539;37.615809;osm-55.76554-37.61581;2025-09-26
Les;Ермолаевский пер., 17 с1;55.765550;37.592266;osm-55.76555-37.59227;2023-12-30
Иль-Токио;Павловский Посад, ул. Кузьмина, 31А;55.765575;38.667934;osm-55.76557-38.66793;2025-01-10
Murph;ул. Большая Дмитровка, 32 с1;55.765589;37.610648;osm-55.76559-37.61065;2025-06-27
Кухня;ул. Бауманская, 66/11;55.765604;37.679872;osm-55.76560-37.67987;2026-06-11
Salden's Taphouse;ул. Мясницкая, 32/1 с1;55.765614;37.638895;osm-55.76561-37.63889;2026-10-02
Petter;ул. Петровка, 21 с1;55.765625;37.615738;osm-55.76562-37.61574;2025-09-22
Хлебная Лавка;ул. Большая Грузинская, 13 с1;55.765662;37.577016;osm-55.76566-37.57702;2025-12-20
Нить;ул. Большая Дмитровка, 32 с1;55.765667;37.610718;osm-55.76567-37.61072;2025-04-14
Дядька;Милютинский пер., 19/4 с1;55.765685;37.632350;osm-55.76568-37.63235;2025-09-12
Сыто Piano;ул. Неглинная, 18 с1;55.765693;37.620930;osm-55.76569-37.62093;2025-09-26
Рыбный базар;Трёхпрудный пер., 10/2 с2;55.765697;37.597562;osm-55.76570-37.59756;2025-12-25
L'Atelier;ул. Петровка, 21 с1;55.765698;37.616098;osm-55.76570-37.61610;2025-09-22
Kamel Smash Burger;ул. Неглинная, 27;55.765713;37.620058;osm-55.76571-37.62006;2026-05-23
Crazy Daisy;Тургеневская пл., 2;55.765709;37.635672;osm-55.76571-37.63567;2025-11-23
Волконский;ул. Большая Садовая, 2 с1;55.765718;37.591104;osm-55.76572-37.59110;2026-04-18
Клевер кофе;Ермолаевский пер., 18А;55.765739;37.593552;osm-55.76574-37.59355;2026-09-25
Atlantica Bistro;ул. Большая Дмитровка, 23;55.765755;37.610075;osm-55.76575-37.61008;2026-05-15
Il pizzaiolo;ул. Тверская, 19А;55.765776;37.602986;osm-55.76578-37.60299;2024-09-02
Какао Дом;ул. Старая Басманная, 15 с3;55.765825;37.660296;osm-55.76582-37.66030;2026-02-28
Суши Бистро;ул. Тверская, 18 к1;55.765844;37.604856;osm-55.76584-37.60486;2026-06-19
Узбекистан;ул. Неглинная, 27;55.765845;37.620196;osm-55.76584-37.62020;2026-03-28
Трдельник;ул. Старая Басманная, 15 с3;55.765856;37.660393;osm-55.76586-37.66039;2026-09-25
ExtraVirgin;ул. Большая Дмитровка, 23;55.765867;37.609941;osm-55.76587-37.60994;2026-05-15
Объект культурного наследия;Рождественский бул., 10/7 с2;55.765888;37.625787;osm-55.76589-37.62579;2026-07-13
Sare art;Большой Козловский пер., 13/17;55.765894;37.647985;osm-55.76589-37.64798;2025-10-20
Театр Корша;Петровский пер., 5;55.765953;37.613192;osm-55.76595-37.61319;2025-06-27
Ла Маре;ул. Малая Грузинская, 23 с1;55.766012;37.571873;osm-55.76601-37.57187;2026-04-25
Hot Dog Bulldog;Пушкинская пл., 2;55.766007;37.607750;osm-55.76601-37.60775;2025-06-27
Кочевник;ул. Большая Декабрьская, 3 с12;55.766034;37.556498;osm-55.76603-37.55650;2026-02-21
Пончики;ул. Старая Басманная, 15А с4;55.766044;37.660640;osm-55.76604-37.66064;2026-02-28
Шалфей и полынь;ул. Мясницкая, 38 с1;55.766052;37.640120;osm-55.76605-37.64012;2026-08-02
Ла Маре;ул. Малая Грузинская, 23 с1;55.766060;37.571807;osm-55.76606-37.57181;2026-04-25
Burger Heroes;Пушкинская пл., 2;55.766074;37.607906;osm-55.76607-37.60791;2025-06-27
Бенвенуто;Сретенский бул., 6/1 с1;55.766069;37.634193;osm-55.76607-37.63419;2025-11-23
Динамо;ул. Петровка, 26 с9;55.766088;37.617696;osm-55.76609-37.61770;2024-12-14
Tatooine;ул. Петровка, 23/10 с7;55.766096;37.614983;osm-55.76610-37.61498;2026-07-13
Дон Кофеон;ул. Старая Басманная, 15А с15;55.766114;37.660619;osm-55.76611-37.66062;2026-02-28
Croissant atelier;Страстной бул., 8/23;55.766124;37.609368;osm-55.76612-37.60937;2026-06-24
Батони;ул. Пресненский Вал, 5;55.766126;37.564139;osm-55.76613-37.56414;2026-09-25
Белое солнце пустыни;ул. Неглинная, 29 с4;55.766130;37.620464;osm-55.76613-37.62046;2026-03-28
Twins Garden;Страстной бул., 8А;55.766136;37.610757;osm-55.76614-37.61076;2026-05-16
Burger Heroes;ул. Мясницкая, 38 с1;55.766142;37.640010;osm-55.76614-37.64001;2025-09-24
Волчья стая;ул. Мясницкая, 38 с1;55.766156;37.639933;osm-55.76616-37.63993;2025-02-19
DeFAQto;Сретенский бул., 2 с1;55.766183;37.631438;osm-55.76618-37.63144;2025-11-23
Vabene!;ул. Пресненский Вал, 14 к4;55.766191;37.567931;osm-55.76619-37.56793;2024-07-08
The Pivo;Страстной бул., 8А;55.766194;37.610591;osm-55.76619-37.61059;2026-05-15
Эхо;Пушкинская пл., 2;55.766200;37.608211;osm-55.76620-37.60821;2025-06-27
Нитка;Трубная пл., 2;55.766199;37.621818;osm-55.76620-37.62182;2026-03-04
Паста и Баста;Милютинский пер., 19/4 с3;55.766207;37.632030;osm-55.76621-37.63203;2025-09-12
Несвятые святые;Рождественский бул., 16 с1;55.766216;37.629084;osm-55.76622-37.62908;2026-04-17
Козловна;Пушкинская пл., 2;55.766255;37.608347;osm-55.76626-37.60835;2025-06-27
Door 2310;ул. Петровка, 23/10 с5;55.766274;37.614784;osm-55.76627-37.61478;2026-03-14
Piri-piri;ул. Петровка, 23/10 с5;55.766272;37.615153;osm-55.76627-37.61515;2026-03-15
Стендап клуб на Трубной;Рождественский бул., 10/7;55.766277;37.626209;osm-55.76628-37.62621;2026-09-13
Кай-Кан;Рождественский бул., 20 с1;55.766299;37.629966;osm-55.76630-37.62997;2026-05-31
Roberto;Рождественский бул., 20 с1;55.766301;37.630143;osm-55.76630-37.63014;2025-11-23
Aroma;ул. Красина, 3 с2;55.766310;37.589195;osm-55.76631-37.58919;2026-04-18
Лампопо;Рождественский бул., 22/23;55.766308;37.630702;osm-55.76631-37.63070;2025-11-23
Мама будет рада;Пушкинская пл., 2;55.766347;37.607190;osm-55.76635-37.60719;2026-05-16
Грабли;Настасьинский пер., 2;55.766381;37.603641;osm-55.76638-37.60364;2025-11-22
Жара;1-й Магистральный туп., 11 с1;55.766398;37.526376;osm-55.76640-37.52638;2025-03-05
Другая кофейня;ул. Старая Басманная, 21/4 с2;55.766397;37.662572;osm-55.76640-37.66257;2026-05-22
Espresso Bar;ул. Рождественка, 20/8 с5;55.766477;37.623488;osm-55.76648-37.62349;2025-10-02
Billie;ул. Неглинная, 29 с1;55.766587;37.620619;osm-55.76659-37.62062;2025-09-22
Rock'N'Roll Bar & Cafe;ул. Сретенка, 1;55.766591;37.630674;osm-55.76659-37.63067;2025-04-12
Munterra;Большой Харитоньевский пер., 25/10;55.766595;37.651451;osm-55.76660-37.65145;2025-07-08
Гудман;ул. Неглинная, 20;55.766611;37.622778;osm-55.76661-37.62278;2026-06-18
Мясо & Рыба;ул. Тверская, 23/12;55.766639;37.599901;osm-55.76664-37.59990;2025-12-25
Пальмира;Страстной бул., 1;55.766658;37.606967;osm-55.76666-37.60697;2026-07-07
Sattva;ул. Тверская, 20 с1;55.766670;37.602297;osm-55.76667-37.60230;2025-03-07
Тайцы;ул. Сретенка, 1;55.766712;37.631060;osm-55.76671-37.63106;2026-05-25
Горыныч;Рождественский бул., 1;55.766717;37.624372;osm-55.76672-37.62437;2025-10-24
Клубный дом Svoy;Петровский пер., 5 с5;55.766747;37.613640;osm-55.76675-37.61364;2023-10-28
Центральный рынок;Рождественский бул., 1;55.766746;37.624170;osm-55.76675-37.62417;2025-10-24
Нужен кофе;ул. 1905 года, 19;55.766777;37.558404;osm-55.76678-37.55840;2026-02-21
Pinzeria by Bontempi;Рождественский бул., 1;55.766793;37.624256;osm-55.76679-37.62426;2025-10-02
yosya;Благовещенский пер., 6;55.766823;37.597007;osm-55.76682-37.59701;2026-07-13
Tricky;ул. Мясницкая, 42 с2;55.766849;37.642327;osm-55.76685-37.64233;2024-02-28
Монастырская кофейня;ул. Петровка, 28 с5;55.766864;37.614929;osm-55.76686-37.61493;2026-03-14
Durum Kebab;ул. Мясницкая, 40 с4;55.766875;37.641717;osm-55.76687-37.64172;2025-03-03
Якамоз;ул. Тверская, 20 с3;55.766884;37.603251;osm-55.76688-37.60325;2026-05-25
Кафедра;ул. Малая Грузинская, 25 с1;55.766900;37.571430;osm-55.76690-37.57143;2026-04-25
Clovelly;ул. Сретенка, 4/1;55.766903;37.632579;osm-55.76690-37.63258;2025-04-12
Soma;ул. Неглинная, 29 с3;55.766916;37.620315;osm-55.76692-37.62031;2025-09-16
Новое пространство;Страстной бул., 12 с2;55.766934;37.611325;osm-55.76693-37.61133;2026-05-18
Салют;Страстной бул., 12 с5;55.766951;37.612477;osm-55.76695-37.61248;2026-05-15
Brasserie Lambic;ул. Красина, 7 с1;55.766956;37.588454;osm-55.76696-37.58845;2026-04-18
Noor Electro;ул. Тверская, 23/12;55.766962;37.600761;osm-55.76696-37.60076;2025-12-25
Kisski;ул. Сретенка, 4/1;55.766955;37.632143;osm-55.76696-37.63214;2025-04-15
Kaia;ул. Сретенка, 4/1;55.766970;37.632003;osm-55.76697-37.63200;2026-01-14
Люсьен Оливье;ул. Неглинная, 29 с1;55.766976;37.620836;osm-55.76698-37.62084;2025-10-01
Coba;ул. Малая Дмитровка, 1;55.767009;37.606229;osm-55.76701-37.60623;2026-05-16
Козловица;ул. Сретенка, 4/1;55.767013;37.631683;osm-55.76701-37.63168;2025-09-12
Цветение сакуры;ул. Красина, 7 с1;55.767093;37.588284;osm-55.76709-37.58828;2026-04-18
Собаки в тумане;ул. Неглинная, 29 с2;55.767088;37.619993;osm-55.76709-37.61999;2025-09-16
The Cross Keys;ул. Малая Дмитровка, 3;55.767098;37.606197;osm-55.76710-37.60620;2026-05-16
Brasserie Lambic;Страстной бул., 7 с1;55.767096;37.608128;osm-55.76710-37.60813;2026-07-07
Шесть-you-Шесть;ул. Неглинная, 29 с2;55.767096;37.619885;osm-55.76710-37.61988;2025-09-16
Басманный парк;Басманный туп., 6А с1;55.767150;37.657394;osm-55.76715-37.65739;2026-02-28
Ложка;Реутов, ул. Советская, 7;55.767163;37.856856;osm-55.76716-37.85686;2024-05-23
Горбуфет Пельменная;ул. Малая Дмитровка, 3;55.767176;37.606167;osm-55.76718-37.60617;2026-05-16
Mosaic;ул. Петровка, 25 с1;55.767184;37.613921;osm-55.76718-37.61392;2026-06-19
Avrora;ул. Трубная, 2;55.767194;37.623329;osm-55.76719-37.62333;2026-03-10
Empire Zone;ул. Большая Садовая, 10;55.767210;37.593236;osm-55.76721-37.59324;2026-05-15
Padron;Страстной бул., 7 с1;55.767216;37.608477;osm-55.76722-37.60848;2026-07-07
Baron Baran;ул. Тверская, 25/9;55.767229;37.600323;osm-55.76723-37.60032;2026-03-27
Библиайтека;Большой Путинковский пер., 5;55.767303;37.607521;osm-55.76730-37.60752;2026-07-07
Jawsspot;Большой Путинковский пер., 5;55.767307;37.607343;osm-55.76731-37.60734;2026-07-31
Кочевники;ул. Сретенка, 5 с1;55.767319;37.631417;osm-55.76732-37.63142;2025-09-12
Алтаргана;ул. Садовая-Черногрязская, 3А с1;55.767346;37.652294;osm-55.76735-37.65229;2026-07-03
Легендар;ул. Малая Дмитровка, 4;55.767380;37.606590;osm-55.76738-37.60659;2026-07-07
Какао Дом;ул. Старая Басманная, 17 с2;55.767393;37.659617;osm-55.76739-37.65962;2026-02-28
Ленский;Настасьинский пер., 5;55.767418;37.604726;osm-55.76742-37.60473;2025-02-10
Счастье;Большой Путинковский пер., 5;55.767418;37.607457;osm-55.76742-37.60746;2026-07-07
Ликвидация;ул. Сретенка, 7;55.767417;37.631390;osm-55.76742-37.63139;2025-09-12
Выручайная;Басманный туп., 10/12;55.767416;37.657258;osm-55.76742-37.65726;2026-02-28
Много лосося;ул. Красина, 9;55.767427;37.587876;osm-55.76743-37.58788;2026-04-18
Steam Lounge;Настасьинский пер., 8 с1;55.767432;37.605242;osm-55.76743-37.60524;2025-02-10
Marmo;Рыбников пер., 1;55.767447;37.632488;osm-55.76745-37.63249;2025-01-04
Токпокки;ул. Бауманская, 58/25 с6;55.767455;37.679489;osm-55.76745-37.67949;2024-01-29
Ofis;ул. Пресненский Вал, 7 с1;55.767464;37.564516;osm-55.76746-37.56452;2025-07-21
PR11;ул. Сретенка, 7;55.767479;37.631438;osm-55.76748-37.63144;2025-09-12
Русалочка суши;Страстной бул., 7 с3;55.767504;37.607717;osm-55.76750-37.60772;2026-07-07
Segreto;Благовещенский пер., 10 с2;55.767549;37.598491;osm-55.76755-37.59849;2023-12-17
Osteria Unica;Благовещенский пер., 10 с2;55.767604;37.598481;osm-55.76760-37.59848;2023-12-17
Рыба моя;Цветной бул., 2;55.767603;37.623128;osm-55.76760-37.62313;2026-03-10
Correas;ул. Большая Грузинская, 32-34 с3;55.767609;37.579411;osm-55.76761-37.57941;2025-12-20
Тебураси;Страстной бул., 7 с3;55.767639;37.607919;osm-55.76764-37.60792;2026-07-07
Bodrero;ул. Сретенка, 7;55.767651;37.631496;osm-55.76765-37.63150;2025-09-12
Borrachitos;ул. Тверская, 22Б с3;55.767662;37.602482;osm-55.76766-37.60248;2025-12-25
Кислород;ул. Бауманская, вл58;55.767667;37.679393;osm-55.76767-37.67939;2023-12-27
Практика;ул. Малая Дмитровка, 6;55.767743;37.606522;osm-55.76774-37.60652;2026-07-07
Самолет;ул. Гашека, 2;55.767834;37.588245;osm-55.76783-37.58825;2026-04-18
Долма;ул. Сретенка, 10;55.767826;37.631890;osm-55.76783-37.63189;2025-09-12
Кофепорт;Дегтярный пер., 5 с1;55.767839;37.601339;osm-55.76784-37.60134;2025-12-25
Сабор Де Ла Вида;ул. 1905 года, 10 с1;55.767852;37.558624;osm-55.76785-37.55862;2026-02-21
Клёво;ул. Петровка, 27;55.767854;37.613504;osm-55.76785-37.61350;2026-07-02
Brodo;ул. Петровка, 30/7;55.767856;37.614480;osm-55.76786-37.61448;2025-11-30
Ла Маре;ул. Петровка, 28;55.767874;37.613950;osm-55.76787-37.61395;2026-07-02
Хабурзак;ул. Большая Садовая, 3;55.767881;37.592891;osm-55.76788-37.59289;2025-05-05
Кантата;ул. 1905 года, 10 с1;55.767916;37.558530;osm-55.76792-37.55853;2026-02-21
Old Jack English Pub;Колокольников пер., 22 с5;55.767950;37.629130;osm-55.76795-37.62913;2026-05-17
Urban eats;Костянский пер., 9/10;55.767952;37.634866;osm-55.76795-37.63487;2025-01-02
Uilliam's;Цветной бул., 2;55.767988;37.623044;osm-55.76799-37.62304;2026-06-19
Башня;Реутов, ул. Советская, 14В;55.768003;37.858039;osm-55.76800-37.85804;2024-04-18
Well’s Pasta Bar;Красногорск, ул. Центральная, 83;55.768013;37.250417;osm-55.76801-37.25042;2025-12-09
ТоТо Чай;ул. Сретенка, 9;55.768011;37.631539;osm-55.76801-37.63154;2026-05-17
Anchovy's Club;Колокольников пер., 3 с2;55.768023;37.624827;osm-55.76802-37.62483;2026-04-05
Subzero;ул. Петровка, 30/7;55.768039;37.614855;osm-55.76804-37.61485;2025-11-30
Bébé de la mer;ул. Петровка, 30/7;55.768046;37.614750;osm-55.76805-37.61475;2025-11-30
Degtyarny;Дегтярный пер., 5 с1;55.768061;37.601811;osm-55.76806-37.60181;2025-12-25
Folk;Цветной бул., 2;55.768057;37.623030;osm-55.76806-37.62303;2026-03-10
Lamadжo;ул. 1905 года, 10 с1;55.768067;37.558383;osm-55.76807-37.55838;2026-02-21
Nothing Fancy;ул. Петровка, 30/7;55.768073;37.614375;osm-55.76807-37.61438;2025-11-30
Marie Laveau;ул. Петровка, 30/7;55.768087;37.614127;osm-55.76809-37.61413;2025-11-30
Рыба в воде;ул. Малая Грузинская, 38;55.768130;37.572659;osm-55.76813-37.57266;2026-04-25
Вертел;Мясницкий пр., 4 с1;55.768147;37.647215;osm-55.76815-37.64722;2023-10-15
Saviv;ул. Петровка, 30/7;55.768169;37.613914;osm-55.76817-37.61391;2026-07-02
Заря;ул. Петровка, 30/7;55.768175;37.614878;osm-55.76817-37.61488;2026-02-17
Мясницкий ряд;Мясницкий пр., 2/1;55.768172;37.645725;osm-55.76817-37.64572;2025-02-10
One Chef Studio;ул. Петровка, 30/7;55.768182;37.614759;osm-55.76818-37.61476;2026-02-17
Kale XV;Петровский бул., 15 с1;55.768222;37.615847;osm-55.76822-37.61585;2026-05-15
Kook;Петровский бул., 13;55.768239;37.615704;osm-55.76824-37.61570;2026-05-15
Тбилисо;ул. Бауманская, 58/3 с2;55.768274;37.679352;osm-55.76827-37.67935;2026-09-04
Com;ул. Мясницкая, 46 с1;55.768280;37.644618;osm-55.76828-37.64462;2026-06-15
Chicko;Старокирочный пер., 16/2 строение 1;55.768320;37.684127;osm-55.76832-37.68413;2026-01-14
Дон Кофеон;ул. Новая Басманная, 14 с3;55.768326;37.658727;osm-55.76833-37.65873;2026-02-28
Сама невинность;Мясницкий пр., 4 с1;55.768339;37.647200;osm-55.76834-37.64720;2023-10-15
Karas;Тишинская пл., 1 с6;55.768375;37.583497;osm-55.76837-37.58350;2025-08-15
2:2;ул. Сретенка, 16/2;55.768389;37.632381;osm-55.76839-37.63238;2024-04-09
Kitsune;Старокирочный пер., 16/2 строение 1;55.768415;37.684170;osm-55.76841-37.68417;2026-01-14
Jam Club Мьюзик;ул. Сретенка, 11;55.768421;37.631676;osm-55.76842-37.63168;2025-09-12
Riesling Boyz;ул. Сретенка, 16/2;55.768429;37.632082;osm-55.76843-37.63208;2025-09-12
Nagoya;Старокирочный пер., 16/2 строение 1;55.768457;37.684189;osm-55.76846-37.68419;2026-01-14
Столовая;Реутов, ул. Фабричная, 4;55.768456;37.874897;osm-55.76846-37.87490;2024-08-23
White Fox;ул. Малая Грузинская, 38;55.768518;37.572700;osm-55.76852-37.57270;2026-04-25
Кофепорт;ул. Трубная, 12;55.768535;37.624168;osm-55.76853-37.62417;2026-06-22
Миллениум;ул. Трубная, 12;55.768535;37.624548;osm-55.76853-37.62455;2026-06-18
Главпирог;Старокирочный пер., 16/2 строение 1;55.768555;37.684233;osm-55.76855-37.68423;2026-01-14
Чанахи;Дегтярный пер., 6 с1;55.768642;37.603726;osm-55.76864-37.60373;2025-12-25
QLO;ул. Тверская, 27 с2;55.768680;37.597729;osm-55.76868-37.59773;2024-08-18
Playground.ru;Тишинская пл., 1 с6;55.768703;37.583488;osm-55.76870-37.58349;2023-10-28
Санто Джованни;ул. Петровка, 34 с1;55.768725;37.613198;osm-55.76873-37.61320;2026-06-18
Полотно;ул. Бауманская, 56/17;55.768756;37.678933;osm-55.76876-37.67893;2026-05-25
Floo;ул. Гашека, 7 с1;55.768788;37.589356;osm-55.76879-37.58936;2025-04-14
Ra'men;ул. Бауманская, 56/17;55.768821;37.679262;osm-55.76882-37.67926;2026-04-16
Дайсы, миплы, два стола;ул. Новая Басманная, 12 с2;55.768843;37.657354;osm-55.76884-37.65735;2026-03-03
Марс;Пушкарёв пер., 5;55.768907;37.626897;osm-55.76891-37.62690;2025-09-12
Chekhoff;ул. Малая Дмитровка, 11;55.768929;37.605538;osm-55.76893-37.60554;2025-11-05
2Grind;1-й Колобовский пер., 4;55.768929;37.614068;osm-55.76893-37.61407;2025-09-24
Кот с молоком;ул. Бауманская, вл 47;55.768934;37.680810;osm-55.76893-37.68081;2026-09-04
China Club;ул. Красина, 21;55.768959;37.585957;osm-55.76896-37.58596;2026-04-18
Пушкарёв;Пушкарёв пер., 9;55.768963;37.627498;osm-55.76896-37.62750;2025-09-12
Свинья и роза;ул. Трубная, 14;55.768966;37.624871;osm-55.76897-37.62487;2025-09-12
Fontana;ул. Тверская, 29 с3;55.769025;37.596958;osm-55.76902-37.59696;2025-06-11
Maria;ул. Тверская, 31/4;55.769053;37.596294;osm-55.76905-37.59629;2024-05-15
Успенский дворик;Успенский пер., 4 с5А;55.769050;37.607151;osm-55.76905-37.60715;2026-07-07
Gini;1-й Колобовский пер., 11;55.769073;37.616289;osm-55.76907-37.61629;2026-07-07
Чайковский;ул. Тверская, 31/4;55.769144;37.596243;osm-55.76914-37.59624;2026-04-18
Номер 15;ул. Сретенка, 15;55.769147;37.631855;osm-55.76915-37.63186;2026-05-17
Шум;ул. Садовая-Спасская, 24;55.769175;37.646396;osm-55.76917-37.64640;2024-10-27
Неон;ул. Старая Басманная, 38/2 с1;55.769205;37.669781;osm-55.76920-37.66978;2025-09-18
Spichki;Цветной бул., 7 с1;55.769254;37.620660;osm-55.76925-37.62066;2026-03-20
Варка;Цветной бул., 7 с1;55.769254;37.620751;osm-55.76925-37.62075;2026-03-20
Úность;Цветной бул., 7 с1;55.769284;37.620521;osm-55.76928-37.62052;2026-03-20
Lavash;Цветной бул., 7 с1;55.769313;37.620649;osm-55.76931-37.62065;2026-03-20
Золотой дракон;2-й Колобовский пер., 12;55.769347;37.616371;osm-55.76935-37.61637;2026-07-07
El borracho;ул. Трубная, 15;55.769365;37.624747;osm-55.76937-37.62475;2025-11-07
Crosby Coffee;ул. Новая Басманная, 14 с7;55.769378;37.658972;osm-55.76938-37.65897;2026-02-28
Печорин;Большой Тишинский пер., 30;55.769394;37.572802;osm-55.76939-37.57280;2023-11-09
Табера;ул. Садовая-Спасская, 19 к1;55.769394;37.647926;osm-55.76939-37.64793;2024-10-17
Pho №1;Цветной бул., 7 с1;55.769410;37.620798;osm-55.76941-37.62080;2026-03-20
Мария Санта;ул. Трубная, 15;55.769420;37.625023;osm-55.76942-37.62502;2025-09-12
Бадьян и корица;ул. Садовая-Спасская, 19 к1;55.769441;37.647717;osm-55.76944-37.64772;2024-06-23
После обсудим;Большой Тишинский пер., 45;55.769449;37.567073;osm-55.76945-37.56707;2026-04-25
Lila Pastry;ул. Сретенка, 22/1 с1;55.769463;37.632492;osm-55.76946-37.63249;2026-04-05
Coffee Matters;Цветной бул., 16/1;55.769514;37.622684;osm-55.76951-37.62268;2026-03-10
Музей кофеграфии;Большой Головин пер., 25;55.769515;37.630414;osm-55.76951-37.63041;2026-04-05
Insider;ул. Сретенка, 22/1 с1;55.769516;37.632759;osm-55.76952-37.63276;2025-01-02
Кабанчик;ул. Красина, 27 с1;55.769557;37.585020;osm-55.76956-37.58502;2026-06-19
Coffee Way;Бауманская, 50;55.769562;37.679116;osm-55.76956-37.67912;2025-09-18
Smoke BBQ;ул. Трубная, 18;55.769567;37.625313;osm-55.76957-37.62531;2025-07-23
Сергеич;ул. Садовая-Спасская, 21/1;55.769567;37.649504;osm-55.76957-37.64950;2024-01-03
Серый;ул. Большая Грузинская, 37 с2;55.769614;37.580901;osm-55.76961-37.58090;2025-12-20
Натахтари;ул. Сретенка, 24/2 с1;55.769687;37.632401;osm-55.76969-37.63240;2026-04-05
Чебуречная на Тишинке;ул. Красина, 27 с1;55.769715;37.584677;osm-55.76971-37.58468;2026-04-18
Цензура ИН1:1;Триумфальная пл., 2/2;55.769705;37.595186;osm-55.76971-37.59519;2026-08-22
Хачапури и вино;ул. Трубная, 20/2;55.769709;37.625352;osm-55.76971-37.62535;2026-01-14
BB&Burgers;Красногорск, ул. Центральная, 46 с3;55.769731;37.252771;osm-55.76973-37.25277;2025-08-12
А. Ф. Кони;ул. Новая Басманная, 9;55.769761;37.655365;osm-55.76976-37.65537;2026-02-28
Монастырская выпечка;ул. Новая Басманная, 11;55.769769;37.656381;osm-55.76977-37.65638;2026-03-03
Хинкальная;ул. Новая Басманная, 13/2 с1;55.769766;37.657358;osm-55.76977-37.65736;2026-02-28
Евгенич;Цветной бул., 11 с3;55.769778;37.620707;osm-55.76978-37.62071;2026-07-02
Ron de Pipa;ул. Сретенка, 24/2 с1;55.769793;37.632435;osm-55.76979-37.63244;2026-04-05
Cofan;ул. Новая Басманная, 19 с1;55.769790;37.659662;osm-55.76979-37.65966;2024-08-11
Шаурму х@чу;Триумфальная пл., 2/2;55.769813;37.595377;osm-55.76981-37.59538;2026-08-22
Коллеги;ул. Сретенка, 24/2 с1;55.769819;37.632813;osm-55.76982-37.63281;2026-06-19
Чайхона №1;ул. Каретный Ряд, 3 c21;55.769831;37.609967;osm-55.76983-37.60997;2026-07-07
Азербайджан;ул. Демьяна Бедного, 4;55.769913;37.486909;osm-55.76991-37.48691;2026-09-27
Торт «Москва»;Триумфальная пл., 2/2;55.769911;37.595555;osm-55.76991-37.59555;2026-08-22
Atlantica Bistro;Цветной бул., 11 с3;55.769927;37.620744;osm-55.76993-37.62074;2026-02-16
Chago;ул. Новая Басманная, 19 с1;55.769940;37.659975;osm-55.76994-37.65998;2025-11-22
Дни недели;ул. Новая Басманная, 23Б с2;55.769942;37.660761;osm-55.76994-37.66076;2026-05-22
Пивбар;ул. 1-я Тверская-Ямская, 2 с2;55.769984;37.597195;osm-55.76998-37.59719;2026-04-18
Brasserie Belge 0.33;ул. Садовая-Спасская, 17/2;55.770005;37.646847;osm-55.77000-37.64685;2024-05-30
Valdo;ул. 1-я Тверская-Ямская, 2 с2;55.770023;37.597274;osm-55.77002-37.59727;2026-04-18
LISObon;Селивёрстов пер., 4 с1;55.770025;37.633445;osm-55.77002-37.63345;2026-04-05
Котиссимо;ул. Новая Басманная, 31 с1;55.770043;37.665554;osm-55.77004-37.66555;2024-07-11
Териберка;ул. Тверская, 30/2с1;55.770055;37.597338;osm-55.77005-37.59734;2026-07-13
Шесть-you-Шесть;ул. Тверская, 30/2с1;55.770086;37.597402;osm-55.77009-37.59740;2026-04-18
Бик кафе;ул. Каланчёвская, 11 с4;55.770116;37.650516;osm-55.77012-37.65052;2023-10-11
Masters & Margaritas;ул. Тверская, 30/2с1;55.770137;37.597505;osm-55.77014-37.59750;2026-04-18
Вафли;ул. Каретный Ряд, 3 c21;55.770182;37.609767;osm-55.77018-37.60977;2026-07-07
Дон Кофеон;ул. Каретный Ряд, вл3;55.770219;37.609944;osm-55.77022-37.60994;2026-07-07
Korean Chick;Посланников пер., 18 с1;55.770217;37.683669;osm-55.77022-37.68367;2024-05-06
Мама Хуана;ул. 1-я Брестская, 2;55.770228;37.593903;osm-55.77023-37.59390;2026-08-22
Лаки Сувлаки;ул. Каретный Ряд, вл3;55.770245;37.610066;osm-55.77025-37.61007;2026-07-07
Coffee Clever;ул. Садовая-Спасская, 12/23 с2;55.770264;37.641491;osm-55.77026-37.64149;2023-12-20
Богема;Селивёрстов пер., 1А;55.770289;37.633570;osm-55.77029-37.63357;2026-05-25
Перелётный кабак;ул. 1-я Тверская-Ямская, 2 с1;55.770297;37.596335;osm-55.77030-37.59634;2026-06-05
Urban Winery;ул. Спартаковская, 3 с1;55.770305;37.670555;osm-55.77031-37.67056;2026-01-14
Soul & Spirits;ул. Сретенка, 26/1;55.770322;37.632615;osm-55.77032-37.63262;2026-05-17
Сэлэнгэ;Старопименовский пер., 18 с2;55.770344;37.604769;osm-55.77034-37.60477;2026-05-16
Blush;Даев пер., 2;55.770428;37.634097;osm-55.77043-37.63410;2026-04-05
Fab.33;Большой Сухаревский пер., 2/24;55.770438;37.625617;osm-55.77044-37.62562;2026-07-02
ВиллиКранч;ул. Сретенка, 21/28;55.770448;37.632151;osm-55.77045-37.63215;2026-05-17
Дрозд;Тишинская пл., 6;55.770461;37.583905;osm-55.77046-37.58391;2024-10-18
Необыкновенный;Цветной бул., 13 к2;55.770472;37.618902;osm-55.77047-37.61890;2025-10-22
Black Milk;Малый Сухаревский пер., 9 с1;55.770480;37.624263;osm-55.77048-37.62426;2026-03-01
Molon Lave;ул. Большая Грузинская, 39;55.770494;37.581542;osm-55.77049-37.58154;2025-12-20
Fish Проект;Большой Сухаревский пер., 6;55.770505;37.627073;osm-55.77050-37.62707;2026-07-02
Nightcall;ул. Спартаковская, 3 с3;55.770497;37.670635;osm-55.77050-37.67063;2026-06-24
Трдельники;ул. Каретный Ряд, 3 c15A;55.770512;37.610015;osm-55.77051-37.61001;2026-07-07
Beer Happens;ул. Сретенка, 28;55.770508;37.633219;osm-55.77051-37.63322;2023-12-17
J'pan;ул. Трубная, 21;55.770516;37.624825;osm-55.77052-37.62483;2026-03-01
Настойкин;ул. Садовая-Спасская, 12/23 с2;55.770517;37.642022;osm-55.77052-37.64202;2024-10-18
Gem;ул. Ходынская, 2;55.770560;37.564209;osm-55.77056-37.56421;2026-03-01
Чебуречная СССР;ул. Сретенка, 21/28;55.770559;37.632243;osm-55.77056-37.63224;2026-05-17
Bistro Trompette;ул. Трубная, 26 к1;55.770575;37.625549;osm-55.77058-37.62555;2026-03-01
Finch;Большой Сухаревский пер., 1;55.770601;37.626016;osm-55.77060-37.62602;2026-09-25
Сахли;Большой Каретный пер., 6;55.770654;37.616405;osm-55.77065-37.61641;2026-03-10
Dungeon pub;ул. Малая Почтовая, 4 с1;55.770651;37.686387;osm-55.77065-37.68639;2026-03-22
Практика;ул. Большая Грузинская, 39;55.770671;37.581747;osm-55.77067-37.58175;2025-12-20
Порта Росса;Каланчёвский туп., 9 с2;55.770675;37.649095;osm-55.77067-37.64910;2026-05-15
Шашлычная;ул. 2-я Тверская-Ямская, 2;55.770688;37.596478;osm-55.77069-37.59648;2026-04-18
Кремлевский;ул. 1-я Тверская-Ямская, 3 с1;55.770713;37.594437;osm-55.77071-37.59444;2026-04-18
Tabera;Большой Сухаревский пер., 15 с1;55.770710;37.628493;osm-55.77071-37.62849;2025-10-17
Настоишная;ул. 2-я Тверская-Ямская, 2;55.770725;37.596401;osm-55.77072-37.59640;2026-04-18
Про плов и мясо;ул. Садовая-Триумфальная, 4-10;55.770724;37.600055;osm-55.77072-37.60005;2026-06-23
32.05;ул. Каретный Ряд, 3 с1;55.770719;37.608461;osm-55.77072-37.60846;2026-05-23
Черный жемчуг;Орликов пер., 3 с2;55.770728;37.647092;osm-55.77073-37.64709;2026-06-22
ИнтерКухня;ул. Васильевская, 4;55.770804;37.586800;osm-55.77080-37.58680;2026-04-18
Wu Shu;ул. Трубная, 23 к2;55.770796;37.625206;osm-55.77080-37.62521;2026-03-01
Сыто Пьяно;Большой Сухаревский пер., 25 с1;55.770821;37.631940;osm-55.77082-37.63194;2025-10-17
Kulēk;Большой Сухаревский пер., 25 с1;55.770817;37.632265;osm-55.77082-37.63226;2026-06-15
Chère Maman;ул. Трубная, 26 к1;55.770826;37.625459;osm-55.77083-37.62546;2026-03-01
1554;ул. Каретный Ряд, 3 c16;55.770869;37.610530;osm-55.77087-37.61053;2026-07-07
Дом культур;Большой Сухаревский пер., 25 с1;55.770874;37.632174;osm-55.77087-37.63217;2026-05-17
Share house;Оружейный пер., 3 с2;55.770927;37.596801;osm-55.77093-37.59680;2026-06-05
Поколение кофе;ул. 1-я Магистральная, 25;55.770940;37.517828;osm-55.77094-37.51783;2024-03-21
Мтеби;ул. Каланчёвская, 4/2 с1;55.770975;37.651995;osm-55.77097-37.65199;2024-02-16
Buno cup;Орликов пер., 6;55.771006;37.648674;osm-55.77101-37.64867;2024-01-03
Mo;Цветной бул., 15c1;55.771017;37.620063;osm-55.77102-37.62006;2026-07-31
Кухня Кипра;Цветной бул., 15c1;55.771019;37.620328;osm-55.77102-37.62033;2026-07-31
Bazaar Kebab;Цветной бул., 15c1;55.771017;37.620476;osm-55.77102-37.62048;2026-07-31
Петров и Васечка;Цветной бул., 24 к1;55.771023;37.622363;osm-55.77102-37.62236;2026-05-23
Циники;ул. 2-я Тверская-Ямская, 6 с2;55.771081;37.595817;osm-55.77108-37.59582;2026-06-05
Raw to go;Цветной бул., 15c1;55.771085;37.620062;osm-55.77108-37.62006;2026-07-31
Megobari;ул. Сретенка, 27/29 с4;55.771081;37.632263;osm-55.77108-37.63226;2026-05-17
Переплет;Малый Каретный пер., 6;55.771094;37.613023;osm-55.77109-37.61302;2026-05-29
Glukoza;Цветной бул., 15c1;55.771093;37.620326;osm-55.77109-37.62033;2026-07-31
Friends Hall Харизма;ул. Сретенка, 30;55.771086;37.632604;osm-55.77109-37.63260;2026-05-17
Берег;Цветной бул., 15c1;55.771095;37.620462;osm-55.77110-37.62046;2026-07-31
Воккер;Цветной бул., 15 с1;55.771122;37.619923;osm-55.77112-37.61992;2026-07-31
Чай+;ул. Ладожская, 4-6 с2;55.771134;37.680878;osm-55.77113-37.68088;2026-03-29
Cups & Hugs;Орликов пер., 6;55.771145;37.648459;osm-55.77114-37.64846;2024-05-30
Pro.Хинкали;ул. Ладожская, 2/37;55.771147;37.679335;osm-55.77115-37.67934;2026-03-29
Мангал;ш. Энтузиастов, 98Б с1;55.771161;37.832870;osm-55.77116-37.83287;2026-04-19
Dodgy;Большая Сухаревская пл., 16/18 с1;55.771171;37.637007;osm-55.77117-37.63701;2026-01-20
Вертели;ул. Трубная, 28 с1;55.771189;37.625381;osm-55.77119-37.62538;2025-09-08
Zёrn;ул. Спартаковская, 6;55.771186;37.673570;osm-55.77119-37.67357;2026-02-08
Хет-трик;ул. 3-я Тверская-Ямская, 3 с2;55.771200;37.597554;osm-55.77120-37.59755;2026-04-18
Мали-Београд;ул. Садовая-Триумфальная, 16 с2;55.771196;37.602699;osm-55.77120-37.60270;2025-05-01
Salone;ул. Малая Дмитровка, 18А;55.771221;37.605612;osm-55.77122-37.60561;2025-11-05
HochuPho;Цветной бул., 15 с1;55.771224;37.619927;osm-55.77122-37.61993;2026-07-31
Брикет маркет;Цветной бул., 15 с1;55.771221;37.620068;osm-55.77122-37.62007;2026-07-31
We Cidreria;ул. Сретенка, 32;55.771223;37.632621;osm-55.77122-37.63262;2026-05-17
365 детокс;Цветной бул., 15c1;55.771229;37.620650;osm-55.77123-37.62065;2026-07-31
Right Hops;Цветной бул., 15c1;55.771243;37.620461;osm-55.77124-37.62046;2026-07-31
Холистик;Цветной бул., 15 с1;55.771246;37.620050;osm-55.77125-37.62005;2026-07-31
Ritmo;Цветной бул., 15c1;55.771245;37.620321;osm-55.77125-37.62032;2026-07-31
Soul in the Bowl;Цветной бул., 15 с1;55.771279;37.619922;osm-55.77128-37.61992;2026-07-31
Found;Цветной бул., 15c1;55.771302;37.620653;osm-55.77130-37.62065;2026-07-31
Каюк-Компания;ул. Новорязанская, 8А с4;55.771310;37.655634;osm-55.77131-37.65563;2026-02-28
Дымов;Цветной бул., 15 с1;55.771320;37.620232;osm-55.77132-37.62023;2026-07-31
Крутые желтки;Цветной бул., 15 с1;55.771319;37.620371;osm-55.77132-37.62037;2026-07-31
KS Element;ул. Сретенка, 34/1 с1;55.771335;37.632751;osm-55.77134-37.63275;2026-01-14
Мачете;ул. Сретенка, 34/1 с1;55.771349;37.632590;osm-55.77135-37.63259;2026-07-13
Десертный рай;ул. Ладожская, 4/6 с6;55.771350;37.681034;osm-55.77135-37.68103;2026-08-17
Самса;ул. Ладожская, 4/6с3;55.771378;37.681546;osm-55.77138-37.68155;2026-03-29
Mani;ул. Ладожская, 4/6 с3;55.771383;37.681681;osm-55.77138-37.68168;2026-03-29
Cosmo T-Rex;ул. Новорязанская, 2/7;55.771393;37.654996;osm-55.77139-37.65500;2026-06-10
Vivo Coffee;ул. Новорязанская, 36;55.771388;37.669068;osm-55.77139-37.66907;2026-02-08
Факультет кофе;ул. Малая Почтовая, 8 с3;55.771410;37.686258;osm-55.77141-37.68626;2026-03-29
Wooden Door;Большая Сухаревская пл., 16/18 с1;55.771422;37.637131;osm-55.77142-37.63713;2023-11-18
Пилзнер;ул. 1-я Тверская-Ямская, 7;55.771433;37.593169;osm-55.77143-37.59317;2026-06-05
Пинки&Кофе;Большая Сухаревская пл., 16/18 с1;55.771465;37.637145;osm-55.77146-37.63714;2025-01-01
Питербургер;ул. Фридриха Энгельса, 3-5 с1;55.771469;37.679583;osm-55.77147-37.67958;2026-03-29
351;ул. Фридриха Энгельса, 3-5 с1;55.771501;37.679845;osm-55.77150-37.67985;2026-03-29
Lafferia;ул. Малая Почтовая, 8 с3;55.771496;37.686323;osm-55.77150-37.68632;2025-05-01
Волконский;ул. Сретенка, 36;55.771521;37.632248;osm-55.77152-37.63225;2026-05-17
Есть хинкали, пить вино;Орликов пер., 8;55.771528;37.649285;osm-55.77153-37.64928;2026-01-20
Золотая Вобла;ул. Ладожская, 1/2;55.771529;37.681399;osm-55.77153-37.68140;2026-07-01
Чайхона №1;ул. 1-я Тверская-Ямская, 7;55.771551;37.592960;osm-55.77155-37.59296;2026-05-25
Pho Bo №1;ул. Сретенка, 36;55.771546;37.632558;osm-55.77155-37.63256;2026-05-17
Beer & Fries;ул. Ладожская, 5;55.771552;37.682086;osm-55.77155-37.68209;2026-06-15
Восточное;Красногорск, ул. Центральная, 47А;55.771556;37.249467;osm-55.77156-37.24947;2023-11-14
Pho City;ул. Ладожская, 7;55.771568;37.682310;osm-55.77157-37.68231;2026-03-29
Jinju;ул. Ладожская, 7;55.771580;37.682611;osm-55.77158-37.68261;2026-03-29
Kono;ул. Ладожская, 7;55.771585;37.682715;osm-55.77159-37.68272;2026-03-29
Curry India;ул. Ладожская, 7А;55.771590;37.682832;osm-55.77159-37.68283;2026-03-29
Венеция;ул. 4-я Тверская-Ямская, 2/11 с1;55.771600;37.598811;osm-55.77160-37.59881;2026-04-18
Тбилисобо;Красногорск, ул. Центральная, 57;55.771620;37.253278;osm-55.77162-37.25328;2023-11-13
Бутчер;ул. Малая Дмитровка, 20;55.771623;37.605036;osm-55.77162-37.60504;2025-11-05
Sreda;ул. Ладожская, 11;55.771633;37.684106;osm-55.77163-37.68411;2026-03-29
Шашлычная;ул. Сретенка, 36;55.771636;37.632553;osm-55.77164-37.63255;2026-05-17
РОС;ул. Малая Дмитровка, 29 с4;55.771664;37.603785;osm-55.77166-37.60379;2023-11-27
Babacha;Большая Сухаревская пл., 16/18 с2;55.771657;37.637916;osm-55.77166-37.63792;2025-01-01
Bitter Drop;Большая Сухаревская пл., 16/18 с1;55.771710;37.637251;osm-55.77171-37.63725;2023-11-29
Дружба;Панкратьевский пер., 2;55.771733;37.633468;osm-55.77173-37.63347;2026-05-24
Столичный повар;ул. Садовая-Триумфальная, 18-20;55.771752;37.603112;osm-55.77175-37.60311;2024-06-23
Эспрессиум;Большая Сухаревская пл., 14/7;55.771746;37.636888;osm-55.77175-37.63689;2025-01-07
Парос;ул. Спартаковская, 8;55.771766;37.673891;osm-55.77177-37.67389;2026-02-08
Buddy McDaniel;ул. Малая Дмитровка, 20;55.771807;37.604940;osm-55.77181-37.60494;2025-11-05
Кабинет 3.14;ул. Трубная, 32 с3;55.771814;37.625800;osm-55.77181-37.62580;2025-05-18
На кранах;Цветной бул., 19 с5;55.771820;37.619429;osm-55.77182-37.61943;2026-07-30
Tandoor;Оружейный пер., 13 с1;55.771847;37.599637;osm-55.77185-37.59964;2026-04-18
Антикафе Сфера;Большая Сухаревская пл., 14/7;55.771847;37.636597;osm-55.77185-37.63660;2026-09-28
Довлатов;ул. Малая Дмитровка, 20;55.771902;37.604898;osm-55.77190-37.60490;2025-11-05
Капучино;Электрический пер., 3/10 с1 5эт;55.771934;37.575742;osm-55.77193-37.57574;2024-03-21
Цветы и кофе;ул. 4-я Тверская-Ямская, 7;55.771926;37.597730;osm-55.77193-37.59773;2024-05-21
Roaster coffee;ул. 4-я Тверская-Ямская, 2/11 с2;55.771968;37.598188;osm-55.77197-37.59819;2026-04-18
Абу Гош;ул. Трубная, 27 с2;55.771980;37.624895;osm-55.77198-37.62490;2026-03-13
Michael Collins;Цветной бул., 21 с2;55.771985;37.619968;osm-55.77199-37.61997;2026-07-30
Божью cпаси Коровку;ул. 4-я Тверская-Ямская, 7;55.772020;37.597574;osm-55.77202-37.59757;2025-01-16
J. Z. Peking Duck;Цветной бул., 21 с2;55.772054;37.620062;osm-55.77205-37.62006;2026-07-30
вСе ли Поели?;Орликов пер., 5 с1;55.772053;37.650370;osm-55.77205-37.65037;2023-12-22
Old School;Оружейный пер., 15А;55.772079;37.600314;osm-55.77208-37.60031;2026-05-25
Экспрессо;Оружейный пер., 15А;55.772156;37.600701;osm-55.77216-37.60070;2024-02-19
Цирк;Цветной бул., 21 с7;55.772163;37.619416;osm-55.77216-37.61942;2026-07-30
Ra'men;Цветной бул., 21 с7;55.772178;37.619605;osm-55.77218-37.61960;2026-07-30
Ботаника;ул. Большая Грузинская, 61А;55.772185;37.584407;osm-55.77219-37.58441;2025-12-20
Delight;Оружейный пер., 15А;55.772228;37.600900;osm-55.77223-37.60090;2026-04-18
Старый город;ул. Новорязанская, 16/11;55.772241;37.660077;osm-55.77224-37.66008;2026-02-28
Вьетнамское кафе;ул. Новорязанская, 25 с1;55.772249;37.664384;osm-55.77225-37.66438;2026-06-14
Дни недели;Цветной бул., 30 с1;55.772257;37.622397;osm-55.77226-37.62240;2025-10-01
Чиж&Ко;ул. Фридриха Энгельса, 20 с1;55.772310;37.682889;osm-55.77231-37.68289;2026-07-13
Гнездо глухаря;Цветной бул., 30 с1;55.772322;37.622481;osm-55.77232-37.62248;2025-09-30
Хлеб и печь;ул. Спартаковская, 12;55.772317;37.675450;osm-55.77232-37.67545;2026-02-08
Met Tea;ул. Бауманская, 32 с1;55.772341;37.678224;osm-55.77234-37.67822;2026-02-08
0,5 промилле;Большая Сухаревская пл., 9;55.772347;37.638235;osm-55.77235-37.63824;2026-09-25
МамаМай;ул. Садовая-Каретная, 4-6 с1;55.772393;37.605953;osm-55.77239-37.60595;2026-07-14
Тхань;ул. Новорязанская, 25 с1;55.772401;37.664266;osm-55.77240-37.66427;2024-08-09
Эклерная Клер;ул. Спартаковская, 16;55.772410;37.675779;osm-55.77241-37.67578;2026-02-08
Подъезд;ул. Садовая-Каретная, 4-6 с1;55.772450;37.606336;osm-55.77245-37.60634;2026-07-14
Roaster coffee;ул. Новая Дорога, 9;55.772453;37.700636;osm-55.77245-37.70064;2025-11-22
Невский;Нахабино, пр. Александра Невского, 1А;55.772459;37.216369;osm-55.77246-37.21637;2025-07-21
Аби Раби;ул. Спартаковская, 24;55.772460;37.677026;osm-55.77246-37.67703;2026-02-08
2007;ул. Бакунинская, 4/6 с1;55.772472;37.681322;osm-55.77247-37.68132;2024-02-25
Чайхона на Бауманской;ул. Фридриха Энгельса, 20 с1;55.772511;37.683292;osm-55.77251-37.68329;2023-12-17
Пироги, вино и гусь;Цветной бул., 23 с1;55.772571;37.620771;osm-55.77257-37.62077;2026-02-25
Select Перекрёсток;ул. Новорязанская, 21 с2;55.772565;37.660725;osm-55.77257-37.66072;2026-06-14
Lele;ул. Садовая-Каретная, 8 с1;55.772580;37.607230;osm-55.77258-37.60723;2026-07-14
Delicatessen;ул. Садовая-Каретная, 20 с2;55.772596;37.610883;osm-55.77260-37.61088;2026-09-11
Nord;ул. 1-я Тверская-Ямская, 12;55.772609;37.592601;osm-55.77261-37.59260;2025-08-16
Мама Роаста;ул. Новорязанская, 23 с1;55.772689;37.663522;osm-55.77269-37.66352;2026-05-18
Metekhi;Орликов пер., 5 с2;55.772713;37.649812;osm-55.77271-37.64981;2024-02-01
Депо Три вокзала;ул. Новорязанская, 23 с1;55.772710;37.663351;osm-55.77271-37.66335;2026-09-25
Klubique;ул. Садовая-Каретная, 20 с1;55.772720;37.610280;osm-55.77272-37.61028;2025-09-19
Винил и вино;ул. Садовая-Каретная, 18;55.772745;37.609687;osm-55.77275-37.60969;2026-05-29
Подъезд;ул. Фридриха Энгельса, 21;55.772754;37.683050;osm-55.77275-37.68305;2025-10-21
Буховски'с;ул. Фридриха Энгельса, 21;55.772752;37.683159;osm-55.77275-37.68316;2025-11-23
Котомка;ул. 1-я Тверская-Ямская, 11;55.772762;37.590391;osm-55.77276-37.59039;2026-04-18
Тирольские пироги;ул. 1-я Тверская-Ямская, 11;55.772774;37.590985;osm-55.77277-37.59099;2026-06-05
Босфор;Цветной бул., 25 с1;55.772797;37.620772;osm-55.77280-37.62077;2026-02-25
Hq! coffee;3-й Хорошёвский пр., 1 с2;55.772817;37.539950;osm-55.77282-37.53995;2026-02-26
Gambrinus;ул. 1-я Тверская-Ямская, 16/23 с1;55.772817;37.591776;osm-55.77282-37.59178;2026-09-25
Letters;ул. Садовая-Сухаревская, 10/12;55.772828;37.626976;osm-55.77283-37.62698;2025-09-29
Cartel;ул. Народного Ополчения, 13;55.772839;37.473347;osm-55.77284-37.47335;2024-02-18
Mr. Help & Friends;Малая Сухаревская пл., 6 с1;55.772851;37.629310;osm-55.77285-37.62931;2026-09-25
Tsomi;ул. Новорязанская, 23 с1;55.772853;37.663064;osm-55.77285-37.66306;2024-09-11
У дяди Федора;Нахабино, пр. Александра Невского, 1/2;55.772870;37.216024;osm-55.77287-37.21602;2025-07-21
Micha;Цветной бул., 25 с1;55.772872;37.620741;osm-55.77287-37.62074;2026-07-02
Творопышки;Цветной бул., 25 с1;55.772872;37.620772;osm-55.77287-37.62077;2026-07-02
Сыроварня;ул. Новорязанская, 23 с5;55.772878;37.661890;osm-55.77288-37.66189;2026-09-25
Заг-Заг;1-й Тверской-Ямской пер., 14;55.772885;37.598007;osm-55.77289-37.59801;2025-12-12
Перепел;ул. Садовая-Каретная, 18;55.772917;37.609514;osm-55.77292-37.60951;2026-05-19
Трапеза;ул. Фридриха Энгельса, 23 с1;55.772922;37.683415;osm-55.77292-37.68341;2026-05-25
Чайхана;Оружейный пер., 25 с1;55.772942;37.601432;osm-55.77294-37.60143;2026-04-18
Циферблат;ул. 1-я Тверская-Ямская, 16/23 с1;55.772973;37.591549;osm-55.77297-37.59155;2026-05-23
Complex Burger;ул. Садовая-Каретная, 18;55.772979;37.610278;osm-55.77298-37.61028;2026-09-11
Supernova;ул. Садовая-Каретная, 20 с1;55.772985;37.610374;osm-55.77298-37.61037;2026-09-11
Slider's;Малая Сухаревская пл., 2/4;55.772979;37.628243;osm-55.77298-37.62824;2026-07-02
Пипл & паста;Цветной бул., 25 с1;55.772991;37.620776;osm-55.77299-37.62078;2026-02-06
Дымов;ул. Новорязанская, 23 с3;55.772995;37.662823;osm-55.77300-37.66282;2024-03-06
Black Hat;ул. Садовая-Каретная, 22 с1;55.773013;37.610829;osm-55.77301-37.61083;2026-09-11
Spaten Haus;ул. Садовая-Каретная, 22 с1;55.773038;37.611422;osm-55.77304-37.61142;2026-05-19
Токат;ул. Нижняя Красносельская, 45/17;55.773035;37.675742;osm-55.77304-37.67574;2026-02-08
Elsewhere;ул. Садовая-Самотёчная, 4А;55.773078;37.613116;osm-55.77308-37.61312;2026-05-19
Коктейльная;Цветной бул., 25 с2;55.773077;37.620073;osm-55.77308-37.62007;2026-05-07
Турецкое кафе;ул. Садовая-Самотёчная, 6 с1;55.773097;37.613722;osm-55.77310-37.61372;2026-03-20
СДВиГ;Большая Сухаревская пл., 1/2 с1;55.773096;37.632897;osm-55.77310-37.63290;2026-09-25
Мокко;ул. Садовая-Самотёчная, 8;55.773111;37.614830;osm-55.77311-37.61483;2026-04-14
Sonder Cafe;ул. Бакунинская, 4/6 с1;55.773128;37.680695;osm-55.77313-37.68070;2025-09-21
Drinx;ул. 1-я Тверская-Ямская, 13 с1;55.773144;37.590251;osm-55.77314-37.59025;2026-04-18
Уровень кофе;ул. 2-я Брестская, 30;55.773161;37.587141;osm-55.77316-37.58714;2024-02-19
Китионы;ул. 1-я Тверская-Ямская, 18;55.773169;37.591155;osm-55.77317-37.59116;2026-06-05
Meraki;ул. Новорязанская, 23 с2;55.773172;37.661731;osm-55.77317-37.66173;2026-09-25
Core bistro;1-й Тверской-Ямской пер., 11;55.773196;37.597318;osm-55.77320-37.59732;2026-06-15
Nanuka;ул. Новорязанская, 23 с3;55.773221;37.662762;osm-55.77322-37.66276;2026-03-18
Практика;ул. Садовая-Самотёчная, 18 с1;55.773235;37.618661;osm-55.77323-37.61866;2026-03-13
Мясо в лаваше;Комсомольская пл., 2;55.773250;37.656967;osm-55.77325-37.65697;2025-11-28
Scrocca;ул. Фридриха Энгельса, 23 с3;55.773256;37.683920;osm-55.77326-37.68392;2026-05-28
Самарканд;Комсомольская пл., 2;55.773279;37.656613;osm-55.77328-37.65661;2025-11-28
Leps;ул. Грузинский Вал, 3А с2;55.773292;37.575278;osm-55.77329-37.57528;2026-05-25
From Berlin;ул. Садовая-Самотёчная, 20 с1;55.773294;37.619356;osm-55.77329-37.61936;2026-03-13
Sono;ул. Садовая-Самотёчная, 20 с1;55.773305;37.619546;osm-55.77331-37.61955;2026-03-13
Myst;ул. 1-я Брестская, 41 с2;55.773343;37.587522;osm-55.77334-37.58752;2024-06-17
Fresh;ул. Ольховская, 4 к2;55.773345;37.666066;osm-55.77334-37.66607;2025-06-30
Friends Place;ул. Фридриха Энгельса, 23 с3;55.773364;37.684055;osm-55.77336-37.68406;2026-05-28
Пицца Паоло;ул. Грузинский Вал, 18/15;55.773372;37.578488;osm-55.77337-37.57849;2024-03-22
Camera Obscura;просп. Мира, 6;55.773398;37.632618;osm-55.77340-37.63262;2023-10-12
Шаурмания;Комсомольская пл., 2;55.773434;37.656222;osm-55.77343-37.65622;2025-11-28
Nene;ул. Большая Грузинская, 76;55.773461;37.586626;osm-55.77346-37.58663;2026-01-20
Камин;ул. Большая Грузинская, 67 с1;55.773491;37.583878;osm-55.77349-37.58388;2024-10-05
Crosby Coffee;ул. Ольховская, 4 к1;55.773507;37.665366;osm-55.77351-37.66537;2025-04-09
Dizengof//99;ул. 2-я Брестская, 37 с1;55.773532;37.585563;osm-55.77353-37.58556;2026-05-01
J'pan;ул. Большая Грузинская, 76;55.773566;37.586793;osm-55.77357-37.58679;2025-10-12
Well's Home Cafe;просп. Маршала Жукова, 43 к5;55.773599;37.471918;osm-55.77360-37.47192;2023-10-28
Станция;ул. Фридриха Энгельса, 27;55.773625;37.684401;osm-55.77363-37.68440;2026-05-28
Adam;ул. Большая Грузинская, 76;55.773645;37.586932;osm-55.77365-37.58693;2025-12-12
С булочкой;Комсомольская пл., 2;55.773653;37.655733;osm-55.77365-37.65573;2025-11-28
Грузинка;1-й Тверской-Ямской пер., 18;55.773664;37.598825;osm-55.77366-37.59882;2026-05-15
Мистер картошка;Комсомольская пл., 2;55.773699;37.655779;osm-55.77370-37.65578;2025-11-28
Таком донер;Комсомольская пл., 2;55.773715;37.655546;osm-55.77372-37.65555;2025-11-28
Holder;2-й Вольный пер., 11;55.773725;37.739445;osm-55.77372-37.73945;2025-07-12
PR11;ул. 1-я Брестская, 43;55.773772;37.587330;osm-55.77377-37.58733;2026-08-22
Хинкальная на Спасской;ул. Большая Спасская, 11 с1;55.773774;37.639543;osm-55.77377-37.63954;2024-12-23
Булка;ул. 2-я Брестская, 37 с1;55.773793;37.586067;osm-55.77379-37.58607;2025-12-20
Фо ши мин;2-й Вольный пер., 11;55.773792;37.739081;osm-55.77379-37.73908;2025-07-16
Mátes;ул. Большая Грузинская, 76;55.773812;37.587232;osm-55.77381-37.58723;2026-08-22
Fix story;Комсомольская пл., 2;55.773813;37.655787;osm-55.77381-37.65579;2025-11-28
Чито-Ра;ул. Бакунинская, 7 с5;55.773839;37.680153;osm-55.77384-37.68015;2026-07-03
NOA;ул. Народного Ополчения, 15 с5;55.773858;37.473957;osm-55.77386-37.47396;2026-06-24
Meat Crew;ул. Грузинский Вал, 11 с4;55.773875;37.577663;osm-55.77387-37.57766;2025-10-22
Gussi;ул. Маши Порываевой, 38 с1;55.773883;37.650091;osm-55.77388-37.65009;2024-02-21
History;ул. Садовая-Самотёчная, 5;55.773891;37.615437;osm-55.77389-37.61544;2026-03-13
Загорами;ул. Бакунинская, 14 с16;55.773945;37.681821;osm-55.77394-37.68182;2026-08-13
Мао Едун;ул. Грузинский Вал, 11 с4;55.773956;37.577908;osm-55.77396-37.57791;2026-06-15
Комната отдыха;ул. Грузинский Вал, 11 с4;55.773987;37.578016;osm-55.77399-37.57802;2024-12-05
Пульс;ул. Грузинский Вал, 7;55.773997;37.577164;osm-55.77400-37.57716;2025-05-14
No Sugar;ул. Грузинский Вал, 7;55.774068;37.578250;osm-55.77407-37.57825;2024-10-17
True cost;ул. Грузинский Вал, 7;55.774081;37.578432;osm-55.77408-37.57843;2024-10-28
Линдфорс;ул. Маши Порываевой, 38 с1;55.774080;37.650676;osm-55.77408-37.65068;2024-03-16
Кот Бегемот;просп. Мира, 12 с9;55.774088;37.633046;osm-55.77409-37.63305;2023-12-07
Osso;ул. 1-я Тверская-Ямская, 21;55.774101;37.586640;osm-55.77410-37.58664;2026-08-22
Булкер;1-й Тверской-Ямской пер., 18/3;55.774116;37.598540;osm-55.77412-37.59854;2026-01-15
Илиадис;ул. Самотёчная, 1/15;55.774142;37.618443;osm-55.77414-37.61844;2026-03-13
Magnus Locus;просп. Мира, 12 с9;55.774143;37.633195;osm-55.77414-37.63320;2025-05-15
Qartuli;ул. Грузинский Вал, 11 с4;55.774152;37.578651;osm-55.77415-37.57865;2025-02-25
Red Lion;ул. Садовая-Самотёчная, 13 с1;55.774201;37.617939;osm-55.77420-37.61794;2026-06-05
Академия вкуса;ул. Большая Почтовая, 18/20 с15;55.774217;37.691593;osm-55.77422-37.69159;2024-05-05
Zarún;ул. Грузинский Вал, 11 с3;55.774228;37.578882;osm-55.77423-37.57888;2026-06-24
Doner Efendi;Хорошёвское ш., 16 с3;55.774245;37.545579;osm-55.77425-37.54558;2026-05-15
Булочка;2-й Хорошёвский пр., 7 к1;55.774280;37.532786;osm-55.77428-37.53279;2025-05-02
Krombacher;ул. 1-я Тверская-Ямская, 17;55.774291;37.588376;osm-55.77429-37.58838;2026-06-05
Ломи;ул. 2-я Брестская, 39;55.774296;37.584589;osm-55.77430-37.58459;2025-12-20
Родня;ул. Грузинский Вал, 11 с3;55.774313;37.579142;osm-55.77431-37.57914;2026-06-19
Sage;ул. 1-я Тверская-Ямская, 21;55.774345;37.587033;osm-55.77434-37.58703;2024-08-04
Curry;ул. 2-я Брестская, 46;55.774354;37.585070;osm-55.77435-37.58507;2025-12-20
Чебуречная;ул. 2-я Брестская, 41 c1;55.774357;37.584446;osm-55.77436-37.58445;2025-12-20
Ramen Ten;ул. Долгоруковская, 2;55.774424;37.604267;osm-55.77442-37.60427;2026-03-13
Каравай;Комсомольская пл., 2;55.774436;37.655989;osm-55.77444-37.65599;2025-12-02
Золотая Цапля;1-й Волконский пер., 10;55.774462;37.616531;osm-55.77446-37.61653;2025-01-23
Рыба моя;ул. 1-я Тверская-Ямская, 21;55.774472;37.587278;osm-55.77447-37.58728;2026-08-22
Pods;пл. Тверская Застава, 5 с9;55.774478;37.579622;osm-55.77448-37.57962;2025-02-12
Boss doner;ул. Грузинский Вал, 28;55.774513;37.581488;osm-55.77451-37.58149;2025-02-02
Burger Heroes;ул. Грузинский Вал, 28;55.774530;37.581638;osm-55.77453-37.58164;2024-11-09
Чжун Го;1-й Волконский пер., 10;55.774537;37.616421;osm-55.77454-37.61642;2025-02-03
Bad.Bro.Bar;ул. Грузинский Вал, 28;55.774563;37.581652;osm-55.77456-37.58165;2025-02-19
Ипинлао;ул. Долгоруковская, 2;55.774594;37.604438;osm-55.77459-37.60444;2026-03-13
Старик и море;ул. 2-я Брестская, 46;55.774596;37.584680;osm-55.77460-37.58468;2025-12-20
Ми Ли;просп. Мира, 12 с1;55.774612;37.632529;osm-55.77461-37.63253;2025-12-14
Punk Fiction;ул. Ольховская, 14 с1;55.774606;37.670962;osm-55.77461-37.67096;2026-05-02
Fatto a Mano;ул. Долгоруковская, 2;55.774642;37.604226;osm-55.77464-37.60423;2026-03-13
Манки;ул. Ольховская, 23;55.774740;37.667988;osm-55.77474-37.66799;2024-01-13
Монастырский дворик;ул. 2-я Тверская-Ямская, 52 с1;55.774787;37.589541;osm-55.77479-37.58954;2025-04-24
Siyai;ул. Грузинский Вал, 28/45;55.774921;37.582693;osm-55.77492-37.58269;2026-01-14
Бульдог Хотдог;ул. Саляма Адиля, 4;55.774973;37.467916;osm-55.77497-37.46792;2025-12-17
Джаганнат;ул. Грузинский Вал, 28/45;55.774968;37.583402;osm-55.77497-37.58340;2025-12-20
БарБариста;1-й Хорошёвский пр., 14 к1;55.775043;37.545494;osm-55.77504-37.54549;2026-10-01
Истанбул донер;ул. Грузинский Вал, 28/45;55.775069;37.583143;osm-55.77507-37.58314;2026-04-07
Иди обниму;просп. Мира, 7 с3;55.775071;37.630828;osm-55.77507-37.63083;2024-04-09
Суп-кафе;ул. 1-я Брестская, 62;55.775112;37.585494;osm-55.77511-37.58549;2026-08-22
Пей здесь;Комсомольская пл., 2А;55.775117;37.656920;osm-55.77512-37.65692;2025-02-02
Birja;ул. 2-я Брестская, 48;55.775158;37.584752;osm-55.77516-37.58475;2026-08-22
Grillz;Комсомольская пл., 1А с4;55.775252;37.652373;osm-55.77525-37.65237;2025-08-15
Суп-станция;ул. 1-я Брестская, 62;55.775260;37.585244;osm-55.77526-37.58524;2026-08-22
Хот Догги;ул. Фадеева, 5 с7;55.775293;37.597935;osm-55.77529-37.59793;2026-05-24
Исфара;Комсомольская пл., 4 с1;55.775464;37.659102;osm-55.77546-37.65910;2024-05-18
Thai Kitchen;пл. Тверская Застава, 1;55.775466;37.582097;osm-55.77547-37.58210;2026-06-15
Вкусно и ягоды;пл. Тверская Застава, 2 с2;55.775513;37.584267;osm-55.77551-37.58427;2026-08-22
Bro кофе;ул. Вольная, 28/4 к2;55.775591;37.737867;osm-55.77559-37.73787;2025-07-18
Улей;ул. 1-я Тверская-Ямская, 32;55.775613;37.586999;osm-55.77561-37.58700;2024-10-24
Слёзы Берёзы;ул. Бауманская, 15;55.775639;37.677761;osm-55.77564-37.67776;2023-11-12
Bro coffee;ул. Большая Почтовая, 7 с1;55.775640;37.691221;osm-55.77564-37.69122;2026-03-29
Met Tea;пл. Тверская Застава, 5;55.775668;37.582320;osm-55.77567-37.58232;2025-12-20
Золотая Балка;ул. 1-я Брестская, 66;55.775675;37.584509;osm-55.77567-37.58451;2026-08-22
Saperavi;ул. 1-я Тверская-Ямская, 27;55.775754;37.585849;osm-55.77575-37.58585;2026-06-05
Coffee;ул. 1-я Брестская, 66;55.775756;37.584600;osm-55.77576-37.58460;2026-08-22
Алёнка;ул. Фадеева, 4А с1;55.775782;37.602229;osm-55.77578-37.60223;2024-07-08
Pho City;ул. Нижняя Красносельская, 35 с49;55.775789;37.671741;osm-55.77579-37.67174;2026-05-15
Мангал Холл;ул. Большая Спасская, 8 с1А;55.775830;37.643005;osm-55.77583-37.64301;2025-02-03
Моряк и чайка;ул. 1-я Брестская, 66;55.775841;37.584738;osm-55.77584-37.58474;2026-08-22
FFA House;ул. Краснопролетарская, 8 с1;55.775837;37.607975;osm-55.77584-37.60798;2026-08-13
Интеркафе;ул. Чаянова, 12;55.775878;37.596128;osm-55.77588-37.59613;2026-04-18
Prosvet;ул. Фадеева, 10;55.775881;37.596703;osm-55.77588-37.59670;2026-04-18
Gebo;ул. 4-я Магистральная, 4/11;55.775915;37.516131;osm-55.77591-37.51613;2026-05-31
Культурный код;ул. Чаянова, 12;55.775971;37.595627;osm-55.77597-37.59563;2026-04-18
Вспышка;ул. Нижняя Красносельская, 35 с2;55.775998;37.672458;osm-55.77600-37.67246;2023-10-26
Сансар;ул. Спартаковская, 16/15 с4;55.776008;37.678165;osm-55.77601-37.67816;2024-04-30
Kono;ул. 1-я Тверская-Ямская, 29 с1;55.776016;37.585382;osm-55.77602-37.58538;2026-06-05
Невинные сплетни;ул. Бауманская, 11 с10;55.776016;37.676969;osm-55.77602-37.67697;2023-11-19
Stim;ул. Спартаковская, 16/15 с4;55.776047;37.678289;osm-55.77605-37.67829;2024-04-30
Хондэ;Спартаковская пл., 16/15 с2;55.776091;37.678993;osm-55.77609-37.67899;2026-06-15
Вкус Востока;ул. 1-я Тверская-Ямская, 29 с1;55.776100;37.585240;osm-55.77610-37.58524;2025-11-22
Smart Day;Спартаковская пл., 16/15 с2;55.776118;37.679072;osm-55.77612-37.67907;2026-06-15
Coffee;пл. Тверская Застава, 5;55.776155;37.581774;osm-55.77616-37.58177;2025-12-20
Axiom;Спартаковская пл., 16/15 с2;55.776237;37.679384;osm-55.77624-37.67938;2024-04-30
Чайхана;ул. Семёновский Вал, 12;55.776298;37.714103;osm-55.77630-37.71410;2026-04-08
Щепки;ул. Бауманская, 11 с10;55.776306;37.677197;osm-55.77631-37.67720;2026-06-19
Чайхана Инжир;ул. Каланчёвская, 33;55.776339;37.648854;osm-55.77634-37.64885;2025-09-29
2morrow;ул. Бауманская, 11 с10;55.776354;37.677335;osm-55.77635-37.67733;2026-06-19
Bistro Si;ул. Долгоруковская, 25А;55.776394;37.602155;osm-55.77639-37.60216;2026-03-13
Ля Ше'вре;ул. Мещанская, 12;55.776390;37.627867;osm-55.77639-37.62787;2024-04-26
ГастроFerma;ул. Нижняя Красносельская, 35 с59;55.776436;37.674813;osm-55.77644-37.67481;2023-12-26
Хиросима, моя любовь;Спартаковская пл., 16/15 с22;55.776489;37.680047;osm-55.77649-37.68005;2024-02-25
Кафе-столовая;ул. Большая Почтовая, 18;55.776492;37.694608;osm-55.77649-37.69461;2024-05-08
ГастроFerma;ул. Нижняя Красносельская, 35 с59;55.776542;37.674858;osm-55.77654-37.67486;2023-12-26
Dodgy;ул. Долгоруковская, 27 с1;55.776565;37.601443;osm-55.77656-37.60144;2026-04-01
Fibonacci;ул. Бауманская, 7 с1;55.776555;37.675965;osm-55.77656-37.67596;2024-04-26
Гранд Гриль;Комсомольская пл., 5;55.776646;37.656857;osm-55.77665-37.65686;2024-03-09
Subrosa;ул. Краснопролетарская, 14/2;55.776751;37.607597;osm-55.77675-37.60760;2025-05-21
Кофейное дерево;Живарёв пер., 8 с1;55.776755;37.643013;osm-55.77676-37.64301;2025-04-29
Чан-Чан;ул. Лесная, 1/2;55.776797;37.585600;osm-55.77680-37.58560;2026-08-22
Самаргало;2-й Щемиловский пер., 4;55.776816;37.607890;osm-55.77682-37.60789;2026-05-09
Шалость удалась;Спартаковская пл., 16/15 с1;55.776818;37.680175;osm-55.77682-37.68017;2025-11-22
The рыба;Хорошёвское ш., 27;55.776854;37.522962;osm-55.77685-37.52296;2024-04-26
Daily Green mini;ул. Большая Спасская, 35;55.776871;37.646711;osm-55.77687-37.64671;2026-09-25
Шаурму хочу;ул. Краснопрудная, 1;55.776874;37.659199;osm-55.77687-37.65920;2024-02-12
Slider's;ул. Ольховская, 24;55.776882;37.673327;osm-55.77688-37.67333;2025-07-15
Roaster coffee;ул. Долгоруковская, 32;55.776900;37.602958;osm-55.77690-37.60296;2026-04-30
Тин Лун;ул. Каланчёвская, 14 с1;55.776924;37.649031;osm-55.77692-37.64903;2025-04-29
Вкусоед;Павловский Посад, ул. Интернациональная, 34А;55.776977;38.695888;osm-55.77698-38.69589;2024-05-03
Эстер;1-й Самотёчный пер., 2 с2;55.777005;37.616109;osm-55.77701-37.61611;2026-06-05
Ngon;ул. Краснопролетарская, 16 с1;55.777025;37.607146;osm-55.77703-37.60715;2024-12-19
Element Coffee;1-й Самотёчный пер., 2 с2;55.777043;37.615665;osm-55.77704-37.61566;2025-10-09
Osteria Monti;ул. Краснопрудная, 1;55.777093;37.659902;osm-55.77709-37.65990;2024-02-12
bodro coffee;ул. Краснопролетарская, 16 с1;55.777182;37.607041;osm-55.77718-37.60704;2024-12-19
Brasserie Lambic;просп. Мира, 26 с7;55.777260;37.635777;osm-55.77726-37.63578;2025-09-29
Katie O'Shea's;просп. Мира, 26/5;55.777279;37.634255;osm-55.77728-37.63426;2025-08-15
Kochegar;ул. Краснопрудная, 3/5;55.777295;37.660340;osm-55.77730-37.66034;2026-08-17
Мадам Галифе;просп. Мира, 26 с4;55.777344;37.633539;osm-55.77734-37.63354;2025-09-29
Натахтари Grand;Хорошёвское ш., 25Б;55.777347;37.525861;osm-55.77735-37.52586;2026-05-25
Санта Базилия;просп. Мира, 26 с1;55.777395;37.633223;osm-55.77739-37.63322;2025-09-29
Пита & Сувлаки;ул. Самотёчная, 13;55.777411;37.617756;osm-55.77741-37.61776;2026-04-22
Настойкин;ул. Нижняя Красносельская, 15-17 с2;55.777427;37.669389;osm-55.77743-37.66939;2023-12-25
Ferragosto;ул. Краснопрудная, 3/5;55.777452;37.660696;osm-55.77745-37.66070;2024-02-12
Upside Down Cake Co.;просп. Мира, 26 с1;55.777491;37.632917;osm-55.77749-37.63292;2025-09-29
Вахтанг;Хорошёвское ш., 27;55.777496;37.524567;osm-55.77750-37.52457;2026-07-26
Шикари;Хорошёвское ш., 27;55.777508;37.524072;osm-55.77751-37.52407;2023-10-27
Дача Гашека;ул. Долгоруковская, 31 с32;55.777518;37.601864;osm-55.77752-37.60186;2026-03-13
Wurst Bär;просп. Мира, 26 с1;55.777516;37.633208;osm-55.77752-37.63321;2025-09-29
Дымов;Хорошёвское ш., 27;55.777535;37.524377;osm-55.77754-37.52438;2024-04-22
Шаурма by Aida;ул. Вольная, 25 с4;55.777582;37.733109;osm-55.77758-37.73311;2025-10-04
Остерия у Джованни;ул. Самотёчная, 13;55.777586;37.617426;osm-55.77759-37.61743;2026-04-22
Пития и брашна;ул. Бутырский Вал, 8/3 с3;55.777621;37.585399;osm-55.77762-37.58540;2024-10-24
Итальянец;ул. Самотёчная, 13;55.777618;37.617675;osm-55.77762-37.61767;2026-04-22
Cream Soda;ул. Лесная, 5;55.777643;37.586871;osm-55.77764-37.58687;2026-08-22
Кофикс;ул. Долгоруковская, 38/1;55.777669;37.602455;osm-55.77767-37.60245;2026-05-01
Shaurma;Хорошёвское ш., 88 с1;55.777689;37.516911;osm-55.77769-37.51691;2026-09-22
Melnica group;Павловский Посад, Большой Железнодорожный пр., 2;55.777693;38.671348;osm-55.77769-38.67135;2026-05-30
Чайхона Бухора;ул. Щепкина, 25/20;55.777765;37.628158;osm-55.77777-37.62816;2025-01-13
Noba;Ботанический пер., 5;55.777805;37.637863;osm-55.77781-37.63786;2026-03-08
Пицца Паоло;ул. Щепкина, 27 к1;55.777847;37.628819;osm-55.77785-37.62882;2025-03-02
Бейджанс кофейня;Хорошёвское ш., 90;55.777861;37.515186;osm-55.77786-37.51519;2026-09-24
Одесса-мама;просп. Мира, 26 с1;55.777863;37.633364;osm-55.77786-37.63336;2024-08-29
Академ Джаз;просп. Мира, 26 с1;55.777878;37.633131;osm-55.77788-37.63313;2025-02-19
Философ Jazz Кафе;Хорошёвское ш., 90;55.777901;37.515438;osm-55.77790-37.51544;2026-06-06
Дербент;ул. Щепкина, 25/20;55.777916;37.628185;osm-55.77792-37.62819;2025-01-13
J'pan;ул. Чаянова, 22;55.777944;37.598722;osm-55.77794-37.59872;2024-07-22
Переговорка;Хорошёвское ш., 92;55.778009;37.514452;osm-55.77801-37.51445;2026-06-15
Не только Хлеб;ул. Лесная, 5;55.778012;37.587320;osm-55.77801-37.58732;2025-04-15
Ташкент;ул. Зорге, 2;55.778044;37.513866;osm-55.77804-37.51387;2026-05-07
Торро Гриль;ул. Лесная, 5;55.778082;37.586358;osm-55.77808-37.58636;2024-07-15
Восточная сказка;ул. Краснопрудная, 7-9;55.778112;37.662121;osm-55.77811-37.66212;2024-02-11
Салам Алейкум;ул. Щепкина, 27 к1;55.778201;37.628877;osm-55.77820-37.62888;2025-03-02
Cork;Хорошёвское ш., 82;55.778250;37.521364;osm-55.77825-37.52136;2026-06-07
La Familia;Переведеновский пер., 18 с7;55.778395;37.690067;osm-55.77840-37.69007;2023-11-23
Tell me;ул. Лесная, 10-16;55.778425;37.588957;osm-55.77842-37.58896;2026-08-22
Новорижская застава;Нахабино, ул. Счастливая, 90;55.778436;37.188145;osm-55.77844-37.18814;2026-01-11
Mozza;ул. Лесная, 7;55.778462;37.588004;osm-55.77846-37.58800;2026-08-22
Roasters;Ленинградский просп., 2;55.778476;37.582571;osm-55.77848-37.58257;2025-08-29
Semplice;ул. Долгоруковская, 39/6;55.778496;37.600880;osm-55.77850-37.60088;2026-03-13
Аль-Барака;просп. Будённого, 1/1 к2;55.778622;37.723397;osm-55.77862-37.72340;2025-03-08
Панчетта;ул. Народного Ополчения, 23/1;55.778637;37.478062;osm-55.77864-37.47806;2024-02-09
Универ;Весковский пер., 2;55.778645;37.598924;osm-55.77864-37.59892;2026-08-22
Биродром;ул. Народного Ополчения, 23/1;55.778661;37.477897;osm-55.77866-37.47790;2024-02-09
Boston;ул. Лесная, 7;55.778680;37.587495;osm-55.77868-37.58749;2024-11-11
Lao Lee;Миусская пл., 9 с11;55.778699;37.596613;osm-55.77870-37.59661;2026-08-22
Суши Домой;Павловский Посад, ул. Каляева, 3;55.778698;38.677542;osm-55.77870-38.67754;2026-01-20
Coffee Bean;ул. Долгоруковская, 39/6;55.778752;37.600506;osm-55.77875-37.60051;2026-08-22
Ган Гуни;Электросталь, ул. Тевосяна, 25;55.778805;38.445000;osm-55.77880-38.44500;2025-02-04
Lao Cake;Миусская пл., 9;55.778831;37.596826;osm-55.77883-37.59683;2026-08-22
Coffee Break;1-й Кирпичный пер., 2 с2;55.778829;37.732254;osm-55.77883-37.73225;2025-07-16
Жажда крови;ул. Лесная, 9;55.778841;37.588569;osm-55.77884-37.58857;2026-08-22
Тако Тако Буррито Буррито;Весковский пер., 3;55.778852;37.598537;osm-55.77885-37.59854;2026-08-22
Semenov;Весковский пер., 7;55.778867;37.600170;osm-55.77887-37.60017;2026-08-22
Рынок и общепит Шук;Весковский пер., 7;55.778869;37.600274;osm-55.77887-37.60027;2026-03-13
Blisski;просп. Мира, 21 с1;55.778874;37.631836;osm-55.77887-37.63184;2025-08-21
Coffee Break;1-й Кирпичный пер., 2 с2;55.778875;37.732295;osm-55.77887-37.73230;2025-07-16
Udon Noodle Bar;4-й Лесной пер., 4;55.778889;37.587211;osm-55.77889-37.58721;2025-08-19
Старлайт;Ленинградский просп., 4/2;55.778912;37.582024;osm-55.77891-37.58202;2026-06-15
Raw to go;ул. Лесная, 10-16;55.778923;37.589726;osm-55.77892-37.58973;2026-08-22
Кавказская пленница;просп. Мира, 36 с1;55.778923;37.633723;osm-55.77892-37.63372;2025-08-28
Кимчи;ул. Новослободская, 2;55.778995;37.601734;osm-55.77900-37.60173;2026-06-27
Steak It Easy;ул. Лесная, 9;55.779046;37.588158;osm-55.77905-37.58816;2023-12-30
Hibiki;ул. Лесная, 9;55.779086;37.589105;osm-55.77909-37.58911;2026-08-22
I love cake;Ленинградский просп., 4/2;55.779096;37.581373;osm-55.77910-37.58137;2026-06-05
Мускат;Павловский Посад, ул. Кирова, 39;55.779164;38.654313;osm-55.77916-38.65431;2025-06-01
Грузинский сыр;бул. Генерала Карбышева, 8 с3;55.779231;37.470786;osm-55.77923-37.47079;2024-02-25
Мускат;Павловский Посад, ул. Кирова, 39;55.779258;38.654478;osm-55.77926-38.65448;2025-06-01
BlaBlaBar;ул. Лесная, 20 с5;55.779279;37.590633;osm-55.77928-37.59063;2026-08-22
Ludovic;ул. Челябинская, 24 к4;55.779303;37.837611;osm-55.77930-37.83761;2026-09-19
Шеф Амазония;ул. Лесная, 20 с5;55.779308;37.590867;osm-55.77931-37.59087;2026-08-22
М2;Ленинградский просп., 10;55.779335;37.580488;osm-55.77934-37.58049;2026-06-15
Lesnoy;ул. Лесная, 20 с5;55.779416;37.590934;osm-55.77942-37.59093;2026-08-22
Limbo;ул. Большая Почтовая, 30 с2;55.779420;37.701592;osm-55.77942-37.70159;2026-07-13
Камель;ул. Лесная, 20 с5;55.779450;37.591179;osm-55.77945-37.59118;2026-08-22
Bocconcino;ул. Лесная, 20 с4;55.779519;37.592345;osm-55.77952-37.59235;2026-08-22
Post;ул. Большая Почтовая, 28;55.779539;37.698703;osm-55.77954-37.69870;2026-03-15
Decembeer;ул. Краснопролетарская, 35;55.779562;37.604659;osm-55.77956-37.60466;2026-09-11
Сыроварня;ул. Лесная, 20 с4;55.779567;37.591548;osm-55.77957-37.59155;2026-08-22
Дружба;ул. Новослободская, 2;55.779618;37.602100;osm-55.77962-37.60210;2025-07-25
КрабыКутабы;ул. Лесная, 20 с4;55.779643;37.591715;osm-55.77964-37.59172;2026-08-22
Molletta;ул. Щепкина, 32 с1;55.779638;37.629461;osm-55.77964-37.62946;2024-04-09
Schwarzkaiser;Протопоповский пер., 40;55.779643;37.644506;osm-55.77964-37.64451;2025-05-07
Зайкафе;ул. Селезнёвская, 4;55.779654;37.603840;osm-55.77965-37.60384;2025-05-23
PeGasRest;ул. Большая Почтовая, 30 с1;55.779659;37.700387;osm-55.77966-37.70039;2026-03-29
Post pub;ул. Большая Почтовая, 28;55.779669;37.698878;osm-55.77967-37.69888;2026-03-29
Чайхана Павлин-Мавлин;ул. Бакунинская, 71;55.779705;37.691984;osm-55.77970-37.69198;2023-10-26
Bageatteria;ул. Лесная, 20 с3;55.779727;37.592873;osm-55.77973-37.59287;2025-01-15
Constant;Ленинградский просп., 10;55.779744;37.579606;osm-55.77974-37.57961;2025-08-29
Soul in the Bowl;ул. Лесная, 20 с3;55.779736;37.593062;osm-55.77974-37.59306;2025-01-15
Vатук;ул. Лесная, 20 с3;55.779777;37.593044;osm-55.77978-37.59304;2025-01-15
AVA Bistro;ул. Лесная, 20 с6;55.779788;37.590896;osm-55.77979-37.59090;2026-08-22
Kulek;ул. Лесная, 20 с3;55.779802;37.593132;osm-55.77980-37.59313;2025-01-15
Фабрика обедов;Павловский Посад, ул. Кирова, 20;55.779809;38.656106;osm-55.77981-38.65611;2025-07-28
Bon Bon Berry;ул. Лесная, 20 с3;55.779824;37.592879;osm-55.77982-37.59288;2025-01-15
Sabbia;ул. Лесная, 20 с3;55.779864;37.592767;osm-55.77986-37.59277;2025-01-15
GT Coffee;ул. Лесная, 20 с3;55.779903;37.592670;osm-55.77990-37.59267;2025-01-15
Рамен по-Лань чжоуски;ул. Новослободская, 4;55.779911;37.601338;osm-55.77991-37.60134;2024-10-18
Tihn-Tea;ул. Большая Почтовая, 32 к2;55.779933;37.698376;osm-55.77993-37.69838;2026-03-29
Салатница;ул. Большая Почтовая, 32 к2;55.779934;37.698579;osm-55.77993-37.69858;2026-03-29
ráno bistro;ул. Большая Почтовая, 32 к2;55.779937;37.698904;osm-55.77994-37.69890;2026-03-29
Hanami;ул. Лесная, 20 с3;55.779958;37.592974;osm-55.77996-37.59297;2025-01-15
Inchoco;ул. Лесная, 20 с3;55.779978;37.593132;osm-55.77998-37.59313;2025-01-15
Ред36;ул. Краснопролетарская, 36;55.780012;37.605476;osm-55.78001-37.60548;2025-07-25
Remy Kitchen Bakery;ул. Лесная, 20 с6;55.780024;37.591267;osm-55.78002-37.59127;2026-08-22
Tsomi;ул. Лесная, 20 с3;55.780038;37.593324;osm-55.78004-37.59332;2024-09-11
Mollusca;ул. Лесная, 20 с3;55.780039;37.593483;osm-55.78004-37.59348;2025-01-15
Gilo;ул. Лесная, 20 с3;55.780084;37.593396;osm-55.78008-37.59340;2025-01-15
Ryba Family;ул. Лесная, 20 с3;55.780080;37.593548;osm-55.78008-37.59355;2025-01-15
Yolo;ул. Лесная, 20 с3;55.780101;37.592519;osm-55.78010-37.59252;2026-08-22
Ku:;ул. Лесная, 20 с8;55.780136;37.592301;osm-55.78014-37.59230;2026-08-22
Пошаблим?;Ленинградский просп., 12;55.780146;37.578723;osm-55.78015-37.57872;2025-08-29
Mr. Crabs;ул. Лесная, 20 с3;55.780148;37.593601;osm-55.78015-37.59360;2025-01-15
Русский;ул. Лесная, 20 с3;55.780171;37.592617;osm-55.78017-37.59262;2026-08-22
Депо. Москва;ул. Лесная, 20 с3;55.780190;37.592998;osm-55.78019-37.59300;2024-03-04
Right Hops;ул. Лесная, 20 с3;55.780214;37.593439;osm-55.78021-37.59344;2025-01-15
Окки;ул. Лесная, 20 с8;55.780231;37.592463;osm-55.78023-37.59246;2026-08-22
Универ;ул. Верхняя Красносельская, 34;55.780242;37.664705;osm-55.78024-37.66470;2026-07-12
Bổ;ул. Лесная, 30 с3;55.780248;37.592775;osm-55.78025-37.59278;2026-08-22
Wine Depot;ул. Лесная, 20 с3;55.780274;37.593306;osm-55.78027-37.59331;2025-01-15
Happy;ул. 1-я Миусская, 22 с1;55.780276;37.593933;osm-55.78028-37.59393;2024-01-24
Карри Тандури;ул. Лесная, 20 с8;55.780291;37.592544;osm-55.78029-37.59254;2026-08-22
Meat Dealers;ул. Лесная, 20 с3;55.780323;37.593552;osm-55.78032-37.59355;2025-01-15
Шеф;ул. Лесная, 30 с3;55.780333;37.593144;osm-55.78033-37.59314;2025-01-15
Бакинский уголок;ул. Лесная, 20 с8;55.780336;37.592612;osm-55.78034-37.59261;2026-08-22
Mama Mia;ул. Лесная, 30 с3;55.780335;37.592884;osm-55.78034-37.59288;2026-08-22
Bunson’s hot dogs;ул. Лесная, 20 с8;55.780347;37.592447;osm-55.78035-37.59245;2025-01-15
Подписные в музее;Ленинградский просп., 15 с11;55.780374;37.570387;osm-55.78037-37.57039;2026-09-25
1-я Креветочная;ул. Лесная, 30 с3;55.780375;37.593211;osm-55.78037-37.59321;2025-01-15
Mama Roasta;ул. Лесная, 20 с8;55.780385;37.592506;osm-55.78039-37.59251;2025-01-15
Glukoza;ул. Лесная, 30 с3;55.780389;37.592923;osm-55.78039-37.59292;2026-08-22
Три утки;ул. Лесная, 30 с3;55.780405;37.592719;osm-55.78041-37.59272;2026-08-22
ЛандринЪ;ул. Сущёвская, 9 с4;55.780415;37.601181;osm-55.78041-37.60118;2025-05-23
Индокитай;ул. Лесная, 20 с8;55.780423;37.592565;osm-55.78042-37.59257;2025-03-04
Фришная;ул. Лесная, 30 с3;55.780417;37.593277;osm-55.78042-37.59328;2025-01-15
Best Bar;ул. 1-я Миусская, 22 с1;55.780448;37.593646;osm-55.78045-37.59365;2025-01-15
HQ Coffee;2-й Боткинский пр., 5 к3;55.780459;37.552666;osm-55.78046-37.55267;2024-02-17
Люля&Co;ул. Лесная, 30 с3;55.780460;37.593344;osm-55.78046-37.59334;2025-01-15
ПивКо;ул. Народного Ополчения, 28;55.780489;37.480676;osm-55.78049-37.48068;2023-10-28
Новые русские пельмени;ул. Лесная, 20 с8;55.780491;37.592625;osm-55.78049-37.59262;2025-01-15
China Má;ул. Лесная, 20 с8;55.780486;37.592772;osm-55.78049-37.59277;2025-01-15
Fluffy Fluffy;ул. Лесная, 30 с3;55.780493;37.592868;osm-55.78049-37.59287;2025-01-15
Сичильямос Каффеттерия;ул. Сущёвская, 9;55.780503;37.601779;osm-55.78050-37.60178;2026-09-21
Чосон;ул. Лесная, 30 с3;55.780539;37.593005;osm-55.78054-37.59300;2025-01-15
Шеф Тантуни;ул. 1-я Миусская, 22/24 с1;55.780543;37.593443;osm-55.78054-37.59344;2025-01-15
Ача-чача;Ленинградский просп., 9Б с1;55.780560;37.574683;osm-55.78056-37.57468;2025-08-16
Удон-сан;ул. Селезнёвская, 28 с1;55.780562;37.608073;osm-55.78056-37.60807;2023-12-13
Moomi kids;бул. Генерала Карбышева, 11;55.780568;37.468988;osm-55.78057-37.46899;2026-02-26
Bunson’s burger kitchen;ул. Лесная, 20 с8;55.780566;37.592737;osm-55.78057-37.59274;2025-01-15
Poke House;ул. Лесная, 30 с3;55.780572;37.593056;osm-55.78057-37.59306;2025-01-15
Ye Olde Shed;ул. Лесная, 20 с1;55.780612;37.592172;osm-55.78061-37.59217;2025-12-05
M | The Bar;ул. Лесная, 20 с8;55.780629;37.592296;osm-55.78063-37.59230;2026-01-20
Крутые Желтки;ул. Лесная, 20 с8;55.780634;37.592834;osm-55.78063-37.59283;2025-01-15
Keto&Kote;ул. Селезнёвская, 13 с1;55.780646;37.606088;osm-55.78065-37.60609;2025-11-23
Буфет № 1;ул. Лесная, 20 с1;55.780669;37.592883;osm-55.78067-37.59288;2025-01-15
La Mortazza;ул. Сущёвская, 9;55.780675;37.601729;osm-55.78068-37.60173;2025-07-25
Suckin' Diesel;ул. Лесная, 20 с1;55.780690;37.592305;osm-55.78069-37.59231;2025-01-15
Adam;ул. Новослободская, 19 с1;55.780708;37.599411;osm-55.78071-37.59941;2025-09-18
Борис Сонный;ул. Селезнёвская, 32;55.780753;37.611751;osm-55.78075-37.61175;2025-10-10
Кето & Коте;ул. Селезнёвская, 13 С1;55.780760;37.607084;osm-55.78076-37.60708;2025-05-09
T&W coffee Co.;ул. Селезнёвская, 30 к2;55.780758;37.610968;osm-55.78076-37.61097;2025-09-29
Эстрагон;ул. Селезнёвская, 30 кБ-В;55.780769;37.610435;osm-55.78077-37.61044;2026-01-20
Искенди;ул. Новослободская, 19 с1;55.780815;37.599328;osm-55.78081-37.59933;2026-06-19
Хинкали Point;ул. Лесная, 20 с1;55.780842;37.592840;osm-55.78084-37.59284;2025-10-21
Longdrink;Переведеновский пер., 17 к1;55.780854;37.691789;osm-55.78085-37.69179;2025-11-03
Культурно коротко;ул. Новослободская, 19 с1;55.780872;37.599283;osm-55.78087-37.59928;2025-09-29
Либерто;ул. Селезнёвская, 15 с2;55.780923;37.607930;osm-55.78092-37.60793;2026-06-28
PennaCraft;Переведеновский пер., 13 с18;55.780939;37.689051;osm-55.78094-37.68905;2024-10-23
Beautiful flavors;ул. Новослободская, 19 с1;55.780945;37.599227;osm-55.78095-37.59923;2025-09-29
Шварц Кайзер;ул. Селезнёвская, 34 к1;55.781005;37.612679;osm-55.78101-37.61268;2024-11-12
Pasta Queen;ул. Новослободская, 21;55.781063;37.599124;osm-55.78106-37.59912;2026-06-19
Bizi Moscow;3-я ул. Ямского Поля, 2 к12;55.781079;37.583294;osm-55.78108-37.58329;2023-12-26
Леон;Павловский Посад, ул. Выставкина, 14;55.781076;38.663077;osm-55.78108-38.66308;2025-06-01
КофеинЛаб;ул. Большая Почтовая, 36 c9;55.781098;37.697324;osm-55.78110-37.69732;2025-11-23
Carte Blanche;Ленинградский просп., 15 с14;55.781147;37.571527;osm-55.78115-37.57153;2025-08-16
Capito;3-я ул. Ямского Поля, 2 к13;55.781183;37.583082;osm-55.78118-37.58308;2026-02-15
Леон;Павловский Посад, ул. Выставкина, 14;55.781179;38.663220;osm-55.78118-38.66322;2025-06-01
Бар и бильярд;ул. Новослободская, 14/19 с8;55.781199;37.600089;osm-55.78120-37.60009;2026-06-27
Литература;Павловский Посад, ул. Кирова, 86А;55.781211;38.669249;osm-55.78121-38.66925;2025-11-05
Бейджанс;Ленинградский просп., 13 с1А;55.781266;37.573313;osm-55.78127-37.57331;2025-01-14
Leon;Павловский Посад, ул. Выставкина, 14;55.781332;38.663331;osm-55.78133-38.66333;2023-12-18
LaRiote;1-й Боткинский пр, 2/6;55.781403;37.556073;osm-55.78140-37.55607;2026-09-30
Grillz;ул. Селезнёвская, 34 к3;55.781410;37.613786;osm-55.78141-37.61379;2024-08-22
One&Double;ул. Большая Семёновская, 20Б с1;55.781411;37.705471;osm-55.78141-37.70547;2026-03-15
Бодрый день;3-я ул. Ямского Поля, 2 к13;55.781579;37.582251;osm-55.78158-37.58225;2024-10-19
Мацони;ул. Большая Семёновская, 45;55.781580;37.713321;osm-55.78158-37.71332;2023-11-17
Смена;3-я ул. Ямского Поля, 9;55.781616;37.580335;osm-55.78162-37.58033;2026-05-31
Ком 1989;3-я ул. Ямского Поля, 9;55.781677;37.580825;osm-55.78168-37.58082;2024-09-05
Asiainn;бул. Генерала Карбышева, 15;55.781742;37.470006;osm-55.78174-37.47001;2026-02-26
Жасмин;ул. Сущёвская, 19 с4;55.781742;37.600320;osm-55.78174-37.60032;2026-06-27
17-я пристань;ул. Сущёвская, 19 с4;55.781770;37.600456;osm-55.78177-37.60046;2026-06-27
Суло;3-я ул. Ямского Поля, 2 к16;55.781823;37.580887;osm-55.78182-37.58089;2024-07-29
Bshushu;3-я ул. Ямского Поля, 2 к7;55.781847;37.581648;osm-55.78185-37.58165;2025-08-23
Молодёжь;ул. Сущёвская, 21 с8;55.781851;37.599671;osm-55.78185-37.59967;2025-05-23
Кофемлет;ул. Сущёвская, 19 с4;55.781848;37.600857;osm-55.78185-37.60086;2026-03-18
Новый Сычуань;ул. Сущёвская, 19 с5;55.781847;37.601357;osm-55.78185-37.60136;2023-12-13
Сахара кусочек;Павловский Посад, ул. 1-го Мая, 107;55.781865;38.616250;osm-55.78187-38.61625;2025-01-31
Жаровня;3-я ул. Ямского Поля, 2 к16;55.781885;37.580745;osm-55.78189-37.58075;2025-08-23
Дафеншо;ул. Сущёвская, 19 с4;55.781889;37.601085;osm-55.78189-37.60108;2025-10-12
Shelterz;ул. Большая Семёновская, 32 с13;55.781888;37.707897;osm-55.78189-37.70790;2023-10-07
Bread Head;бул. Генерала Карбышева, 15;55.781914;37.470109;osm-55.78191-37.47011;2024-05-01
СуперСамса;ул. Большая Семёновская, 49А;55.782008;37.715268;osm-55.78201-37.71527;2024-08-31
Campo;3-я ул. Ямского Поля, 2 к16;55.782049;37.581108;osm-55.78205-37.58111;2025-08-23
Интернациональная;ул. Сущёвская, 19 с5;55.782055;37.601523;osm-55.78205-37.60152;2026-06-27
StereoPeople;ул. Сущёвская, 21 с8;55.782078;37.599699;osm-55.78208-37.59970;2025-02-06
Монополия;3-я ул. Ямского Поля, 2 к16;55.782091;37.580996;osm-55.78209-37.58100;2025-08-23
Резиденция;ул. Новослободская, 16А;55.782115;37.599690;osm-55.78211-37.59969;2026-03-18
Шаурмовски;ул. Большая Семёновская, 29/2;55.782187;37.709928;osm-55.78219-37.70993;2025-02-23
Моряк и чайка;ул. Новослободская, 16А;55.782206;37.599623;osm-55.78221-37.59962;2026-07-30
Раскол;ул. Новослободская, 18;55.782272;37.599334;osm-55.78227-37.59933;2025-05-23
Сочный вертел;ул. Новослободская, 20;55.782276;37.598619;osm-55.78228-37.59862;2026-06-19
100 хинкали;ул. Новослободская, 18;55.782292;37.599452;osm-55.78229-37.59945;2025-05-23
Еда маркет;3-я ул. Ямского Поля, 13;55.782303;37.579670;osm-55.78230-37.57967;2024-07-29
Курорт;ул. Новослободская, 16А;55.782306;37.600111;osm-55.78231-37.60011;2025-05-12
Пороселло;ул. Новослободская, 16А;55.782319;37.599827;osm-55.78232-37.59983;2026-07-30
Ситуация;ул. Сущёвская, 21;55.782320;37.600195;osm-55.78232-37.60019;2026-01-20
Пан Запекан;ул. Большая Семёновская, 27;55.782333;37.708546;osm-55.78233-37.70855;2024-02-11
Kono;ул. Новослободская, 16А;55.782344;37.599702;osm-55.78234-37.59970;2025-08-05
Та самая шаурма;3-я ул. Ямского Поля, 13;55.782374;37.579655;osm-55.78237-37.57966;2024-07-29
Коптильня;ул. Новослободская, 16А;55.782377;37.599956;osm-55.78238-37.59996;2024-10-16
Сон Менделеева;ул. Сущёвская, 21 с10;55.782420;37.600288;osm-55.78242-37.60029;2024-10-16
Шаурмуели;ул. Сущёвская, 25 с4;55.782547;37.599969;osm-55.78255-37.59997;2026-07-30
Шесть-you-Шесть;ул. Сущёвская, 21 с4;55.782564;37.600229;osm-55.78256-37.60023;2026-09-11
Тёмаджо;ул. Новослободская, 22 с5;55.782618;37.598523;osm-55.78262-37.59852;2026-07-13
Мадам Ван;ул. Щербаковская, 3;55.782620;37.723445;osm-55.78262-37.72344;2026-06-18
Killfish;ул. Новослободская, 22 с5;55.782634;37.598625;osm-55.78263-37.59862;2024-11-09
Хинкальная;ул. Большая Семёновская, 15;55.782682;37.705030;osm-55.78268-37.70503;2026-03-29
The 312;ул. Сущёвская, 21 с5;55.782690;37.600813;osm-55.78269-37.60081;2024-10-17
Папа Хинкали;ул. Новослободская, 24 с1;55.782785;37.598191;osm-55.78278-37.59819;2026-03-18
Шаварм'е;ул. Большая Семёновская, 17А;55.782863;37.706113;osm-55.78286-37.70611;2026-04-19
Ramen ten;ул. Сущёвская, 21 с5;55.782874;37.600748;osm-55.78287-37.60075;2024-10-16
Юаньян;ул. Сущёвская, 21 с5;55.782890;37.600879;osm-55.78289-37.60088;2026-03-18
Jinju;просп. Мира, 47 с1;55.782896;37.633922;osm-55.78290-37.63392;2025-11-23
Порто Миконос;ул. Сущёвская, 23;55.782931;37.601283;osm-55.78293-37.60128;2026-09-11
Мачете;ул. Новослободская, 24А с1;55.782943;37.599029;osm-55.78294-37.59903;2026-09-11
Контора варит;ул. Сущёвская, 20;55.782958;37.601413;osm-55.78296-37.60141;2024-02-17
Перекус;ул. Куусинена, 11 к3;55.782968;37.513956;osm-55.78297-37.51396;2023-12-17
Прошуттерия;ул. Новослободская, 24А с1;55.782970;37.599198;osm-55.78297-37.59920;2024-10-17
Коньяк;ул. Щербаковская, 41Г;55.782974;37.732178;osm-55.78297-37.73218;2025-05-06
Токпокки;ул. Новослободская, 26 с1;55.782992;37.598089;osm-55.78299-37.59809;2026-06-27
Amore;ул. Новослободская, 26 с1;55.783043;37.597983;osm-55.78304-37.59798;2026-06-27
Илья Муромец;Ленинградский просп., 23;55.783063;37.569621;osm-55.78306-37.56962;2024-05-29
Piu-piu;ул. Новослободская, 24А с3;55.783089;37.598434;osm-55.78309-37.59843;2024-11-09
Иди сюда;ул. Щербаковская, 53 с2;55.783092;37.737206;osm-55.78309-37.73721;2024-10-17
Пекин;Павловский Посад, ул. 1 Мая, 95А;55.783101;38.618927;osm-55.78310-38.61893;2023-12-18
Nobo;ул. Новослободская, 24А с3;55.783134;37.598514;osm-55.78313-37.59851;2024-11-09
Столовая №2;Комсомольская пл., 3/39;55.783214;37.651430;osm-55.78321-37.65143;2025-09-30
Алёша и графин;ул. Новослободская, 26 с1;55.783228;37.597837;osm-55.78323-37.59784;2026-09-11
Cihan;Красногорск, Автодорога Балтия 26-й километр, 7А;55.783330;37.239131;osm-55.78333-37.23913;2026-04-07
Magicup;Барабанный пер., 4;55.783368;37.708187;osm-55.78337-37.70819;2024-09-29
Горыныч;Красногорск, Автодорога Балтия 26-й километр, 7А;55.783454;37.239008;osm-55.78345-37.23901;2026-07-27
Чито-Ра;ул. Лесная, 30;55.783451;37.596308;osm-55.78345-37.59631;2025-03-18
Пекарня Маман;Семёновская пл., 7 к17;55.783492;37.721049;osm-55.78349-37.72105;2026-05-11
Маргилан 2009;Семёновская пл., 7 к17;55.783507;37.721475;osm-55.78351-37.72147;2026-05-11
Мечтатели;Медовый пер., 5;55.783597;37.709876;osm-55.78360-37.70988;2024-11-17
Pro.Хинкали Chef's;Красногорск, Автодорога Балтия 26-й километр, 7А;55.783640;37.239040;osm-55.78364-37.23904;2026-04-07
Hoi An;просп. Мира, 54 с1;55.783644;37.635861;osm-55.78364-37.63586;2024-02-07
Цзиньшэн;Олимпийский просп., 16 с5;55.783720;37.624319;osm-55.78372-37.62432;2026-01-18
Еда без вреда;2-й Красносельский пер., 7 с2;55.783830;37.666270;osm-55.78383-37.66627;2024-05-15
Вкусная еда;ул. Щепкина, 51/4 с2;55.783916;37.628918;osm-55.78392-37.62892;2023-10-22
Пряная вишня;ул. Новослободская, 34/2;55.783986;37.597199;osm-55.78399-37.59720;2026-05-27
Ноокен Самса;Семёновская пл., 7 к17А;55.784135;37.721898;osm-55.78413-37.72190;2026-05-11
Casa Maria;ул. Гастелло, 37;55.784156;37.689985;osm-55.78416-37.68999;2025-02-19
Слёзы Беатрис;Барабанный пер., 11 с1;55.784219;37.708254;osm-55.78422-37.70825;2026-03-29
Syncope;ул. Верхняя Красносельская, 10;55.784239;37.661167;osm-55.78424-37.66117;2023-12-24
Buba sushi;3-й Красносельский пер., 19 с4;55.784259;37.656055;osm-55.78426-37.65606;2025-09-16
Лоза;Институтский пер., 2;55.784267;37.614853;osm-55.78427-37.61485;2024-01-12
Chicko;ул. Новослободская, 36/1 с1;55.784276;37.596945;osm-55.78428-37.59694;2026-08-13
Столовая;Медовый пер., 5 с6;55.784282;37.708966;osm-55.78428-37.70897;2026-03-29
Ганстер;ул. Малая Семёновская, 6;55.784286;37.708307;osm-55.78429-37.70831;2026-03-29
Mira's Coffee;ул. Большая Переяславская, 11 с1;55.784333;37.641007;osm-55.78433-37.64101;2024-01-20
Element Coffee;ул. Гиляровского, 44;55.784339;37.633046;osm-55.78434-37.63305;2026-06-19
Vina Pho;ул. Новослободская, 36/1 с1;55.784394;37.596801;osm-55.78439-37.59680;2026-06-27
Мой кофе;Слесарный пер., 5;55.784463;37.636935;osm-55.78446-37.63694;2024-02-07
Фобо;Семёновская пл., 7 к17А;55.784509;37.721754;osm-55.78451-37.72175;2026-05-11
Пицца и вино;3-й Красносельский пер., 19 с5;55.784518;37.656365;osm-55.78452-37.65637;2024-01-24
Мимино;ул. Новослободская, 36/1 с1;55.784559;37.596660;osm-55.78456-37.59666;2026-06-27
Dizengof99;3-й Красносельский пер., 19 с5;55.784645;37.656239;osm-55.78464-37.65624;2023-12-07
Mr. Донер;ул. Новослободская, 36/1 с1;55.784711;37.596528;osm-55.78471-37.59653;2026-06-27
h.E.A.T;3-й Красносельский пер., 19 с11;55.784714;37.656165;osm-55.78471-37.65617;2026-03-19
Далев;ул. Гиляровского, 48;55.784733;37.633195;osm-55.78473-37.63320;2026-06-15
Чеми;ул. Живописная, 14;55.784783;37.456110;osm-55.78478-37.45611;2026-05-07
В Темноте?!;ул. Октябрьская, 2;55.784777;37.614163;osm-55.78478-37.61416;2026-06-27
Аут Паб;ул. Верхняя Красносельская, 8 к3;55.784863;37.659970;osm-55.78486-37.65997;2023-12-22
Garden;ул. 3-я Хорошёвская, 25 к4;55.784884;37.494114;osm-55.78488-37.49411;2025-01-18
Библиотека;ул. Вельяминовская, 34;55.784893;37.722449;osm-55.78489-37.72245;2026-06-18
Этно;ул. Вельяминовская, 9;55.785081;37.721838;osm-55.78508-37.72184;2026-05-11
Московский дворик;ул. Ибрагимова, 20;55.785084;37.730970;osm-55.78508-37.73097;2026-06-18
Victoria & Albert Pub;ул. Гризодубовой, 4 к4;55.785162;37.521889;osm-55.78516-37.52189;2026-05-13
The Mob;Ленинградский просп., 34А;55.785232;37.567840;osm-55.78523-37.56784;2026-01-20
Амбар № 13;Красногорск, Тенистый пер., 3;55.785505;37.304312;osm-55.78551-37.30431;2025-10-02
Cups;Ленинградский просп., 34А;55.785555;37.567813;osm-55.78556-37.56781;2025-10-15
Studio 46;ул. Новослободская, 46;55.785640;37.595667;osm-55.78564-37.59567;2026-06-27
Moderniste;Ленинградский просп., д 29 к 2;55.785668;37.561173;osm-55.78567-37.56117;2026-05-25
Mecca;ул. Расковой, 1 с2;55.785714;37.569538;osm-55.78571-37.56954;2024-04-26
Кофе твой друг;ул. Новослободская, 46;55.785708;37.595604;osm-55.78571-37.59560;2026-06-27
Мосдонер;ул. Новослободская, 46 с1;55.785841;37.595464;osm-55.78584-37.59546;2026-06-27
Point 242;просп. Мира, 61;55.785855;37.634598;osm-55.78585-37.63460;2024-01-17
Цыпочка;Ленинградский просп., 29 к2;55.785858;37.561813;osm-55.78586-37.56181;2025-05-01
Вкус и лосось;Реутов, ул. Реутовская, 20;55.785865;37.849791;osm-55.78587-37.84979;2023-10-02
Вкус востока;ул. Новослободская, 46 с1;55.785891;37.595415;osm-55.78589-37.59542;2026-06-27
Советские времена;ул. Верхняя Красносельская, 2/1 с4;55.785890;37.659080;osm-55.78589-37.65908;2023-12-22
Бакинский домик;ул. Русаковская, 23;55.785976;37.676033;osm-55.78598-37.67603;2023-10-18
Кофепорт;Банный пер., 9;55.785991;37.638989;osm-55.78599-37.63899;2024-01-19
Пушки-мишки;ул. Новослободская, 46 с1;55.786013;37.595623;osm-55.78601-37.59562;2026-06-27
Espresso bar;ул. Верхняя Красносельская, 3 с1;55.786015;37.659918;osm-55.78601-37.65992;2023-12-24
Уголок вкуса;просп. Мира, 61;55.786078;37.634590;osm-55.78608-37.63459;2024-01-17
Шафран;ул. Малая Красносельская, 14;55.786100;37.658358;osm-55.78610-37.65836;2024-04-09
Yugen;ул. Октябрьская, 9/1;55.786117;37.613598;osm-55.78612-37.61360;2026-06-27
Лето близко;ул. Ткацкая, 5 с2;55.786123;37.723128;osm-55.78612-37.72313;2026-05-11
Ролик;Электросталь, ул. Красная, 30Б;55.786121;38.451074;osm-55.78612-38.45107;2025-05-14
Шафран;ул. Малая Красносельская, 14;55.786151;37.658255;osm-55.78615-37.65825;2024-04-09
Булка;ул. Большая Переяславская, 46 с1;55.786194;37.641163;osm-55.78619-37.64116;2024-01-31
Старая Школа;ул. Тихвинская, 3 к1;55.786211;37.601113;osm-55.78621-37.60111;2026-06-27
Dark Side;Бумажный пр., 4;55.786217;37.586017;osm-55.78622-37.58602;2025-09-28
Московский дворик;ул. Ткацкая, 11;55.786274;37.725275;osm-55.78627-37.72528;2026-05-11
Sorry бабушка;Электросталь, просп. Ленина, 45;55.786347;38.444600;osm-55.78635-38.44460;2024-10-13
Semenov;ул. Ткацкая, 5 с7;55.786364;37.721643;osm-55.78636-37.72164;2026-05-11
ЛяКафе;ул. Большая Переяславская, 46 с2;55.786556;37.641075;osm-55.78656-37.64108;2024-01-31
1554;ул. Новослободская, 50/1 с1;55.786587;37.595141;osm-55.78659-37.59514;2024-08-05
Чайхона Халяль;ул. Расковой, 14;55.786601;37.572183;osm-55.78660-37.57218;2024-09-30
La prima pizzeria Margarita;ул. Гиляровского, 56;55.786830;37.632722;osm-55.78683-37.63272;2025-01-10
Выпей Кофе!;просп. Мира, 68 c4;55.786837;37.636128;osm-55.78684-37.63613;2024-01-18
Кафе Кафе;Банный пер., 3;55.786851;37.637490;osm-55.78685-37.63749;2024-01-18
Алёнка;ул. Лобачика, 1 с1;55.786897;37.659599;osm-55.78690-37.65960;2025-09-30
Турецкий кебаб;ул. Русаковская, 25;55.786902;37.675354;osm-55.78690-37.67535;2026-05-25
Халяль;Ленинградский просп., 33 к3;55.786940;37.560967;osm-55.78694-37.56097;2026-09-29
Contrasto;пр. Берёзовой Рощи, 6;55.787104;37.519708;osm-55.78710-37.51971;2024-06-17
Ромарио;Ходынский бул., 10Б с3;55.787215;37.529801;osm-55.78722-37.52980;2024-09-11
Al33;Ленинградский просп., 33 к4;55.787352;37.559914;osm-55.78735-37.55991;2026-09-29
Пельменная;ул. Гиляровского, 60 с1;55.787409;37.632980;osm-55.78741-37.63298;2025-02-02
Бетти Пицца;Реутов, ул. Реутовская, 25;55.787434;37.853802;osm-55.78743-37.85380;2024-04-20
Кампа;Октябрьский пер., 12;55.787438;37.612034;osm-55.78744-37.61203;2024-01-10
Рассольников;просп. Мира, 68 с1А;55.787535;37.635708;osm-55.78753-37.63571;2024-02-01
Лäгом;ул. Тихвинская, 9;55.787559;37.600500;osm-55.78756-37.60050;2026-06-27
Bravis;ул. Расковой, 20;55.787755;37.572999;osm-55.78775-37.57300;2025-11-23
Избушка Фо;ул. Новослободская, 52;55.787791;37.593565;osm-55.78779-37.59356;2024-11-11
Знаменитый гурман;ул. Ибрагимова, 31 к1;55.787792;37.729770;osm-55.78779-37.72977;2026-09-18
Сюжет;ул. Правды, 21 с2;55.787861;37.579744;osm-55.78786-37.57974;2025-10-21
Black jack coffee;ул. Образцова, 14;55.787864;37.609826;osm-55.78786-37.60983;2024-01-10
Чисто ростовский бар;ул. Русаковская, 29;55.787873;37.677360;osm-55.78787-37.67736;2024-06-29
Шабаш;ул. Новослободская, 54 с1;55.787948;37.593420;osm-55.78795-37.59342;2026-09-25
Сидрерия;Окружной пр., 16;55.788001;37.741999;osm-55.78800-37.74200;2026-02-14
Кофе, блин!;Окружной пр., 16;55.788088;37.741995;osm-55.78809-37.74200;2026-02-14
Хорошее место;ул. Трифоновская, 2;55.788107;37.610424;osm-55.78811-37.61042;2026-06-27
Разные зерна;ул. Трифоновская, 2;55.788136;37.610960;osm-55.78814-37.61096;2026-06-27
Мангал House;Красногорск, Новый пер., 26;55.788202;37.313952;osm-55.78820-37.31395;2026-06-16
The Times Home;ул. Новослободская, 65 с4;55.788238;37.591133;osm-55.78824-37.59113;2025-10-12
Донер 24;ул. Трифоновская, 4;55.788238;37.613418;osm-55.78824-37.61342;2024-01-10
Дальний Восток;Ходынский бул., 2;55.788384;37.538159;osm-55.78838-37.53816;2025-07-21
Шеф-шаурма;Окружной пр., 16;55.788439;37.741858;osm-55.78844-37.74186;2026-02-14
Pizza2Dom;Ходынский бул., 17 с2;55.788538;37.520720;osm-55.78854-37.52072;2023-10-27
Еврокафе;Измайловский просп., 61 с2;55.788633;37.783964;osm-55.78863-37.78396;2026-09-19
Триумф;ул. Новослободская, 54/56;55.788701;37.592714;osm-55.78870-37.59271;2023-12-16
Born2Coffee;ул. Правды, 23;55.788784;37.581926;osm-55.78878-37.58193;2023-11-19
Brasserie Lambic;Ходынский бул., 2;55.788843;37.539189;osm-55.78884-37.53919;2024-03-02
Прогресс;ул. Гиляровского, 68 с1;55.788858;37.633307;osm-55.78886-37.63331;2025-01-10
Хинкали-Гали!;ул. Правды, 24 с4;55.788935;37.582858;osm-55.78894-37.58286;2024-07-29
Luca;Ходынский бул., 2;55.788973;37.538892;osm-55.78897-37.53889;2025-01-20
One and double;Окружной пр., 15 к2;55.788969;37.742851;osm-55.78897-37.74285;2026-02-14
Пивотека 465;Ходынский бул., 2;55.788997;37.536392;osm-55.78900-37.53639;2023-10-28
Ашан Кафе;Ходынский бул., 4;55.789016;37.533861;osm-55.78902-37.53386;2025-12-13
Soju;Измайловское ш., 71 с16;55.789040;37.749045;osm-55.78904-37.74905;2023-11-19
Только классика;ул. Трифоновская, 49;55.789082;37.627786;osm-55.78908-37.62779;2024-10-21
Leo;Ленинградский просп., 36 с37;55.789111;37.567457;osm-55.78911-37.56746;2024-11-17
Чайхана;ул. Маршала Прошлякова, 15 с2;55.789128;37.384546;osm-55.78913-37.38455;2025-09-09
Хинкали-Гали! буфет;ул. Правды, 24 с4;55.789161;37.583095;osm-55.78916-37.58310;2024-07-29
Ваби Саби;Измайловское ш., 71 с16;55.789230;37.748666;osm-55.78923-37.74867;2024-02-07
Teplo Place;ул. Октябрьская, 28;55.789268;37.614088;osm-55.78927-37.61409;2024-01-12
Шашлычная;ул. 15-я Парковая, 1/123 к2;55.789265;37.819107;osm-55.78927-37.81911;2026-06-24
Ришон;ул. Образцова, 11 с1А;55.789289;37.607017;osm-55.78929-37.60702;2025-01-08
Shore House;Павловская Слобода, ул. Заречная, 45А;55.789338;37.011527;osm-55.78934-37.01153;2024-01-24
Shore House;Павловская Слобода, ул. Заречная, 45А;55.789348;37.011429;osm-55.78935-37.01143;2024-01-24
Раменная;Измайловское ш., 71 с8;55.789351;37.748702;osm-55.78935-37.74870;2024-02-19
&coffee;ул. Суворовская, 19 с3;55.789372;37.708978;osm-55.78937-37.70898;2025-07-13
Ami Chaise;Ленинградский просп., 36 с38;55.789400;37.567116;osm-55.78940-37.56712;2025-05-01
Anna Bistro;Ленинградский просп., 36 с38;55.789504;37.567128;osm-55.78950-37.56713;2026-03-18
Coffee Shots;ул. Правды, 24 с4;55.789520;37.583499;osm-55.78952-37.58350;2024-07-29
Тесто;ул. Трифоновская, 56;55.789543;37.631882;osm-55.78954-37.63188;2024-12-29
Twice;ул. 12-я Парковая, 5;55.789572;37.810127;osm-55.78957-37.81013;2025-06-22
Meat Crew;ул. Суворовская, 19 с2;55.789659;37.708774;osm-55.78966-37.70877;2026-06-24
Сормат;Измайловское ш., 71 с8;55.789709;37.748426;osm-55.78971-37.74843;2024-11-13
Сормат;Измайловское ш., 71 с8;55.789767;37.748332;osm-55.78977-37.74833;2024-11-13
Here'N'Now;Ленинградский просп., 35 с1;55.789776;37.553180;osm-55.78978-37.55318;2026-09-25
Kai;Павловская Слобода, ул. Заречная, 45А с2А;55.789796;37.011703;osm-55.78980-37.01170;2024-04-16
Родной;ул. Новослободская, 73/68 с6;55.789889;37.590331;osm-55.78989-37.59033;2023-11-17
Мир;ул. Трифоновская, 57А;55.789935;37.631695;osm-55.78993-37.63170;2025-08-05
На районе;Сокольническая пл., 4 к1-2;55.789959;37.678052;osm-55.78996-37.67805;2026-04-10
Груzinsкий Буffет;просп. Мира, 77 к2;55.789991;37.633812;osm-55.78999-37.63381;2024-09-24
Pizza? Si!;просп. Мира, 77 к1;55.789994;37.634184;osm-55.78999-37.63418;2024-04-08
Карамба;ул. Октябрьская, 35;55.790032;37.613113;osm-55.79003-37.61311;2026-06-27
Шашлык & точка;ул. 2-я Рыбинская, 13;55.790067;37.656761;osm-55.79007-37.65676;2024-11-26
Хинкальный дом;ул. Октябрьская, 38 к1;55.790160;37.613706;osm-55.79016-37.61371;2026-06-27
Чайхана Самарканд;Сокольническая пл., 9 к2;55.790211;37.680429;osm-55.79021-37.68043;2026-07-13
Хомяк;Заводской пр., 25;55.790218;37.789695;osm-55.79022-37.78970;2026-07-01
Тут Том Ям;ул. Народного Ополчения, 40 к1;55.790266;37.488931;osm-55.79027-37.48893;2024-05-11
Шикари;Ходынский бул., 4;55.790328;37.532988;osm-55.79033-37.53299;2025-12-13
Хинкальная в Сокольниках;Сокольническая пл., 4А;55.790339;37.678242;osm-55.79034-37.67824;2026-05-25
Чайхона №1;Ходынский бул., 4;55.790386;37.532001;osm-55.79039-37.53200;2025-12-13
Mio;Ленинградский просп., 36 с40;55.790396;37.568420;osm-55.79040-37.56842;2023-10-15
FOB's;Ленинградский просп., 36 с39;55.790429;37.567131;osm-55.79043-37.56713;2024-02-18
The Pivo;Сокольническая пл., 9;55.790433;37.680201;osm-55.79043-37.68020;2026-07-13
Торро Гриль;Ходынский бул., 4;55.790518;37.533342;osm-55.79052-37.53334;2025-12-13
Rainbow Pub;Сокольническая пл., 4 к2;55.790550;37.677737;osm-55.79055-37.67774;2025-06-24
Поместье;ул. Таманская, 46 с1;55.790658;37.413775;osm-55.79066-37.41378;2025-11-08
Layerz Bakery;ул. Новослободская, 73/68 с5;55.790663;37.589591;osm-55.79066-37.58959;2024-11-11
Усердие;Лазаревский пер., 2;55.790656;37.610078;osm-55.79066-37.61008;2026-06-27
Культ вкуса;ул. Октябрьская, 38 к2;55.790673;37.613170;osm-55.79067-37.61317;2026-05-13
Гио;Ленинградский просп., 39 с57;55.790696;37.542161;osm-55.79070-37.54216;2026-04-06
Дымов Гриль Дог;Ходынский бул., 4;55.790716;37.531306;osm-55.79072-37.53131;2025-12-13
Поместье;ул. Таманская, 46 с1;55.790752;37.413894;osm-55.79075-37.41389;2025-11-08
The Red шаурма;ул. Нижняя Первомайская, 42;55.790791;37.806057;osm-55.79079-37.80606;2024-04-07
BB&Burgers;Ходынский бул., 4;55.790838;37.531592;osm-55.79084-37.53159;2025-12-13
Кухня Кипра;Ленинградский просп., 36;55.790852;37.559523;osm-55.79085-37.55952;2026-07-15
Шаверма на Октябрьской;ул. Октябрьская, 38 к2;55.790999;37.613126;osm-55.79100-37.61313;2026-06-27
Эскобар;ул. Нижняя Первомайская, 46;55.791084;37.808863;osm-55.79108-37.80886;2026-06-24
The рыба;Сокольническая пл., 7;55.791094;37.680116;osm-55.79109-37.68012;2025-10-02
Мировая чашка;ул. Нижняя Первомайская, 48/9;55.791095;37.809778;osm-55.79109-37.80978;2026-06-24
Eden;2-й Вышеславцев пер., 5А;55.791100;37.608157;osm-55.79110-37.60816;2026-06-29
Floo mini;Ленинградский просп., 37А к5;55.791153;37.542251;osm-55.79115-37.54225;2026-06-24
The Libertines Pub;Ходынский бул., 20А;55.791204;37.523073;osm-55.79120-37.52307;2025-01-16
Гаражане;Бумажный пр., 14 с1;55.791260;37.587556;osm-55.79126-37.58756;2024-02-18
Ганга;ул. Новосущёвская, 26А;55.791350;37.604669;osm-55.79135-37.60467;2026-06-28
СольФаСоль;ул. Первомайская, 14;55.791378;37.775552;osm-55.79138-37.77555;2026-06-18
Lali;Ходынский бул., 22А с1;55.791388;37.523165;osm-55.79139-37.52316;2025-11-22
Pharmacie;Ходынский бул., 22А с1;55.791386;37.523356;osm-55.79139-37.52336;2025-11-22
Монастырская кухня;ул. Преображенский Вал, 25 к4;55.791492;37.716661;osm-55.79149-37.71666;2025-09-16
Русский ресторан;Измайловское ш., 71 с12;55.791683;37.750910;osm-55.79168-37.75091;2025-09-23
Чинар-А;ул. Сокольнический Вал, 22;55.791696;37.660542;osm-55.79170-37.66054;2024-11-28
Pho;ул. Нижняя Масловка, 5;55.791733;37.583559;osm-55.79173-37.58356;2024-05-31
Рубим Бургер;ул. Нижняя Масловка, 5;55.791745;37.583714;osm-55.79174-37.58371;2024-05-31
Данко;ул. 12-я Парковая, 11;55.791774;37.810066;osm-55.79177-37.81007;2026-06-24
Urban Oasis;Балашиха, ул. Твардовского, 10;55.791775;37.977227;osm-55.79178-37.97723;2024-12-08
Снеди Феди;ул. Электрозаводская, 27 с8;55.791803;37.705795;osm-55.79180-37.70580;2025-03-18
Ставр;ул. 1-я Боевская, 6;55.791842;37.692933;osm-55.79184-37.69293;2025-07-31
Мини-хинкальная;ул. Нижняя Масловка, 20;55.791886;37.570898;osm-55.79189-37.57090;2024-05-13
Мурчашка;2-й Полевой пер., 2;55.791945;37.681072;osm-55.79194-37.68107;2025-09-15
Garden Kitchen;ул. Верхняя Масловка, 2;55.792072;37.569087;osm-55.79207-37.56909;2023-11-19
Борго;2-й Полевой пер., 2;55.792076;37.680983;osm-55.79208-37.68098;2025-09-15
Кофепорт;ул. Сущёвский Вал, 22;55.792272;37.604550;osm-55.79227-37.60455;2026-06-27
Family Coffee;ул. Сущёвский Вал, 14/22 к7;55.792305;37.600499;osm-55.79230-37.60050;2026-06-27
Сунели;ул. Сущёвский Вал, 14Б;55.792322;37.601250;osm-55.79232-37.60125;2026-06-27
Базилик;ул. Образцова, 31 с4;55.792331;37.608784;osm-55.79233-37.60878;2026-06-29
Глобус;Балашиха, ш. Энтузиастов (дублёр), 48;55.792340;37.946160;osm-55.79234-37.94616;2024-04-01
Чага бар;ул. Сущёвский Вал, 22;55.792461;37.604565;osm-55.79246-37.60457;2026-06-27
Вкус Вьетнама;ул. Сущёвский Вал, 22;55.792513;37.604827;osm-55.79251-37.60483;2026-06-27
Ristorante Italiano;ул. Первомайская, 19;55.792520;37.779120;osm-55.79252-37.77912;2026-05-28
Casa di nonna;ул. Первомайская, 19;55.792579;37.779378;osm-55.79258-37.77938;2026-05-23
СВШ;Балашиха, ул. Твардовского, 12А;55.792678;37.978741;osm-55.79268-37.97874;2026-06-26
Рахат;ул. Сущёвский Вал, 46;55.792738;37.612376;osm-55.79274-37.61238;2024-09-12
Fresh Shaurma;ул. Народного Ополчения, 45;55.792802;37.491538;osm-55.79280-37.49154;2026-05-02
Mimi;ул. Первомайская, 33;55.792870;37.781749;osm-55.79287-37.78175;2024-02-25
Тана;ул. Первомайская, 52;55.792920;37.791864;osm-55.79292-37.79186;2026-06-19
Горьковская Застава;Балашиха, Объездное ш., 5;55.792925;37.894994;osm-55.79292-37.89499;2025-04-13
Реновация;ул. 15-я Парковая, 10А;55.793025;37.820823;osm-55.79303-37.82082;2025-03-16
Пена;ул. Первомайская, 88;55.793204;37.807617;osm-55.79320-37.80762;2025-10-12
Mimi;ул. Первомайская, 106А;55.793233;37.813276;osm-55.79323-37.81328;2024-02-25
Пивной магазин & паб;ул. Первомайская, 49;55.793250;37.789338;osm-55.79325-37.78934;2026-05-21
Галерея;ул. Верхняя Масловка, 10 с4;55.793264;37.565642;osm-55.79326-37.56564;2024-11-17
ProfTesto;ул. Сущёвский Вал, 43;55.793284;37.610430;osm-55.79328-37.61043;2026-06-30
Соколиная охота;пр. Сокольнического Круга, 11;55.793422;37.678490;osm-55.79342-37.67849;2023-11-02
Фудсайд;ул. Первомайская, 81;55.793441;37.801884;osm-55.79344-37.80188;2025-01-26
Шаварм'е;ул. Первомайская, 81;55.793444;37.802080;osm-55.79344-37.80208;2025-01-26
Вьет Вок;ул. Сущёвский Вал, 31;55.793467;37.604635;osm-55.79347-37.60464;2026-06-30
Саамо;ул. Первомайская, 87;55.793491;37.803982;osm-55.79349-37.80398;2023-10-28
Уйгурка;ул. Сущёвский Вал, 53;55.793542;37.613444;osm-55.79354-37.61344;2024-03-29
Трдельник;Песочная аллея, 1;55.793566;37.675430;osm-55.79357-37.67543;2026-07-20
Pho City;ул. 1-я Квесисская, 9;55.793581;37.579870;osm-55.79358-37.57987;2025-11-22
Zolberg;Ленинградский просп., 37 к3;55.793605;37.544942;osm-55.79360-37.54494;2024-10-27
Улей;ул. Октябрьская, 67;55.793602;37.612461;osm-55.79360-37.61246;2024-03-29
Пехорка;Восточный, МКАД 108-й километр, 1;55.793598;37.842599;osm-55.79360-37.84260;2026-01-15
Берлога;ул. 2-я Песчаная, 2 к3;55.793621;37.517952;osm-55.79362-37.51795;2026-08-01
Пехорка;Восточный, МКАД 108-й километр, 1;55.793635;37.842666;osm-55.79364-37.84267;2026-01-15
В Роще;ул. Сущёвский Вал, 43;55.793684;37.610303;osm-55.79368-37.61030;2023-12-20
Фиалка;Песочная аллея, 5;55.793725;37.670136;osm-55.79373-37.67014;2024-12-09
Mad Steam;ул. 1-я Квесисская, 20 с1;55.793865;37.578281;osm-55.79386-37.57828;2024-01-06
Фиалка;Песочная аллея, 5;55.793898;37.670154;osm-55.79390-37.67015;2024-12-09
Clara;ул. Маршала Мерецкова, 6;55.794053;37.489733;osm-55.79405-37.48973;2023-11-19
Тхань;ул. Суворовская, 24;55.794072;37.712031;osm-55.79407-37.71203;2026-09-29
La Cà Quán;ул. Электрозаводская, 37;55.794087;37.708159;osm-55.79409-37.70816;2026-09-26
Claudia;Ленинградский просп., 37/5;55.794107;37.541230;osm-55.79411-37.54123;2024-10-23
Тамада;ул. Народного Ополчения, 48 к1;55.794136;37.495105;osm-55.79414-37.49511;2026-08-26
Lacmus;ул. Твардовского, 14 к1;55.794152;37.403609;osm-55.79415-37.40361;2025-09-14
Coffee & Cake;ул. 1-я Ямская, 4;55.794168;37.610438;osm-55.79417-37.61044;2023-12-20
I-tal Corner;Измайловское ш., 73Ж с8;55.794306;37.753409;osm-55.79431-37.75341;2025-10-10
Яуза;ул. Стромынка, 22;55.794324;37.703359;osm-55.79432-37.70336;2024-11-13
Конг;Ленинградский просп., 37/6;55.794337;37.541952;osm-55.79434-37.54195;2026-06-24
Горница;Измайловское ш., 73Ж с1;55.794379;37.750071;osm-55.79438-37.75007;2026-07-13
БарБариста;ул. Маршала Бирюзова, 16;55.794433;37.492249;osm-55.79443-37.49225;2024-09-12
Яуза;ул. Стромынка, 22;55.794429;37.703309;osm-55.79443-37.70331;2024-11-13
Лок Сток;ул. Преображенская, 2;55.794432;37.705914;osm-55.79443-37.70591;2026-07-03
Гриль & Тандыр;Ленинградский просп., 39 с73;55.794523;37.541089;osm-55.79452-37.54109;2023-11-06
El Gata;Ленинградский просп., 39 с73;55.794571;37.541166;osm-55.79457-37.54117;2023-11-06
Китчен мама;ул. Народного Ополчения, 49 к1;55.794633;37.494595;osm-55.79463-37.49459;2026-09-20
Фетучини;ул. Полтавская, 4 с3;55.794634;37.574322;osm-55.79463-37.57432;2024-01-03
Четверг;ул. 2-я Ямская, 4;55.794656;37.608548;osm-55.79466-37.60855;2023-10-12
Блиннарий;Песочная аллея, 5 с4;55.794733;37.667358;osm-55.79473-37.66736;2026-07-27
Лаваш № 1;Петровско-Разумовский пр., 10;55.794745;37.569340;osm-55.79474-37.56934;2024-01-03
Ашлянфу;ул. Стромынка, 19А;55.794768;37.698776;osm-55.79477-37.69878;2025-09-28
True cost;Преображенская пл., 8;55.794810;37.712999;osm-55.79481-37.71300;2025-02-10
ОКофе;ул. Стромынка, 21 к1;55.794835;37.699612;osm-55.79483-37.69961;2026-09-16
Кроули;Преображенская пл., 8;55.794828;37.712827;osm-55.79483-37.71283;2026-06-26
Ярко Кофе;ул. Бутырская, 9 к2;55.794867;37.583798;osm-55.79487-37.58380;2024-10-23
Сочный вертел;ул. Стромынка, 23/16;55.794897;37.700211;osm-55.79490-37.70021;2026-08-28
Малиновка;пр. Сокольнического Круга, 7;55.794912;37.678929;osm-55.79491-37.67893;2026-08-31
Илья Муромец;ул. Преображенская, 2;55.794935;37.705745;osm-55.79494-37.70575;2024-07-19
Малиновка;пр. Сокольнического Круга, 7;55.794992;37.679019;osm-55.79499-37.67902;2026-08-31
У Гио;ул. Новопесчаная, 19 к1;55.795019;37.512200;osm-55.79502-37.51220;2025-04-20
Таможня дает добро;ул. Шереметьевская, 6 к1;55.795037;37.617342;osm-55.79504-37.61734;2026-05-13
Пекарня & Донер;ул. Бутырская, 9 к2;55.795123;37.583769;osm-55.79512-37.58377;2025-11-22
Зелёный Змий;ул. 2-я Прядильная, 4;55.795270;37.777305;osm-55.79527-37.77730;2026-05-29
Лес;ул. Верхняя Масловка, 21;55.795545;37.559690;osm-55.79554-37.55969;2024-06-23
Crafted Grill Bar;пр. Сокольнического Круга, 5;55.795590;37.678398;osm-55.79559-37.67840;2024-01-20
Юрта;Колодезный пер., 14;55.795594;37.699506;osm-55.79559-37.69951;2025-06-25
Mango;Преображенская пл., 7А с1;55.795606;37.709472;osm-55.79561-37.70947;2024-03-02
Crafted Grill Bar;пр. Сокольнического Круга, 5;55.795705;37.678439;osm-55.79570-37.67844;2024-01-20
Джин про мясо;Преображенская пл., 7А с1;55.795769;37.709052;osm-55.79577-37.70905;2024-03-02
ББ Крафт;ул. Атарбекова, 4Б с1;55.795848;37.705291;osm-55.79585-37.70529;2024-04-02
Кофейня у папы;ул. Верхняя Масловка, 20 с1;55.795858;37.561627;osm-55.79586-37.56163;2026-06-19
Lilian's;ул. Маршала Бирюзова, 22 к1;55.795974;37.489596;osm-55.79597-37.48960;2025-05-01
Хмель и солод;ул. Большая Черкизовская, 6;55.796004;37.719471;osm-55.79600-37.71947;2024-06-21
Колхи;ул. Новопесчаная, 16/1;55.796098;37.511965;osm-55.79610-37.51196;2025-03-11
Лаша;ул. Верхняя Масловка, 21;55.796104;37.560381;osm-55.79610-37.56038;2025-07-15
Гран-При;Красногорск, Ильинское ш., 4В;55.796190;37.296195;osm-55.79619-37.29619;2025-11-07
Чебуреки решают;ул. Вятская, 27 с4;55.796333;37.581926;osm-55.79633-37.58193;2024-10-17
BaxCoffee;Измайловский бул., 38;55.796351;37.799547;osm-55.79635-37.79955;2024-04-11
Rib's 48;Ленинградский просп., 48;55.796399;37.542802;osm-55.79640-37.54280;2026-06-24
Чайхона Восточная кухня;ул. Складочная, 1 с50;55.796397;37.591643;osm-55.79640-37.59164;2024-07-24
Casa Lia;Измайловский бул., 38;55.796432;37.801746;osm-55.79643-37.80175;2024-04-11
Кофепорт;ул. Двинцев, 12 к1;55.796475;37.599163;osm-55.79648-37.59916;2023-10-28
Bloom-n-Brew;ул. Вятская, 27 с2;55.796693;37.581932;osm-55.79669-37.58193;2026-01-25
DESSERT COFFEE;Балашиха, просп. Ленина, 8/5;55.796719;37.932773;osm-55.79672-37.93277;2026-09-24
Má Mì;ул. Вятская, 27 с2;55.796839;37.581930;osm-55.79684-37.58193;2023-12-17
Тарелка;ул. Вятская, 27 с12;55.796984;37.580717;osm-55.79698-37.58072;2023-10-28
Бешбармак;ул. Складочная, 1Б с3;55.797030;37.592877;osm-55.79703-37.59288;2024-07-24
Мандарин;ул. Складочная, 1Б с3;55.797083;37.592944;osm-55.79708-37.59294;2024-07-24
Навруз;ул. Складочная, 1Б с3;55.797139;37.593019;osm-55.79714-37.59302;2024-07-24
Kvartal Green Garden;ул. Маршала Рыбалко, 2 к8;55.797182;37.497089;osm-55.79718-37.49709;2023-10-27
Уют;ул. Складочная, 1Б с3;55.797186;37.593095;osm-55.79719-37.59309;2024-07-24
Лагманная №1;ул. Складочная, 1Б с3;55.797233;37.593190;osm-55.79723-37.59319;2024-07-24
Black Cat Pub;Измайловский бул., 47;55.797384;37.799600;osm-55.79738-37.79960;2026-05-29
Карамелия;Измайловский бул., 49;55.797398;37.800539;osm-55.79740-37.80054;2026-05-29
Жасмин;Измайловский бул., 69;55.797408;37.817586;osm-55.79741-37.81759;2026-05-29
Soho Country Club;Красногорск, Мякининское ш., 3;55.797428;37.353467;osm-55.79743-37.35347;2024-06-01
Ура! Шаурма;5-й Лучевой просек, 1;55.797442;37.676054;osm-55.79744-37.67605;2026-08-31
Хмель & Солод;Петровско-Разумовский пр., 16;55.797511;37.568978;osm-55.79751-37.56898;2024-01-03
Вителло;Балашиха, просп. Ленина, 25;55.797513;37.939158;osm-55.79751-37.93916;2026-05-29
Чайхана Исфара;ул. Складочная, 1Б с3;55.797541;37.593739;osm-55.79754-37.59374;2024-07-24
ГончаровЪ;Петровско-Разумовский пр., 16;55.797596;37.568874;osm-55.79760-37.56887;2024-01-03
Суши стор;ул. Маршала Бирюзова, 28;55.797606;37.486269;osm-55.79761-37.48627;2024-05-11
Soho Country Club;Красногорск, Мякининское ш., 3;55.797625;37.353331;osm-55.79762-37.35333;2024-06-01
Римская пицца;Митьковский пр., 8;55.797926;37.669320;osm-55.79793-37.66932;2026-07-27
Swiss yard;Нахабино, ул. Гагарина, 11А;55.797991;37.202580;osm-55.79799-37.20258;2026-09-22
Много лосося;ул. 7-я Парковая, 15 к2;55.797990;37.791455;osm-55.79799-37.79145;2024-08-28
Bradu bar;Митьковский пр., 10;55.798013;37.669883;osm-55.79801-37.66988;2024-12-09
Swiss yard;Нахабино, ул. Гагарина, 11А;55.798070;37.202630;osm-55.79807-37.20263;2026-09-22
Крылья;ул. Маршала Рыбалко, 2 к9;55.798305;37.496685;osm-55.79830-37.49668;2024-08-12
Пан Запекан;1-й Стрелецкий пр., 14;55.798449;37.608635;osm-55.79845-37.60863;2024-02-11
Crosby Coffee;ул. Октябрьская, 103 с4;55.798456;37.611684;osm-55.79846-37.61168;2025-04-09
Волконский;2-я ул. Бухвостова, 5;55.798575;37.705918;osm-55.79857-37.70592;2026-06-19
Шанхайка;ул. Складочная, 1 с54;55.798727;37.593918;osm-55.79873-37.59392;2025-05-01
Кухня;Красногорск, ул. Центральная, 111Б;55.798991;37.306604;osm-55.79899-37.30660;2026-06-29
Эссе;ул. Никитинская, 13;55.799045;37.774737;osm-55.79904-37.77474;2023-10-27
Романов парк кафе;ул. Новопесчаная, 10 с1;55.799206;37.514296;osm-55.79921-37.51430;2024-02-25
BB&Burgers;Красногорск, М-9 Балтия, 23-й километр, 2;55.799255;37.273339;osm-55.79926-37.27334;2025-08-12
Скалка;Чапаевский пер., 12 к2;55.799278;37.518962;osm-55.79928-37.51896;2025-01-14
Lao Lee;Ленинградский просп., 47 с19;55.799384;37.532837;osm-55.79938-37.53284;2025-11-22
Coffeta;ул. Острякова, 5;55.799401;37.526432;osm-55.79940-37.52643;2025-02-09
Gамбит;ул. Верхняя Первомайская, 43;55.799430;37.794662;osm-55.79943-37.79466;2026-05-20
Суши Мастер;Старый Петровско-Разумовский пр., 15-17;55.799459;37.558745;osm-55.79946-37.55875;2024-08-06
Mixaki;ул. Краснобогатырская, 90 с16;55.799464;37.712764;osm-55.79946-37.71276;2025-02-02
Пицца 25;ул. Маршала Бирюзова, 32;55.799554;37.483637;osm-55.79955-37.48364;2025-01-10
Маленькая Грузия;ул. Маршала Бирюзова, 32;55.799596;37.483313;osm-55.79960-37.48331;2025-01-11
Ikigai Market;ул. Маршала Бирюзова, 32;55.799636;37.483540;osm-55.79964-37.48354;2025-01-11
Bo;ул. Маршала Бирюзова, 32;55.799660;37.483418;osm-55.79966-37.48342;2025-01-10
Melt;ул. Бутырская, 46 с1;55.799662;37.585288;osm-55.79966-37.58529;2024-09-12
brother's food;Балашиха, ул. Советская, 10А;55.799681;37.937756;osm-55.79968-37.93776;2024-04-16
Wawe;Ленинградский просп., 47 с4;55.799687;37.532129;osm-55.79969-37.53213;2024-09-08
У Лидии;Балашиха, ул. Советская, 10А;55.799694;37.937535;osm-55.79969-37.93753;2024-04-16
чайхона;Балашиха, ул. Советская, 10А;55.799699;37.937320;osm-55.79970-37.93732;2024-04-16
Пекарня Пышка;Балашиха, ул. Советская, 10А;55.799707;37.937136;osm-55.79971-37.93714;2024-04-16
Даров;Ленинградский просп., 47 с4;55.799748;37.531995;osm-55.79975-37.53200;2024-09-24
Casa Picassa Врубель;5-й Лучевой просек, 8;55.799775;37.676240;osm-55.79977-37.67624;2026-07-17
Red Star coffee;Балашиха, ул. Советская, 10А;55.799766;37.935041;osm-55.79977-37.93504;2024-04-15
Пекарня;Ленинградский просп., 60 к1;55.799780;37.535112;osm-55.79978-37.53511;2024-08-21
Archies coffee;ул. Бутырская, 46 с1;55.799816;37.585246;osm-55.79982-37.58525;2024-07-24
Casa Picassa Врубель;5-й Лучевой просек, 8;55.799865;37.676273;osm-55.79986-37.67627;2026-07-17
Red Star coffee;Балашиха, ул. Советская, 10А;55.799858;37.936932;osm-55.79986-37.93693;2024-04-17
Латтезавр;ул. Верхняя Первомайская, 59/35 к3;55.799886;37.804880;osm-55.79989-37.80488;2026-07-01
Crazy Brothers;Балашиха, ул. Парковая, 9;55.799916;37.937791;osm-55.79992-37.93779;2024-07-25
TaAm hummus bar;ул. Складочная, 1 с43;55.799948;37.595691;osm-55.79995-37.59569;2026-01-20
Васильчуки Чайхона №1;Балашиха, ул. Парковая, 4А;55.800034;37.939140;osm-55.80003-37.93914;2025-04-03
Han-Sushi;Орехово-Зуево, ул. Бугрова, 12А;55.800047;38.997112;osm-55.80005-38.99711;2026-07-27
Гранат;Чапаевский пер., 10/2;55.800063;37.519173;osm-55.80006-37.51917;2026-09-09
Фанцзеюань;Старый Петровско-Разумовский пр., 5-13;55.800062;37.560784;osm-55.80006-37.56078;2025-10-21
Хинкальная Сити;ул. Башиловская, 19;55.800083;37.575371;osm-55.80008-37.57537;2025-09-15
Варвара;ул. Бутырская, 46 с1;55.800108;37.585191;osm-55.80011-37.58519;2026-01-20
Васильчуки Чайхона №1;Балашиха, ул. Парковая, 4А;55.800173;37.939063;osm-55.80017-37.93906;2025-04-03
Resentin;ул. Краснобогатырская, 90 с2;55.800227;37.709208;osm-55.80023-37.70921;2024-10-18
Унаги;ул. 16-я Парковая, 21А;55.800239;37.825737;osm-55.80024-37.82574;2025-10-05
Домашняя кухня;ул. 9-я Парковая, 39;55.800303;37.798584;osm-55.80030-37.79858;2026-05-20
Москва;ул. Вятская, 41А;55.800452;37.581442;osm-55.80045-37.58144;2026-05-25
Дубки;6-й Лучевой просек, 6;55.800449;37.679555;osm-55.80045-37.67956;2026-08-31
DSGN mira;просп. Мира, 102 к1;55.800702;37.636812;osm-55.80070-37.63681;2026-09-24
La Ferme;ул. 8 Марта, 1 с12;55.800881;37.554925;osm-55.80088-37.55492;2026-05-13
Нуар;4-й Вятский пер., 21;55.800918;37.575104;osm-55.80092-37.57510;2025-09-15
Kono;Ленинградский просп., 62;55.800988;37.532398;osm-55.80099-37.53240;2025-11-15
Дом 8А;ул. Алабяна, 8А;55.801099;37.505759;osm-55.80110-37.50576;2025-09-20
Старый город;Балашиха, ул. Советская, 14;55.801224;37.935164;osm-55.80122-37.93516;2024-07-25
InCrosta;просп. Мира, 102 к2;55.801293;37.636561;osm-55.80129-37.63656;2023-10-15
Важная Персона;ул. Большая Новодмитровская, 23 с9;55.801365;37.584974;osm-55.80136-37.58497;2024-07-24
Cedro;4-й Вятский пер., 10;55.801445;37.576227;osm-55.80145-37.57623;2024-06-23
Ветераны фалафеля;ул. Большая Новодмитровская, 23 с6;55.801611;37.584878;osm-55.80161-37.58488;2024-07-24
Пивглав;Орехово-Зуево, ул. Красина, 18;55.801727;39.002359;osm-55.80173-39.00236;2024-10-19
У Асо;ул. Панфилова, 6Б;55.801893;37.496928;osm-55.80189-37.49693;2025-09-23
Акватория;Балашиха, ул. Белякова, 6А;55.801999;37.977873;osm-55.80200-37.97787;2025-06-09
Акватория;Балашиха, ул. Белякова, 6А;55.802064;37.977947;osm-55.80206-37.97795;2025-06-09
Шашлычная;Орехово-Зуево, ул. Ленина, 40;55.802188;38.984361;osm-55.80219-38.98436;2024-04-23
Шашлычная;Орехово-Зуево, ул. Ленина, 40;55.802288;38.984336;osm-55.80229-38.98434;2024-04-23
Табера;ул. Башиловская, 23 к1;55.802320;37.574354;osm-55.80232-37.57435;2026-01-06
52 оттенка вкуса;ул. Пехотная, 3;55.802363;37.485357;osm-55.80236-37.48536;2024-08-01
Бульвар;ул. 7-я Парковая, 27;55.802398;37.792003;osm-55.80240-37.79200;2026-06-11
Тоша;Петровско-Разумовский пр., 27А с1;55.802599;37.561996;osm-55.80260-37.56200;2024-06-23
Тоша;Петровско-Разумовский пр., 27А с1;55.802663;37.562072;osm-55.80266-37.56207;2024-06-23
Vesuvio;Ленинградский просп., 66;55.802803;37.525651;osm-55.80280-37.52565;2024-04-26
Берлога;ул. 1-я Хуторская, 8;55.802807;37.570139;osm-55.80281-37.57014;2025-03-30
Booblik;ул. 8 Марта, 8 с3;55.802911;37.555807;osm-55.80291-37.55581;2026-06-27
Олимп;Петровско-Разумовский пр., 27А с2;55.802965;37.561421;osm-55.80297-37.56142;2026-06-27
Квартал;Ленинградский просп., 66 к2;55.803002;37.527010;osm-55.80300-37.52701;2026-09-25
Барбекю;ул. Шереметьевская, 20;55.803001;37.618558;osm-55.80300-37.61856;2024-12-01
Виктория;Сиреневый бул., 11 к2;55.803001;37.778486;osm-55.80300-37.77849;2026-05-26
The Buffet;ул. Кулакова, 20 к1;55.803029;37.390648;osm-55.80303-37.39065;2023-10-28
Ситора;Ленинградский просп., 65;55.803052;37.519523;osm-55.80305-37.51952;2026-01-24
Пеликан;Электросталь, ул. Захарченко, 6;55.803058;38.458577;osm-55.80306-38.45858;2025-07-26
Виват-пицца;Сиреневый бул., 15А;55.803108;37.785715;osm-55.80311-37.78572;2026-05-20
Графский дворик;Графский пер., 9 с10;55.803116;37.643075;osm-55.80312-37.64308;2026-06-25
Волковская пивоварня;ул. Кулакова, 20 к1;55.803155;37.391531;osm-55.80315-37.39153;2025-08-05
Олимп;Петровско-Разумовский пр., 27А с2;55.803146;37.561482;osm-55.80315-37.56148;2026-06-27
Ferz;Петровско-Разумовский пр., 24 к4;55.803180;37.563516;osm-55.80318-37.56352;2026-06-28
Линдфорс;ул. Годовикова, 2;55.803193;37.631615;osm-55.80319-37.63161;2024-03-16
Nabat;ул. 5-я Парковая, 54 к2;55.803187;37.789735;osm-55.80319-37.78974;2026-05-19
Белая обезьяна;ул. Маршала Катукова, вл33;55.803269;37.422273;osm-55.80327-37.42227;2026-05-13
Чайхона халяль;Балашиха, ул. Советская, 19;55.803475;37.934634;osm-55.80347-37.93463;2024-09-18
Мурритория;ул. Маршала Василевского, 3 к1;55.803561;37.473693;osm-55.80356-37.47369;2026-09-04
Пекарня;Ленинградский просп., 69 с1;55.803556;37.518082;osm-55.80356-37.51808;2026-03-17
Чайхона халяль;Балашиха, ул. Советская, 19;55.803556;37.934545;osm-55.80356-37.93454;2024-09-18
Ёж и устрица;ул. Новодмитровская, 2 к5;55.803642;37.591004;osm-55.80364-37.59100;2023-12-26
Глобус;4-я ул. 8 Марта, 6А;55.803681;37.550446;osm-55.80368-37.55045;2026-05-13
Krunchy Dream;ул. Шереметьевская, 20;55.803725;37.618374;osm-55.80373-37.61837;2024-11-29
Квели & Сунели;ул. Новодмитровская, 2 к4;55.803919;37.590610;osm-55.80392-37.59061;2025-08-05
Мерси, Люси!;ул. Панфилова, 12;55.803952;37.496141;osm-55.80395-37.49614;2025-06-18
Palla;Майский просек, 7 c4;55.804048;37.681589;osm-55.80405-37.68159;2025-07-06
Com 1989;ул. Бутырская, 77;55.804129;37.582333;osm-55.80413-37.58233;2025-10-15
ЦДР;Ленинградский просп., 71 кГ;55.804169;37.515611;osm-55.80417-37.51561;2026-08-28
Сытая Столица;ул. 8 Марта, 12;55.804221;37.552041;osm-55.80422-37.55204;2024-11-21
Pho Ngon;Ленинградский просп., 70;55.804415;37.519687;osm-55.80441-37.51969;2024-08-21
Grill' N' Chill;Ленинградский просп., 70;55.804436;37.519564;osm-55.80444-37.51956;2024-08-21
Nova;Ленинградский просп., 70;55.804472;37.519731;osm-55.80447-37.51973;2024-08-21
Греки здесь;Ленинградский просп., 70;55.804489;37.519524;osm-55.80449-37.51952;2024-08-21
Bosfor;Ленинградский просп., 70;55.804502;37.519750;osm-55.80450-37.51975;2024-08-21
Жираф;1-й Волоколамский пр., 10 с1;55.804521;37.489603;osm-55.80452-37.48960;2024-12-13
Audience;ул. Большая Новодмитровская, 36 с4;55.804541;37.585861;osm-55.80454-37.58586;2023-10-15
Satoshi;Ленинградский просп., 70;55.804546;37.519553;osm-55.80455-37.51955;2024-08-21
Non Solo;Ленинградский просп., 70;55.804551;37.519801;osm-55.80455-37.51980;2024-08-21
Osteria Mario;ул. Бутырская, 76 с2;55.804551;37.583221;osm-55.80455-37.58322;2023-12-12
Frutero;Ленинградский просп., 70;55.804575;37.519699;osm-55.80457-37.51970;2024-08-21
Берег;Улица Исаковского, 37к2с1;55.804593;37.426311;osm-55.80459-37.42631;2024-06-09
Грузины здесь;Ленинградский просп., 70;55.804607;37.519566;osm-55.80461-37.51957;2024-08-21
Гламурная чифанька;ул. Большая Новодмитровская, 36 с4;55.804655;37.585859;osm-55.80465-37.58586;2026-05-07
Dolce Vita;Красногорск, Ильинское ш., 14;55.804723;37.323459;osm-55.80472-37.32346;2024-06-02
Goldfish;Красногорск, Москворецкий бул., 1;55.804718;37.332219;osm-55.80472-37.33222;2024-02-21
Пич;Ленинградский просп., 75 к1;55.804722;37.513241;osm-55.80472-37.51324;2024-06-23
Norme;Майский просек, 7 с3;55.804719;37.681665;osm-55.80472-37.68167;2024-07-24
Греча;ул. Лизы Чайкиной, 6;55.804775;37.526495;osm-55.80477-37.52649;2026-06-06
Teakwon-do;ул. Большая Новодмитровская, 36 с2;55.805098;37.585033;osm-55.80510-37.58503;2023-11-19
Арабская шаурма;Ленинградский просп., 77 к1;55.805235;37.509644;osm-55.80524-37.50964;2024-08-02
Дни недели;ул. Новодмитровская, 2 к1А;55.805246;37.589376;osm-55.80525-37.58938;2026-03-18
Má Mì;ул. Большая Новодмитровская, 36 с14;55.805363;37.585037;osm-55.80536-37.58504;2023-12-17
Коворкафе;ул. Большая Новодмитровская, 36 с2;55.805393;37.585398;osm-55.80539-37.58540;2024-07-23
Pioppo Albero;ул. Маршала Катукова, 25;55.805417;37.414475;osm-55.80542-37.41448;2023-10-28
Kyomei;ул. Большая Новодмитровская, 36 с2;55.805420;37.585574;osm-55.80542-37.58557;2026-05-07
Традиция есть;ул. Большая Новодмитровская, 36 с9;55.805438;37.584398;osm-55.80544-37.58440;2026-05-07
Jacky Jacky;ул. 8 Марта, 15А;55.805481;37.549514;osm-55.80548-37.54951;2025-01-07
Кофе с собой;Ленинградский просп., 76А;55.805505;37.515734;osm-55.80550-37.51573;2024-06-14
Любить кофе пить;ул. Академика Ильюшина, 12;55.805611;37.545160;osm-55.80561-37.54516;2025-01-08
Mimi;ул. Маршала Катукова, 23;55.805619;37.412920;osm-55.80562-37.41292;2026-08-22
Iskra;ул. Большая Новодмитровская, 36 с9;55.805648;37.584323;osm-55.80565-37.58432;2026-05-07
Чайхана Халяль 24;Савёловская линия, 9;55.805647;37.586323;osm-55.80565-37.58632;2026-01-02
Tapioka;ул. 2-я Хуторская, 34;55.805691;37.571165;osm-55.80569-37.57117;2025-09-15
Три казана;ул. Бутырская, 89 с3;55.805695;37.581349;osm-55.80570-37.58135;2026-05-07
Cortado;ул. Врубеля, 4 к1;55.805753;37.502263;osm-55.80575-37.50226;2025-05-01
Мангал;ул. 8 Марта, 15А;55.805745;37.549179;osm-55.80575-37.54918;2025-01-07
Максима пицца;Ленинградский просп., 76А;55.805774;37.514125;osm-55.80577-37.51412;2026-09-07
Три казана;ул. Бутырская, 89 с3;55.805785;37.581463;osm-55.80579-37.58146;2026-05-07
Yug;ул. Большая Новодмитровская, 36 с9;55.805793;37.584373;osm-55.80579-37.58437;2026-05-07
Давайте карбонару;ул. Большая Новодмитровская, 36 с7;55.805862;37.584871;osm-55.80586-37.58487;2026-05-07
Public Bar;ул. Большая Новодмитровская, 36 с6;55.805898;37.585151;osm-55.80590-37.58515;2026-06-15
Freedom;ул. Большая Новодмитровская, 36 с6;55.805913;37.585271;osm-55.80591-37.58527;2026-05-07
Волковская пивоварня;ул. Большая Новодмитровская, 36 с6;55.805940;37.585487;osm-55.80594-37.58549;2026-06-15
Zefir;Ленинградский просп., 78 к1;55.806018;37.513177;osm-55.80602-37.51318;2024-06-22
Сварня;ул. Усиевича, 12;55.806060;37.527988;osm-55.80606-37.52799;2026-01-14
Котлета;Ленинградский просп., 77 к4;55.806086;37.506396;osm-55.80609-37.50640;2025-09-20
Старый Батумъ;ул. Академика Бочвара, 7 корпус 1;55.806174;37.461746;osm-55.80617-37.46175;2025-05-28
Прогресс;Волоколамское ш., 1 с1;55.806247;37.505470;osm-55.80625-37.50547;2026-09-09
Весёлый лаваш;ул. Вучетича, 2А;55.806302;37.561304;osm-55.80630-37.56130;2026-04-25
Lars Vegans;ул. Новодмитровская, 1 с3;55.806299;37.584819;osm-55.80630-37.58482;2026-05-07
Маргарита любит кьянти;ул. Новодмитровская, 1 с3;55.806432;37.584381;osm-55.80643-37.58438;2026-05-07
Floo;ул. Новодмитровская, 1 с4;55.806500;37.584303;osm-55.80650-37.58430;2026-06-27
Салатница;ул. Новодмитровская, 1 с4;55.806529;37.584215;osm-55.80653-37.58422;2026-07-13
Кухня Полли;ул. Маршала Катукова, 20;55.806555;37.407567;osm-55.80656-37.40757;2026-07-18
Куки Луки;ул. Бутырская, 84;55.806587;37.582382;osm-55.80659-37.58238;2026-06-19
Столовая на Соколе;Волоколамское ш., 1 с1;55.806655;37.504530;osm-55.80665-37.50453;2025-09-20
Миксер;ул. Новодмитровская, 5А с1;55.806844;37.588627;osm-55.80684-37.58863;2025-09-22
Алло! Пицца;ул. Константина Федина, 11;55.806844;37.801071;osm-55.80684-37.80107;2024-04-30
Brooklyn Coffee;Ленинградский просп., 74А;55.806885;37.516898;osm-55.80689-37.51690;2024-06-12
Шаурма №1;Ленинградский просп., 74А;55.806911;37.517283;osm-55.80691-37.51728;2024-06-15
Крафтейнер;ул. Новодмитровская, 1 с1;55.806922;37.585030;osm-55.80692-37.58503;2026-06-28
Misada;ул. Новодмитровская, 1 с10;55.806934;37.583508;osm-55.80693-37.58351;2026-05-07
Meat Crew;ул. Новодмитровская, 1 с9;55.806952;37.583237;osm-55.80695-37.58324;2026-05-07
Такеши;ул. Новодмитровская, 1 с6;55.807044;37.584178;osm-55.80704-37.58418;2026-06-27
Чичилаки;ул. Кулакова, 16 к1;55.807109;37.394431;osm-55.80711-37.39443;2023-10-12
Петушок;Старая Купавна, ул. Горького, 1А;55.807119;38.189109;osm-55.80712-38.18911;2024-04-27
9;ул. Новодмитровская, 9;55.807131;37.584593;osm-55.80713-37.58459;2026-05-07
Ала-Тоо;Щёлковский пр., 13;55.807162;37.777170;osm-55.80716-37.77717;2025-07-19
Вега;Старая Купавна, ул. Большая Московская, 32;55.807303;38.162163;osm-55.80730-38.16216;2025-10-10
Чайхана Хорезм;Волоколамское ш., 13;55.807383;37.495940;osm-55.80738-37.49594;2026-09-27
Масала Арт;ул. Балтийская, 4;55.807393;37.512710;osm-55.80739-37.51271;2026-02-05
Донер & Гриль;ул. Вучетича, 5;55.807417;37.559987;osm-55.80742-37.55999;2023-12-12
Даблби экспресс;Волоколамское ш., 13;55.807434;37.496435;osm-55.80743-37.49643;2026-09-27
Белла чао!;Ленинградский просп., 80 к17;55.807482;37.511576;osm-55.80748-37.51158;2024-05-03
Ферменто;ул. Усиевича, 18;55.807497;37.521271;osm-55.80750-37.52127;2026-05-28
Юрта;ул. Новодмитровская, 5А с2;55.807495;37.588866;osm-55.80750-37.58887;2026-09-16
Шавыч;ул. Балтийская, 4;55.807520;37.512801;osm-55.80752-37.51280;2025-10-14
Цыпа гриль;ул. Бутырская, 97;55.807529;37.579172;osm-55.80753-37.57917;2025-08-21
Кухня Востока;ул. Новодмитровская, 5А;55.807566;37.588892;osm-55.80757-37.58889;2025-09-22
За стеклом;Орехово-Зуево, ул. Ленина, 76;55.807570;38.986230;osm-55.80757-38.98623;2026-09-20
I-Cup;ул. Бутырская, 97;55.807591;37.579459;osm-55.80759-37.57946;2026-07-30
ReпутациЯ;Ленинградский просп., 80 к2;55.807710;37.508358;osm-55.80771-37.50836;2025-04-05
Happit;ул. Новодмитровская, 1 с8;55.807788;37.584458;osm-55.80779-37.58446;2026-05-07
Lifehacker;ул. Черняховского, 17А;55.807890;37.538973;osm-55.80789-37.53897;2025-01-08
Ломи;Волоколамское ш., 13;55.807985;37.496455;osm-55.80799-37.49645;2026-08-29
Фомания;ул. Тимирязевская, 2/3;55.807997;37.573679;osm-55.80800-37.57368;2026-05-03
Север;ул. Бутырская, 86Б с7;55.808060;37.583735;osm-55.80806-37.58373;2025-08-22
Море лосося;Волоколамское ш., 13/1;55.808138;37.497165;osm-55.80814-37.49717;2026-08-29
YaSkofe;Волоколамское ш., 6;55.808218;37.500997;osm-55.80822-37.50100;2025-09-20
TaAm hummus bar;Волоколамское ш., 6;55.808354;37.500234;osm-55.80835-37.50023;2026-09-09
Вкуснота;ул. Часовая, 11 с2;55.808346;37.530194;osm-55.80835-37.53019;2024-04-27
Кап-Кап;ул. Самеда Вургуна, 11;55.808374;37.526980;osm-55.80837-37.52698;2023-11-30
Восток;Красногорск, ул. Заводская, 18 к3;55.808476;37.326900;osm-55.80848-37.32690;2026-09-26
Шаурма;ул. 9-я Парковая, 68 к4;55.808477;37.799206;osm-55.80848-37.79921;2026-06-15
Донер;Волоколамское ш., 15/22;55.808605;37.494530;osm-55.80861-37.49453;2025-09-20
Burger club;Волоколамское ш., 15/22;55.808623;37.494446;osm-55.80862-37.49445;2025-09-20
СССР;Волоколамское ш., 15/22;55.808680;37.494153;osm-55.80868-37.49415;2025-09-20
Остерия Марио;Ленинградский просп., 80 к21;55.808693;37.512614;osm-55.80869-37.51261;2024-05-03
Своё;ул. Шереметьевская, 47;55.808725;37.613025;osm-55.80873-37.61303;2024-01-02
Ферма Шаверма;Дмитровский пр., 1;55.808749;37.579315;osm-55.80875-37.57932;2025-11-01
По бургеру;Дмитровский пр., 1;55.809060;37.578801;osm-55.80906-37.57880;2026-01-19
FoodBand;ул. Часовая, 18 с3;55.809210;37.528323;osm-55.80921-37.52832;2025-12-19
Манас;Щёлковское ш., 26Б;55.809236;37.780884;osm-55.80924-37.78088;2025-07-19
Хуан кофеман;Волоколамское ш., 10;55.809256;37.496983;osm-55.80926-37.49698;2026-09-09
Sova coffee;Дмитровский пр., 8;55.809335;37.573964;osm-55.80933-37.57396;2023-12-08
Сезоны;17-й пр. Марьиной Рощи, 4 к1;55.809346;37.611847;osm-55.80935-37.61185;2024-01-02
Хинкальная;ул. Щукинская, 42;55.809417;37.463582;osm-55.80942-37.46358;2025-02-17
Кофе М;Волоколамское ш., 14;55.809568;37.493821;osm-55.80957-37.49382;2024-08-11
Суши маке;ул. Щукинская, 42;55.809605;37.464135;osm-55.80960-37.46413;2023-12-26
Ёлки-Палки;ул. Щукинская, 42;55.809626;37.464316;osm-55.80963-37.46432;2026-05-13
Смакбери;Тюменский пр., 5 с2;55.809670;37.740404;osm-55.80967-37.74040;2025-07-18
Стачка;Орехово-Зуево, ул. Ленина, 99;55.809679;38.988644;osm-55.80968-38.98864;2025-04-28
Brancho;ул. Амурская, 1А к5;55.809718;37.759643;osm-55.80972-37.75964;2026-01-07
Сельский Дом;Щёлковское ш., 54;55.809808;37.797817;osm-55.80981-37.79782;2026-06-15
Загородный;ул. Авиационная, 17;55.809832;37.476627;osm-55.80983-37.47663;2024-11-13
Вёсла клуб;Красногорск, ул. Центральная, 7В;55.809944;37.361450;osm-55.80994-37.36145;2024-04-21
Кокофреш;ул. Староалексеевская, 20;55.809938;37.643323;osm-55.80994-37.64332;2026-04-26
Загородный;ул. Авиационная, 17;55.810017;37.476664;osm-55.81002-37.47666;2024-11-13
Пивотека 465;ул. Авиационная, 70 к1;55.810051;37.453165;osm-55.81005-37.45316;2023-10-28
Буфет;Огородный пр., 9А с3;55.810174;37.603232;osm-55.81017-37.60323;2023-10-06
9barcoffee;Ленинградский просп., 80 к49;55.810347;37.506569;osm-55.81035-37.50657;2024-09-24
Джанни-Хинкали;просп. Мира, 118;55.810417;37.638170;osm-55.81042-37.63817;2025-02-10
Буфет;ул. Добролюбова, 3 с1;55.810434;37.594273;osm-55.81043-37.59427;2026-07-27
Хуанхе;1-й Балтийский пер., 3/25;55.810501;37.518897;osm-55.81050-37.51890;2023-11-29
Ёлочка;Волоколамское ш., 4 к3;55.810529;37.500830;osm-55.81053-37.50083;2026-06-24
Шашлычная;Красногорск, ул. Вокзальная, 15 к4;55.810583;37.338479;osm-55.81058-37.33848;2026-09-26
Ёлочка;Волоколамское ш., 4;55.810596;37.500867;osm-55.81060-37.50087;2026-06-24
Пантера;ул. Бойцовая, 8;55.810865;37.717939;osm-55.81086-37.71794;2026-07-04
Vesna;Павловская Слобода, ул. Центральная, 1;55.810868;37.020672;osm-55.81087-37.02067;2025-06-01
Mr. Kebab;ул. Дубосековская, 7;55.811019;37.497733;osm-55.81102-37.49773;2026-09-09
Tutto;Красногорск, Павшинский бул., 32;55.811039;37.365831;osm-55.81104-37.36583;2024-06-09
Чайхана;ул. Вучетича, 18 к1;55.811072;37.558437;osm-55.81107-37.55844;2024-06-23
Кафе 7;Щёлковское ш., 81;55.811288;37.812413;osm-55.81129-37.81241;2024-04-06
На мангале;Щёлковское ш., 81;55.811290;37.812805;osm-55.81129-37.81280;2024-06-12
Colorcoffee;ул. Дубосековская, 7;55.811342;37.497885;osm-55.81134-37.49788;2026-09-11
Parmi;Красногорск, Павшинский бул., 30;55.811414;37.366797;osm-55.81141-37.36680;2024-06-09
Simba Coffee;Волоколамское ш., 24 к1;55.811435;37.484758;osm-55.81144-37.48476;2024-08-15
Столовая;ул. Амурская, 9/6 с11;55.811515;37.773275;osm-55.81151-37.77327;2026-02-12
Тайм авеню;ул. Часовая, 30 с1;55.811537;37.519493;osm-55.81154-37.51949;2023-11-29
AlexMilana;Звёздный бул., 21 c1;55.811642;37.624584;osm-55.81164-37.62458;2023-10-08
Матата Феймили;Волоколамское ш., 24 к1;55.811646;37.483899;osm-55.81165-37.48390;2024-11-24
Высота 69;Красногорск, ул. Фруктовая, 69;55.811717;37.245783;osm-55.81172-37.24578;2026-06-01
ШауПицца;Волоколамское ш., 24 к1;55.811716;37.483887;osm-55.81172-37.48389;2025-02-03
DI coffee;ул. Вучетича, 22;55.811768;37.558045;osm-55.81177-37.55804;2023-12-12
History Of Coffee;ул. Всеволода Вишневского, 11;55.811771;37.569144;osm-55.81177-37.56914;2023-12-12
Хачапури;Орехово-Зуево, ул. Лопатина, 2;55.812131;38.976403;osm-55.81213-38.97640;2024-11-05
Базилик;просп. Мира, 120 к1;55.812179;37.638780;osm-55.81218-37.63878;2024-11-13
Coffee Shop;Орехово-Зуево, ул. Московская, 1;55.812175;39.004108;osm-55.81218-39.00411;2023-12-29
Базилик;просп. Мира, 120 к1;55.812209;37.638729;osm-55.81221-37.63873;2024-11-13
Секрет;Красногорск, ул. Вокзальная, 37;55.812276;37.325680;osm-55.81228-37.32568;2025-05-04
Гнездо Финиста;Волоколамское ш., 24 к2;55.812472;37.483832;osm-55.81247-37.48383;2024-10-08
Кепи;ул. Руставели, 6 к6;55.812472;37.588611;osm-55.81247-37.58861;2024-09-12
Брюссель;ул. Тимирязевская, 10/12;55.812494;37.567735;osm-55.81249-37.56773;2023-12-12
Райский сад;Балашиха, ул. Текстильщиков, 1А;55.812495;37.958992;osm-55.81249-37.95899;2024-04-12
Донер кебаб;ул. Руставели, 6 к6;55.812511;37.588971;osm-55.81251-37.58897;2024-09-12
Bodro coffee;Восточный, Щёлковское ш., 100;55.812592;37.833441;osm-55.81259-37.83344;2026-09-20
Райский сад;Балашиха, ул. Текстильщиков, 1А;55.812638;37.958839;osm-55.81264-37.95884;2024-04-12
Столовая МАИ;ул. Константина Царёва, 16;55.812754;37.496804;osm-55.81275-37.49680;2024-11-13
Твой кофе;ул. Руставели, 12/7 кА;55.812839;37.593537;osm-55.81284-37.59354;2023-11-09
Столовая МАИ;ул. Константина Царёва, 16;55.812915;37.496881;osm-55.81291-37.49688;2024-11-13
Лофт Кафе;Красногорск, ул. Пришвина, 2;55.812967;37.245009;osm-55.81297-37.24501;2025-08-16
Гольяново;Восточный, Щёлковское ш., 93 с1;55.813119;37.825894;osm-55.81312-37.82589;2026-02-06
Шашлычный уголок;Восточный, Щёлковское ш., 91А с1;55.813150;37.826801;osm-55.81315-37.82680;2026-05-20
IL MIO;ул. Уральская, 6 к1;55.813189;37.799334;osm-55.81319-37.79933;2024-07-19
Jazz coffee;Огородный пр., 10 c1;55.813427;37.603610;osm-55.81343-37.60361;2024-01-02
Эль и Лагер;Балашиха, ул. Советская, 36Б;55.813529;37.957043;osm-55.81353-37.95704;2026-05-29
Хаят;Павловская Слобода, ул. Свободы, 1;55.813588;37.087400;osm-55.81359-37.08740;2025-10-19
Злачное место;ул. Руставели, 15;55.813596;37.596996;osm-55.81360-37.59700;2024-10-21
Райхан;Огородный пр., 8 c4;55.813682;37.604973;osm-55.81368-37.60497;2024-09-07
Сирийская шаурма;Рижский пр., 4А;55.813847;37.661168;osm-55.81385-37.66117;2024-06-23
Грузинские вечера;ул. Тимирязевская, 23;55.814001;37.565573;osm-55.81400-37.56557;2025-08-05
Хванчкара;Балашиха, ул. Советская, 36И;55.814011;37.954972;osm-55.81401-37.95497;2026-01-17
Халяль Пекарня Кафе;Огородный пр., 14;55.814244;37.601824;osm-55.81424-37.60182;2023-10-04
Make coffee;Открытое ш., 5А;55.814267;37.733404;osm-55.81427-37.73340;2026-09-30
Чайхона;Красногорск, ул. 50 лет Октября, 2/37 с2;55.814317;37.305482;osm-55.81432-37.30548;2025-10-08
Coffee Time;Красногорск, ул. 50 лет Октября, 2/37 с2;55.814371;37.305483;osm-55.81437-37.30548;2025-10-18
Трапезная паломника;Волоколамское ш., 52 к1 с1;55.814386;37.471852;osm-55.81439-37.47185;2026-08-08
Чан фо;Чкаловский бул., 9 к2;55.814442;37.424077;osm-55.81444-37.42408;2026-06-02
Chef Doner;ул. Тимирязевская, 16;55.814577;37.566015;osm-55.81458-37.56602;2023-12-12
Прана;Дмитровское ш., 9Б;55.814788;37.575025;osm-55.81479-37.57502;2023-10-27
Кофе с собой;ул. Руставели, 7 с1;55.814939;37.586746;osm-55.81494-37.58675;2023-12-07
Кофе с собой;ул. Руставели, 7 с1;55.814963;37.586767;osm-55.81496-37.58677;2023-12-07
Ёжкин коф;Красногорск, ул. 50 лет Октября, 2 с2;55.814967;37.306207;osm-55.81497-37.30621;2026-04-07
Веранда;Павловская Слобода, ул. Молодёжная, 48;55.815441;37.072966;osm-55.81544-37.07297;2023-12-08
Пой, ма!;Красногорск, Ильинское ш., 1А;55.815511;37.352539;osm-55.81551-37.35254;2024-04-03
Б&Б;Красногорск, ул. Молодёжная, 4;55.815525;37.355031;osm-55.81553-37.35503;2023-10-28
Coffee Noir;Красногорск, ул. Павшинская, 2;55.815589;37.350737;osm-55.81559-37.35074;2024-09-09
Бистро;Красногорск, Железнодорожный пер., 10;55.815684;37.342379;osm-55.81568-37.34238;2025-05-20
Встреча;Красногорск, Железнодорожный пер., 3А;55.815712;37.340347;osm-55.81571-37.34035;2025-04-29
Оджахури;Павловская Слобода, ул. Ленина, 76/6;55.815731;37.069094;osm-55.81573-37.06909;2025-02-12
Пицца Печь;Красногорск, ул. Жуковского, 7;55.815764;37.325229;osm-55.81576-37.32523;2026-09-26
Академия;ул. Аргуновская, 3 к1;55.815834;37.619192;osm-55.81583-37.61919;2024-09-03
Тимур;Красногорск, ул. 50 лет Октября, 2А;55.815873;37.307431;osm-55.81587-37.30743;2026-05-30
Pho Ba Dinh;ул. Краснобогатырская, 2;55.815917;37.691338;osm-55.81592-37.69134;2024-05-19
Бухловский;Неманский пр., 1;55.815968;37.393949;osm-55.81597-37.39395;2025-02-11
Чудо-Шаурма;ул. Тимирязевская, 18 к2;55.816161;37.565557;osm-55.81616-37.56556;2023-12-07
даЕДА;ул. Краснобогатырская, 2 с3;55.816172;37.690792;osm-55.81617-37.69079;2024-05-19
Войка;ул. 3-я Радиаторская, 4;55.816324;37.493580;osm-55.81632-37.49358;2026-09-10
Донер;ул. Габричевского, 10 к2;55.816399;37.460948;osm-55.81640-37.46095;2025-09-20
Славиопицца;Красногорск, Железнодорожный пер., 7Б;55.816435;37.341545;osm-55.81643-37.34155;2026-06-26
Шеф донер;Красногорск, Железнодорожный пер., 1А;55.816520;37.340637;osm-55.81652-37.34064;2026-02-26
Виктория;Красногорск, Красногорский бул., 18;55.816673;37.374136;osm-55.81667-37.37414;2024-09-25
Выпечка;ул. Кибальчича, 5;55.816968;37.643384;osm-55.81697-37.64338;2024-04-04
Poi Point Loft;Красногорск, Красногорский бул., 4Д;55.816985;37.358814;osm-55.81699-37.35881;2025-09-25
Гиссар;Красногорск, Железнодорожный пер., 7Б;55.816996;37.341242;osm-55.81700-37.34124;2026-02-26
Ярославский;ул. Ярославская, 8 к4;55.817055;37.647537;osm-55.81706-37.64754;2025-09-04
Ярославский;ул. Ярославская, 8 к1;55.817164;37.647444;osm-55.81716-37.64744;2025-09-04
Gregori;Ленинградское ш., 9 к1;55.817168;37.498223;osm-55.81717-37.49822;2024-01-26
Пончики и кофе;Красногорск, ул. Комсомольская, 45;55.817258;37.310928;osm-55.81726-37.31093;2025-10-08
Август 13;Дмитровское ш., 13;55.817279;37.573213;osm-55.81728-37.57321;2024-01-06
Чайхона;Красногорск, Красногорский бул., 4Б/4;55.817472;37.359635;osm-55.81747-37.35963;2025-09-25
Портофино;Волоколамское ш., 71/7;55.817681;37.425051;osm-55.81768-37.42505;2025-10-21
Red Finch;Красногорск, ул. Циолковского, 7;55.817753;37.325852;osm-55.81775-37.32585;2026-05-30
У турка;Красногорск, ул. Знаменская, 12;55.817936;37.340738;osm-55.81794-37.34074;2026-07-29
SV Coffee;Красногорск, ул. Знаменская, 12;55.817974;37.340691;osm-55.81797-37.34069;2026-07-29
Пекарня;Красногорск, Красногорский бул., 4А;55.817970;37.360753;osm-55.81797-37.36075;2025-09-25
Бистро;ул. Цандера, 7 к2А;55.818064;37.630087;osm-55.81806-37.63009;2024-09-06
ZoV огня;Красногорск, Волоколамское ш., 3;55.818312;37.338835;osm-55.81831-37.33884;2025-07-19
Трапеза;ул. Ивановская, 3 с2;55.818333;37.567675;osm-55.81833-37.56768;2025-07-21
Сварня;Дмитровское ш., 13А;55.818356;37.573909;osm-55.81836-37.57391;2023-10-27
Хинкали-Гали;Погонный пр., 12;55.818520;37.710224;osm-55.81852-37.71022;2026-01-15
Пышки КультуRa;5-й Войковский пр., 2 с2;55.818673;37.484156;osm-55.81867-37.48416;2026-06-11
Simple coffee;Красногорск, Волоколамское ш., 3 с1;55.818972;37.338544;osm-55.81897-37.33854;2025-05-12
Сам пришёл;ул. Зои и Александра Космодемьянских, 8А с1;55.819015;37.505020;osm-55.81902-37.50502;2024-02-25
Чайхана 24;ул. Ярославская, 10 к5;55.819016;37.649115;osm-55.81902-37.64912;2024-08-28
Пожарскаго Трактир;ул. Международная, 8;55.819053;37.387952;osm-55.81905-37.38795;2024-01-24
Пончики!;ул. Яблочкова, 19Г;55.819215;37.578620;osm-55.81921-37.57862;2023-10-17
Plain;Небесный бул., 1 к1;55.819334;37.422908;osm-55.81933-37.42291;2026-05-14
Тюрки;Небесный бул., 1 к1;55.819392;37.423201;osm-55.81939-37.42320;2026-06-15
Casa Mia;ул. Международная, 8;55.819422;37.388172;osm-55.81942-37.38817;2023-10-09
Пицца-Пи;Красногорск, ул. Ленина, 2;55.819462;37.321096;osm-55.81946-37.32110;2026-09-07
Wolk Street Coffee;Красногорск, ул. Ленина, 2;55.819496;37.320428;osm-55.81950-37.32043;2026-05-01
Corneli Pizza;Красногорск, Подмосковный бул., 1А;55.819521;37.363065;osm-55.81952-37.36306;2026-06-22
Хижина;ул. Кондратюка, 1А;55.819527;37.636619;osm-55.81953-37.63662;2024-12-24
Дюшес;Красногорск, ул. Школьная, 1А;55.819551;37.336847;osm-55.81955-37.33685;2026-09-22
Fusion;ул. Международная, 8;55.819548;37.386509;osm-55.81955-37.38651;2024-01-24
Седьмое небо;ул. Академика Королёва, 15 к1;55.819713;37.611798;osm-55.81971-37.61180;2025-02-17
Шаурма и плов;ул. Яблочкова, 21Д;55.819795;37.578338;osm-55.81979-37.57834;2026-07-12
Наше место;Восточный, ул. Кольцевая, 12;55.819859;37.880606;osm-55.81986-37.88061;2026-05-24
Азия;ул. Международная, 8;55.819895;37.386277;osm-55.81990-37.38628;2024-01-24
Lucky Day;Красногорск, ул. Ленина, 2;55.819920;37.320394;osm-55.81992-37.32039;2026-05-30
Маруся;Красногорск, ул. Дачная, 11А;55.820007;37.312604;osm-55.82001-37.31260;2025-10-08
Лили;Красногорск, ул. Школьная, 1;55.820082;37.338364;osm-55.82008-37.33836;2026-03-29
Кофедым;Восточный, ул. Кольцевая, 10;55.820233;37.882430;osm-55.82023-37.88243;2026-09-03
Crazy Brothers;ул. Николая Химушина, 5 с3;55.820292;37.758551;osm-55.82029-37.75855;2026-09-01
Quantum Games;ул. Международная, 12;55.820395;37.388565;osm-55.82039-37.38856;2025-10-05
Хинкали-Gали!;ул. Ярославская, 10 к2;55.820495;37.647921;osm-55.82050-37.64792;2024-09-16
Rose Bar;ул. Международная, 13;55.820520;37.389906;osm-55.82052-37.38991;2024-01-24
Lucky Day;Красногорск, Подмосковный бул., 3А;55.820612;37.366542;osm-55.82061-37.36654;2024-09-08
Zafferano;ул. Международная, 12;55.820633;37.388750;osm-55.82063-37.38875;2023-10-09
Cosmic Coffee;ул. Академика Королёва, 1;55.820635;37.635692;osm-55.82064-37.63569;2024-05-18
Антикафе;ул. Ярославская, 10 к2;55.820639;37.647925;osm-55.82064-37.64793;2024-09-16
Твин Пигз;ул. Академика Королёва, 19А;55.820891;37.607314;osm-55.82089-37.60731;2026-05-13
Лучший повар;ул. Академика Королёва, 13;55.820887;37.619213;osm-55.82089-37.61921;2025-05-27
Rock`n`Raw;Восточный, квартал Изумрудный, 10;55.821020;37.889670;osm-55.82102-37.88967;2023-11-09
Бу-бу;ул. Клары Цеткин, 18 к3;55.821054;37.521371;osm-55.82105-37.52137;2024-10-17
Столовая;ул. Монтажная, 1/4 с3;55.821108;37.764385;osm-55.82111-37.76438;2023-10-17
Столовая;ул. Монтажная, 1/4 с3;55.821233;37.764311;osm-55.82123-37.76431;2023-10-17
Shore House;Красногорск, МКАД, 66-й километр, к5;55.821244;37.383629;osm-55.82124-37.38363;2025-05-13
Пикколо Аморе;Восточный, ул. Кольцевая, 26;55.821296;37.874353;osm-55.82130-37.87435;2026-09-03
Мане;Красногорск, ул. Дачная, 5;55.821390;37.312830;osm-55.82139-37.31283;2025-11-23
Shore House;Красногорск, МКАД, 66-й километр, к5;55.821409;37.383701;osm-55.82141-37.38370;2025-05-13
Азбука Еды;Восточный, Молодёжный бул., 1;55.821482;37.875453;osm-55.82148-37.87545;2026-09-03
Лицей;Ленинградское ш., 16А с1;55.821494;37.497887;osm-55.82149-37.49789;2026-07-13
Русский дворик;Красногорск, ул. Школьная, 11;55.821545;37.329663;osm-55.82155-37.32966;2025-09-27
Чайхана Дамаск;ул. Космонавтов, 15 с2;55.821648;37.659979;osm-55.82165-37.65998;2025-11-22
Pint House;Волоколамское ш., 71/22 к3;55.822053;37.436460;osm-55.82205-37.43646;2025-01-11
Boston;Ленинградское ш., 16А с3;55.822220;37.498903;osm-55.82222-37.49890;2026-09-25
Торро Гриль;Ленинградское ш., 16А с4;55.822242;37.497786;osm-55.82224-37.49779;2024-07-15
Papa's burger;Красногорск, ул. Международная, 14;55.822278;37.384911;osm-55.82228-37.38491;2024-01-24
Monkey Express;Ленинградское ш., 16А с4;55.822300;37.496982;osm-55.82230-37.49698;2023-12-06
Клешни и Хвосты;Балашиха, ул. Свердлова, 16/5;55.822299;37.969975;osm-55.82230-37.96997;2026-02-06
Под ракетой;просп. Мира, 111;55.822340;37.639226;osm-55.82234-37.63923;2024-12-25
Doner by Boroda;ул. Зои и Александра Космодемьянских, 26/21 с1;55.822479;37.518104;osm-55.82248-37.51810;2025-07-15
Alshami;ул. Ярославская, 17;55.822682;37.648749;osm-55.82268-37.64875;2025-06-21
Dolce latte;Красногорск, ул. Мира, 3;55.822790;37.256972;osm-55.82279-37.25697;2024-09-10
Стоп Кран;Красногорск, ул. Октябрьская, 5;55.823032;37.336017;osm-55.82303-37.33602;2026-09-09
Вилок нет;Красногорск, Подмосковный бул., 14;55.823108;37.375140;osm-55.82311-37.37514;2026-08-06
АльмаМоре;ул. 1-я Останкинская, 7А с26;55.823131;37.615783;osm-55.82313-37.61578;2025-08-28
Tsomi;Ленинградское ш., 16А с4;55.823264;37.497051;osm-55.82326-37.49705;2024-09-11
Поль Бейкери;Ленинградское ш., 16А с4;55.823368;37.496907;osm-55.82337-37.49691;2023-10-29
АльмаГриль;ул. 1-я Останкинская, 7А с26;55.823413;37.615611;osm-55.82341-37.61561;2025-08-28
Вилладж-Паб;ул. 1-я Останкинская, 57;55.823688;37.634860;osm-55.82369-37.63486;2024-08-30
Сладкомания;ул. Большая Академическая, 15 с1;55.823727;37.527536;osm-55.82373-37.52754;2024-07-05
Гамлет;Снегири, М-9 Балтия, 48-й километр, с1 вл1;55.823835;36.919044;osm-55.82384-36.91904;2024-06-22
Фо Ши Мин;ул. 1-я Останкинская, 57;55.823870;37.635161;osm-55.82387-37.63516;2024-08-30
Гамлет;Снегири, М-9 Балтия, 48-й километр, с1 вл1;55.823900;36.919103;osm-55.82390-36.91910;2024-06-22
Вах! Вах!;ул. Зои и Александра Космодемьянских, 23;55.823895;37.518057;osm-55.82390-37.51806;2026-03-18
Шашлычный двор;ул. 1-я Останкинская, 53;55.823993;37.631853;osm-55.82399-37.63185;2024-08-26
Кофейная;Красностуденческий пр., вл17;55.824139;37.562228;osm-55.82414-37.56223;2024-10-11
Пончики;ул. 1-я Останкинская, 1А с1;55.824175;37.616590;osm-55.82417-37.61659;2023-10-31
Пончики;ул. 1-я Останкинская, 1А с1;55.824182;37.616544;osm-55.82418-37.61654;2023-10-31
Камея;Красногорск, ул. Ленина, 3;55.824207;37.319386;osm-55.82421-37.31939;2026-07-26
Prime Time;ул. 1-я Останкинская, 7А с19;55.824238;37.603662;osm-55.82424-37.60366;2024-07-19
Кафе быстрого питания;ул. 1-я Останкинская, 23;55.824334;37.622585;osm-55.82433-37.62259;2024-08-22
Синдикат;ул. 1-я Останкинская, 25;55.824401;37.623200;osm-55.82440-37.62320;2024-08-25
Чайхона;Красногорск, ул. Генерала Белобородова, 46 с17;55.824532;37.354483;osm-55.82453-37.35448;2024-11-05
Эл'Лада Club;Красногорск, ул. Пионерская, 12Б;55.824587;37.332746;osm-55.82459-37.33275;2026-05-30
Эл'Лада Club;Красногорск, ул. Пионерская, 12Б;55.824692;37.332812;osm-55.82469-37.33281;2026-05-30
Арёл;Красногорск, ул. Пионерская, 12Б;55.824770;37.332671;osm-55.82477-37.33267;2026-05-30
Degusto;Красногорск, Павшинский бул., 1Б;55.825077;37.364882;osm-55.82508-37.36488;2026-06-01
Веранда;Красногорск, ул. Пионерская, 12А;55.825527;37.332152;osm-55.82553-37.33215;2026-08-27
Веранда;Красногорск, ул. Пионерская, 12А;55.825546;37.332106;osm-55.82555-37.33211;2026-08-27
Рояль;Красногорск, ул. Егорова, 5Б;55.825607;37.366410;osm-55.82561-37.36641;2023-10-31
Премьер пицца;Красногорск, ул. Егорова, 5Б;55.825624;37.366202;osm-55.82562-37.36620;2023-10-31
Лав Шаурма;Красногорск, ул. Егорова, 5;55.825764;37.366746;osm-55.82576-37.36675;2024-11-05
МИРО;Нахабино, ул. Новая, 21 с1;55.825817;37.137481;osm-55.82582-37.13748;2024-03-26
Лисапарк;ул. 2-я Останкинская, 3;55.825887;37.627494;osm-55.82589-37.62749;2025-08-31
Surf Coffee x VDNX;ул. 2-я Останкинская, 3;55.825973;37.628949;osm-55.82597-37.62895;2024-08-30
Natacha;ул. 2-я Останкинская, 3;55.825992;37.628365;osm-55.82599-37.62837;2024-08-30
Фарш;ул. 2-я Останкинская, 1 с2;55.826062;37.627150;osm-55.82606-37.62715;2024-09-12
Сыроварня;ул. 2-я Останкинская, 3;55.826142;37.629689;osm-55.82614-37.62969;2024-04-30
Belagaio;ул. 2-я Останкинская, 3;55.826154;37.628986;osm-55.82615-37.62899;2024-08-30
BRandICE;ул. 2-я Останкинская, 3;55.826182;37.628549;osm-55.82618-37.62855;2024-08-30
Зелёная кофейня;ул. 2-я Останкинская, 3;55.826179;37.628768;osm-55.82618-37.62877;2024-08-30
Бутерброды. Культура;Ленинградское ш., 23 с2;55.826208;37.488519;osm-55.82621-37.48852;2026-06-11
Селёдочная;ул. 2-я Останкинская, 3;55.826313;37.629836;osm-55.82631-37.62984;2024-08-30
HookahPlace;ул. 2-я Останкинская, 3;55.826435;37.628286;osm-55.82643-37.62829;2024-09-12
Kitchen;ул. Большая Марфинская, 4 к1;55.826693;37.593534;osm-55.82669-37.59353;2025-03-29
Шантимель;ул. Тушинская, 13;55.826719;37.446782;osm-55.82672-37.44678;2024-08-04
Beer & Beard;пр. Стратонавтов, 9 к2;55.826761;37.436037;osm-55.82676-37.43604;2024-11-12
Назад в будущее;просп. Мира, 119 с548;55.827157;37.632381;osm-55.82716-37.63238;2024-04-26
Марфино - Express Food;ул. Большая Марфинская, 4/7;55.827198;37.597520;osm-55.82720-37.59752;2024-07-19
Луна;Красногорск, ул. Пионерская, 14 с2;55.827235;37.330046;osm-55.82724-37.33005;2026-08-27
Луна;Красногорск, ул. Пионерская, 14 с2;55.827249;37.330061;osm-55.82725-37.33006;2026-08-27
Met Tea;ул. Тушинская, 19;55.827368;37.442033;osm-55.82737-37.44203;2024-08-16
28/13;пр. Стратонавтов, 11 к1;55.827535;37.434533;osm-55.82753-37.43453;2024-11-12
Хинкальная;Красногорск, ул. Пионерская, 14А;55.827685;37.330249;osm-55.82769-37.33025;2026-07-26
Столовая троллейбусного парка;просп. Мира, 123А;55.827696;37.642712;osm-55.82770-37.64271;2024-08-30
Чайхана;Красногорск, ул. Пионерская, 14А;55.827764;37.330444;osm-55.82776-37.33044;2025-08-03
Мокко;Красногорск, ул. Успенская, 6А;55.827777;37.295496;osm-55.82778-37.29550;2026-05-25
Чайхана 5 Казан;ул. Тушинская, 22 с5;55.827825;37.440652;osm-55.82782-37.44065;2024-11-18
Берёзка;Красногорск, ул. Ленина, 29;55.827997;37.310230;osm-55.82800-37.31023;2025-10-19
Шаурма по-братски;ул. Тушинская, 24 с15;55.828104;37.439772;osm-55.82810-37.43977;2024-04-19
Покровские холмы;ул. Береговая, 3 с1;55.828184;37.466538;osm-55.82818-37.46654;2026-06-09
Покровские холмы;ул. Береговая, 3 с1;55.828195;37.466591;osm-55.82820-37.46659;2026-06-09
Пицетта;ул. Тушинская, 24 с15;55.828222;37.439859;osm-55.82822-37.43986;2024-06-06
Сирийская кухня;просп. Мира, 186A c1;55.828403;37.651760;osm-55.82840-37.65176;2023-12-12
Арцец;просп. Мира, 119 с614;55.828407;37.626557;osm-55.82841-37.62656;2025-09-16
Хинкали-Гали;ул. Циолковского, 15/5;55.828546;37.445924;osm-55.82855-37.44592;2024-07-05
Мамма Италия;ул. Хованская, 20;55.828595;37.622532;osm-55.82859-37.62253;2024-08-28
Гюльчатай;просп. Мира, 119 с4;55.828649;37.630230;osm-55.82865-37.63023;2026-01-13
МакКафе;просп. Мира, 119 с547;55.828656;37.637511;osm-55.82866-37.63751;2024-08-28
Лав;ул. 1-я Останкинская, 7А с17;55.828681;37.614452;osm-55.82868-37.61445;2024-09-14
Lily’s Coffee;Красногорск, ул. Успенская, 4А;55.828719;37.297633;osm-55.82872-37.29763;2026-05-25
Васаби Пеперони;Волоколамское ш., 116 с3;55.829111;37.414044;osm-55.82911-37.41404;2026-01-06
Набижон-Ота;Обухово, ул. Калинина, 48;55.829468;38.276063;osm-55.82947-38.27606;2024-03-05
Росизо;просп. Мира, 119 с516;55.829949;37.619996;osm-55.82995-37.62000;2024-09-13
Limb Coffee;Балашиха, ул. Заречная, 31;55.830128;37.963869;osm-55.83013-37.96387;2026-05-05
Берёзка;Восточный, ул. Курганская, 9А;55.830154;37.811295;osm-55.83015-37.81130;2024-09-20
Tropic coffe;ул. Долгова, 15/10;55.830207;37.452333;osm-55.83021-37.45233;2026-01-26
Тыква;Балашиха, ул. Свердлова, 41;55.830207;37.969272;osm-55.83021-37.96927;2025-03-02
Берёзка;Восточный, ул. Курганская, 9А;55.830281;37.811181;osm-55.83028-37.81118;2024-09-20
Дастархан;просп. Мира, 119 с11;55.830285;37.628925;osm-55.83029-37.62893;2024-04-24
МагБургер;просп. Мира, 186Б;55.830312;37.652037;osm-55.83031-37.65204;2024-08-24
Шашлычок;просп. Мира, 119 с503;55.830348;37.617677;osm-55.83035-37.61768;2024-06-24
DinnerTime;Красногорск, ул. Лесная, 1А;55.830428;37.325591;osm-55.83043-37.32559;2026-06-01
Тайна;ул. Ботаническая, 25 с4;55.830711;37.598287;osm-55.83071-37.59829;2025-05-10
Арарат;просп. Мира, 119 с68;55.830764;37.633499;osm-55.83076-37.63350;2025-08-09
Шашлык;Балашиха, Щёлковское ш., 28;55.830969;37.926490;osm-55.83097-37.92649;2023-10-29
У Маруси;Красногорск, ул. Советская, 4;55.830976;37.327530;osm-55.83098-37.32753;2026-07-20
Мангуст;Нахабино, ул. Геологов, 3/2;55.831076;37.238140;osm-55.83108-37.23814;2026-07-06
Остерия Итальяна;просп. Мира, 119 с619;55.831089;37.634504;osm-55.83109-37.63450;2023-11-15
Дон-Пиццерон;Красногорск, ул. Генерала Белобородова, 28;55.831268;37.353631;osm-55.83127-37.35363;2025-07-19
Хинкальная;Красногорск, ул. Ленина, 26А;55.831577;37.302589;osm-55.83158-37.30259;2025-05-11
Васаби Сан;Красногорск, ул. Ленина, 26А;55.831663;37.302474;osm-55.83166-37.30247;2024-09-14
Ёшки Матрёшки;ул. Большая Академическая, 35 с1;55.831778;37.531259;osm-55.83178-37.53126;2026-06-05
Дом российской кухни;просп. Мира, 119 с66А;55.831941;37.630754;osm-55.83194-37.63075;2025-09-15
На углях;Балашиха, Щёлковское ш., 87;55.832088;37.932292;osm-55.83209-37.93229;2024-08-29
Drink Point;Путилково, ул. Новотушинская, 7;55.832379;37.383922;osm-55.83238-37.38392;2026-06-18
Нео;просп. Мира, 119 с19А;55.832431;37.624732;osm-55.83243-37.62473;2025-11-24
Шик-шашлык;Красногорск, ул. Ленина, 39В;55.832484;37.302468;osm-55.83248-37.30247;2026-01-04
Домик в саду;просп. Мира, 119 с512;55.832600;37.631473;osm-55.83260-37.63147;2026-09-05
Магия кофе;Красногорск, ул. Светлая, 3А с3;55.832885;37.277004;osm-55.83288-37.27700;2024-09-09
Броцеули;Красногорск, ул. Светлая, 3А с4;55.832917;37.277999;osm-55.83292-37.27800;2024-09-09
One and Double;Путилково, ул. Новотушинская, 7;55.832990;37.383668;osm-55.83299-37.38367;2026-06-18
Пироги;просп. Мира, 119 с467;55.833115;37.630489;osm-55.83311-37.63049;2026-09-05
Шоколо;просп. Мира, 119 с23;55.833187;37.619279;osm-55.83319-37.61928;2025-09-17
Кофе;Красногорск, ул. Ленина, 30В;55.833475;37.299660;osm-55.83347-37.29966;2026-01-07
Лаборатория мороженого;просп. Мира, 119 с417;55.833518;37.631531;osm-55.83352-37.63153;2026-06-14
Мечтаi;Красногорск, ул. Народного Ополчения, 8;55.833543;37.312555;osm-55.83354-37.31256;2026-04-18
Element Coffee;Нахабино, ул. Дежнёва, 2;55.833701;37.239511;osm-55.83370-37.23951;2025-10-05
Старый город;ул. Большая Академическая, 44/1 с1;55.833762;37.533026;osm-55.83376-37.53303;2024-11-03
Ласточка;просп. Мира, 119 с526;55.834068;37.629565;osm-55.83407-37.62956;2026-09-04
Кофебар;Красногорск, ул. Кирова, 26;55.834275;37.307060;osm-55.83427-37.30706;2026-06-01
Джан;Красногорск, ул. Ленина, у д55;55.834790;37.298308;osm-55.83479-37.29831;2026-01-07
Istanbul;Красногорск, ул. Карбышева, 1;55.834857;37.306669;osm-55.83486-37.30667;2025-11-13
ВкусВилл;просп. Мира, 188Б к2;55.834893;37.658568;osm-55.83489-37.65857;2025-07-07
Vodный;Ленинградское ш., 39 с6;55.834959;37.479603;osm-55.83496-37.47960;2023-10-26
Фишка;Балашиха, ул. Свердлова, 54;55.834959;37.973500;osm-55.83496-37.97350;2025-11-17
Совиный Дом;просп. Мира, 119 с514;55.835006;37.629916;osm-55.83501-37.62992;2025-08-28
Coffee Kaldis;просп. Мира, 119 с345;55.835092;37.623870;osm-55.83509-37.62387;2024-07-17
Московское небо;просп. Мира, 119 с422;55.835335;37.625666;osm-55.83534-37.62567;2026-06-14
Бульвар;Красногорск, бул. Космонавтов, 9Б;55.835406;37.280106;osm-55.83541-37.28011;2025-08-06
Москофе;Красногорск, ул. Пенягинская, 16;55.835496;37.360955;osm-55.83550-37.36095;2026-09-06
Кепи;3-й Михалковский пер., 15;55.835697;37.526247;osm-55.83570-37.52625;2024-09-12
В гостях у лося;Красногорск, ул. Игоря Мерлушкина, 4;55.835741;37.269438;osm-55.83574-37.26944;2026-07-24
Чайхона №1;ул. Лодочная, 4;55.835747;37.455089;osm-55.83575-37.45509;2025-12-06
Чайхона №1;ул. Лодочная, 4;55.835805;37.455218;osm-55.83581-37.45522;2025-12-06
Tin Tin;просп. Мира, 119 с501;55.835903;37.625874;osm-55.83590-37.62587;2024-03-29
Сам Шени;Проспект Мира, 119 с178;55.835945;37.628550;osm-55.83595-37.62855;2026-06-17
Пирвели;просп. Мира, 119 с501;55.835963;37.625805;osm-55.83596-37.62580;2026-09-04
Выставка;просп. Мира, 119 с170;55.836231;37.623875;osm-55.83623-37.62387;2024-09-21
Дымов;просп. Мира, 119 с170;55.836241;37.623968;osm-55.83624-37.62397;2024-04-22
LeoCoffee;просп. Мира, 119 с172;55.836255;37.626266;osm-55.83626-37.62627;2026-06-17
Галерея;просп. Мира, 119 с172;55.836326;37.626564;osm-55.83633-37.62656;2026-06-14
Ноэль;просп. Мира, 119 с323;55.836340;37.628081;osm-55.83634-37.62808;2026-06-17
Авшар-Клаб;Красногорск, ул. Ново-Никольская, 2А;55.836410;37.263390;osm-55.83641-37.26339;2026-05-04
Фо Бо 83;просп. Мира, 167А;55.836448;37.655924;osm-55.83645-37.65592;2026-06-24
Аль-Казано;просп. Мира, 167А;55.836510;37.656325;osm-55.83651-37.65633;2026-06-24
Авшар-Клаб;Красногорск, ул. Ново-Никольская, 2А;55.836549;37.263388;osm-55.83655-37.26339;2026-05-04
Чебурешная by Mironov;просп. Мира, 119 с172;55.836566;37.626957;osm-55.83657-37.62696;2026-06-19
Gran Torino;ул. Лодочная, 2;55.836878;37.442091;osm-55.83688-37.44209;2023-11-09
Smart Coffee Lab;просп. Мира, 119 с174;55.836922;37.624468;osm-55.83692-37.62447;2026-06-14
Crazy Mamma Kitchen;Павловская Слобода, ул. Троицкая, 25;55.837052;37.012941;osm-55.83705-37.01294;2025-10-21
Лаки Сувлаки;просп. Мира, 119 с307;55.837070;37.612413;osm-55.83707-37.61241;2026-09-04
Пловная;просп. Мира, 169 к1;55.837148;37.657713;osm-55.83715-37.65771;2024-11-13
Пловная;просп. Мира, 169 к1;55.837213;37.657695;osm-55.83721-37.65769;2024-11-13
Шаур-шеф;ул. Сельскохозяйственная, 17 к1;55.837253;37.636467;osm-55.83725-37.63647;2024-03-20
Мельница;Ногинск, ул. Юбилейная, 12А;55.837285;38.403822;osm-55.83729-38.40382;2024-02-14
Старое место;просп. Мира, 119 с504;55.837333;37.616551;osm-55.83733-37.61655;2026-06-14
Гусь;Красногорск, ул. Северная, 4;55.837582;37.291545;osm-55.83758-37.29154;2025-11-09
Coffee Bean;ул. Сельскохозяйственная, 17 к1;55.837682;37.636420;osm-55.83768-37.63642;2024-03-20
Лето;Красногорск, ул. Речная, 37 с1;55.837753;37.325391;osm-55.83775-37.32539;2026-08-14
Cafeteria de Madre;просп. Мира, 119 с40;55.838094;37.620910;osm-55.83809-37.62091;2026-05-25
Рыбацкая деревня;просп. Мира, 119 с259;55.838278;37.626248;osm-55.83828-37.62625;2026-06-17
Шашлык Хаус;Балашиха, Щёлковское ш., 185;55.838692;37.946962;osm-55.83869-37.94696;2024-08-29
Blueberry;Дедовск, ул. Садовая, 38;55.838776;37.135777;osm-55.83878-37.13578;2023-10-10
Дворик;ул. Василия Петушкова, 25;55.838903;37.406894;osm-55.83890-37.40689;2023-10-28
Ферма;просп. Мира, 119 с244;55.839223;37.626231;osm-55.83922-37.62623;2026-09-03
Урбеч;Красногорск, ул. Карбышева, 10 к1;55.839462;37.305697;osm-55.83946-37.30570;2026-05-03
Дидор;Сабурово, ул. Ново-Никольская, 54А;55.839534;37.252705;osm-55.83953-37.25270;2026-05-04
Тандыр-самса;Красногорск, ул. Дубравная, 53;55.839607;37.350514;osm-55.83961-37.35051;2025-05-04
Bunsberry;Нахабино, ул. Ново-Никольская, 110;55.839864;37.240725;osm-55.83986-37.24072;2025-07-14
Столовая;Сабурово, ул. Новоникольская, 52;55.840215;37.252796;osm-55.84022-37.25280;2025-09-22
Грузинский дом;Сабурово, ул. Ново-Никольская, 52Б;55.840241;37.252292;osm-55.84024-37.25229;2025-09-21
Фкус;Нахабино, ул. Институтская, 10В;55.840287;37.176571;osm-55.84029-37.17657;2026-06-28
Бургари;Снегири, ул. Троицкая, 45;55.840483;37.005042;osm-55.84048-37.00504;2025-10-21
Суши сет;Нахабино, ул. Институтская, 12Б;55.840655;37.172724;osm-55.84065-37.17272;2025-06-14
Мишель Вермишель;Красногорск, ул. Дубравная, 51 с1;55.841076;37.353759;osm-55.84108-37.35376;2026-01-20
Шаурма-гриль;ул. Михалковская, 38 с6;55.841287;37.518169;osm-55.84129-37.51817;2026-07-04
One and Double;Нахабино, ул. Железнодорожная, 14;55.841308;37.184944;osm-55.84131-37.18494;2024-09-09
Московские булки;ул. Михалковская, 38;55.841499;37.518908;osm-55.84150-37.51891;2026-09-25
Хинкали-Гали;Путилково, ул. Митинская, 16;55.841997;37.372765;osm-55.84200-37.37277;2025-10-17
Луна;Путилково, ул. Митинская, 16;55.842081;37.372405;osm-55.84208-37.37241;2025-11-30
Coffee;Путилково, ул. Митинская, 16;55.842340;37.372834;osm-55.84234-37.37283;2024-07-05
Maxima;ул. Гостиничная, 3;55.842559;37.579764;osm-55.84256-37.57976;2024-02-27
Кофелар;ул. Большая Академическая, 77 к1;55.842873;37.554309;osm-55.84287-37.55431;2026-01-24
Perse;ул. Гостиничная, 5;55.843084;37.579816;osm-55.84308-37.57982;2025-02-26
Тюбик;ул. Свободы, 35 с5;55.843228;37.454260;osm-55.84323-37.45426;2024-12-05
Black Jack Coffee;Гостиничный пр., 4Б;55.843282;37.577442;osm-55.84328-37.57744;2024-03-01
Аристократ;Большие Дворы, ул. Новая, 18/1;55.843340;38.656309;osm-55.84334-38.65631;2025-06-02
Аристократ;Большие Дворы, ул. Новая, 18/1;55.843358;38.656367;osm-55.84336-38.65637;2025-06-02
Европа;ул. Гостиничная, 4 к9;55.843443;37.580943;osm-55.84344-37.58094;2024-02-27
Pro.Хинкали;ул. 1-я Леонова, 22;55.843524;37.637047;osm-55.84352-37.63705;2026-06-17
Coffta;ул. Гостиничная, 5;55.843548;37.579662;osm-55.84355-37.57966;2024-02-27
Шаурма;Монино, ул. Железнодорожная, 31 с1;55.843634;38.198944;osm-55.84363-38.19894;2023-11-13
Шаурма;Монино, ул. Железнодорожная, 31 с1;55.843628;38.199156;osm-55.84363-38.19916;2023-11-13
Osterio mario;ул. 1-я Леонова, 22;55.843643;37.637143;osm-55.84364-37.63714;2026-07-31
СВШ;Нахабино, ул. Вокзальная, 11А;55.843646;37.182084;osm-55.84365-37.18208;2024-06-05
Солюкс Лайф;ул. Вильгельма Пика, 14 с3;55.843821;37.634466;osm-55.84382-37.63447;2026-06-14
ProШаурму;Гостиничный пр., 6 к2;55.844157;37.576657;osm-55.84416-37.57666;2024-02-28
Мосплов;Гостиничный пр., 6 к2;55.844224;37.576595;osm-55.84422-37.57659;2024-02-28
Сундук;Дмитровское ш., 48 к1;55.844408;37.570225;osm-55.84441-37.57023;2024-03-05
Катька Запеканка;Гостиничный пр., 6 к2;55.844420;37.576650;osm-55.84442-37.57665;2024-02-28
Kitchen Garden Botanica;ул. Вильгельма Пика, 11;55.844607;37.637122;osm-55.84461-37.63712;2025-05-19
Soluxe Huaming;ул. Вильгельма Пика, 16;55.844707;37.634555;osm-55.84471-37.63455;2024-03-20
Grill Point;1-я ул. Леонова, 18;55.844797;37.638659;osm-55.84480-37.63866;2026-06-14
Хинкальная.Ge;Красногорск, ул. Барышиха, 21 к3;55.844919;37.348285;osm-55.84492-37.34828;2026-06-18
Эскалоп;Дмитровское ш., 48 к1;55.845104;37.570359;osm-55.84510-37.57036;2024-03-05
Garden;1-я ул. Леонова, 18;55.845121;37.639292;osm-55.84512-37.63929;2024-11-07
Ева вкусная еда;Гостиничный пр., 8 к1;55.845897;37.576054;osm-55.84590-37.57605;2024-02-28
Волконский;Путилково, ул. Дубравная, 34/29;55.845970;37.357560;osm-55.84597-37.35756;2024-04-08
Самарканд;Путилково, ул. Митинская, 36;55.846038;37.363054;osm-55.84604-37.36305;2024-09-09
Крымская шаурма;ул. Ботаническая, 14Б;55.846095;37.587865;osm-55.84609-37.58787;2026-09-06
Кофе твой друг;Путилково, ул. Митинская, 27А;55.846134;37.360269;osm-55.84613-37.36027;2024-08-19
Sushi Master;ул. Сходненская, 25;55.846136;37.439003;osm-55.84614-37.43900;2025-11-17
Нуш Донер;ул. Ботаническая, 41 к7;55.846158;37.584022;osm-55.84616-37.58402;2024-02-25
Dos amigos;Путилково, ул. Дубравная, 34/29;55.846287;37.358455;osm-55.84629-37.35845;2024-04-08
Dim Sum & Co;Путилково, ул. Дубравная, 34/29;55.846291;37.358597;osm-55.84629-37.35860;2024-04-08
Hola;Путилково, ул. Дубравная, 34/29;55.846383;37.358435;osm-55.84638-37.35844;2024-04-08
Beached;Гостиничный пр., 8 к1;55.846484;37.576002;osm-55.84648-37.57600;2024-02-28
Кофекус;Гостиничный пр., 8 к1;55.846491;37.576083;osm-55.84649-37.57608;2024-02-28
Проба;Путилково, ул. Дубравная, 34/29;55.846642;37.358532;osm-55.84664-37.35853;2025-08-12
Эко Хаус;ул. Гостиничная, 10 к5;55.846657;37.580894;osm-55.84666-37.58089;2024-02-25
Хочу шаурму;ул. Штурвальная, 3 с1;55.846711;37.446136;osm-55.84671-37.44614;2024-08-21
Хмельной индюк;Дмитровское ш., 61 к1;55.846827;37.567276;osm-55.84683-37.56728;2024-03-07
Колбасофф;Путилково, ул. Митинская, 29;55.846855;37.357501;osm-55.84685-37.35750;2025-08-12
Шашлычная в Нахабино;Нахабино, ул. Станционная, 36;55.846872;37.190056;osm-55.84687-37.19006;2025-02-16
Shawarma Craft;3-й Нижнелихоборский пр., 15/27;55.846984;37.571994;osm-55.84698-37.57199;2026-06-17
Shemodi;Путилково, ул. Митинская, 29;55.847034;37.357281;osm-55.84703-37.35728;2025-08-12
Суши Мастер;Путилково, Пятницкое ш., 21;55.847055;37.371086;osm-55.84705-37.37109;2024-09-24
Островок;3-й Нижнелихоборский пр., 15/27;55.847047;37.572479;osm-55.84705-37.57248;2026-06-17
Бухара;Лазоревый пр., 1А к2;55.847191;37.638783;osm-55.84719-37.63878;2026-07-29
Yankis;Нахабино, ул. Станционная, 36;55.847199;37.190129;osm-55.84720-37.19013;2025-02-16
Батон-Кофетон;Локомотивный пр., 29;55.847346;37.572883;osm-55.84735-37.57288;2024-03-07
One and Double;ул. Станционная, 8Б;55.847425;37.592439;osm-55.84743-37.59244;2026-06-15
Нейборс;Лазоревый пр., 1А к1;55.847434;37.639597;osm-55.84743-37.63960;2024-11-07
Лихие;Путилково, ул. Митинская, 40;55.847598;37.359655;osm-55.84760-37.35965;2026-09-25
Ели Сацебели;Лазоревый пр., 5 к1;55.847636;37.635159;osm-55.84764-37.63516;2025-12-22
Mitte Coffee;Путилково, 3-й Митинский пер., 3;55.847719;37.349474;osm-55.84772-37.34947;2025-11-30
ChefDoner;Путилково, 3-й Митинский пер., 3;55.847749;37.349394;osm-55.84775-37.34939;2025-11-30
Everest coffee;ул. Сходненская, 50;55.847780;37.440536;osm-55.84778-37.44054;2025-05-11
Local Station;Лазоревый пр., 1А к1;55.847792;37.639705;osm-55.84779-37.63970;2024-11-07
Big City;Берёзовая аллея, 5А с6;55.848155;37.619218;osm-55.84815-37.61922;2024-02-20
Выход;Светлогорский пр., 13;55.848174;37.397897;osm-55.84817-37.39790;2026-05-01
Иду лесом;Светлогорский пр., 13 с7;55.848230;37.402155;osm-55.84823-37.40216;2026-04-30
О! Суши;ул. Сходненская, 35 к1;55.848371;37.439043;osm-55.84837-37.43904;2023-11-11
Улыбка;ул. Туристская, 6 c1;55.848447;37.423681;osm-55.84845-37.42368;2026-07-13
Берлога;Лазоревый пр., 1;55.848525;37.638846;osm-55.84853-37.63885;2024-11-03
Волковская пивоварня;Лазоревый пр., 1;55.848750;37.639567;osm-55.84875-37.63957;2024-11-03
Про Вкусно;Нахабино, ул. Красноармейская, 53А;55.848880;37.170307;osm-55.84888-37.17031;2026-09-20
Шаверма по-питерски;Алтуфьевское ш., 2 к1;55.848908;37.587553;osm-55.84891-37.58755;2024-02-23
Просто;ул. Сходненская, 52 к1;55.848935;37.440938;osm-55.84893-37.44094;2023-11-12
Маяк;бул. Яна Райниса, 7;55.849052;37.435953;osm-55.84905-37.43595;2024-05-22
Смайлик;Ногинск, ул. Леснова, 2;55.849054;38.429887;osm-55.84905-38.42989;2024-03-11
Стамбул донер;Сигнальный пр., 16 с14;55.849242;37.597512;osm-55.84924-37.59751;2024-02-23
Самарканд;Сигнальный пр., 7Б с3;55.849268;37.589097;osm-55.84927-37.58910;2024-02-24
Мир Шашлыков;бул. Яна Райниса, 13;55.849408;37.433355;osm-55.84941-37.43335;2024-05-22
Швили;Путилково, ул. Митинская, 41;55.849745;37.353489;osm-55.84974-37.35349;2026-05-03
Мясной гуру;Берёзовая аллея, 12 к2;55.849797;37.616469;osm-55.84980-37.61647;2024-02-21
Шаурма Шейх;бул. Яна Райниса, 10;55.850112;37.426254;osm-55.85011-37.42625;2024-08-17
ФриДом;ул. Сходненская, 56;55.850239;37.442813;osm-55.85024-37.44281;2024-07-10
Хмель & Солод;бул. Яна Райниса, 8;55.850284;37.427798;osm-55.85028-37.42780;2024-08-17
Тандыр самса №1;бул. Яна Райниса, 8;55.850297;37.427896;osm-55.85030-37.42790;2024-08-17
Dunkin';ул. Сходненская, 56;55.850326;37.442929;osm-55.85033-37.44293;2024-07-10
Витамин-Бар;ул. Сходненская, 56;55.850389;37.442761;osm-55.85039-37.44276;2024-07-10
Колбасофф;ул. Сходненская, 56;55.850481;37.444592;osm-55.85048-37.44459;2024-05-27
VASILCHUKÍ Chaihona №1;ул. Сходненская, 56;55.850621;37.442667;osm-55.85062-37.44267;2023-11-11
Волга-Волга;Ленинградское ш., 51;55.850810;37.467334;osm-55.85081-37.46733;2026-08-13
Чайханчик;ул. Героев Панфиловцев, 1А;55.851488;37.438290;osm-55.85149-37.43829;2025-07-24
Тандыр;Берёзовая аллея, 9 с2;55.851601;37.612841;osm-55.85160-37.61284;2024-02-21
ЭллиУнесло;Химкинский бул., 16 к1;55.851768;37.441540;osm-55.85177-37.44154;2024-08-08
Шаурма 24;Ногинск, ул. Комсомольская, 34;55.851922;38.443106;osm-55.85192-38.44311;2026-07-20
Бистро;Химкинский бул., 16 к1;55.851990;37.443563;osm-55.85199-37.44356;2026-06-24
Little Caesars;Кронштадтский бул., 47;55.852024;37.511976;osm-55.85202-37.51198;2024-08-12
Бота;ул. Флотская, 5 с3;55.852167;37.495255;osm-55.85217-37.49526;2025-08-17
Хинкальная Легенда;ул. Снежная, 13 к1;55.852204;37.645820;osm-55.85220-37.64582;2024-02-18
Pizza Heart;Путилково, ул. Митинская, 51;55.852555;37.352149;osm-55.85256-37.35215;2026-01-30
Un Caffè;ул. Олонецкая, 4;55.852829;37.621201;osm-55.85283-37.62120;2025-05-21
Аллея;Отрадный пр., 2Б;55.853155;37.607449;osm-55.85316-37.60745;2024-02-21
МосПлов;Алтуфьевское ш., 9А с2;55.853195;37.584153;osm-55.85319-37.58415;2026-05-25
Кафе;Балашиха, ул. Советская, 28А;55.853478;37.973007;osm-55.85348-37.97301;2023-10-28
Сэр Донер;ул. Героев Панфиловцев, 1;55.853607;37.437987;osm-55.85361-37.43799;2024-08-10
Мясо на углях;Ногинск, ул. Рабочая, 60;55.854604;38.430664;osm-55.85460-38.43066;2023-10-03
Алло Пицца;ул. Ляпидевского, 4 с2;55.854917;37.498746;osm-55.85492-37.49875;2023-10-27
Dachniki;Ленинградское ш., 57 к2;55.854947;37.466021;osm-55.85495-37.46602;2026-08-13
Sorry babushka;Ногинск, ул. 3-го Интернационала, 67;55.855059;38.439686;osm-55.85506-38.43969;2025-11-15
Ателье вкуса;Ногинск, ул. 3-го Интернационала, 67;55.855189;38.440229;osm-55.85519-38.44023;2025-11-15
Кофеешная;ул. Фестивальная, 4А с1;55.855271;37.484861;osm-55.85527-37.48486;2025-01-13
Грузинский дом Нана;ул. Фестивальная, 4А с1;55.855316;37.484743;osm-55.85532-37.48474;2025-01-13
Mansard;ул. Лавочкина, 7А;55.855477;37.492642;osm-55.85548-37.49264;2025-08-17
Stand Art;Ногинск, ул. Рабочая, 46А;55.855903;38.432939;osm-55.85590-38.43294;2023-10-03
Кумыс;ул. Фомичёвой, 13 к1;55.855972;37.440722;osm-55.85597-37.44072;2025-07-19
Лунная ночь;Путилково, Путилковское ш., 109Б;55.856223;37.387002;osm-55.85622-37.38700;2026-03-22
Грабли;Ярославское ш., 26 с17;55.856244;37.689990;osm-55.85624-37.68999;2025-11-10
Калитки;ул. Фестивальная, 13 к2;55.856302;37.476073;osm-55.85630-37.47607;2024-06-05
Скалка;ул. Лавочкина, 34;55.856344;37.494558;osm-55.85634-37.49456;2025-01-13
Город;Ногинск, ул. 3-го Интернационала, 53;55.856553;38.446050;osm-55.85655-38.44605;2024-02-12
Грабли;Ярославское ш., 26 с17;55.856736;37.690090;osm-55.85674-37.69009;2025-11-10
Чап-Чак;Ярославское ш., 22 к3;55.856845;37.686273;osm-55.85684-37.68627;2023-11-18
Чебуреки ГОСТ;Ногинск, ул. Рабочая, 24;55.856855;38.437628;osm-55.85686-38.43763;2023-10-03
Ролик;Ногинск, ул. Тихвинская, 2;55.857050;38.444781;osm-55.85705-38.44478;2025-05-14
Corneli Pizza;ул. Героев Панфиловцев, 7;55.857271;37.432198;osm-55.85727-37.43220;2026-09-25
Хвост Бобра;ул. Героев Панфиловцев, 7;55.857287;37.432350;osm-55.85729-37.43235;2026-09-25
Кебаб Хаус;Ногинск, Школьный туп., 4;55.857352;38.454670;osm-55.85735-38.45467;2026-08-18
Хинкали-Gали!;ул. Фестивальная, 39 к1;55.857792;37.482508;osm-55.85779-37.48251;2025-02-26
Платан;Путилково, Путилковское ш., 113А;55.858105;37.385415;osm-55.85811-37.38542;2026-03-23
Гарденс;Ленинградское ш., 106;55.859203;37.468244;osm-55.85920-37.46824;2026-07-13
Очаг Хауз;Дмитровское ш., 72;55.859419;37.557533;osm-55.85942-37.55753;2024-12-04
Эллилагер;ул. Ляпидевского, 22;55.859443;37.493374;osm-55.85944-37.49337;2024-08-12
Скала;ул. Декабристов, 43 с1;55.859790;37.619682;osm-55.85979-37.61968;2023-10-28
Виктория;ул. Свободы, 71 к3;55.859918;37.448481;osm-55.85992-37.44848;2025-12-06
Viet Ngon;ул. Смольная, 24Г с1;55.860054;37.483681;osm-55.86005-37.48368;2026-02-03
Мерлин;ул. Смольная, 24Г с1;55.860277;37.483564;osm-55.86028-37.48356;2026-02-03
Легенда;ул. Свободы, 71 к3;55.860306;37.448325;osm-55.86031-37.44832;2025-12-06
Гофер;Ильменский пр., 14 к1;55.860487;37.547193;osm-55.86049-37.54719;2025-10-05
Кофе с собой;Ильменский пр., 14 к1;55.860546;37.546964;osm-55.86055-37.54696;2026-09-26
Домашний вкус;ул. Вилиса Лациса, 28 с1;55.860930;37.409396;osm-55.86093-37.40940;2024-07-03
Домашний вкус;ул. Вилиса Лациса, 28 с1;55.861012;37.409419;osm-55.86101-37.40942;2024-07-03
Киото;Нахабино, ул. 1-я Волоколамская, 1Б;55.861134;37.163824;osm-55.86113-37.16382;2024-01-31
Кофе в цветах;Ильменский пр., 17 к3;55.861426;37.541549;osm-55.86143-37.54155;2025-05-18
Барашек;ул. Дубнинская, 19;55.861516;37.567195;osm-55.86152-37.56719;2024-02-18
Coffee No Sleep;ул. Планерная, 12 к1;55.861756;37.436751;osm-55.86176-37.43675;2024-10-06
12/1;ул. Планерная, 12 к1;55.861786;37.436716;osm-55.86179-37.43672;2023-11-14
Boho;Дмитровское ш., 85;55.862525;37.548349;osm-55.86252-37.54835;2024-07-05
Сушистор;ул. Беломорская, 16А;55.862663;37.471464;osm-55.86266-37.47146;2026-05-01
CoFFee Russ;ул. Беломорская, 16А;55.862832;37.471122;osm-55.86283-37.47112;2026-05-01
Molto Bello;ул. Беломорская, 16А;55.862841;37.471015;osm-55.86284-37.47102;2026-05-02
Con Panna;Алтуфьевское ш., 24 к1;55.862890;37.585528;osm-55.86289-37.58553;2024-11-29
Гемри&Эли;ул. Беломорская, 16А;55.862912;37.471230;osm-55.86291-37.47123;2025-05-08
Наф-Наф;ул. Дегунинская, 9 к1;55.863223;37.533759;osm-55.86322-37.53376;2026-04-16
Сахар&Сливки;Анадырский пр., 8;55.863236;37.682493;osm-55.86324-37.68249;2024-02-10
Настойкин;Ярославское ш., 61;55.864670;37.698877;osm-55.86467-37.69888;2024-07-30
One and Double;Коровинское ш., 1А;55.864700;37.545034;osm-55.86470-37.54503;2025-06-29
Шеф кебаб;Коровинское ш., 1А;55.864772;37.544902;osm-55.86477-37.54490;2025-06-29
Трапезная лавка;ул. Вилиса Лациса, вл2;55.864809;37.433891;osm-55.86481-37.43389;2024-05-16
Villa Gusto;ул. Декабристов, 15 с2;55.865407;37.602818;osm-55.86541-37.60282;2026-05-13
Ош;Ярославское ш., 114 к1;55.865848;37.707498;osm-55.86585-37.70750;2025-08-11
Буфет;ул. Ленская, 15 с7;55.865915;37.665041;osm-55.86592-37.66504;2025-09-15
Чайхана Баракат;Валдайский пр., 8;55.865926;37.467972;osm-55.86593-37.46797;2026-02-07
Orange coffee;Валдайский пр., 8;55.865928;37.468111;osm-55.86593-37.46811;2026-02-08
Прованс;Путилково, ул. Просторная, 9;55.865975;37.386839;osm-55.86597-37.38684;2024-09-07
Дача;ул. Менжинского, 6 с3;55.866391;37.682425;osm-55.86639-37.68243;2024-05-30
Легенда;ул. Петрозаводская, 22А с1;55.866616;37.494585;osm-55.86662-37.49459;2024-05-01
Ком Фо;ул. Беломорская, 40 с5;55.866644;37.482532;osm-55.86664-37.48253;2025-05-03
Com Pho;ул. Петрозаводская, 19 к1 с2;55.866646;37.490788;osm-55.86665-37.49079;2025-04-29
Виват Пицца;ул. Петрозаводская, 24Б;55.866896;37.494075;osm-55.86690-37.49408;2026-05-13
Daily Coffee;ул. Беломорская, 23;55.867165;37.483166;osm-55.86716-37.48317;2025-05-03
Тбилисоба;ул. Петрозаводская, 24А с2;55.867259;37.492843;osm-55.86726-37.49284;2026-02-24
Тандыр-самса;Лосино-Петровский, ул. Первомайская, 4;55.867557;38.207849;osm-55.86756-38.20785;2026-06-16
Пивотека 465;ул. Беломорская, 23;55.867800;37.482517;osm-55.86780-37.48252;2025-05-03
Doner Тик Топ;Путилково, Новотушинская, 2;55.867837;37.396640;osm-55.86784-37.39664;2024-06-24
Шаурмания;ул. Селигерская, 24/1 с1;55.867966;37.550815;osm-55.86797-37.55082;2026-08-02
Coffee Way;ул. Беломорская, 23;55.868014;37.482723;osm-55.86801-37.48272;2025-05-03
Амир;ул. Селигерская, 24/1 с2;55.868261;37.550358;osm-55.86826-37.55036;2026-08-02
Шаурма на районе № 1;ул. Клинская, 8 с1;55.868543;37.496942;osm-55.86854-37.49694;2024-05-07
Mint;Отрадное, ул. Лесная, 19А с1;55.868728;37.333255;osm-55.86873-37.33326;2026-09-29
Сибирь Mon Amour;Путилково, ул. Вольная, 2;55.868953;37.394216;osm-55.86895-37.39422;2026-03-22
Phobo San;ул. Лётчика Бабушкина, 26;55.869195;37.676756;osm-55.86919-37.67676;2024-07-09
Grano;Отрадное, ул. Лесная, 18А;55.869443;37.332338;osm-55.86944-37.33234;2025-04-23
Аристократ;Электрогорск, ул. Советская, 45;55.869929;38.781718;osm-55.86993-38.78172;2025-06-01
Боta;Коровинское ш., 13 к1;55.869977;37.533534;osm-55.86998-37.53353;2024-03-27
Аристократ;Электрогорск, ул. Советская, 45;55.870022;38.781643;osm-55.87002-38.78164;2025-06-01
Вертел & Мясо;Отрадное, Пятницкое ш. 7 километр, вл4A;55.870068;37.336565;osm-55.87007-37.33657;2026-05-02
Osteria Romana;Отрадное, ул. Пятницкая, 19;55.870395;37.320310;osm-55.87040-37.32031;2026-08-11
Тестория;ул. Коминтерна, 15;55.870419;37.688461;osm-55.87042-37.68846;2026-05-02
Winners;ул. Коминтерна, 15;55.870520;37.688632;osm-55.87052-37.68863;2025-06-09
Лацио Пицца;Лосино-Петровский, Петровский бул., 6А;55.870589;38.202653;osm-55.87059-38.20265;2026-06-16
Хинкальная №15;ул. Коминтерна, 15;55.870768;37.687657;osm-55.87077-37.68766;2025-06-09
Хинкальная №15;ул. Коминтерна, 15;55.870823;37.687555;osm-55.87082-37.68756;2025-10-25
Star Bar;пр. Дежнёва, 15 к1;55.870842;37.641993;osm-55.87084-37.64199;2023-12-26
СушиСтор;ул. Изумрудная, 18;55.870861;37.682664;osm-55.87086-37.68266;2025-06-13
Пеламуши;Отрадное, ул. Пятницкая, 19;55.870929;37.319764;osm-55.87093-37.31976;2026-08-11
Вкус Востока;Отрадное, ул. Пятницкая, 17А;55.871034;37.319664;osm-55.87103-37.31966;2026-08-11
Золотая Роща;ул. Бестужевых, 14 к1;55.871161;37.609933;osm-55.87116-37.60993;2024-07-19
Sushi Love;Путилково, ул. Новотушинская, 4;55.871301;37.401893;osm-55.87130-37.40189;2025-05-20
Два Зерна;ул. Коминтерна, 15;55.871544;37.689036;osm-55.87154-37.68904;2025-06-09
Колибри Кофе;Лосино-Петровский, ул. Горького, 2;55.871543;38.200492;osm-55.87154-38.20049;2026-06-16
Мархал;ул. Ангарская, 1 к2;55.871703;37.509780;osm-55.87170-37.50978;2023-12-16
Мархал;ул. Ангарская, 1 к2;55.871774;37.509692;osm-55.87177-37.50969;2023-12-16
Михалыч;Сабурово, ул. Рождественская, 4;55.871781;37.255551;osm-55.87178-37.25555;2025-10-07
Хинкальный дом;ул. Коминтерна, 15;55.871797;37.690586;osm-55.87180-37.69059;2025-06-09
Превью;Отрадное, ул. Пятницкая, 17;55.872334;37.318310;osm-55.87233-37.31831;2026-08-11
Кашкадарья;Бескудниковский бул., 57 к1;55.872523;37.538367;osm-55.87252-37.53837;2025-12-30
Пепперони;Путилково, ул. Новотушинская, 5;55.872545;37.404207;osm-55.87255-37.40421;2025-05-16
Eco Pizza;Путилково, ул. Новотушинская, 5;55.872563;37.403900;osm-55.87256-37.40390;2025-05-20
Послезавтраки;Отрадное, ул. Пятницкая, 14;55.872706;37.316924;osm-55.87271-37.31692;2026-08-11
То самое;Отрадное, ул. Пятницкая, 14;55.872812;37.316788;osm-55.87281-37.31679;2026-08-11
Зам-Зам;Ногинск, ул. Климова, 56;55.873343;38.466683;osm-55.87334-38.46668;2025-07-06
Buna pizza;Дедовск, ул. Панфилова, 37;55.873551;37.104823;osm-55.87355-37.10482;2024-09-09
Даиси;Ясный пр., 7;55.873821;37.625020;osm-55.87382-37.62502;2026-03-09
Do. Bro. Coffeе;Электрогорск, ул. Кржижановского, 12А;55.874705;38.780653;osm-55.87470-38.78065;2025-06-01
Пицца на Советской;Электрогорск, ул. Советская, 37А;55.874710;38.786233;osm-55.87471-38.78623;2025-06-01
Шаурма;Мытищи, ул. Проходчиков, 4 с2;55.874725;37.720331;osm-55.87472-37.72033;2026-06-13
Петровский дворик;Лосино-Петровский, пл. Революции, 22;55.875081;38.205471;osm-55.87508-38.20547;2023-11-03
Хинкали-Гали;ул. 800-летия Москвы, 2 к2;55.875591;37.532698;osm-55.87559-37.53270;2025-03-29
Флэшбэк-2;Ясный пр., 26 к2;55.875729;37.622100;osm-55.87573-37.62210;2026-05-24
Четыре комнаты;ул. Дыбенко, 36 к1;55.875789;37.484662;osm-55.87579-37.48466;2025-12-04
Rioba;Ленинградское ш., 71Г;55.875961;37.447820;osm-55.87596-37.44782;2024-09-16
Сахара;Путилково, МКАД, 73-й километр, 7 к1;55.875968;37.423480;osm-55.87597-37.42348;2024-03-12
Василёк;Путилково, ул. Сходненская, 13;55.876673;37.393891;osm-55.87667-37.39389;2023-12-10
Палехский дворик;Мытищи, ул. Палехская, 126;55.876704;37.712028;osm-55.87670-37.71203;2024-09-24
Пятнiца;Сабурово, ул. Южная, 9;55.877922;37.261701;osm-55.87792-37.26170;2025-06-01
Суши да роллы № 1;Сабурово, ул. Южная, 9;55.877973;37.262107;osm-55.87797-37.26211;2025-06-01
Атмосфера;Ногинск, ул. Советской Конституции, 2А;55.878057;38.461099;osm-55.87806-38.46110;2026-07-12
Знакомые лица;Дмитровское ш., 107А к4;55.878639;37.540691;osm-55.87864-37.54069;2024-03-28
Лакомка;ул. Маршала Федоренко, 3 с1;55.878775;37.493386;osm-55.87877-37.49339;2026-02-24
Ла Гатта;ул. Малыгина, 7;55.880050;37.694995;osm-55.88005-37.69499;2023-10-28
Оджахури;Путилково, ул. Молодёжная, 6;55.881157;37.419494;osm-55.88116-37.41949;2026-05-23
7/17;ул. Тайнинская, 9 к1;55.881628;37.683312;osm-55.88163-37.68331;2025-06-13
Донер Авеню;ул. Маршала Федоренко, 12;55.881845;37.488307;osm-55.88184-37.48831;2026-08-25
Банкет Холл;Лосино-Петровский, ул. Центральная, 24 с1;55.881843;38.186161;osm-55.88184-38.18616;2023-11-02
Банкет Холл;Лосино-Петровский, ул. Центральная, 24 с1;55.881933;38.186051;osm-55.88193-38.18605;2023-11-02
Jungle;ул. Тайнинская, 9;55.882244;37.682421;osm-55.88224-37.68242;2025-06-13
Шемомечама;ул. Тайнинская, 9;55.882285;37.682211;osm-55.88229-37.68221;2025-06-06
Альпака и кофе;ул. Полярная, 27 к3;55.882302;37.634697;osm-55.88230-37.63470;2024-09-12
Тайна Кофе;ул. Тайнинская, 9;55.882458;37.681444;osm-55.88246-37.68144;2025-06-13
Американ пицца;ул. Полярная, 27 к5;55.882914;37.638717;osm-55.88291-37.63872;2025-12-05
Тарра;ул. Тайнинская, 9;55.883038;37.683783;osm-55.88304-37.68378;2025-06-11
Каракум;Электрогорск, ул. Горького, 25;55.883114;38.778613;osm-55.88311-38.77861;2025-06-01
Crosby Coffee;пр. Шокальского, 45 к2;55.883126;37.653891;osm-55.88313-37.65389;2025-04-09
Burger Club;ул. Плещеева, 4 к1 с1;55.883243;37.604952;osm-55.88324-37.60495;2023-10-27
Tandoor Coffee;Электрогорск, пл. Советская, 9к1;55.883878;38.784024;osm-55.88388-38.78402;2025-06-01
Джезва;Сабурово, ул. Луговая, 1 с1;55.884432;37.260647;osm-55.88443-37.26065;2025-07-06
Глобал Бин;ул. Ленинградская, 1Д;55.884499;37.444747;osm-55.88450-37.44475;2026-08-31
Арзу;Электрогорск, ул. Будённого, 1;55.884741;38.792753;osm-55.88474-38.79275;2025-06-01
Арзу;Электрогорск, ул. Будённого, 1;55.884839;38.792749;osm-55.88484-38.79275;2025-06-01
Рюмка Кофе;ул. Плещеева, 8;55.885054;37.608918;osm-55.88505-37.60892;2025-10-29
О, еда!;Путилково, Новокуркинское ш., вл1;55.885194;37.407012;osm-55.88519-37.40701;2025-06-25
Чайхона;Снегири, ул. Живописная, 185А;55.885405;37.058196;osm-55.88540-37.05820;2023-12-19
Инь-Янь;Юбилейный просп., вл3А;55.885788;37.423147;osm-55.88579-37.42315;2024-10-12
Оливия;ул. Бусиновская Горка, 2;55.885867;37.493394;osm-55.88587-37.49339;2026-02-24
Чайхана Павлин-Мавлин;Путилково, ул. Строителей, 4А к1;55.886163;37.413893;osm-55.88616-37.41389;2023-10-28
Чайхана;ул. Лобненская, 13 к4;55.886445;37.528071;osm-55.88645-37.52807;2024-07-03
Вираж;Свердловский, ул. Центральная, 98;55.886785;38.170083;osm-55.88679-38.17008;2023-11-02
Сытый лось;ул. Широкая, 12Б;55.886828;37.660294;osm-55.88683-37.66029;2026-09-19
Донер 5.5;ул. Широкая, 14 к1;55.886910;37.661399;osm-55.88691-37.66140;2026-09-19
Чайханчик;Путилково, ул. Строителей, 4Д;55.887043;37.415172;osm-55.88704-37.41517;2024-11-12
ДК Вкус;Сабурово, ул. Северная, 42;55.887088;37.265038;osm-55.88709-37.26504;2025-07-07
Gеотория;ул. Широкая, 6;55.887216;37.649390;osm-55.88722-37.64939;2023-10-28
mimi;Путилково, ул. Воротынская, 2;55.887227;37.402932;osm-55.88723-37.40293;2026-05-14
Ноокен;ул. Ленинградская, 9А;55.887318;37.438748;osm-55.88732-37.43875;2024-09-15
Bakala;ул. Плещеева, 7;55.887382;37.611554;osm-55.88738-37.61155;2026-02-22
Помпончик;Снегири, ул. Московская, 12;55.887666;37.035583;osm-55.88767-37.03558;2024-09-08
Столовая;ул. Пришвина, 12 к2;55.887745;37.597350;osm-55.88775-37.59735;2023-10-27
Sergio Pizza;ул. Ижорская, вл8Б;55.887864;37.509553;osm-55.88786-37.50955;2025-10-15
Чебурек-блин-пончик;Снегири, ул. Московская, 18;55.887948;37.033784;osm-55.88795-37.03378;2023-12-22
Cada di Nonna;Путилково, ул. Воротынская, 13/2;55.888398;37.392880;osm-55.88840-37.39288;2026-06-07
Lido;ул. Конёнкова, 5А;55.888625;37.604214;osm-55.88862-37.60421;2024-07-19
Wаурма;Юбилейный просп., 4 с1;55.888723;37.429668;osm-55.88872-37.42967;2024-11-12
Аврора;Мытищи, ул. Стартовая, 12;55.888725;37.691859;osm-55.88873-37.69186;2024-06-15
Дуэ Пасси;Путилково, ул. Воротынская, 15;55.888840;37.391099;osm-55.88884-37.39110;2026-06-07
Хазри;ул. Клязьминская, 15;55.889142;37.526059;osm-55.88914-37.52606;2023-11-10
Ëрш;ул. Мурановская, 2;55.889355;37.597187;osm-55.88936-37.59719;2023-10-12
Леона;Путилково, ул. Воротынская, 16;55.889666;37.390215;osm-55.88967-37.39021;2026-04-12
Ла Гатта;ул. Пришвина, 3;55.889831;37.592863;osm-55.88983-37.59286;2023-10-27
Крафт Хаус;ул. Московская, 28/2;55.890314;37.444767;osm-55.89031-37.44477;2025-02-16
Mr.Musho;Алтуфьевское ш., 83;55.890450;37.585579;osm-55.89045-37.58558;2024-07-22
Мимино;ул. Илимская, 3 к1;55.890460;37.581293;osm-55.89046-37.58129;2024-07-16
Хинкальная;ул. Илимская, 1 к3;55.891217;37.569439;osm-55.89122-37.56944;2025-01-26
Лакрица;Алтуфьевское ш., 85;55.891333;37.585611;osm-55.89133-37.58561;2024-05-29
Заря;ул. Лескова, 25;55.891663;37.622627;osm-55.89166-37.62263;2024-05-28
Нильс;Истра, Школьная, 24Б;55.892668;36.795300;osm-55.89267-36.79530;2024-08-10
Как дома;Мытищи, ул. Семашко, 23 к1;55.892710;37.727801;osm-55.89271-37.72780;2025-06-08
coffee n1;Алтуфьевское ш., 87;55.892952;37.585625;osm-55.89295-37.58563;2024-05-29
Бистро 24 часа;Мытищи, ул. Веры Волошиной, 9Б;55.893195;37.723605;osm-55.89319-37.72360;2026-09-22
Кафе мама Дали;ул. Лескова, 19А;55.893790;37.617287;osm-55.89379-37.61729;2024-05-28
Ikura;Путилково, ул. Родионовская, 10 к2;55.893869;37.389948;osm-55.89387-37.38995;2026-03-07
Чайхона;ул. Маяковского, 10/16;55.894193;37.443471;osm-55.89419-37.44347;2024-03-02
Сити;ул. Энгельса, 7/15;55.894502;37.441950;osm-55.89450-37.44195;2023-12-30
Парадайс;Путилково, Нагорное ш., с8;55.894627;37.408563;osm-55.89463-37.40856;2024-08-12
Кафе-бар;ул. Лескова, 26А;55.894668;37.612896;osm-55.89467-37.61290;2025-01-24
Шаурма;ул. Лескова, 26А;55.894697;37.613015;osm-55.89470-37.61301;2025-01-23
Загородный дворик;Мытищи, ул. Веры Волошиной, 40;55.895341;37.715882;osm-55.89534-37.71588;2026-08-17
Вкусная лавка;Путилково, ул. Соловьиная Роща, 9;55.895432;37.397583;osm-55.89543-37.39758;2026-06-10
Загородный дворик;Мытищи, ул. Веры Волошиной, 40;55.895466;37.715772;osm-55.89547-37.71577;2026-08-17
Чудо-выпечка;Путилково, ул. Соловьиная Роща, 9;55.895499;37.397555;osm-55.89550-37.39755;2026-06-10
Скалка;Путилково, ул. Родионовская, 10 к1 с1;55.895567;37.391456;osm-55.89557-37.39146;2026-04-12
268к;Путилково, ул. Соловьиная Роща, 9;55.895789;37.397338;osm-55.89579-37.39734;2026-06-10
Сапфир;Мытищи, ул. Веры Волошиной, 52А;55.895951;37.712140;osm-55.89595-37.71214;2026-08-17
Сапфир;Мытищи, ул. Веры Волошиной, 52А;55.896049;37.711880;osm-55.89605-37.71188;2026-08-17
Ferz-Coffee;Долгопрудный, ул. Юннатов, 10 с2;55.896216;37.461044;osm-55.89622-37.46104;2025-07-24
Ferz-Coffee;Долгопрудный, ул. Юннатов, 10 с2;55.896252;37.461090;osm-55.89625-37.46109;2025-07-24
Прокофий;Путилково, ул. Соколово-Мещерская, 14 с3;55.896701;37.391752;osm-55.89670-37.39175;2026-06-10
Коралл;Путилково, просп. Мира, 4;55.896771;37.450342;osm-55.89677-37.45034;2026-09-02
Irishman;Путилково, ул. Соловьиная Роща, 16;55.896837;37.397666;osm-55.89684-37.39767;2026-06-10
Седьмая луза;Путилково, ул. Соколово-Мещерская, 16/114;55.897044;37.389710;osm-55.89704-37.38971;2024-08-12
Может, кофе?;Свердловский, ул. Заводская, 1А;55.897504;38.144019;osm-55.89750-38.14402;2025-09-16
16/114;Путилково, ул. Соколово-Мещерская, 16/114;55.897637;37.389556;osm-55.89764-37.38956;2026-06-16
Сытая утка;Путилково, ул. Соколово-Мещерская, 16/114;55.897726;37.391088;osm-55.89773-37.39109;2026-04-12
Алазанская долина;Шенкурский пр., 14;55.897751;37.591357;osm-55.89775-37.59136;2026-02-12
Лоза;Долгопрудный, ул. Череповецкая, 4А;55.898056;37.565993;osm-55.89806-37.56599;2025-07-06
Хоровац хаус;Путилково, Молодёжный пр., 9А;55.898127;37.402724;osm-55.89813-37.40272;2024-11-12
Особо Вкусно;Долгопрудный, ул. Совхозная, 6;55.898187;37.479267;osm-55.89819-37.47927;2025-07-11
Pulcinella;Долгопрудный, ул. Совхозная, 6;55.898337;37.479502;osm-55.89834-37.47950;2025-07-11
Тандыр самса № 1;ул. Лескова, 1А с2;55.898654;37.590365;osm-55.89865-37.59036;2024-05-29
Чайхона;Сабурово, Пятницкое ш., 5;55.899055;37.272180;osm-55.89905-37.27218;2024-06-30
Чак-Чак;просп. Мельникова, с2Д;55.899897;37.407957;osm-55.89990-37.40796;2025-01-18
Шаурма Boom Фалафель;просп. Мельникова, с2Г;55.900005;37.407435;osm-55.90001-37.40743;2025-01-18
Тифлисский дворик;просп. Мельникова, 7;55.901488;37.402341;osm-55.90149-37.40234;2026-06-03
Между Нами Булочками;Мытищи, ул. Сукромка, 5;55.902088;37.714592;osm-55.90209-37.71459;2025-04-21
Терраса;Долгопрудный, ул. Угличская, 13 с3;55.902159;37.567354;osm-55.90216-37.56735;2025-09-27
Терраса;Долгопрудный, ул. Угличская, 13 с3;55.902211;37.567168;osm-55.90221-37.56717;2025-09-27
Пить есть!;Долгопрудный, Алтуфьевское ш., 97Б;55.902549;37.586004;osm-55.90255-37.58600;2024-11-13
Пить есть!;Долгопрудный, Алтуфьевское ш., 97Б;55.902566;37.585953;osm-55.90257-37.58595;2024-11-13
Имерети;Путилково, ул. Соколово-Мещерская, 25;55.903068;37.384738;osm-55.90307-37.38474;2026-06-10
Репин;ул. Репина, 6;55.903437;37.425989;osm-55.90344-37.42599;2024-11-12
Руки вверх;ул. Родионова, 2 к1;55.903469;37.403498;osm-55.90347-37.40350;2023-11-06
Шаурма;Звёздный городок, ул. Центральная, 99Б;55.903576;38.080064;osm-55.90358-38.08006;2023-10-27
Шале Новогорск;Отрадное, ул. Заречная, 11/77;55.903661;37.357707;osm-55.90366-37.35771;2024-01-23
Художница;Отрадное, ул. Олимпийская, 15;55.903752;37.360594;osm-55.90375-37.36059;2024-01-24
Мано а Мано;Путилково, ул. Молодёжная, 59;55.903826;37.393356;osm-55.90383-37.39336;2026-06-10
Pronto;Мытищи, ул. Лётная, 38А;55.904015;37.714653;osm-55.90402-37.71465;2024-06-19
Casa Della Pizza;Истра, ул. Юбилейная, 6;55.904405;36.864928;osm-55.90440-36.86493;2023-10-20
Шаурма по-братски;ул. Репина, 2;55.905524;37.427934;osm-55.90552-37.42793;2024-09-06
Шаурма;Свердловский, ул. Центральная, 78А;55.905520;38.093332;osm-55.90552-38.09333;2023-10-27
Сванури;Свердловский, ул. Центральная, 78;55.905607;38.093956;osm-55.90561-38.09396;2023-10-27
Шашлычная;Отрадное, ул. Ивановская, 15Д;55.905641;37.335313;osm-55.90564-37.33531;2025-04-28
Помпончик;Свердловский, ул. Центральная, 76;55.905708;38.094440;osm-55.90571-38.09444;2023-10-27
Neighbours;Отрадное, ул. Ивановская, 1 к2;55.905808;37.330597;osm-55.90581-37.33060;2025-11-08
Дом учёных;ул. Рабочая, 2А к31;55.906041;37.432821;osm-55.90604-37.43282;2023-10-25
Кафе на Сосновой;Сабурово, ул. Сосновая, 3 с1;55.906222;37.255328;osm-55.90622-37.25533;2023-11-28
Зергут;Свердловский, ул. Советская, 8А;55.906223;38.107155;osm-55.90622-38.10715;2023-10-31
Бульвар;Королёв, ул. Орджоникидзе, 5В;55.906288;37.851094;osm-55.90629-37.85109;2023-10-25
Берёзка;Отрадное, ул. Ивановская, 1 к2;55.906453;37.330513;osm-55.90645-37.33051;2025-11-08
Околица;Звёздный городок, ул. Рудакова, 2Б;55.907124;38.071879;osm-55.90712-38.07188;2026-05-12
Столовая СССР;Свердловский, ул. Центральная, 25;55.907320;38.098802;osm-55.90732-38.09880;2023-10-27
7 чудес;Щёлково, ул. Заводская, 2 к4;55.907446;38.034112;osm-55.90745-38.03411;2024-09-01
Вкус Востока;Ленинградское ш., 32;55.907561;37.411822;osm-55.90756-37.41182;2023-11-21
КолдырЪ;Истра, ул. Центральная, 66;55.907798;36.927470;osm-55.90780-36.92747;2024-01-03
Ёбидоёби;Мытищи, Новомытищинский просп., 44;55.908227;37.731870;osm-55.90823-37.73187;2025-12-29
Правильное пространство;Мытищи, ул. Лётная, с21В;55.908425;37.722332;osm-55.90843-37.72233;2026-08-16
Sunset Coffewave;Щёлково, ул. Жуковского, 2В;55.908476;38.057144;osm-55.90848-38.05714;2026-05-01
Магия кофе;Отрадное, ул. Ивановская, 1С;55.908841;37.335431;osm-55.90884-37.33543;2025-11-08
Вахтанг;Отрадное, ул. Ивановская, 1С;55.908851;37.335264;osm-55.90885-37.33526;2025-11-08
Ташир пицца;Долгопрудный, Дмитровское ш., 163А к1;55.909037;37.540813;osm-55.90904-37.54081;2024-12-05
mantra;Мытищи, ул. Лётная, 21/3;55.909220;37.723315;osm-55.90922-37.72331;2026-09-25
Сушисет;Мытищи, ул. Лётная, 21;55.909434;37.723255;osm-55.90943-37.72326;2026-09-25
Ho Chu Pho;Долгопрудный, Дмитровское ш., 163А к1;55.909459;37.540652;osm-55.90946-37.54065;2024-12-05
Соседи;Мытищи, ул. Лётная, 21;55.909478;37.722394;osm-55.90948-37.72239;2026-09-25
Долина солнца;Долгопрудный, Дмитровское ш., 163А;55.909608;37.541557;osm-55.90961-37.54156;2024-12-05
Punta Prima;ул. 9 Мая, 21 к3;55.909992;37.405537;osm-55.90999-37.40554;2024-11-13
ПельменьОк;Мытищи, ул. Лётная, 21;55.910035;37.723381;osm-55.91004-37.72338;2026-08-16
Фру-фру;Мытищи, ул. Юбилейная, 24;55.910078;37.711760;osm-55.91008-37.71176;2026-09-27
Кранчи Дрим;Ленинградское ш., 1;55.910086;37.396518;osm-55.91009-37.39652;2025-01-15
Vita Juice;Ленинградское ш., 1;55.910098;37.397708;osm-55.91010-37.39771;2025-01-15
Барбошко;просп. Мельникова, 32Б;55.910177;37.392683;osm-55.91018-37.39268;2025-02-06
Барбошко;просп. Мельникова, 32Б;55.910376;37.392581;osm-55.91038-37.39258;2025-02-06
Pizza Express 24;Истра, ул. Ленина, 14;55.910489;36.860876;osm-55.91049-36.86088;2023-12-24
Udcкафе;Ленинградское ш., 1;55.910597;37.396217;osm-55.91060-37.39622;2025-01-15
Farш;Ленинградское ш., 1;55.910611;37.396443;osm-55.91061-37.39644;2025-01-15
Колос;Мытищи, ул. Лётная, с19;55.910615;37.724404;osm-55.91061-37.72440;2025-06-26
Фрикадельня;Ленинградское ш., 1;55.910642;37.396315;osm-55.91064-37.39632;2026-05-20
Воккер;Ленинградское ш., 1;55.910676;37.396469;osm-55.91068-37.39647;2025-01-15
Cheesemania;Ленинградское ш., 1;55.910707;37.396563;osm-55.91071-37.39656;2025-01-15
Ем Том Ям;Ленинградское ш., 1;55.910762;37.396784;osm-55.91076-37.39678;2025-01-15
Чача Room;Ленинградское ш., 1;55.910815;37.396899;osm-55.91081-37.39690;2025-01-15
Гости;Мытищи, Новомытищинский просп., 34к2;55.910823;37.736442;osm-55.91082-37.73644;2026-04-26
ПловБери;Ленинградское ш., 1;55.910950;37.397139;osm-55.91095-37.39714;2025-01-15
Torro Grill;Ленинградское ш., 1;55.911001;37.395435;osm-55.91100-37.39543;2025-01-18
Алёнка;Ленинградское ш., 1;55.910997;37.397243;osm-55.91100-37.39724;2025-01-05
Хлеб с маслом;Ленинградское ш., 1;55.911140;37.396246;osm-55.91114-37.39625;2025-01-18
Osteria Mario;Ленинградское ш., 1;55.911333;37.396011;osm-55.91133-37.39601;2025-01-18
Рыбная мануфактура №1;Ленинградское ш., 1;55.911393;37.396177;osm-55.91139-37.39618;2025-01-18
ДонерМаркет #1;Мытищи, ул. Шараповская, 2 к1;55.911810;37.748871;osm-55.91181-37.74887;2026-09-27
Coffee Combo;просп. Мельникова, к2;55.911913;37.396471;osm-55.91191-37.39647;2025-01-18
Misha & Teddy;ш. Ленинградское, километр 23-й, 1;55.912033;37.395243;osm-55.91203-37.39524;2025-01-18
История места;Истра, ул. Ленина, 69;55.912214;36.858716;osm-55.91221-36.85872;2025-06-14
Бургер Клаб;Щёлково, ул. Советская, 16;55.912312;37.999818;osm-55.91231-37.99982;2024-03-20
Желание;Мытищи, ул. Матросова, 15/12;55.912344;37.731771;osm-55.91234-37.73177;2025-12-29
Бургер Клаб;Щёлково, ул. Советская, 16;55.912372;37.999751;osm-55.91237-37.99975;2024-03-20
Рядом;Истра, ул. Панфилова, 6 с3;55.912403;36.824852;osm-55.91240-36.82485;2025-02-23
Рядом;Истра, ул. Панфилова, 6 с3;55.912455;36.824780;osm-55.91246-36.82478;2025-02-23
Моё кафе;Ленинградское ш., 1;55.912469;37.396260;osm-55.91247-37.39626;2025-01-18
Кофе Стрит;Истра, ул. Панфилова, 5;55.912729;36.826406;osm-55.91273-36.82641;2025-02-23
Дача;Истра, ул. Главного Конструктора В.И.Адасько, 9А;55.913045;36.860872;osm-55.91304-36.86087;2024-07-19
Привет-багет;Загорянский, ул. Пролетарская, 15/2 с1;55.913663;37.883633;osm-55.91366-37.88363;2024-01-16
Два Зерна;Мытищи, ул. Юбилейная, 6;55.914780;37.719001;osm-55.91478-37.71900;2026-06-11
у Хачика;Истра, ул. Рябкина, 4;55.915023;36.866517;osm-55.91502-36.86652;2025-11-29
Дача-Гриль;Истра, ул. Рябкина, 6;55.915056;36.866329;osm-55.91506-36.86633;2024-07-19
Шервуд;Мытищи, ул. Шараповская, 7;55.915277;37.751290;osm-55.91528-37.75129;2023-10-25
Бистро Глобус;Королёв, ул. Коммунальная, 1;55.915571;37.846673;osm-55.91557-37.84667;2023-11-20
Виктория;Королёв, ул. Богомолова, 3А;55.915882;37.811049;osm-55.91588-37.81105;2025-10-28
Девкин ручей;Долгопрудный, парк Ближняя дача, 1/1;55.915998;37.601037;osm-55.91600-37.60104;2026-09-27
Пицца-Пи;Мытищи, Шараповский пр., 2;55.916206;37.758928;osm-55.91621-37.75893;2026-09-27
Вино и хинкали;Мытищи, Шараповский пр., 2;55.916243;37.758820;osm-55.91624-37.75882;2026-09-27
Рыбная мануфактура №1;Мытищи, Шараповский пр., 2;55.916368;37.758649;osm-55.91637-37.75865;2026-09-27
Два зерна;Мытищи, ул. Борисовка, 18;55.916461;37.709904;osm-55.91646-37.70990;2026-08-16
Sister's coffee;Мытищи, Олимпийский просп., 12;55.916921;37.771269;osm-55.91692-37.77127;2025-05-29
Мята Lounge;Мытищи, ул. Мира, 26А;55.916989;37.726394;osm-55.91699-37.72639;2023-10-25
Бакинский бульвар;Мытищи, ул. Университетская, 9;55.917404;37.757462;osm-55.91740-37.75746;2024-10-23
Бакинский бульвар;Мытищи, ул. Университетская, 9;55.917593;37.757503;osm-55.91759-37.75750;2024-10-23
Зёрна;Мытищи, ул. Рождественская, 11;55.918085;37.756027;osm-55.91808-37.75603;2026-09-27
Тот самый Прохоров;Истра, ул. Первомайская, 12;55.918224;36.859069;osm-55.91822-36.85907;2024-06-17
Bella Strada;Мытищи, ул. Мира, 37;55.918296;37.721477;osm-55.91830-37.72148;2026-09-27
Pro.Хинкали;Мытищи, ул. Мира, 32/1Б;55.918903;37.723453;osm-55.91890-37.72345;2026-09-12
Pro.Хинкали;Мытищи, ул. Мира, 32/1Б;55.918958;37.723373;osm-55.91896-37.72337;2026-09-12
Оракул;Щёлково, ул. Новая Фабрика, 362;55.919274;38.012579;osm-55.91927-38.01258;2024-04-24
Арави;Истра, ул. Советская, 27;55.919445;36.864114;osm-55.91945-36.86411;2026-07-13
Арави;Истра, ул. Советская, 27;55.919481;36.863998;osm-55.91948-36.86400;2026-07-13
Два зерна;Мытищи, ул. Мира, 39;55.919548;37.719314;osm-55.91955-37.71931;2025-01-26
underground;Щёлково, 1-й Советский пер., 19;55.919710;38.003768;osm-55.91971-38.00377;2023-10-16
Дача;Истра, ул. Советская, 25;55.919834;36.862000;osm-55.91983-36.86200;2026-07-13
кофе;Щёлково, ул. Парковая, 7;55.920356;37.988516;osm-55.92036-37.98852;2023-10-16
Шаурма;Щёлково, ул. Советская, 54;55.920433;37.992648;osm-55.92043-37.99265;2023-10-16
Правильное пространство;Мытищи, ул. Мира, 41;55.920701;37.717157;osm-55.92070-37.71716;2026-08-30
Оджахури;Королёв, просп. Королёва, 6А;55.920701;37.839583;osm-55.92070-37.83958;2024-11-24
Токио-City;Мытищи, ул. Мира, с32/2;55.920963;37.719508;osm-55.92096-37.71951;2026-04-01
Чебуречная;Королёв, ул. Циолковского, 6А;55.921028;37.832270;osm-55.92103-37.83227;2025-08-07
Вкус Вьетнама;Мытищи, ул. Мира, с32/2;55.921377;37.719123;osm-55.92138-37.71912;2026-04-01
Fresk;Мытищи, ул. Мира, 49;55.921569;37.712250;osm-55.92157-37.71225;2026-08-16
Pivaldi;Мытищи, ул. 1-я Пролетарская, 6А;55.921884;37.767937;osm-55.92188-37.76794;2025-03-30
Ультрамарин;Королёв, ул. Болдырева, 3;55.921917;37.823237;osm-55.92192-37.82324;2024-10-11
Теория Парк;Долгопрудный, Долгопрудненское ш., 3А;55.922169;37.534861;osm-55.92217-37.53486;2024-11-15
Гараж;Свердловский, ул. Центральная, 30;55.922539;38.132182;osm-55.92254-38.13218;2023-10-25
Шашлык на углях;Щёлково, пл. Ленина, 10;55.923284;37.992154;osm-55.92328-37.99215;2023-10-16
Рача;Мытищи, ул. Разведчика Абеля, 3;55.923821;37.729881;osm-55.92382-37.72988;2026-08-18
Аура;Мытищи, ул. Разведчика Абеля, 3А;55.924015;37.729653;osm-55.92401-37.72965;2026-08-18
Арт-кафе Бали;Королёв, пр. Циолковского, 2;55.924009;37.830037;osm-55.92401-37.83004;2025-07-04
Шашлычная;Отрадное, Новосходненское ш., 78;55.924145;37.369750;osm-55.92415-37.36975;2024-03-12
Kioto;Истра, ул. Советская, 46;55.924265;36.879044;osm-55.92426-36.87904;2024-01-31
Чайхона;Международное ш., 3А;55.924366;37.396231;osm-55.92437-37.39623;2025-10-28
Вино и булки;Мытищи, ул. Разведчика Абеля, 5;55.924430;37.730217;osm-55.92443-37.73022;2026-08-18
IQ;Долгопрудный, ул. Первомайская, 18;55.924592;37.524663;osm-55.92459-37.52466;2023-10-25
Вешки;Долгопрудный, ул. Подсолнечная, 2А;55.924626;37.602393;osm-55.92463-37.60239;2024-06-11
Вешки;Долгопрудный, ул. Подсолнечная, 2А;55.924664;37.602379;osm-55.92466-37.60238;2024-06-11
Вкусно и сочно;Королёв, ул. Карла Маркса, 3Д;55.924693;37.820147;osm-55.92469-37.82015;2024-11-13
Чайхона;Вашутинское шоссе, д.1 с.2Б, 1 с2Б;55.924707;37.397132;osm-55.92471-37.39713;2024-11-13
Уйгур Лагман Ош Самса;Вашутинское ш., 1 с2Г;55.925474;37.397608;osm-55.92547-37.39761;2026-07-15
Пеперони;Долгопрудный, ул. Заводская, с16;55.925483;37.602668;osm-55.92548-37.60267;2026-08-28
Кафе;Свердловский, ул. Центральная, 64;55.925572;38.136414;osm-55.92557-38.13641;2023-10-25
Тесла;Королёв, ул. Сакко и Ванцетти, 34В;55.925575;37.856943;osm-55.92558-37.85694;2026-05-13
Апамдын Чайы;Вашутинское ш., 1 с2В;55.925931;37.397493;osm-55.92593-37.39749;2026-07-15
Тесто;Долгопрудный, ул. Заводская, с10;55.925944;37.605853;osm-55.92594-37.60585;2024-07-01
Вилла Подлипки;Королёв, ул. Грабина, 10;55.925940;37.816272;osm-55.92594-37.81627;2024-02-15
Тесто;Долгопрудный, ул. Заводская, с10;55.926002;37.605788;osm-55.92600-37.60579;2024-07-01
Чебуреки;Королёв, ул. Грабина, 10;55.926045;37.816307;osm-55.92605-37.81631;2023-11-20
Скорый кофе;Долгопрудный, ул. Первомайская, 3А;55.926231;37.522389;osm-55.92623-37.52239;2024-09-05
Tasty Food;Сабурово, ул. Лунная, 2А;55.926364;37.197390;osm-55.92636-37.19739;2023-10-20
Домино'c;Щёлково, ул. Талсинская, вл6Б;55.926858;37.990921;osm-55.92686-37.99092;2024-11-11
Goldfish;Королёв, ул. Грабина, 3/1;55.926870;37.815749;osm-55.92687-37.81575;2024-05-04
Фо да вьет;Мытищи, просп. Астрахова, 14;55.927256;37.730922;osm-55.92726-37.73092;2026-08-18
Риччо;Мытищи, просп. Астрахова, 10;55.927291;37.729183;osm-55.92729-37.72918;2026-08-18
Трактир Campania;Свердловский, Щёлковское шоссе, 41-й километр, вл1;55.927824;38.150269;osm-55.92782-38.15027;2026-04-16
Трактир Campania;Свердловский, Щёлковское шоссе, 41-й километр, вл1;55.927882;38.150343;osm-55.92788-38.15034;2026-04-16
Авторская шаурма;Мытищи, просп. Астрахова, 5А к4;55.928403;37.727218;osm-55.92840-37.72722;2026-09-20
Coffee Way;Долгопрудный, ул. Академика Алиханова, 4;55.928756;37.545682;osm-55.92876-37.54568;2025-11-30
36 Параллель;Долгопрудный, Дмитровское ш., 169 к6;55.928905;37.540561;osm-55.92891-37.54056;2026-01-30
Столовая КПМ;Долгопрудный, ул. Первомайская, 3;55.929016;37.521492;osm-55.92902-37.52149;2024-10-02
ЧСВ Шаурма;Долгопрудный, Дмитровское ш., 169 к1;55.929801;37.544171;osm-55.92980-37.54417;2024-01-11
Пиццерия Помидор;Королёв, ул. 2-я Институтская, 24;55.930112;37.794748;osm-55.93011-37.79475;2026-07-04
Мистер Донер;Долгопрудный, ул. Первомайская, 7А;55.930536;37.520940;osm-55.93054-37.52094;2024-01-15
Мистер Донер;Долгопрудный, ул. Первомайская, 7А;55.930563;37.520962;osm-55.93056-37.52096;2024-01-15
Барракуда;Долгопрудный, просп. Ракетостроителей, 3;55.931674;37.498852;osm-55.93167-37.49885;2023-10-25
Кампус;Долгопрудный, ул. Первомайская, 9/4;55.931762;37.520235;osm-55.93176-37.52023;2025-04-18
Маэстро;Долгопрудный, 9-я Северная линия, 19;55.932747;37.547928;osm-55.93275-37.54793;2024-12-05
Максимус;Долгопрудный, Лихачёвский просп., 68;55.933119;37.493341;osm-55.93312-37.49334;2024-05-31
Лаваш 1;Долгопрудный, Лихачёвский просп., 68;55.933365;37.493274;osm-55.93337-37.49327;2024-05-31
Амбирлэнд;Долгопрудный, Лихачёвский просп., 68;55.933947;37.493049;osm-55.93395-37.49305;2024-05-31
Do.Bro Кофе;Долгопрудный, Лихачёвский просп., 68;55.934151;37.493005;osm-55.93415-37.49300;2024-05-31
Хареба;Отрадное, ул. Дружбы, 373;55.934304;37.315528;osm-55.93430-37.31553;2024-02-27
Кофейня×2;Долгопрудный, ул. Первомайская, 17;55.935480;37.518426;osm-55.93548-37.51843;2025-04-18
Салют;Долгопрудный, просп. Ракетостроителей, 4 с6;55.935798;37.511897;osm-55.93580-37.51190;2025-03-28
Coffemirov;Долгопрудный, Лихачёвский просп., 74;55.936016;37.493071;osm-55.93602-37.49307;2024-06-07
Шашлык на Пятницком;Андреевка, Пятницкое ш., ст3;55.937158;37.178158;osm-55.93716-37.17816;2024-01-14
Райский Уголок;Королёв, ул. Тихонравова, 22;55.937339;37.835807;osm-55.93734-37.83581;2024-05-22
Городская кофейня;Королёв, ул. М.К. Тихонравова, 22А;55.937381;37.836097;osm-55.93738-37.83610;2024-05-22
Гемри&Эли;Отрадное, ул. Шоссейная, 1;55.937607;37.322426;osm-55.93761-37.32243;2024-02-27
Пивовед;Долгопрудный, Новый бул., 5;55.937623;37.507184;osm-55.93762-37.50718;2024-06-16
Вишневый сад;Королёв, ул. Тихонравова, 17А;55.937624;37.832794;osm-55.93762-37.83279;2023-10-25
Чебуреки и манты;Долгопрудный, ул. Первомайская, 50;55.937636;37.518236;osm-55.93764-37.51824;2024-06-16
Lazu Coffee;Долгопрудный, ул. Первомайская, 31;55.939052;37.516329;osm-55.93905-37.51633;2024-01-02
Europe;Долгопрудный, ул. Первомайская, 56Б;55.939548;37.517246;osm-55.93955-37.51725;2024-01-02
ESH Шаурма;Долгопрудный, Рыночная пл., 9;55.939557;37.519591;osm-55.93956-37.51959;2024-06-16
Домино;Долгопрудный, Новый бул., 6 к3;55.939711;37.503734;osm-55.93971-37.50373;2024-05-30
Араус;Сабурово, Усковский пр., 1А;55.939948;37.303733;osm-55.93995-37.30373;2024-02-20
Кофе 18+ от лавнплэй.рф;Долгопрудный, ул. Академика Лаврентьева, 21;55.941631;37.503710;osm-55.94163-37.50371;2026-04-23
Пивная остановка;Долгопрудный, Долгопрудная аллея, 14 к1;55.941762;37.529355;osm-55.94176-37.52936;2024-06-25
Скотный двор;Долгопрудный, Дмитровское ш., 169 с17;55.943043;37.531942;osm-55.94304-37.53194;2026-07-20
Инь-Янь;Сабурово, Юбилейный пр., 7 с1;55.943253;37.305129;osm-55.94325-37.30513;2026-01-26
Каспий;Загорянский, ул. Советская, 35;55.943887;37.868475;osm-55.94389-37.86847;2024-04-27
Жеглов;Отрадное, ул. Комсомольская, 15;55.944702;37.335781;osm-55.94470-37.33578;2024-03-19
Шашлычная;Сабурово, Юбилейный пр., 5 с6;55.944928;37.306515;osm-55.94493-37.30651;2023-10-03
Огонек;Долгопрудный, Международное ш., 28 с16;55.945535;37.411006;osm-55.94553-37.41101;2024-09-17
Zacadrom;Долгопрудный, ул. Парковая, 52 к1;55.947203;37.484972;osm-55.94720-37.48497;2024-06-08
Пункт выдачи кофе;Долгопрудный, ул. Парковая, 52;55.947309;37.483231;osm-55.94731-37.48323;2024-06-08
Do.Bro Coffee;Долгопрудный, ул. Парковая, 52 к1;55.947605;37.484611;osm-55.94761-37.48461;2024-06-08
Фрау Бротхен;Долгопрудный, ул. Парковая, 52;55.947673;37.483221;osm-55.94767-37.48322;2024-06-08
Руссике бани;Фрязино, ул. Полевая, 16А;55.947829;38.057857;osm-55.94783-38.05786;2023-10-05
Offside;Долгопрудный, ул. Парковая, 50;55.948323;37.483140;osm-55.94832-37.48314;2024-08-02
Брикафе;Долгопрудный, ул. Парковая, 50;55.948414;37.483165;osm-55.94841-37.48316;2024-06-08
МестоПиVо;Долгопрудный, ул. Парковая, 50;55.948434;37.483326;osm-55.94843-37.48333;2024-06-08
СВШ;Долгопрудный, ул. Парковая, 48;55.948667;37.483226;osm-55.94867-37.48323;2024-06-08
Вкусная еда;Долгопрудный, просп. Пацаева, 12;55.948795;37.499937;osm-55.94879-37.49994;2026-08-23
Tiamo;Отрадное, ул. Центральная, 6 к2;55.948880;37.330900;osm-55.94888-37.33090;2023-10-25
Шаурма;Отрадное, ул. Синявинская, 9;55.949021;37.348224;osm-55.94902-37.34822;2026-04-01
Sunday;Долгопрудный, ул. Парковая, 48;55.949362;37.483762;osm-55.94936-37.48376;2024-06-08
панорама;Фрязино, ул. Барские Пруды, 11;55.949574;38.065450;osm-55.94957-38.06545;2026-02-20
Монблан;Долгопрудный, ул. Парковая, 46 к1;55.950027;37.485899;osm-55.95003-37.48590;2024-06-08
Лама Джони;Долгопрудный, ул. Парковая, 46 к1;55.950319;37.486102;osm-55.95032-37.48610;2024-06-08
Грузинская кухня;Фрязино, ул. Барские Пруды, 2;55.952363;38.065696;osm-55.95236-38.06570;2023-10-05
Водник;Долгопрудный, ул. Парковая, 36А;55.952579;37.495075;osm-55.95258-37.49507;2025-07-20
Шаурма от Арманыча;Фрязино, просп. Мира, 5;55.953815;38.056294;osm-55.95381-38.05629;2025-12-04
Станция;Долгопрудный, ул. 1-я Станционная, 7А;55.954477;37.509856;osm-55.95448-37.50986;2025-07-20
Чебуреки/пончики;Фрязино, просп. Мира, 17;55.955379;38.058458;osm-55.95538-38.05846;2023-10-16
Моя любовь на первом этаже;Фрязино, ул. Комсомольская, 18;55.956204;38.043901;osm-55.95620-38.04390;2025-09-27
Август 13;Черкизово, ул. Центральная, 37;55.957156;37.749383;osm-55.95716-37.74938;2024-12-19
Pizza Express 24;Мытищи, Тенистый бул., 8;55.957324;37.683052;osm-55.95732-37.68305;2024-03-20
Цветы Кофе;Долгопрудный, ул. Лётчика Ивана Фёдорова, 8 к1;55.957428;37.444400;osm-55.95743-37.44440;2023-12-30
CoffeeWay;Черкизово, Тенистый бул., 19;55.957630;37.683756;osm-55.95763-37.68376;2024-03-20
Пицца #44;Долгопрудный, ул. Ангарская, 44;55.957720;37.573457;osm-55.95772-37.57346;2023-10-25
Восток;Долгопрудный, ул. Московская, 46;55.958387;37.523452;osm-55.95839-37.52345;2025-07-20
Пенотека;Мытищи, Тенистый бул., 9;55.958695;37.677534;osm-55.95869-37.67753;2024-03-20
Свежов;Фрязино, ул. Горького, 10А с2;55.958891;38.033401;osm-55.95889-38.03340;2023-10-18
Бэль Посто;Долгопрудный, Набережный пр., с1;55.959434;37.441792;osm-55.95943-37.44179;2023-12-30
Al Ponte;Долгопрудный, Набережный пр., 1 к1;55.959890;37.441376;osm-55.95989-37.44138;2025-08-31
Валентина;Мытищи, Осташковское ш., 10;55.959983;37.660145;osm-55.95998-37.66014;2024-03-20
Мореман;Долгопрудный, ул. Набережная, 22;55.961764;37.517040;osm-55.96176-37.51704;2026-05-04
АэроПаб;Лобня, Международное ш., 1А;55.963532;37.413850;osm-55.96353-37.41385;2024-03-07
Печка бар;Фрязино, ул. Вокзальная, 2В;55.963800;38.041933;osm-55.96380-38.04193;2023-10-18
Dunkin' Donuts;Лобня, Международное ш., 1А;55.963817;37.415674;osm-55.96382-37.41567;2024-03-07
Пегас;Черкизово, Осташковское ш., 22 к6;55.964588;37.671661;osm-55.96459-37.67166;2026-06-25
Good Food;Ивантеевка, ул. Трудовая, 23;55.965396;37.939682;osm-55.96540-37.93968;2024-11-09
Water House;Долгопрудный, ул. Гагарина, 2/1;55.966471;37.474356;osm-55.96647-37.47436;2026-05-01
Eezy One Pizza;Андреевка, Георгиевский просп., 37 к2;55.966906;37.151214;osm-55.96691-37.15121;2024-05-28
Уют;Андреевка, Георгиевский просп., 37к1;55.967915;37.151239;osm-55.96791-37.15124;2025-07-06
Пенка;Андреевка, Георгиевский просп., 1651;55.970990;37.161050;osm-55.97099-37.16105;2024-06-05
Штос;Андреевка, Георгиевский просп., к1650;55.971049;37.159863;osm-55.97105-37.15986;2023-12-30
Хлебников;Долгопрудный, Новое ш., 10;55.971656;37.510844;osm-55.97166-37.51084;2024-06-09
Поляна;Лобня, Новое ш., 60А;55.972562;37.456129;osm-55.97256-37.45613;2025-05-15
Маячок;Андреевка, ул. Радио, 23 с2;55.973628;37.181457;osm-55.97363-37.18146;2026-05-13
Центр плова;Андреевка, ул. Сходненская, 2/1;55.975173;37.309144;osm-55.97517-37.30914;2026-09-02
Dolce Look;Ивантеевка, Советский просп., 2А;55.975200;37.907038;osm-55.97520-37.90704;2023-10-25
Pizza Heart;Ивантеевка, ул. Первомайская, 28А;55.976297;37.905396;osm-55.97630-37.90540;2026-08-05
Вкусвилл кафе;Черкизово, ул. Крыловская, 9Б;55.977223;37.820929;osm-55.97722-37.82093;2025-05-02
Burger Club;Голубое, Парковый бул., 5;55.977337;37.097306;osm-55.97734-37.09731;2026-06-02
МО! BAR;Лобня, Шереметьевское ш., вл39 с1;55.977765;37.411584;osm-55.97776-37.41158;2025-12-24
Coffee lust;Черкизово, ул. Тургеневская, 5;55.977804;37.820299;osm-55.97780-37.82030;2025-05-02
Lavazza;Лобня, Шереметьевское ш., вл39 с1;55.977872;37.411076;osm-55.97787-37.41108;2026-01-01
The Irish Bar;Лобня, Шереметьевское ш., вл39 с1;55.978913;37.411137;osm-55.97891-37.41114;2026-01-01
Красный котёл - Кофе с собой;Андреевка, Солнечная аллея, 843;55.979250;37.180463;osm-55.97925-37.18046;2026-08-05
Столовая №2;Андреевка, Привокзальная пл., 1 с3;55.979284;37.170937;osm-55.97928-37.17094;2026-09-21
Хлеб&Соль;Лобня, Шереметьевское ш., вл39 с1;55.979304;37.410830;osm-55.97930-37.41083;2025-12-24
Самса №1;Андреевка, Привокзальная пл., 1 с2;55.979395;37.171164;osm-55.97939-37.17116;2026-09-21
Столовая №2;Андреевка, Привокзальная пл., 1 с3;55.979398;37.170893;osm-55.97940-37.17089;2026-09-21
Ava;Лобня, Шереметьевское ш., вл39 с1;55.979407;37.410672;osm-55.97941-37.41067;2025-12-29
Узбечка;Лобня, Шереметьевское ш., вл39 с1;55.979448;37.410287;osm-55.97945-37.41029;2025-12-29
Самса №1;Андреевка, Привокзальная пл., 1 с2;55.979509;37.171119;osm-55.97951-37.17112;2026-09-21
Hoegaarten;Лобня, Шереметьевское ш., вл39 с1;55.979557;37.410992;osm-55.97956-37.41099;2026-01-01
Колбасный цех;Лобня, Шереметьевское ш., вл39 с1;55.979586;37.410528;osm-55.97959-37.41053;2025-12-29
Магадан;Лобня, Шереметьевское ш., вл39 с1;55.979614;37.410640;osm-55.97961-37.41064;2025-12-29
Узбечка;Лобня, Шереметьевское ш., с37;55.979621;37.417010;osm-55.97962-37.41701;2026-09-03
Bobar;Лобня, Шереметьевское ш., с37;55.979949;37.416864;osm-55.97995-37.41686;2026-09-03
Black Star Burger;Лобня, Шереметьевское ш., с37;55.980176;37.417197;osm-55.98018-37.41720;2026-09-03
Pelmen lab;Лобня, Шереметьевское ш., с37;55.980323;37.416805;osm-55.98032-37.41680;2026-09-03
Соль хлеб;Лобня, Шереметьевское ш., с37;55.980367;37.417056;osm-55.98037-37.41706;2026-09-03
Doner house;Лобня, Шереметьевское ш., с37;55.980416;37.416760;osm-55.98042-37.41676;2026-09-03
Krušovice;Лобня, Шереметьевское ш., с37;55.980525;37.416711;osm-55.98053-37.41671;2026-09-03
РашПицца;Ивантеевка, Студенческий пр., 12;55.980930;37.909784;osm-55.98093-37.90978;2023-12-06
Талле;Андреевка, Солнечная аллея, к934;55.980943;37.186341;osm-55.98094-37.18634;2024-04-10
Shannon's;Лобня, Шереметьевское ш., с37;55.980999;37.411877;osm-55.98100-37.41188;2026-05-23
Сыроварня;Лобня, Шереметьевское ш., с37;55.981001;37.412532;osm-55.98100-37.41253;2026-05-23
Drive Cafe;Черкизово, ул. Школьная, 5Г с1;55.981138;37.794864;osm-55.98114-37.79486;2025-07-01
Аэробистро Москва;Лобня, Шереметьевское ш., с37;55.981259;37.411982;osm-55.98126-37.41198;2026-05-23
Шаурму х@чу;Андреевка, Крюковская пл., с2;55.981960;37.174476;osm-55.98196-37.17448;2024-02-08
Ruma's;Андреевка, Крюковская пл., с2;55.982125;37.174702;osm-55.98213-37.17470;2024-02-08
Bổ;Андреевка, Крюковская пл., с2;55.982138;37.174360;osm-55.98214-37.17436;2024-02-08
Хорошие руки;Андреевка, Крюковская пл., с2;55.982143;37.174828;osm-55.98214-37.17483;2025-02-10
Ruma's;Андреевка, Крюковская пл., 1;55.982643;37.175490;osm-55.98264-37.17549;2025-04-12
СушиВёсла;Андреевка, Крюковская пл., 1;55.982724;37.175277;osm-55.98272-37.17528;2025-04-12
68 Пауза;Андреевка, ул. Логвиненко, к1456;55.984634;37.160812;osm-55.98463-37.16081;2026-09-08
Арго;Долгопрудный, ул. Святотроицкая, 1В;55.984782;37.564494;osm-55.98478-37.56449;2026-07-16
Арго;Долгопрудный, ул. Святотроицкая, 1В;55.984840;37.564562;osm-55.98484-37.56456;2026-07-16
Дюшес;Георгиевский просп., 4;55.986549;37.210990;osm-55.98655-37.21099;2026-03-28
Дюшес;Георгиевский просп., 4;55.986664;37.210600;osm-55.98666-37.21060;2026-03-28
Пироговский Дворик;Черкизово, ул. Центральная, 100Б;55.989716;37.727845;osm-55.98972-37.72785;2024-06-18
Пироговский Дворик;Черкизово, ул. Центральная, 100Б;55.989756;37.727805;osm-55.98976-37.72780;2024-06-18
КЭП Kapitan;Лобня, ул. Горная, 1А;55.992833;37.333339;osm-55.99283-37.33334;2023-10-25
Кофэ;Волоколамск, ул. 50 лет Октября, 10Б;55.994093;35.936575;osm-55.99409-35.93657;2025-09-21
Пена;Пушкино, ул. Ленточка, 2;55.994905;37.827174;osm-55.99491-37.82717;2024-05-31
Пена;Пушкино, ул. Ленточка, 2;55.994914;37.827266;osm-55.99491-37.82727;2024-05-31
Ziamo;Никольский пр., 2;55.994998;37.241638;osm-55.99500-37.24164;2026-09-08
Русский лес;Панфиловский пр., к1204;55.995060;37.190177;osm-55.99506-37.19018;2024-11-14
Pizza da mamma;Лобня, Дмитровское ш., с4;55.995777;37.536777;osm-55.99578-37.53678;2024-11-03
Шаурма;Пушкино, Ярославское ш., 6;55.995882;37.867505;osm-55.99588-37.86751;2024-03-10
Жара;Пушкино, Ярославское ш., 6;55.995916;37.867019;osm-55.99592-37.86702;2024-03-10
Osco;Лобня, Дмитровское ш., с4;55.996033;37.536987;osm-55.99603-37.53699;2024-11-03
Свежов;Пушкино, Московский просп., 59;55.996600;37.862338;osm-55.99660-37.86234;2024-06-28
Стрелец;Пушкино, ул. Красноармейская, 16А;55.999296;37.848107;osm-55.99930-37.84811;2024-06-03
Шаурма;Пушкино, ул. Центральная, 2А;55.999374;37.809747;osm-55.99937-37.80975;2025-05-02
Стрелец;Пушкино, ул. Красноармейская, 16А;55.999449;37.848214;osm-55.99945-37.84821;2024-06-03
Мятный Гусь;ул. Юности, к316;55.999519;37.218501;osm-55.99952-37.21850;2026-09-08
Смоковница;ул. Юности, к316;55.999546;37.218238;osm-55.99955-37.21824;2024-05-11
Родник;Пушкино, ул. Кузнецкий Мост, 60;56.000867;37.815595;osm-56.00087-37.81560;2024-07-09
Родник;Пушкино, ул. Кузнецкий Мост, 60;56.000895;37.815754;osm-56.00089-37.81575;2024-07-09
Мелуна;Пушкино, ул. 50 лет Комсомола, 41;56.001105;37.853087;osm-56.00111-37.85309;2024-06-03
Мелуна;Пушкино, ул. 50 лет Комсомола, 41;56.001176;37.852983;osm-56.00118-37.85298;2024-06-03
Комарик;Черноголовка, ул. Центральная, 2Б;56.001475;38.382073;osm-56.00147-38.38207;2025-04-27
Комарик;Черноголовка, ул. Центральная, 2Б;56.001486;38.382173;osm-56.00149-38.38217;2025-04-27
Pivaldi;пл. Юности, 2 с1;56.002124;37.210343;osm-56.00212-37.21034;2026-01-19
Зай АТС;Лобня, ул. Окружная, 13;56.002670;37.479807;osm-56.00267-37.47981;2023-11-26
Макбургер;пр. № 5253, 1 с4;56.003076;37.232521;osm-56.00308-37.23252;2024-07-23
Свежов;Пушкино, ул. Чехова, 40;56.003755;37.844986;osm-56.00375-37.84499;2023-11-08
Свежов;Пушкино, Московский просп., 40А;56.004444;37.856867;osm-56.00444-37.85687;2024-06-28
Марфино;Лобня, ул. Дмитровская, с2;56.004698;37.541391;osm-56.00470-37.54139;2025-06-20
Вкусно-Вкусно;Пушкино, Ярославское ш., 180А;56.005684;37.874091;osm-56.00568-37.87409;2024-02-17
Кафенда;Лобня, ул. Западная, 2;56.006500;37.472125;osm-56.00650-37.47212;2024-06-24
Casa rose;Пушкино, ул. Крылова, 17;56.007394;37.845517;osm-56.00739-37.84552;2024-06-12
Casa rose;Пушкино, ул. Крылова, 17;56.007403;37.845329;osm-56.00740-37.84533;2024-06-12
Akadem;Черноголовка, ул. 1-я, 9А;56.008342;38.385386;osm-56.00834-38.38539;2024-05-30
Свежов;Пушкино, Московский просп., 21;56.009365;37.851750;osm-56.00937-37.85175;2024-06-28
Диалог;просп. Генерала Алексеева, 6;56.009881;37.199143;osm-56.00988-37.19914;2026-06-30
Jerry`s Pub;Пушкино, Московский просп., 9/2;56.010586;37.847805;osm-56.01059-37.84781;2024-03-06
Piachere;Пушкино, Московский просп., 9/2;56.010679;37.847848;osm-56.01068-37.84785;2024-03-06
Мильфей;Пушкино, Московский просп., 7А;56.011605;37.847358;osm-56.01161-37.84736;2026-01-24
Viva Roma;Пушкино, Московский просп., 7А;56.011743;37.847718;osm-56.01174-37.84772;2025-10-09
Свежов;Пушкино, ул. Тургенева, 8Б;56.012204;37.847329;osm-56.01220-37.84733;2026-09-24
Il Caffe;Лобня, ул. Ленина, 16;56.012253;37.476670;osm-56.01225-37.47667;2023-10-25
Чайхана;Пушкино, ул. Лесная, 11Б;56.012491;37.837826;osm-56.01249-37.83783;2024-05-09
Свежов;Пушкино, ул. Лесная, 16А;56.013139;37.838087;osm-56.01314-37.83809;2024-06-28
Семёнов;Черноголовка, просп. Академика Семёнова, 1;56.013388;38.387164;osm-56.01339-38.38716;2025-07-31
Березовая роща;Лобня, ул. Некрасова, 8;56.013746;37.473783;osm-56.01375-37.47378;2025-04-09
Березовая роща;Лобня, ул. Некрасова, 8;56.013861;37.473718;osm-56.01386-37.47372;2025-04-09
СССР;Лобня, ул. Чехова, 6А;56.015659;37.479834;osm-56.01566-37.47983;2024-06-23
Добро и Любовь;Пушкино, ул. Добролюбова, 32 корп 2;56.015836;37.838246;osm-56.01584-37.83825;2024-10-23
Подмосковные вечера;Пушкино, ул. Институтская, 22;56.016272;37.857020;osm-56.01627-37.85702;2024-06-05
Подмосковные вечера;Пушкино, ул. Институтская, 22;56.016478;37.857100;osm-56.01648-37.85710;2024-06-05
Восток;Лобня, Букинское ш., 37А;56.020210;37.472091;osm-56.02021-37.47209;2024-07-08
Симфония кофе;Пушкино, ул. Сретенская, 1;56.023924;37.862518;osm-56.02392-37.86252;2025-07-18
Омега;Шаховская, Рижское ш., 13;56.037321;35.493438;osm-56.03732-35.49344;2024-03-26
Омега;Шаховская, Рижское ш., 13;56.037345;35.493280;osm-56.03735-35.49328;2024-03-26
У Макса;Красноармейск, ул. Воря-Богородского Лесничества, 1;56.038231;38.197322;osm-56.03823-38.19732;2024-03-14
Гриль Хаус;Лесной, ул. Центральная, 1А;56.043841;37.977161;osm-56.04384-37.97716;2024-06-04
Пицца&Суши Лофт;Некрасовский, ул. Юности, 2;56.047992;37.547286;osm-56.04799-37.54729;2024-10-07
Clubbarin;Красноармейск, ул. Весенняя, 2;56.048331;38.223209;osm-56.04833-38.22321;2023-10-08
Формула 7;Лобня, ул. Дорожная, 57;56.053989;37.407746;osm-56.05399-37.40775;2024-05-18
picadilly pub;Некрасовский, бул. Мечта, 2;56.066724;37.381571;osm-56.06672-37.38157;2024-07-08
Кафе Очаг;Черноголовка, Фряновское ш., 1А/1;56.068478;38.281794;osm-56.06848-38.28179;2024-11-20
Кулинария;Черноголовка, Фряновское ш., 1А/1;56.068958;38.281300;osm-56.06896-38.28130;2025-06-11
Кентавр;Фряново, ул. Матроса Железняка, 5 с1;56.078405;38.505741;osm-56.07840-38.50574;2025-10-01
Помпончик;Лесной, ул. Пушкина, 8Г;56.082955;37.921732;osm-56.08295-37.92173;2024-06-03
Помпончик;Лесной, ул. Пушкина, 8Г;56.083077;37.921733;osm-56.08308-37.92173;2024-06-03
Бургер и кофе;Лесной, ул. Советская, с17;56.089379;37.932387;osm-56.08938-37.93239;2024-06-10
Империя;Красноармейск, Гранитный пр., 1;56.106319;38.141069;osm-56.10632-38.14107;2024-04-03
Империя;Красноармейск, Гранитный пр., 1;56.106367;38.141116;osm-56.10637-38.14112;2024-04-03
Лазурный;Фряново, ул. Механизаторов, 16;56.123906;38.436487;osm-56.12391-38.43649;2024-04-10
Кривцовский дворик;Солнечногорск, ул. Малиновая, 16;56.143323;36.893373;osm-56.14332-36.89337;2026-01-11
Pinery;Солнечногорск, ул. Малиновая, 77;56.144029;36.895581;osm-56.14403-36.89558;2026-01-11
Пончики из детства;Некрасовский, ул. Центральная, 40 с1;56.148700;37.490787;osm-56.14870-37.49079;2024-11-26
Помпончик;Некрасовский, ул. Центральная, 16А с1;56.153086;37.487685;osm-56.15309-37.48768;2025-07-26
Помпончик;Некрасовский, ул. Центральная, 16А с1;56.153154;37.487786;osm-56.15315-37.48779;2025-07-26
Wow pizza;Солнечногорск, ул. Красная, 22А;56.175022;36.999249;osm-56.17502-36.99925;2025-09-26
Кулинария № 1;Солнечногорск, ул. Красная, 22А;56.175094;36.999255;osm-56.17509-36.99925;2024-10-05
Шафран;Солнечногорск, ул. Красная, 7;56.176065;36.995204;osm-56.17607-36.99520;2026-03-12
Каре-Бургер;Солнечногорск, ул. Молодёжная, 2Б;56.177082;37.000130;osm-56.17708-37.00013;2024-11-06
Рок-бар Коммуналка;Солнечногорск, ул. Лесная, 1/17;56.181015;36.977922;osm-56.18102-36.97792;2024-07-15
Папоротник;Солнечногорск, ул. Ухова, 35;56.182557;37.005562;osm-56.18256-37.00556;2023-11-01
Элит;Солнечногорск, ул. Лесная, 5;56.182570;36.982407;osm-56.18257-36.98241;2026-03-20
Элит;Солнечногорск, ул. Лесная, 5;56.182628;36.982329;osm-56.18263-36.98233;2026-03-20
Русская кухня;Солнечногорск, ул. Почтовая, 21;56.183689;36.978496;osm-56.18369-36.97850;2024-03-30
Пицца Манэ;Солнечногорск, ул. Обуховская, 1А;56.183988;36.969403;osm-56.18399-36.96940;2024-05-04
Пончики;Солнечногорск, ул. Обуховская, 1А;56.184037;36.969347;osm-56.18404-36.96935;2024-05-04
Мокко;Солнечногорск, ул. 1-я Урицкая, 11А;56.184063;36.970703;osm-56.18406-36.97070;2025-04-17
Кофейня;Солнечногорск, ул. Обуховская, 1А;56.184068;36.969312;osm-56.18407-36.96931;2024-05-04
Амбра;Солнечногорск, ул. 1-я Урицкая, 11А;56.184433;36.970262;osm-56.18443-36.97026;2026-04-29
Ласточка;Солнечногорск, ул. 1-я Урицкая, 11А;56.184647;36.969885;osm-56.18465-36.96988;2025-03-26
Чайхана Азия;Солнечногорск, ул. Советская, 8/1;56.184691;36.975991;osm-56.18469-36.97599;2026-08-03
Клуб Аура;Солнечногорск, ул. Советская, 5/15;56.184765;36.975859;osm-56.18476-36.97586;2026-08-03
Моккао;Солнечногорск, ул. Советская, 5/15;56.185150;36.975565;osm-56.18515-36.97557;2026-09-19
Pine;Солнечногорск, ул. Почтовая, 9/2;56.185589;36.977079;osm-56.18559-36.97708;2024-06-20
Русский лес;Солнечногорск, ул. Красная, 86;56.187967;36.978176;osm-56.18797-36.97818;2026-08-09
Кафе Бистро;Солнечногорск, ул. Дзержинского, 18;56.188048;36.982670;osm-56.18805-36.98267;2026-08-05
Камчатка;Солнечногорск, ул. Красная, 86;56.188064;36.978524;osm-56.18806-36.97852;2026-08-09
История;Солнечногорск, ул. Банковская, 15;56.188171;36.979654;osm-56.18817-36.97965;2025-10-03
Кунжут;Солнечногорск, ул. Дзержинского, 18;56.188277;36.982313;osm-56.18828-36.98231;2026-08-05
Дом Теста;Солнечногорск, ул. Красная, 126А;56.190400;36.974432;osm-56.19040-36.97443;2025-10-21
Дом Теста;Солнечногорск, ул. Красная, 126А;56.190500;36.974500;osm-56.19050-36.97450;2025-10-21
Crema Coffee;Солнечногорск, ул. Крупской, 1;56.191276;36.975731;osm-56.19128-36.97573;2024-01-14
Каре Бургер;Солнечногорск, ул. Безверхова, 17;56.193591;36.982840;osm-56.19359-36.98284;2024-04-15
Каре Бургер;Солнечногорск, ул. Безверхова, 17;56.193658;36.982811;osm-56.19366-36.98281;2024-04-15
Шервуд;Солнечногорск, ул. Красная, 163А;56.199958;36.956703;osm-56.19996-36.95670;2023-10-14
Шервуд;Солнечногорск, ул. Красная, 163А;56.200129;36.956616;osm-56.20013-36.95662;2023-10-14
Вечный зов;Солнечногорск, ул. Центральная, 3;56.200261;37.037262;osm-56.20026-37.03726;2026-02-01
Абрамцево;Хотьково, ул. Музейная, 2;56.232828;37.967931;osm-56.23283-37.96793;2023-10-21
Кафе халяль;Хотьково, Художественный пр., 6В с2;56.239017;37.991918;osm-56.23902-37.99192;2026-08-05
Причал;Хотьково, ул. Советская, 37;56.244099;37.982715;osm-56.24410-37.98271;2024-04-02
Причал;Хотьково, ул. Советская, 37;56.244095;37.982853;osm-56.24410-37.98285;2024-04-02
Монастырская лавка;Хотьково, ул. Кооперативная, 17;56.250391;37.994872;osm-56.25039-37.99487;2024-09-25
Хорошо;Хотьково, ул. Ленина, 1;56.250842;37.973557;osm-56.25084-37.97356;2026-09-28
Хорошо;Хотьково, ул. Ленина, 1;56.250904;37.973563;osm-56.25090-37.97356;2026-09-28
Кофе с тобой;Хотьково, ул. Майолик, 19В;56.253335;37.977569;osm-56.25333-37.97757;2024-07-11
Чайхана;Хотьково, ул. Станционная, 1;56.255345;37.995023;osm-56.25534-37.99502;2026-05-14
Монблан;Яхрома, ул. Троицкая, 1;56.275627;37.478650;osm-56.27563-37.47865;2023-10-19
Монблан;Яхрома, ул. Троицкая, 1;56.275729;37.478716;osm-56.27573-37.47872;2023-10-19
Уличное кафе;Яхрома, ул. Троицкая, 1;56.276857;37.479150;osm-56.27686-37.47915;2023-10-19
МузБар;Сергиев Посад, просп. Красной Армии, 2Б;56.292957;38.128150;osm-56.29296-38.12815;2026-09-27
Bierhof;Сергиев Посад, Хотьковский пр., 13;56.294906;38.119346;osm-56.29491-38.11935;2023-10-25
Шашлык Хаус;Сергиев Посад, ул. Вифанская, 136А;56.302128;38.161869;osm-56.30213-38.16187;2024-09-24
Буфет;Сергиев Посад, ул. Кооперативная, 2;56.302148;38.136626;osm-56.30215-38.13663;2025-09-01
Трапезная храма;Сергиев Посад, просп. Красной Армии, 90;56.303635;38.130577;osm-56.30363-38.13058;2025-07-21
Кафе будущего;Сергиев Посад, ул. 1-я Рыбная, 19;56.304756;38.137343;osm-56.30476-38.13734;2024-07-31
Свои;Сергиев Посад, ул. 1-я Рыбная, 9/26;56.304834;38.133915;osm-56.30483-38.13392;2026-03-27
Келарская Набережная;Сергиев Посад, просп. Красной Армии, 123;56.305482;38.130152;osm-56.30548-38.13015;2026-09-17
Govyadin;Сергиев Посад, ул. 1-я Рыбная, 3Б;56.305510;38.132228;osm-56.30551-38.13223;2025-09-09
Келарская набережная;Сергиев Посад, просп. Красной Армии, 125;56.305568;38.130028;osm-56.30557-38.13003;2026-09-17
Келарская набережная;Сергиев Посад, просп. Красной Армии, 125;56.305675;38.130003;osm-56.30568-38.13000;2026-09-17
Ахтамар;Сергиев Посад, ул. Вознесенская, 5;56.309001;38.135223;osm-56.30900-38.13522;2024-06-06
Гостевая изба;Сергиев Посад, просп. Красной Армии, 133Б;56.312314;38.132949;osm-56.31231-38.13295;2026-04-18
КУЛЁК CAFE;Сергиев Посад, ул. 1-й Ударной Армии, 12;56.316888;38.133092;osm-56.31689-38.13309;2026-07-20
Кинг Авто;Клин, ул. Чайковского, 91 с1;56.322113;36.760812;osm-56.32211-36.76081;2025-07-22
Место встречи;Сергиев Посад, просп. Красной Армии, 203В;56.322792;38.143999;osm-56.32279-38.14400;2025-07-30
Sergio Pizza;Сергиев Посад, ул. Инженерная, 19А;56.323445;38.141419;osm-56.32344-38.14142;2024-06-12
Хинкальная;Клин, ул. Чайковского, 87;56.323786;36.757734;osm-56.32379-36.75773;2025-03-22
Лагманная;Сергиев Посад, ул. Инженерная, 10;56.324703;38.139919;osm-56.32470-38.13992;2026-07-06
Лагманная;Сергиев Посад, ул. Инженерная, 10;56.324839;38.139958;osm-56.32484-38.13996;2026-07-06
Красный котёл - кофе с собой;Клин, Спортивная, 21/33;56.331098;36.728559;osm-56.33110-36.72856;2026-08-05
Раняя пташка;Клин, ул. Первомайская, 2;56.332897;36.729100;osm-56.33290-36.72910;2026-09-20
РоллБери;Клин, Советская пл., 11/1;56.333717;36.733722;osm-56.33372-36.73372;2024-01-31
Питпорт;Клин, Советская пл., 5;56.333780;36.733856;osm-56.33378-36.73386;2024-01-31
Старый Дукан;Дмитров, ул. Школьная, 3;56.339147;37.515997;osm-56.33915-37.51600;2026-09-08
Вишневый сад;Дмитров, ул. Кропоткинская, 75А;56.342597;37.521615;osm-56.34260-37.52161;2025-03-18
Rocky Coffee;Дмитров, ул. Кропоткинская, 79;56.343195;37.521841;osm-56.34320-37.52184;2025-04-19
Талисман;Дмитров, ул. Кропоткинская, 75;56.343676;37.522477;osm-56.34368-37.52248;2025-02-28
Питпорт;Дмитров, ул. Профессиональная, 34;56.357432;37.528905;osm-56.35743-37.52891;2024-01-31
Астори;Дмитров, ул. Профессиональная, 98;56.358387;37.525741;osm-56.35839-37.52574;2024-07-10
Астори;Дмитров, ул. Профессиональная, 98;56.358507;37.525762;osm-56.35851-37.52576;2024-07-10
Камилла;Клин, ул. Маяковского, 16\21;56.366630;36.688830;osm-56.36663-36.68883;2026-09-26
Кофейня;Дмитров, ул. Спасская, 1А;56.370925;37.532778;osm-56.37092-37.53278;2024-08-10
Fresh pizza peresvet;Пересвет, ул. Мира, 2А;56.415997;38.170073;osm-56.41600-38.17007;2026-02-07
Арена;Пересвет, ул. Пионерская, 12;56.418041;38.166263;osm-56.41804-38.16626;2024-06-18
Зодиак;Запрудня, ул. Советская, 169;56.558721;37.440723;osm-56.55872-37.44072;2025-04-16
Latchi;Запрудня, ул. Первомайская, 6А;56.561006;37.428703;osm-56.56101-37.42870;2026-10-01
Шаурма;Запрудня, ул. Первомайская, 4Б;56.561545;37.431786;osm-56.56155-37.43179;2026-10-02
Шаурма;Запрудня, ул. Первомайская, 4Б;56.561576;37.431817;osm-56.56158-37.43182;2026-10-02
СушиСет;Запрудня, ул. Первомайская, 4Б;56.561698;37.431938;osm-56.56170-37.43194;2026-10-02
Чайниковъ;Дубна, ул. Попова, 10 с2;56.730674;37.153587;osm-56.73067-37.15359;2024-03-30
Кофе с собой;Талдом, ул. Калязинская, 49;56.732433;37.528311;osm-56.73243-37.52831;2026-09-27
Кофе с собой;Талдом, ул. Калязинская, 49;56.732461;37.528316;osm-56.73246-37.52832;2026-09-27
Палки-скалки;Дубна, ул. Вернова, 7;56.734998;37.163042;osm-56.73500-37.16304;2025-10-06
Десертони;Дубна, просп. Боголюбова, 19А;56.735390;37.159498;osm-56.73539-37.15950;2026-08-16
Радуга вкуса;Дубна, просп. Боголюбова, 18;56.737735;37.165370;osm-56.73774-37.16537;2026-09-28
Нейтрино;Дубна, просп. Боголюбова, 15;56.737736;37.166470;osm-56.73774-37.16647;2025-06-13
Радуга вкуса;Дубна, просп. Боголюбова, 18;56.737759;37.165393;osm-56.73776-37.16539;2026-09-28
Время кофе;Дубна, просп. Боголюбова, 18;56.737797;37.165524;osm-56.73780-37.16552;2024-12-29
Байхор;Дубна, просп. Боголюбова, 18;56.738077;37.165153;osm-56.73808-37.16515;2026-09-27
La bicicleta;Дубна, просп. Боголюбова, 14;56.739316;37.168458;osm-56.73932-37.16846;2026-08-17
Сушисет;Дубна, просп. Боголюбова, 12;56.739646;37.170196;osm-56.73965-37.17020;2026-09-28
Енот;Дубна, просп. Боголюбова, 5;56.740417;37.174018;osm-56.74042-37.17402;2026-09-29
Енот;Дубна, просп. Боголюбова, 5;56.740480;37.174035;osm-56.74048-37.17404;2026-09-29
Шарлотка;Дубна, ул. Понтекорво, 7;56.741284;37.169835;osm-56.74128-37.16983;2026-02-11
Восточка;Дубна, ул. Дачная, 2Б;56.742926;37.177639;osm-56.74293-37.17764;2025-09-16
Тесто;Дубна, ул. Дачная, 1 с3;56.743237;37.178995;osm-56.74324-37.17900;2026-09-09
Кружка;Дубна, ул. Жолио-Кюри, 17А;56.744290;37.193643;osm-56.74429-37.19364;2024-02-19
Барион;Дубна, ул. Московская, 2;56.744327;37.174244;osm-56.74433-37.17424;2026-09-06
Менделеев Клаб;Дубна, ул. Парковая, 1;56.744949;37.237753;osm-56.74495-37.23775;2025-10-08
Крапива;Дубна, ул. Мещерякова, 11;56.749110;37.192911;osm-56.74911-37.19291;2026-02-18
Тимур;Санкт-Петербург, ул. Чудская, 20 с1;59.608282;30.346547;osm-59.60828-30.34655;2025-10-10
Мигом;Санкт-Петербург, ул. Чудская, 20 с1;59.608388;30.345606;osm-59.60839-30.34561;2025-12-12
Шаверма;Санкт-Петербург, ул. Вишнёвая, 2Г;59.614867;30.364958;osm-59.61487-30.36496;2024-11-11
Вкус востока;Санкт-Петербург, ул. Вишнёвая, 3c4;59.615215;30.364566;osm-59.61521-30.36457;2025-12-12
Вкус востока;Санкт-Петербург, ул. Вишнёвая, 3c4;59.615223;30.364498;osm-59.61522-30.36450;2025-12-12
Столовая;Санкт-Петербург, ул. Строителей, 4;59.616569;30.374597;osm-59.61657-30.37460;2025-04-21
Рис;Санкт-Петербург, ул. Садовая, 5;59.619945;30.392407;osm-59.61995-30.39241;2025-04-22
Папа на кухне;Санкт-Петербург, ул. Ленинградская, 4;59.621141;30.390683;osm-59.62114-30.39068;2026-08-02
Самарский пивовар;Санкт-Петербург, ул. Ленинградская, 7;59.621245;30.390584;osm-59.62125-30.39058;2026-08-02
Шаверма;Санкт-Петербург, ул. Фабричная, 9;59.621803;30.395505;osm-59.62180-30.39550;2025-04-20
Бочонок;Санкт-Петербург, Ленинградское ш., 25Е;59.626381;30.393004;osm-59.62638-30.39300;2025-04-21
У Демидова;Санкт-Петербург, ул. Юного Ленинца, 34Б;59.665014;30.114913;osm-59.66501-30.11491;2025-05-16
Учкудук;Санкт-Петербург, ул. Шоссейная, 6;59.665430;30.532562;osm-59.66543-30.53256;2026-09-21
Учкудук;Санкт-Петербург, ул. Шоссейная, 6;59.665600;30.532431;osm-59.66560-30.53243;2026-09-21
Уно Берёзка;Санкт-Петербург, ул. Центральная, 35 к2;59.677852;30.502585;osm-59.67785-30.50258;2025-05-13
Бип;Санкт-Петербург, ул. Мариинская, 4;59.680810;30.443594;osm-59.68081-30.44359;2025-04-28
Piano pizza;Санкт-Петербург, ул. Конюшенная, 35/2;59.682308;30.435840;osm-59.68231-30.43584;2026-07-11
Крокодил моей души;Санкт-Петербург, Песчаный пер., 9;59.684196;30.442106;osm-59.68420-30.44211;2026-01-10
Бабушкины пироги;Санкт-Петербург, ул. Красного Курсанта, 2;59.685264;30.460002;osm-59.68526-30.46000;2024-05-26
Грушенька;Санкт-Петербург, ул. Конюшенная, 1;59.686462;30.443483;osm-59.68646-30.44348;2026-08-01
Северное;Санкт-Петербург, ул. Садовая, 20ВД;59.686516;30.453782;osm-59.68652-30.45378;2024-03-01
Молочня;Санкт-Петербург, ул. Садовая, 20 литВ;59.687308;30.458954;osm-59.68731-30.45895;2023-10-15
BeSweet;Санкт-Петербург, ул. Анциферовская, 9 литВ;59.688910;30.408089;osm-59.68891-30.40809;2025-10-23
TrainCoffee;Санкт-Петербург, Привокзальная пл., 1;59.693196;30.432833;osm-59.69320-30.43283;2025-04-26
Silvio;Санкт-Петербург, ул. Архитектора Данини, 5;59.695333;30.417881;osm-59.69533-30.41788;2025-06-03
Подворье;Санкт-Петербург, Фильтровское ш., 16;59.696311;30.438346;osm-59.69631-30.43835;2026-05-09
Ежевика;Санкт-Петербург, ул. Архитектора Данини, 11/6;59.696411;30.413572;osm-59.69641-30.41357;2023-10-15
Крокодил моей души;Санкт-Петербург, ул. Архитектора Данини, 5;59.696457;30.419655;osm-59.69646-30.41965;2026-01-10
Фергана;Санкт-Петербург, ул. Гусарская, 9 к2;59.702916;30.393873;osm-59.70292-30.39387;2024-11-03
Drive Cafe;Санкт-Петербург, Красносельское ш., 64;59.703120;30.358728;osm-59.70312-30.35873;2025-04-01
От винта;Санкт-Петербург, Красносельское ш., 23А;59.703559;30.370975;osm-59.70356-30.37098;2024-06-30
Бирвайн;Санкт-Петербург, Красносельское ш., 23;59.704074;30.371518;osm-59.70407-30.37152;2025-04-01
Ям;Санкт-Петербург, ул. Ленинградская, 1;59.705401;30.575329;osm-59.70540-30.57533;2025-11-21
Ям;Санкт-Петербург, ул. Ленинградская, 1;59.705443;30.575416;osm-59.70544-30.57542;2025-11-21
Моя Грушенька;Санкт-Петербург, ул. Гусарская, 4 литЩ;59.705497;30.387556;osm-59.70550-30.38756;2025-10-30
Кухня 91;Санкт-Петербург, ул. Гусарская, 4Ц;59.705860;30.390420;osm-59.70586-30.39042;2024-09-06
Хлебная Усадьба;Санкт-Петербург, Павловское ш., 25;59.706177;30.416322;osm-59.70618-30.41632;2025-07-05
СушиВо;Санкт-Петербург, ул. Гусарская, 4 литТ;59.706255;30.390726;osm-59.70625-30.39073;2023-12-19
Донер Хаус & Шаверма;Санкт-Петербург, ул. Гусарская, 4 к3;59.706404;30.388921;osm-59.70640-30.38892;2024-11-04
HotCoffeeDog;Санкт-Петербург, ул. Гусарская, 4 с;59.706466;30.390536;osm-59.70647-30.39054;2024-06-29
Байский;Санкт-Петербург, ул. Гусарская, 4;59.707213;30.390229;osm-59.70721-30.39023;2025-04-19
Софийская усадьба;Санкт-Петербург, Фуражный пер., 4/8;59.707600;30.380470;osm-59.70760-30.38047;2025-03-30
Хуторок;Санкт-Петербург, ул. Радищева, 16;59.708244;30.408878;osm-59.70824-30.40888;2025-08-30
Грушенька;Санкт-Петербург, ул. Красной Звезды, 24;59.708320;30.405481;osm-59.70832-30.40548;2025-08-30
Шаурма;Санкт-Петербург, ул. Красной Звезды, 17/9;59.708963;30.407839;osm-59.70896-30.40784;2025-04-04
Смайл;Санкт-Петербург, ул. Красной Звезды, 2/7;59.709554;30.412996;osm-59.70955-30.41300;2024-11-09
26;Санкт-Петербург, ул. Парковая, 26/2;59.710474;30.402682;osm-59.71047-30.40268;2024-12-17
Эрмитажная кухня;Санкт-Петербург, Екатерининский парк, лит Е;59.714624;30.404524;osm-59.71462-30.40452;2026-04-23
Кофе для прогулок;Санкт-Петербург, ул. Средняя, 44/8;59.714875;30.411272;osm-59.71487-30.41127;2025-04-19
Столовая;Санкт-Петербург, ул. Конюшенная, 9/38;59.715701;30.408663;osm-59.71570-30.40866;2025-08-26
Борщ;Санкт-Петербург, ул. Оранжерейная, 1;59.715760;30.404125;osm-59.71576-30.40413;2024-10-05
Погребок Флинта;Санкт-Петербург, ул. Оранжерейная, 12;59.717247;30.405227;osm-59.71725-30.40523;2025-02-18
Наша кофейня;Санкт-Петербург, Лицейский пер., 1/4;59.717387;30.397736;osm-59.71739-30.39774;2024-05-10
Ачарули;Санкт-Петербург, ул. Малая, 27/12;59.717585;30.405780;osm-59.71758-30.40578;2025-06-03
Одесса;Санкт-Петербург, Лицейский пер., 7;59.717754;30.399239;osm-59.71775-30.39924;2024-03-08
Vodka;Санкт-Петербург, Лицейский пер., 7;59.717840;30.399323;osm-59.71784-30.39932;2023-10-15
Моя Грушенька;Санкт-Петербург, ул. Оранжерейная, 14/50;59.717904;30.405823;osm-59.71790-30.40582;2025-10-30
Ясуми;Санкт-Петербург, ул. Красногородская, 17 к1 литБ;59.717992;30.076089;osm-59.71799-30.07609;2024-09-15
Wake up!;Санкт-Петербург, ул. Оранжерейная, 13/52;59.718097;30.406983;osm-59.71810-30.40698;2023-10-15
Бухара;Санкт-Петербург, ул. Красногородская, 17 к1 литА;59.718137;30.076154;osm-59.71814-30.07615;2024-09-15
Бухара;Санкт-Петербург, ул. Красногородская, 17 к1 литБ;59.718171;30.076342;osm-59.71817-30.07634;2024-09-15
Крым;Санкт-Петербург, ул. Красногородская, 17 к1 литА;59.718215;30.075219;osm-59.71822-30.07522;2024-09-15
Smile;Санкт-Петербург, ул. Московская, 32/17;59.718246;30.411795;osm-59.71825-30.41180;2023-10-15
Склад 22;Санкт-Петербург, ул. Московская, 22;59.718834;30.409565;osm-59.71883-30.40957;2024-02-16
PanAsiaDa;Санкт-Петербург, ул. Московская, 25;59.719166;30.405535;osm-59.71917-30.40554;2024-06-04
Коржов;Санкт-Петербург, ул. Московская, 25;59.719325;30.405717;osm-59.71932-30.40572;2024-04-25
Коржов;Санкт-Петербург, ул. Московская, 25;59.719374;30.405736;osm-59.71937-30.40574;2024-04-25
Keb House & Good Coffee;Санкт-Петербург, ул. Оранжерейная, 23 литБ;59.719632;30.409052;osm-59.71963-30.40905;2026-03-07
Музей для друзей;Санкт-Петербург, ул. Леонтьевская, 18;59.719646;30.403220;osm-59.71965-30.40322;2024-12-07
Музей для друзей;Санкт-Петербург, ул. Леонтьевская, 18;59.719745;30.403273;osm-59.71975-30.40327;2024-12-07
Трапезная;Санкт-Петербург, Соборная пл., 1;59.720556;30.406909;osm-59.72056-30.40691;2025-01-02
Царь;Санкт-Петербург, Софийский бул., 32;59.720889;30.424938;osm-59.72089-30.42494;2025-09-28
Мангал;Санкт-Петербург, ул. Широкая, 1А;59.721225;30.420763;osm-59.72122-30.42076;2024-10-07
Сербия;Санкт-Петербург, ул. Широкая, 1/36;59.721498;30.419899;osm-59.72150-30.41990;2024-01-20
Калинка;Санкт-Петербург, ул. Леонтьевская, 30;59.721549;30.405106;osm-59.72155-30.40511;2024-01-29
Мечта;Санкт-Петербург, ул. Конюшенная, 38/37;59.721781;30.415196;osm-59.72178-30.41520;2024-12-04
Bona;Санкт-Петербург, Октябрьский бул., 35;59.722742;30.413037;osm-59.72274-30.41304;2025-10-07
Флора;Санкт-Петербург, ул. Широкая, 26;59.722760;30.426217;osm-59.72276-30.42622;2025-09-24
Coffee Moose;Санкт-Петербург, ул. Восстановления, 14 с2;59.723400;30.084881;osm-59.72340-30.08488;2025-01-09
Кафе-Шаварма;Санкт-Петербург, ул. Восстановления, 14 с2;59.723422;30.085739;osm-59.72342-30.08574;2024-09-02
Борщ;Санкт-Петербург, ул. Ленинградская, 1;59.723855;30.427475;osm-59.72386-30.42748;2023-10-15
LaLaKi;Санкт-Петербург, Октябрьский бул., 7/11;59.724070;30.408764;osm-59.72407-30.40876;2026-03-08
Паста и Пури;Санкт-Петербург, Колпинское ш., 35А;59.725152;30.446706;osm-59.72515-30.44671;2025-01-26
Восточная кухня;Санкт-Петербург, просп. Ленина, 103;59.725564;30.079444;osm-59.72556-30.07944;2024-05-04
Челентано;Санкт-Петербург, Октябрьский бул., 5А;59.725952;30.403113;osm-59.72595-30.40311;2024-10-03
Wake up!;Санкт-Петербург, ул. Оранжерейная, 58;59.726737;30.417894;osm-59.72674-30.41789;2025-07-05
Вкусно Просто;Санкт-Петербург, ул. Восстановления, 66 к1;59.727171;30.066149;osm-59.72717-30.06615;2024-02-12
Вкусно Просто;Санкт-Петербург, ул. Восстановления, 66 к1;59.727264;30.066148;osm-59.72726-30.06615;2024-02-12
Кебаб;Санкт-Петербург, ул. Ленинградская, 35;59.727353;30.416567;osm-59.72735-30.41657;2024-02-06
Мафия;Санкт-Петербург, ул. Парковая, 6 к4;59.727531;30.621085;osm-59.72753-30.62109;2025-12-26
Дастархан;Санкт-Петербург, Ленинградское ш., 2А;59.728801;30.355022;osm-59.72880-30.35502;2024-12-28
Мухли;Санкт-Петербург, Ленинградское ш., 2А;59.728805;30.355112;osm-59.72881-30.35511;2025-01-07
Хлебная усадьба;Санкт-Петербург, ул. Ленинградская, 57;59.729090;30.411109;osm-59.72909-30.41111;2026-07-04
Coffekate;Санкт-Петербург, ул. Свободы, 48;59.730040;30.062959;osm-59.73004-30.06296;2026-09-21
Утёсов;Санкт-Петербург, ул. Онежская, 1;59.731649;30.617958;osm-59.73165-30.61796;2026-06-03
Камелот;Санкт-Петербург, Заводской просп., 40 к4;59.732394;30.582371;osm-59.73239-30.58237;2024-09-05
Сушиселл;Санкт-Петербург, ул. Веры Слуцкой, 89;59.732664;30.577238;osm-59.73266-30.57724;2025-06-05
Вкусный шашлык;Санкт-Петербург, Петербургское ш., 1;59.733193;30.395695;osm-59.73319-30.39569;2025-02-18
Шаверма;Санкт-Петербург, ул. Суворова, 9;59.733952;30.087463;osm-59.73395-30.08746;2024-08-31
Шаверма;Санкт-Петербург, ул. Суворова, 9;59.733973;30.087437;osm-59.73397-30.08744;2024-08-31
Bengel;Санкт-Петербург, просп. Ленина, 73;59.734075;30.087544;osm-59.73407-30.08754;2024-09-02
Пицца-Ницца;Санкт-Петербург, ул. Лермонтова, 21А;59.734094;30.081379;osm-59.73409-30.08138;2024-09-15
San Pizzerino;Санкт-Петербург, ул. Железнодорожная, 56;59.734141;30.420785;osm-59.73414-30.42078;2023-10-15
Красносёл;Санкт-Петербург, ул. Нагорная, 45;59.734508;30.090852;osm-59.73451-30.09085;2024-07-03
Карл;Санкт-Петербург, Заводской просп., 16;59.734998;30.562808;osm-59.73500-30.56281;2026-04-07
Coffee fit;Санкт-Петербург, ул. Тверская, 58/6;59.735016;30.611943;osm-59.73502-30.61194;2025-10-01
Godji;Санкт-Петербург, ул. Тверская, 58/6;59.735031;30.612972;osm-59.73503-30.61297;2026-02-22
Шаверма Экспресс;Санкт-Петербург, бул. Трудящихся, 29 к2;59.735097;30.579948;osm-59.73510-30.57995;2026-04-04
Шахерезада;Санкт-Петербург, Колпинское ш., 32;59.735322;30.471693;osm-59.73532-30.47169;2024-02-16
Шаверма;Санкт-Петербург, ул. Школьная, 51А;59.735443;30.412507;osm-59.73544-30.41251;2025-02-28
Шаверма;Санкт-Петербург, ул. Школьная, 51А;59.735484;30.412481;osm-59.73548-30.41248;2025-02-28
Медведь;Санкт-Петербург, ул. Ижорского Батальона, 3 к2;59.735554;30.610094;osm-59.73555-30.61009;2025-09-14
Дранники;Санкт-Петербург, бул. Трудящихся, 18 к4;59.735611;30.581162;osm-59.73561-30.58116;2026-04-04
Georgian Times;Санкт-Петербург, ул. Гвардейская, 3;59.735696;30.090470;osm-59.73570-30.09047;2025-08-06
Блюз;Санкт-Петербург, ул. Ижорского Батальона, 25;59.737598;30.619959;osm-59.73760-30.61996;2025-07-20
Ресторанчик;Санкт-Петербург, ул. Генерала Хазова, 25;59.737728;30.411717;osm-59.73773-30.41172;2024-04-07
Пиворама;Санкт-Петербург, ул. Октябрьская, 12;59.737749;30.624113;osm-59.73775-30.62411;2024-09-06
Ресторанчик;Санкт-Петербург, ул. Генерала Хазова, 25;59.737855;30.411584;osm-59.73786-30.41158;2024-04-07
Мир;Санкт-Петербург, ул. Полоцкая, 10;59.738222;30.462949;osm-59.73822-30.46295;2025-01-27
Uno momento;Санкт-Петербург, ул. Генерала Хазова, 12;59.738433;30.403777;osm-59.73843-30.40378;2024-09-20
Славянка;Санкт-Петербург, ул. Колпинская, 9 с2;59.739411;30.630346;osm-59.73941-30.63035;2026-08-14
Лагуна;Санкт-Петербург, ул. Тверская, 36 к3;59.740302;30.611067;osm-59.74030-30.61107;2025-12-25
Бухара;Санкт-Петербург, просп. Ленина, 53;59.740350;30.091217;osm-59.74035-30.09122;2024-08-31
Сушивэй;Санкт-Петербург, ул. Тверская, 36/9;59.740439;30.610776;osm-59.74044-30.61078;2025-10-08
Pizza Heart;Санкт-Петербург, ул. Пролетарская, 36;59.740695;30.585536;osm-59.74070-30.58554;2026-01-03
Челентано;Санкт-Петербург, ул. Тверская, 34;59.740847;30.610874;osm-59.74085-30.61087;2025-09-12
Bubble team;Санкт-Петербург, ул. Тверская, 34;59.740877;30.610756;osm-59.74088-30.61076;2025-09-12
Donut пончики и кофе;Санкт-Петербург, просп. Ленина, 51;59.741066;30.090559;osm-59.74107-30.09056;2026-04-03
Васаби & Розарио;Санкт-Петербург, ул. Пролетарская, 7;59.741115;30.589932;osm-59.74112-30.58993;2025-10-08
Дача;Санкт-Петербург, ул. Пролетарская, 60;59.741203;30.565257;osm-59.74120-30.56526;2026-08-19
Базилик;Санкт-Петербург, ул. Ремизова, 9 к2;59.741259;30.612054;osm-59.74126-30.61205;2025-07-08
Пышки;Санкт-Петербург, ул. Ремизова, 13 к2;59.741364;30.613471;osm-59.74136-30.61347;2025-09-06
Reels;Санкт-Петербург, ул. Октябрьская, 4;59.742630;30.617709;osm-59.74263-30.61771;2025-11-28
Вкусняшка;Санкт-Петербург, ул. Танкистов, 28А;59.744649;30.562204;osm-59.74465-30.56220;2026-06-26
Трик-3;Санкт-Петербург, наб. Комсомольского канала, 3;59.746403;30.603599;osm-59.74640-30.60360;2025-10-29
Кухня 91;Санкт-Петербург, наб. Комсомольского канала, 19Б;59.746799;30.612310;osm-59.74680-30.61231;2024-05-30
Zelenmelen;Санкт-Петербург, ул. Октябрьская, 21;59.747125;30.614858;osm-59.74712-30.61486;2024-12-02
Zelenmelen;Санкт-Петербург, ул. Октябрьская, 21;59.747168;30.614900;osm-59.74717-30.61490;2024-12-02
ПростоПресто;Санкт-Петербург, ул. Культуры, 2/8;59.747887;30.605329;osm-59.74789-30.60533;2025-12-28
Атлантида;Санкт-Петербург, Стрельнинское ш., 6А литА;59.748004;30.090214;osm-59.74800-30.09021;2024-09-21
Атлантида;Санкт-Петербург, Стрельнинское ш., 6А литА;59.748029;30.090280;osm-59.74803-30.09028;2024-09-21
Ижора;Санкт-Петербург, ул. Труда, 1 к3;59.749092;30.604630;osm-59.74909-30.60463;2025-12-28
Queenstown;Санкт-Петербург, просп. Ленина, 10/17;59.749356;30.590660;osm-59.74936-30.59066;2025-09-28
У тёти Зули;Санкт-Петербург, просп. Ленина, 18/12;59.749372;30.585002;osm-59.74937-30.58500;2025-09-28
Кебаб;Санкт-Петербург, просп. Ленина, 12;59.749488;30.589594;osm-59.74949-30.58959;2025-09-28
Некруглая пицца;Санкт-Петербург, просп. Ленина, 20/5;59.749770;30.584168;osm-59.74977-30.58417;2025-09-28
Prospekt 18/12;Санкт-Петербург, просп. Ленина, 18/12;59.749790;30.585504;osm-59.74979-30.58550;2025-09-28
Кебаб 24;Санкт-Петербург, просп. Ленина, 70;59.749903;30.566568;osm-59.74990-30.56657;2026-02-07
Вкусно суши;Санкт-Петербург, просп. Ленина, 66;59.749948;30.567314;osm-59.74995-30.56731;2026-02-07
Сначала завтрак;Санкт-Петербург, просп. Ленина, 75;59.750192;30.563564;osm-59.75019-30.56356;2026-05-13
Генацвале;Санкт-Петербург, просп. Ленина, 75;59.750225;30.564432;osm-59.75023-30.56443;2026-02-07
BabbleCat;Санкт-Петербург, просп. Ленина, 41 к2;59.750228;30.572990;osm-59.75023-30.57299;2026-02-07
Мир;Санкт-Петербург, просп. Ленина, 59;59.750410;30.567828;osm-59.75041-30.56783;2024-11-09
Гиссар;Санкт-Петербург, ул. Правды, 8;59.750865;30.608927;osm-59.75086-30.60893;2026-06-15
Гиссар;Санкт-Петербург, ул. Правды, 8;59.750920;30.609016;osm-59.75092-30.60902;2026-06-15
Ёбидоёби;Санкт-Петербург, просп. Ленина, 23А;59.751365;30.580335;osm-59.75136-30.58034;2026-03-10
Кебаб;Санкт-Петербург, ул. Нины Петровой, 10 к1;59.752681;30.329235;osm-59.75268-30.32924;2025-08-24
Шаверма у Ромы;Санкт-Петербург, ул. Понтонная, 7 к1;59.758454;30.626278;osm-59.75845-30.62628;2025-04-29
от Питера до Москвы;Санкт-Петербург, Московское ш., 246А;59.759239;30.476351;osm-59.75924-30.47635;2025-12-09
от Питера до Москвы;Санкт-Петербург, Московское ш., 246А;59.759278;30.476368;osm-59.75928-30.47637;2025-12-09
Кебаб;Санкт-Петербург, ул. Георгия Гречко, 1;59.761744;30.323950;osm-59.76174-30.32395;2024-05-06
УПС! Кофе?;Санкт-Петербург, ул. Меридианная, 8;59.763412;30.310337;osm-59.76341-30.31034;2026-01-23
Мясной шик;Санкт-Петербург, Балканская дорога, 10;59.771992;30.599151;osm-59.77199-30.59915;2025-01-02
Сосиски у Дениски;Санкт-Петербург, Балканская дорога, 12 к2;59.773132;30.601438;osm-59.77313-30.60144;2025-11-30
Drive;Санкт-Петербург, Петрозаводское ш., 25;59.773429;30.701773;osm-59.77343-30.70177;2025-07-18
Цветы&Кофе;Санкт-Петербург, ул. Центральная, 2;59.773835;30.076164;osm-59.77383-30.07616;2026-03-14
Шаурма мастер;Санкт-Петербург, ул. Весенняя, 1А;59.775072;30.039690;osm-59.77507-30.03969;2025-12-27
Чайхана Вахдат;Санкт-Петербург, ул. Садовая, 47 к1;59.776217;30.048273;osm-59.77622-30.04827;2025-09-27
Три Ребра;Санкт-Петербург, Пулковское ш., 55 Я;59.777302;30.324612;osm-59.77730-30.32461;2026-07-16
Три Ребра;Санкт-Петербург, Пулковское ш., 55 Я;59.777378;30.324547;osm-59.77738-30.32455;2026-07-16
CoffeeCube;Санкт-Петербург, Пулковское ш., 51 А;59.779599;30.324078;osm-59.77960-30.32408;2025-08-08
CoffeeCube;Санкт-Петербург, Пулковское ш., 51 А;59.779654;30.324007;osm-59.77965-30.32401;2025-08-08
Green Light café;Санкт-Петербург, Пулковское ш., 72 литА;59.781244;30.326823;osm-59.78124-30.32682;2025-05-30
Летучая рыба;Санкт-Петербург, Пулковское ш., 53 к2;59.781321;30.323894;osm-59.78132-30.32389;2025-03-07
Шашлычная N1;Санкт-Петербург, Пулковское ш., 53 к2;59.781495;30.323677;osm-59.78149-30.32368;2025-05-30
GreenLight;Санкт-Петербург, Пулковское ш., 53 к2;59.781700;30.324030;osm-59.78170-30.32403;2025-03-08
Давай Два;Санкт-Петербург, ул. Современников, 17/2;59.787171;30.161544;osm-59.78717-30.16154;2024-04-03
Суши Люкс;Санкт-Петербург, ул. Современников, 17/2;59.787353;30.161735;osm-59.78735-30.16174;2024-04-03
У пруда;Санкт-Петербург, Красносельское ш., 40 к2;59.787516;30.142808;osm-59.78752-30.14281;2023-11-05
DriveCafe;Санкт-Петербург, Витебский просп., 138;59.787774;30.394459;osm-59.78777-30.39446;2024-04-07
Вкусно — и точка. Авто;Санкт-Петербург, Красносельское ш., 40 к2 литБ;59.787863;30.143421;osm-59.78786-30.14342;2023-11-14
Шампур №1;Санкт-Петербург, Красносельское ш., 40 к3;59.788679;30.143900;osm-59.78868-30.14390;2024-06-14
Шаверма;Санкт-Петербург, Красносельское ш., 40 к3;59.788791;30.144061;osm-59.78879-30.14406;2025-01-28
Lovi da bro;Санкт-Петербург, ул. Современников, 11/6 к2;59.790522;30.163709;osm-59.79052-30.16371;2024-04-13
Drive;Санкт-Петербург, Витебский просп., 130;59.792308;30.393748;osm-59.79231-30.39375;2024-04-07
BeerNova;Санкт-Петербург, ул. Современников, 1 к3;59.792432;30.169919;osm-59.79243-30.16992;2024-04-03
Ешь Пока Горячё;Санкт-Петербург, ул. Современников, 1 к3;59.792729;30.170621;osm-59.79273-30.17062;2024-11-01
Ladoga Wine;Санкт-Петербург, Красносельское ш., 59;59.793070;30.144155;osm-59.79307-30.14416;2025-04-04
Ladoga Wine;Санкт-Петербург, Красносельское ш., 59;59.793087;30.144112;osm-59.79309-30.14411;2025-04-04
BB&Burgers;Санкт-Петербург, Пулковское ш., 60;59.793484;30.331674;osm-59.79348-30.33167;2024-09-18
BBQ Red Barrel;Санкт-Петербург, Таллинское ш., 25;59.795007;30.146642;osm-59.79501-30.14664;2024-05-04
На Углях;Санкт-Петербург, ул. Луговая, 18В с2;59.795179;29.915590;osm-59.79518-29.91559;2026-09-02
Кондитерская Теремок;Санкт-Петербург, Таллинское ш., 27;59.795273;30.147072;osm-59.79527-30.14707;2026-07-07
Давай Два;Санкт-Петербург, ул. Коммунаров, 188 к3;59.795749;30.158836;osm-59.79575-30.15884;2024-04-03
Smoky House;Санкт-Петербург, Ропшинское ш., 20А;59.798212;29.915933;osm-59.79821-29.91593;2026-09-03
Tutto pizza;Санкт-Петербург, Ропшинское ш., 20А;59.798409;29.916513;osm-59.79841-29.91651;2026-09-03
Бухара;Санкт-Петербург, ул. Школьная, 181;59.798532;30.370412;osm-59.79853-30.37041;2024-08-04
Околица;Санкт-Петербург, Московское ш., 16А;59.798606;30.400281;osm-59.79861-30.40028;2026-02-07
Кафе - столовая;Санкт-Петербург, Красносельское ш., 1 к2;59.800357;30.077344;osm-59.80036-30.07734;2025-07-07
Плов центр № 1;Санкт-Петербург, Красносельское ш., 1Б;59.800894;30.078144;osm-59.80089-30.07814;2025-03-22
Фишка;Санкт-Петербург, ул. Валдайская, 1 с1;59.803596;30.382666;osm-59.80360-30.38267;2025-01-13
Восточная кухня;Санкт-Петербург, Красносельское ш., 28В;59.804649;30.078632;osm-59.80465-30.07863;2026-02-07
Вкусно — и точка. Авто;Санкт-Петербург, Красносельское ш., 28А;59.805174;30.078464;osm-59.80517-30.07846;2026-08-29
Пилотаж;Санкт-Петербург, ул. Шереметьевская, 15;59.805656;30.320656;osm-59.80566-30.32066;2024-02-02
Симпышка;Санкт-Петербург, ул. Максима Горького, 1;59.806438;30.583867;osm-59.80644-30.58387;2024-08-25
Кебаб;Санкт-Петербург, Старорусский просп., 11;59.806531;30.358003;osm-59.80653-30.35800;2024-09-10
Бульвар;Санкт-Петербург, бул. Белых Ночей, 8;59.806730;30.084386;osm-59.80673-30.08439;2026-04-10
Примус;Санкт-Петербург, ул. Железнодорожная, 12А;59.807424;30.567858;osm-59.80742-30.56786;2024-08-23
Gate 7;Санкт-Петербург, ул. Стартовая, 8;59.807752;30.314594;osm-59.80775-30.31459;2024-02-05
Будет вкусно;Санкт-Петербург, ул. Центральная, 10 к1;59.807876;30.067971;osm-59.80788-30.06797;2026-07-05
Кафе кебаб 24;Санкт-Петербург, ул. Центральная, 10 к1;59.808040;30.068709;osm-59.80804-30.06871;2025-05-14
Ресторанные чебуреки;Санкт-Петербург, Красносельское ш., 9;59.808188;30.076498;osm-59.80819-30.07650;2026-05-31
Кафе Кулинария;Санкт-Петербург, ул. Невская, 7/4;59.808523;30.088727;osm-59.80852-30.08873;2026-01-30
Шаверма;Санкт-Петербург, Красносельское ш., 9;59.808574;30.076563;osm-59.80857-30.07656;2026-04-08
Гастро гусь;Санкт-Петербург, ул. Невская, 11/1;59.808634;30.095571;osm-59.80863-30.09557;2026-05-04
BeerDay Bar;Санкт-Петербург, ул. Невская, 5/7;59.808684;30.086718;osm-59.80868-30.08672;2026-01-30
Orso Pizza;Санкт-Петербург, ул. Невская, 1;59.808799;30.081586;osm-59.80880-30.08159;2024-04-27
Ман Гурман;Санкт-Петербург, ул. Невская, 9;59.808802;30.092904;osm-59.80880-30.09290;2026-03-31
Домашний очаг;Санкт-Петербург, ул. Центральная, 1;59.808832;30.073794;osm-59.80883-30.07379;2025-06-30
Lavash микс café;Санкт-Петербург, ул. Невская, 3;59.808941;30.083766;osm-59.80894-30.08377;2026-01-25
Чуду;Санкт-Петербург, ул. Невская, 3;59.808991;30.084496;osm-59.80899-30.08450;2026-03-07
Кафе кебаб 24;Санкт-Петербург, ул. Невская, 7/4;59.809073;30.089203;osm-59.80907-30.08920;2025-01-29
Rostic`s Авто;Санкт-Петербург, ул. Шереметьевская, 33;59.809157;30.320718;osm-59.80916-30.32072;2025-04-30
Шаверма угли;Санкт-Петербург, ул. Овцинская, 66Е литА;59.809201;30.615625;osm-59.80920-30.61563;2025-09-01
Кебаб 24;Санкт-Петербург, Старорусский просп., 8 к1;59.809466;30.360389;osm-59.80947-30.36039;2024-06-24
Caffé del Centrale;Санкт-Петербург, ул. Невская, 4;59.809517;30.081918;osm-59.80952-30.08192;2025-02-27
Forma;Санкт-Петербург, Красносельское ш., 10;59.809577;30.077666;osm-59.80958-30.07767;2025-09-13
СушиWell;Санкт-Петербург, ул. Невская, 6;59.809811;30.084308;osm-59.80981-30.08431;2026-09-01
Алиби;Санкт-Петербург, Красносельское ш., 6;59.810521;30.078645;osm-59.81052-30.07865;2025-12-03
Super кебаб;Санкт-Петербург, ул. Школьная, 2А;59.810834;30.380019;osm-59.81083-30.38002;2024-01-15
Караван столовая кафе;Санкт-Петербург, ул. Институтская, 1 к2;59.811366;30.072539;osm-59.81137-30.07254;2026-09-17
Кафе кебаб 24;Санкт-Петербург, ул. Центральная, 30 к2;59.811579;30.050548;osm-59.81158-30.05055;2026-08-25
Петергофские пекарни;Санкт-Петербург, Питерский просп., 5;59.811921;30.080703;osm-59.81192-30.08070;2025-10-15
Кофейные ноты;Санкт-Петербург, Питерский просп., 7;59.812047;30.082795;osm-59.81205-30.08280;2025-03-13
Ленинградские Пенаты;Санкт-Петербург, Питерский просп., 11;59.812177;30.085400;osm-59.81218-30.08540;2026-06-17
Ленинградские Пенаты;Санкт-Петербург, Питерский просп., 11;59.812229;30.085269;osm-59.81223-30.08527;2026-06-17
Кручу верчу;Санкт-Петербург, Садовая, 6;59.812593;30.569737;osm-59.81259-30.56974;2025-06-16
Вкуснота;Санкт-Петербург, Питерский просп., 7;59.812604;30.082974;osm-59.81260-30.08297;2025-05-14
Чашки;Санкт-Петербург, Пулковское ш., 42 к6 с1;59.814668;30.346503;osm-59.81467-30.34650;2025-10-24
Шаверма;Санкт-Петербург, ул. Ленина, 10В;59.815298;30.408614;osm-59.81530-30.40861;2024-08-07
Хинкали и Хачапури;Санкт-Петербург, ул. Полевая, 2;59.817101;30.569794;osm-59.81710-30.56979;2025-10-20
Хинкали и Хачапури;Санкт-Петербург, ул. Полевая, 2;59.817120;30.569663;osm-59.81712-30.56966;2025-10-20
MarketPlace;Санкт-Петербург, Пулковское ш., 40 к4;59.818371;30.326449;osm-59.81837-30.32645;2025-03-06
Кафе 30/56;Санкт-Петербург, ул. Карла Либкнехта, 30/56 с1;59.822776;30.090190;osm-59.82278-30.09019;2024-11-06
Я люблю кофе;Санкт-Петербург, Волхонское ш., 39А с1;59.823603;30.086257;osm-59.82360-30.08626;2024-11-06
Drive Café;Санкт-Петербург, Пулковское ш., 21 к2;59.823670;30.319249;osm-59.82367-30.31925;2025-05-04
Зеленый свет;Санкт-Петербург, ул. Авангардная, 36;59.826281;30.185636;osm-59.82628-30.18564;2025-09-21
Азиана;Санкт-Петербург, ул. Купчинская, 34 к1;59.826848;30.398714;osm-59.82685-30.39871;2025-09-19
Pizza Heart;Санкт-Петербург, ул. Олеко Дундича, 17 к1;59.827555;30.399017;osm-59.82755-30.39902;2026-04-25
VIP база;Санкт-Петербург, ул. Купчинская, 32 к. 1 лит. З;59.828301;30.398377;osm-59.82830-30.39838;2026-06-28
Woker;Санкт-Петербург, Балканская пл., 5 литАД;59.828702;30.379592;osm-59.82870-30.37959;2025-09-19
Мастер Кебаб;Санкт-Петербург, Балканская пл., 5 литН;59.828990;30.377368;osm-59.82899-30.37737;2025-10-13
Бискотти;Санкт-Петербург, ул. Малая Балканская, 26 литВ;59.829118;30.386561;osm-59.82912-30.38656;2025-09-19
Панда;Санкт-Петербург, Балканская пл., 5 литЯ;59.829161;30.377923;osm-59.82916-30.37792;2025-09-19
Лаваш Кебаб;Санкт-Петербург, ул. Олеко Дундича, 21;59.829238;30.405222;osm-59.82924-30.40522;2026-05-03
Ла Петра;Санкт-Петербург, Балканская пл., 5 литЯ;59.829287;30.378213;osm-59.82929-30.37821;2025-09-19
Петербургскик пышки;Санкт-Петербург, Балканская пл., 5 литН;59.829347;30.377568;osm-59.82935-30.37757;2025-09-19
Al Petra;Санкт-Петербург, Балканская пл., 5 литЯ;59.829483;30.378307;osm-59.82948-30.37831;2025-09-19
Fk;Санкт-Петербург, ул. Заводская, 15 с1;59.830514;30.544772;osm-59.83051-30.54477;2025-01-28
Шаверма;Санкт-Петербург, Балканская пл., 1;59.831053;30.378194;osm-59.83105-30.37819;2025-10-13
Вечерний Питер;Санкт-Петербург, просп. Ветеранов, 118 к1;59.831710;30.185109;osm-59.83171-30.18511;2025-02-03
Дудергофка;Санкт-Петербург, просп. Ветеранов, 118 к1;59.832084;30.186778;osm-59.83208-30.18678;2023-12-26
Дудергофка;Санкт-Петербург, просп. Ветеранов, 118 к1;59.832162;30.186873;osm-59.83216-30.18687;2023-12-26
Старый Пловдив;Санкт-Петербург, просп. Ветеранов, 140 литБ;59.832226;30.168829;osm-59.83223-30.16883;2024-08-06
Шустрый грузин;Санкт-Петербург, ул. Ярослава Гашека, 11Б;59.832263;30.390741;osm-59.83226-30.39074;2025-10-22
Шаверма Просто Вася;Санкт-Петербург, просп. Ветеранов, 114 к4;59.832513;30.195423;osm-59.83251-30.19542;2025-11-11
Bahroma;Санкт-Петербург, ул. Звёздная, 4 к2;59.832607;30.345543;osm-59.83261-30.34554;2024-08-31
Дайте два, пожалуйста;Санкт-Петербург, ул. Ярослава Гашека, 4 к1;59.832725;30.389801;osm-59.83273-30.38980;2025-10-14
Super Кебаб;Санкт-Петербург, ул. Ярослава Гашека, 6 к2;59.833417;30.391705;osm-59.83342-30.39171;2025-10-14
Хачапури;Санкт-Петербург, просп. Ветеранов, 109 к1;59.833458;30.198369;osm-59.83346-30.19837;2026-06-09
Кухня Востока;Санкт-Петербург, ул. Партизана Германа, 14 к5;59.833499;30.176145;osm-59.83350-30.17615;2026-04-24
Bona;Санкт-Петербург, просп. Ветеранов, 105;59.833518;30.201303;osm-59.83352-30.20130;2026-09-26
СПб Шаверма;Санкт-Петербург, просп. Ветеранов, 95к1;59.833608;30.207036;osm-59.83361-30.20704;2025-08-12
Атлас;Санкт-Петербург, ул. Купчинская, 23, корп. 1;59.833811;30.391133;osm-59.83381-30.39113;2026-05-08
Hochu coffee;Санкт-Петербург, ул. Звёздная, 8;59.833852;30.348029;osm-59.83385-30.34803;2025-07-11
Etlon;Санкт-Петербург, ул. Звёздная, 8;59.833949;30.350607;osm-59.83395-30.35061;2024-08-04
Дон Донер;Санкт-Петербург, ул. Пулковская, 14;59.834132;30.351346;osm-59.83413-30.35135;2026-06-10
Сушимаг;Санкт-Петербург, ул. Пулковская, 19;59.834831;30.350324;osm-59.83483-30.35032;2026-02-17
Беседа;Санкт-Петербург, ул. Звёздная, 14;59.835207;30.363741;osm-59.83521-30.36374;2026-07-29
Петергофские Пекарни;Санкт-Петербург, просп. Ветеранов, 133 к1;59.835308;30.154409;osm-59.83531-30.15441;2025-03-18
Поинт;Санкт-Петербург, ул. Ярослава Гашека, 19 с1;59.835503;30.405540;osm-59.83550-30.40554;2025-09-18
Hasashi Hanzo;Санкт-Петербург, просп. Ветеранов, 167;59.835759;30.116851;osm-59.83576-30.11685;2024-10-08
Кладовая солнца;Санкт-Петербург, просп. Ветеранов, 167;59.835921;30.116540;osm-59.83592-30.11654;2024-08-15
Сытно Аппетитно;Санкт-Петербург, ул. Пулковская, 10 к2;59.836430;30.351944;osm-59.83643-30.35194;2024-11-14
Бутербродик 66;Санкт-Петербург, просп. Ветеранов, 204 с1;59.836683;30.105825;osm-59.83668-30.10582;2026-06-24
BBQ;Санкт-Петербург, просп. Космонавтов, 65 к2;59.836801;30.358015;osm-59.83680-30.35802;2025-09-08
Ялта;Санкт-Петербург, ул. 2-я Комсомольская, 27 к2а;59.836895;30.142399;osm-59.83689-30.14240;2025-05-15
Невское;Санкт-Петербург, Рыбацкий просп., 15;59.837558;30.516344;osm-59.83756-30.51634;2025-05-12
спортклуб;Санкт-Петербург, ул. Танкиста Хрустицкого, 54;59.838472;30.252426;osm-59.83847-30.25243;2026-04-08
Нота бар;Санкт-Петербург, ул. Купчинская, 15 к1 литГ;59.838647;30.383949;osm-59.83865-30.38395;2024-12-05
Нота бар;Санкт-Петербург, ул. Купчинская, 15 к1 литГ;59.838715;30.383980;osm-59.83872-30.38398;2024-12-05
BEERstudia;Санкт-Петербург, Рыбацкий просп., 39;59.839145;30.510364;osm-59.83915-30.51036;2026-07-09
Шаверман;Санкт-Петербург, просп. Космонавтов, 61к1;59.839297;30.356487;osm-59.83930-30.35649;2026-07-17
Кебаб;Санкт-Петербург, просп. Ветеранов, 183;59.839492;30.098384;osm-59.83949-30.09838;2024-05-06
SushiWhite;Санкт-Петербург, просп. Ветеранов, 55;59.839666;30.235703;osm-59.83967-30.23570;2023-10-28
Sushi Land;Санкт-Петербург, ул. Будапештская, 92;59.839805;30.396099;osm-59.83980-30.39610;2025-10-22
Кебаб;Санкт-Петербург, просп. Ветеранов, 169 к4;59.840021;30.115666;osm-59.84002-30.11567;2024-05-06
Кебаб;Санкт-Петербург, Дачный просп., 21 к1;59.840189;30.257024;osm-59.84019-30.25702;2025-11-03
Del Mar;Санкт-Петербург, Шлиссельбургский просп., 7 к2;59.840449;30.491767;osm-59.84045-30.49177;2026-03-02
Del Mar;Санкт-Петербург, Шлиссельбургский просп., 7 к2;59.840464;30.491975;osm-59.84046-30.49198;2026-03-02
Прожарка;Санкт-Петербург, просп. Ветеранов, 53/56 литА;59.840728;30.238002;osm-59.84073-30.23800;2026-01-07
Халапеньо;Санкт-Петербург, ул. Пионерстроя, 17 к1;59.841108;30.129958;osm-59.84111-30.12996;2023-11-16
Три Ребра;Санкт-Петербург, ул. Генерала Кравченко, 7 к1;59.841287;30.103771;osm-59.84129-30.10377;2025-01-08
Старый город;Санкт-Петербург, Загребский бул., 21 литА;59.841395;30.402341;osm-59.84139-30.40234;2025-09-07
Место встречи;Санкт-Петербург, просп. Будённого, 19 к2 с1;59.841423;30.094462;osm-59.84142-30.09446;2024-06-13
Кафе кебаб 24;Санкт-Петербург, ул. 2-я Комсомольская, 13 к1;59.841428;30.143372;osm-59.84143-30.14337;2024-12-24
Барбарис;Санкт-Петербург, ул. Тамбасова, 4;59.841454;30.158394;osm-59.84145-30.15839;2025-08-08
Es'Pressa;Санкт-Петербург, бул. Новаторов, 153;59.841772;30.251021;osm-59.84177-30.25102;2025-03-03
BarBaris;Санкт-Петербург, ул. Тамбасова, 4;59.841843;30.158336;osm-59.84184-30.15834;2024-08-01
Кулинария;Санкт-Петербург, бул. Новаторов, 73 к1;59.841938;30.252679;osm-59.84194-30.25268;2025-11-03
Шаверма 24;Санкт-Петербург, ул. Пионерстроя, 8;59.842013;30.130842;osm-59.84201-30.13084;2025-02-22
Твоя любимая шаверма;Санкт-Петербург, Бульвар Новаторов, 112к2;59.842023;30.248830;osm-59.84202-30.24883;2025-11-03
Srar Foods;Санкт-Петербург, бул. Новаторов, 159;59.842018;30.251754;osm-59.84202-30.25175;2025-11-03
Суши Rich;Санкт-Петербург, ул. Пионерстроя, 4;59.842270;30.131497;osm-59.84227-30.13150;2025-02-18
Мастер Кебаб;Санкт-Петербург, бул. Новаторов, 79 к9;59.842424;30.247620;osm-59.84242-30.24762;2024-06-19
Север Мерополь;Санкт-Петербург, бул. Новаторов, 77 к2;59.842431;30.248314;osm-59.84243-30.24831;2025-11-03
Кофе с собой;Санкт-Петербург, бул. Новаторов, 77 к2;59.842484;30.248487;osm-59.84248-30.24849;2024-06-19
Кукабулок Тандыр;Санкт-Петербург, ул. Костюшко, 17;59.842521;30.308499;osm-59.84252-30.30850;2026-08-21
Hochu Coffe;Санкт-Петербург, бул. Новаторов, 79;59.842555;30.248521;osm-59.84255-30.24852;2025-11-03
Курица гриль;Санкт-Петербург, бул. Новаторов, 81 к1 литБ;59.842556;30.247347;osm-59.84256-30.24735;2025-11-03
Пивная заправочная станция;Санкт-Петербург, просп. Ветеранов, 185 к.3, стр.1;59.842597;30.097685;osm-59.84260-30.09768;2025-12-23
Инжир;Санкт-Петербург, ул. Пионерстроя, 4;59.842660;30.130719;osm-59.84266-30.13072;2025-02-18
Крафт-кофе;Санкт-Петербург, просп. Ветеранов, 36 к2;59.842847;30.247204;osm-59.84285-30.24720;2025-11-05
Paulaner Brauhaus;Санкт-Петербург, пл. Победы, 1;59.843039;30.318592;osm-59.84304-30.31859;2023-10-29
Столовая университета ИТМО;Санкт-Петербург, ул. 2-я Комсомольская, 5 к1;59.843641;30.143452;osm-59.84364-30.14345;2025-03-25
Two Holders;Санкт-Петербург, ул. Чекистов, 28;59.843945;30.162679;osm-59.84394-30.16268;2023-10-20
Rostic's Авто;Санкт-Петербург, ул. Софийская, 89;59.844108;30.431573;osm-59.84411-30.43157;2023-11-14
Bar Maß und Spass;Санкт-Петербург, Загребский бул., 9;59.844624;30.399636;osm-59.84462-30.39964;2026-05-09
День Хлеба;Санкт-Петербург, ул. Подводника Кузьмина, 44B;59.844675;30.264275;osm-59.84468-30.26428;2025-10-29
Шаверма;Санкт-Петербург, ул. Ленсовета, 37;59.844693;30.329602;osm-59.84469-30.32960;2025-01-17
Super кебаб;Санкт-Петербург, ул. Купчинская, 1/5;59.845353;30.379402;osm-59.84535-30.37940;2025-03-30
Чайхана Мараканд;Санкт-Петербург, Дачный просп., 9 к1;59.845893;30.246163;osm-59.84589-30.24616;2025-05-21
Восток-Запад;Санкт-Петербург, ул. Малая Бухарестская, 12 с1;59.845982;30.418663;osm-59.84598-30.41866;2026-06-29
Чайхана Мараканд;Санкт-Петербург, Дачный просп., 9 к1;59.846009;30.246129;osm-59.84601-30.24613;2025-05-21
Витамин;Санкт-Петербург, Дунайский просп., 64;59.846270;30.422954;osm-59.84627-30.42295;2026-06-29
Народное;Санкт-Петербург, просп. Народного Ополчения, 20А;59.846663;30.280713;osm-59.84666-30.28071;2024-03-25
Renai;Санкт-Петербург, ЖК «Шереметевский дворец», 216 к2;59.846862;30.224443;osm-59.84686-30.22444;2026-02-15
Пекарня;Санкт-Петербург, просп. Стачек, 208;59.847143;30.226444;osm-59.84714-30.22644;2026-02-15
Пивная коллекция;Санкт-Петербург, ул. Бухарестская, 116 к1;59.848166;30.405436;osm-59.84817-30.40544;2024-11-03
Семейный очаг;Санкт-Петербург, бул. Новаторов, 32 к2;59.848428;30.270446;osm-59.84843-30.27045;2024-05-21
Семейный очаг;Санкт-Петербург, бул. Новаторов, 32 к2;59.848522;30.270398;osm-59.84852-30.27040;2024-05-21
Bahroma;Санкт-Петербург, ул. Доблести, 35;59.848711;30.174876;osm-59.84871-30.17488;2025-03-24
Bahroma;Санкт-Петербург, ул. Доблести, 35;59.848899;30.174772;osm-59.84890-30.17477;2025-03-24
Бабушкины пирожки;Санкт-Петербург, ул. Грибакиных, 27В;59.849016;30.456964;osm-59.84902-30.45696;2024-07-16
Бистро по-восточному;Санкт-Петербург, ул. Варшавская, 63 к1;59.849113;30.314701;osm-59.84911-30.31470;2025-01-17
Славянский дворик;Санкт-Петербург, ул. Фронтовая, 3 литЧ;59.849145;30.034438;osm-59.84915-30.03444;2026-09-13
Good Mo;Санкт-Петербург, Красносельское ш., 22;59.849283;30.070452;osm-59.84928-30.07045;2026-09-06
Vita Juice;Санкт-Петербург, Петергофское ш., 51;59.849320;30.144907;osm-59.84932-30.14491;2024-12-26
Чайникофф;Санкт-Петербург, Московский просп., 195;59.849523;30.320515;osm-59.84952-30.32052;2023-10-29
Пахвала;Санкт-Петербург, Петергофское ш., 51;59.849534;30.144465;osm-59.84953-30.14447;2024-02-05
Steak Grill Бельведер;Санкт-Петербург, Дачный просп., 2 к2;59.849724;30.242516;osm-59.84972-30.24252;2023-10-28
Forest Camp;Санкт-Петербург, Петергофское ш., 51;59.849799;30.145605;osm-59.84980-30.14560;2024-12-29
Голая Курица;Санкт-Петербург, просп. Будённого, 26 к2 с1;59.849811;30.087241;osm-59.84981-30.08724;2026-04-20
Forest Camp;Санкт-Петербург, Петергофское ш., 51;59.849810;30.145683;osm-59.84981-30.14568;2024-12-29
Coffee SOS;Санкт-Петербург, Петергофское ш., 51;59.849820;30.144950;osm-59.84982-30.14495;2025-12-31
Coffee SOS;Санкт-Петербург, Петергофское ш., 51;59.849837;30.144949;osm-59.84984-30.14495;2025-12-31
Burik Beer;Санкт-Петербург, Загребский бул., 2А;59.849920;30.395957;osm-59.84992-30.39596;2024-11-02
Burik Beer;Санкт-Петербург, Загребский бул., 2А;59.850020;30.395984;osm-59.85002-30.39598;2024-11-02
Коржов;Санкт-Петербург, Московский просп., 195;59.850069;30.320983;osm-59.85007-30.32098;2024-04-28
Хачо и Пури;Санкт-Петербург, ул. Алтайская, 12;59.850099;30.325058;osm-59.85010-30.32506;2024-07-01
Самая вкусная шаверма;Санкт-Петербург, ул. Маршала Захарова, 33 к1;59.850215;30.207788;osm-59.85021-30.20779;2026-02-14
Самая вкусная шаверма;Санкт-Петербург, ул. Маршала Захарова, 33 к1;59.850255;30.207715;osm-59.85025-30.20772;2026-02-14
Пельмешъ;Санкт-Петербург, пл. Конституции, 1 к2;59.850515;30.301412;osm-59.85052-30.30141;2026-01-28
Чешский Трдельник;Санкт-Петербург, Петергофское ш., 27;59.850622;30.173808;osm-59.85062-30.17381;2025-10-08
Блины,Шаверма;Санкт-Петербург, ул. Типанова, 4;59.850722;30.324852;osm-59.85072-30.32485;2024-05-22
Ялта;Санкт-Петербург, ул. Белградская, 40 к1;59.850810;30.368856;osm-59.85081-30.36886;2024-07-18
Стрельна;Санкт-Петербург, Санкт-Петербургское ш., 58А;59.851046;30.060866;osm-59.85105-30.06087;2026-09-06
Стрельна;Санкт-Петербург, Санкт-Петербургское ш., 58А;59.851112;30.060704;osm-59.85111-30.06070;2026-09-06
Kimi Food;Санкт-Петербург, ул. Капитана Грищенко, 3 к2;59.851163;30.141942;osm-59.85116-30.14194;2024-11-14
FriendsCoffee;Санкт-Петербург, Ленинский просп., 109;59.851380;30.241347;osm-59.85138-30.24135;2025-10-26
ДонДонер;Санкт-Петербург, Ленинский просп., 149 к1;59.851490;30.298913;osm-59.85149-30.29891;2026-06-10
Мясо&Хлеб;Санкт-Петербург, просп. Маршала Жукова, 41 литА;59.851615;30.219486;osm-59.85162-30.21949;2026-02-14
Мясо & Хлеб;Санкт-Петербург, просп. Маршала Жукова, 41 литА;59.851765;30.219491;osm-59.85177-30.21949;2026-02-14
Вкусно — и точка. Экспресс;Санкт-Петербург, просп. Космонавтов, 45 лит.А;59.851890;30.350638;osm-59.85189-30.35064;2024-12-05
Лига Шашлыков;Санкт-Петербург, ул. Типанова, 8;59.851902;30.331564;osm-59.85190-30.33156;2026-06-08
Три Ребра;Санкт-Петербург, просп. Маршала Жукова, 43 к1;59.852227;30.216211;osm-59.85223-30.21621;2026-02-15
Teboil cafe;Санкт-Петербург, Витебский просп., 47А;59.852309;30.364113;osm-59.85231-30.36411;2024-11-30
23 квадрата;Санкт-Петербург, Ленинский просп., 166;59.852384;30.308875;osm-59.85238-30.30888;2025-03-09
Чебуреки;Санкт-Петербург, Московский просп., 191;59.852464;30.320785;osm-59.85246-30.32079;2026-05-29
Жан Руа;Санкт-Петербург, ул. Адмирала Трибуца, 8;59.852543;30.150904;osm-59.85254-30.15090;2026-02-20
Коза Дереза Три;Санкт-Петербург, Ленинский просп., 100 к1;59.852921;30.220313;osm-59.85292-30.22031;2026-02-14
Бухара;Санкт-Петербург, ул. Маршала Захарова, 21 литГ;59.853135;30.194097;osm-59.85314-30.19410;2024-03-18
Marco Polo;Санкт-Петербург, ул. Ленсовета, 20;59.853195;30.330226;osm-59.85319-30.33023;2024-05-22
Кофейня;Санкт-Петербург, ул. Типанова, 3;59.853282;30.324728;osm-59.85328-30.32473;2024-05-22
Кебаб Бистро 24;Санкт-Петербург, Московский просп., 191А;59.853290;30.316581;osm-59.85329-30.31658;2026-05-29
Я и пива;Санкт-Петербург, ул. Типанова, 29;59.853720;30.355288;osm-59.85372-30.35529;2023-11-08
Шаверма;Санкт-Петербург, ул. Ленсовета, 15;59.853788;30.329319;osm-59.85379-30.32932;2025-04-11
Coffeshop Company;Санкт-Петербург, просп. Космонавтов, 39;59.853917;30.349851;osm-59.85392-30.34985;2023-10-27
Чабрец;Санкт-Петербург, Ленинский просп., 93;59.853987;30.210061;osm-59.85399-30.21006;2024-09-20
Хюгге;Санкт-Петербург, ул. Адмирала Черокова, 18 к2;59.854167;30.142215;osm-59.85417-30.14222;2024-05-07
Хорошая шаверма;Санкт-Петербург, Альпийский пер., 30 к3 с1;59.854405;30.388269;osm-59.85440-30.38827;2026-09-01
Чабрец;Санкт-Петербург, просп. Славы, 5 к3;59.854441;30.371253;osm-59.85444-30.37125;2025-03-06
Пельменная;Санкт-Петербург, ул. Авиационная, 18;59.854762;30.324861;osm-59.85476-30.32486;2026-07-13
По одной;Санкт-Петербург, ул. Авиационная, 18;59.854776;30.325082;osm-59.85478-30.32508;2026-07-13
Чисто по-Питерски;Санкт-Петербург, ул. Ленсовета, 16;59.854858;30.330235;osm-59.85486-30.33023;2026-07-17
Molly O'Bryan;Санкт-Петербург, Ленинский просп., 87 к2;59.855088;30.202342;osm-59.85509-30.20234;2023-10-20
Пирамида;Санкт-Петербург, ул. Авиационная, 7;59.855259;30.324875;osm-59.85526-30.32487;2025-10-13
Фрэнк;Санкт-Петербург, просп. Славы, 17;59.855334;30.377304;osm-59.85533-30.37730;2025-11-24
Столовая;Санкт-Петербург, Трамвайный просп., 12;59.855833;30.262918;osm-59.85583-30.26292;2023-10-02
Я к соседу;Санкт-Петербург, Московский просп., 183-185 к2А;59.855917;30.315920;osm-59.85592-30.31592;2023-11-08
South Lake Brew;Санкт-Петербург, Южное ш., 57 к2 литА;59.856117;30.402560;osm-59.85612-30.40256;2024-02-12
Ruby Coffee;Санкт-Петербург, Южное ш., 55 к4;59.856123;30.403519;osm-59.85612-30.40352;2024-02-04
Django;Санкт-Петербург, Московский просп., 183-185Б к10;59.856427;30.315674;osm-59.85643-30.31567;2023-11-08
Бистро;Санкт-Петербург, просп. Славы, 12;59.856434;30.378173;osm-59.85643-30.37817;2026-06-26
Пещера;Санкт-Петербург, Московский просп., 183-185А к7Б;59.856454;30.318500;osm-59.85645-30.31850;2023-11-08
Optimist;Санкт-Петербург, просп. Славы, 12;59.856496;30.378490;osm-59.85650-30.37849;2025-11-18
Эссенция;Санкт-Петербург, Московский просп., 206;59.856687;30.321705;osm-59.85669-30.32171;2025-04-20
La Beerint;Санкт-Петербург, просп. Славы, 16;59.856958;30.381077;osm-59.85696-30.38108;2025-04-04
Узген;Санкт-Петербург, Южное ш., 55 к3;59.856994;30.401987;osm-59.85699-30.40199;2024-10-04
Baum;Санкт-Петербург, ул. Будапештская, 39;59.857064;30.378285;osm-59.85706-30.37829;2025-12-27
Москва-Владивосток;Санкт-Петербург, Московский просп., 206;59.857254;30.321713;osm-59.85725-30.32171;2026-05-15
Bahroma;Санкт-Петербург, просп. Славы, 33;59.857393;30.388193;osm-59.85739-30.38819;2026-03-23
Шаур point;Санкт-Петербург, ул. Маршала Захарова, 20 к2;59.857444;30.178641;osm-59.85744-30.17864;2024-08-30
Bahroma;Санкт-Петербург, просп. Славы, 33;59.857453;30.388241;osm-59.85745-30.38824;2026-03-23
Коза Дереза;Санкт-Петербург, просп. Славы, 43/49;59.857749;30.389222;osm-59.85775-30.38922;2025-02-03
Live Beer;Санкт-Петербург, Южное ш., 55 к1;59.857914;30.404823;osm-59.85791-30.40482;2024-03-25
Joy's Pizza;Санкт-Петербург, Ленинский просп., 82 к1;59.858035;30.197085;osm-59.85804-30.19709;2024-03-19
Суши Палки;Санкт-Петербург, ул. Будапештская, 39;59.858099;30.377492;osm-59.85810-30.37749;2025-11-18
СушиСет;Санкт-Петербург, просп. Славы, 30 к1;59.858101;30.386490;osm-59.85810-30.38649;2025-04-04
Минутка;Санкт-Петербург, просп. Славы, 30 к1;59.858192;30.386365;osm-59.85819-30.38637;2025-04-04
Bona;Санкт-Петербург, просп. Славы, 43/49;59.858190;30.390908;osm-59.85819-30.39091;2025-10-07
Smokey Bones;Санкт-Петербург, Московский просп., 204;59.858654;30.321660;osm-59.85865-30.32166;2025-04-20
Bona;Санкт-Петербург, Московский просп., 179;59.858667;30.320466;osm-59.85867-30.32047;2025-10-07
Кофе И Багет;Санкт-Петербург, Южное ш., 51 к1;59.858739;30.409278;osm-59.85874-30.40928;2025-07-28
Бульвар;Санкт-Петербург, ул. Маршала Казакова, 12 к2;59.859103;30.238992;osm-59.85910-30.23899;2026-01-13
Temple;Санкт-Петербург, просп. Героев, 31;59.859113;30.153852;osm-59.85911-30.15385;2026-08-18
Рюмка;Санкт-Петербург, просп. Стачек, 101 к1 литЕ;59.859112;30.246314;osm-59.85911-30.24631;2024-04-13
Бульвар;Санкт-Петербург, ул. Маршала Казакова, 12 к2;59.859169;30.238976;osm-59.85917-30.23898;2026-01-13
КиDo;Санкт-Петербург, Московский просп., 177;59.859319;30.320281;osm-59.85932-30.32028;2024-01-07
Кебаб;Санкт-Петербург, ул. Доблести, 17 к1;59.859944;30.175490;osm-59.85994-30.17549;2024-05-06
Галактика;Санкт-Петербург, ул. Маршала Казакова, 1 к1;59.860159;30.247577;osm-59.86016-30.24758;2023-10-22
MA;Санкт-Петербург, Московский просп., 200;59.860290;30.321475;osm-59.86029-30.32147;2025-03-01
Frank;Санкт-Петербург, Московский просп., 175;59.860315;30.320404;osm-59.86031-30.32040;2025-11-24
Кинг Авто;Санкт-Петербург, Ленинский просп., 61;59.860729;30.178013;osm-59.86073-30.17801;2026-02-25
Варшава;Санкт-Петербург, ул. Фрунзе, 1;59.861145;30.314577;osm-59.86115-30.31458;2025-01-17
Плов готов;Санкт-Петербург, Московский просп., 198;59.861165;30.322362;osm-59.86116-30.32236;2025-04-20
Holy Molly;Санкт-Петербург, просп. Славы, 40 к1;59.861464;30.399410;osm-59.86146-30.39941;2023-10-28
Grand шаверма;Санкт-Петербург, ул. Маршала Казакова, 21 к2 с1;59.861468;30.221350;osm-59.86147-30.22135;2026-01-11
Маннекен Пис;Санкт-Петербург, Московский просп., 198;59.861511;30.322316;osm-59.86151-30.32232;2025-04-20
Шаверма бистро;Санкт-Петербург, ул. Маршала Казакова, 35 литА;59.862040;30.211555;osm-59.86204-30.21156;2025-01-12
Шаверма с локоть;Санкт-Петербург, ул. Маршала Казакова, 35 литА;59.862112;30.211558;osm-59.86211-30.21156;2025-09-19
Астара;Санкт-Петербург, ул. Русановская, 1 к2;59.862320;30.495193;osm-59.86232-30.49519;2025-06-09
FreeДым;Санкт-Петербург, ул. Победы, 21;59.863123;30.324098;osm-59.86312-30.32410;2025-08-08
Пирожковая на Московском;Санкт-Петербург, Московский просп., 192-194;59.863419;30.321345;osm-59.86342-30.32135;2026-08-30
Кофейня №1;Санкт-Петербург, Московский просп., 167;59.863686;30.320255;osm-59.86369-30.32025;2023-10-27
Heroes;Санкт-Петербург, просп. Героев, 23 к1;59.863743;30.161270;osm-59.86374-30.16127;2025-09-02
Brasserie Kriek;Санкт-Петербург, Московский просп., 192;59.863935;30.321355;osm-59.86393-30.32136;2025-10-15
Кебаб;Санкт-Петербург, просп. Обуховской Обороны, 229/7;59.864006;30.469374;osm-59.86401-30.46937;2024-05-06
Finnegan's;Санкт-Петербург, Московский просп., 192;59.864146;30.321320;osm-59.86415-30.32132;2025-10-15
Che-Dor;Санкт-Петербург, Московский просп., 192;59.864268;30.321291;osm-59.86427-30.32129;2025-10-23
Гранд Шарден;Санкт-Петербург, ул. Бабушкина, 111 литБ;59.864386;30.452991;osm-59.86439-30.45299;2026-07-20
Разливное Пиво Живо;Санкт-Петербург, ул. Бассейная, 45;59.864458;30.323642;osm-59.86446-30.32364;2025-01-04
У Штиглица;Санкт-Петербург, Привокзальная пл., 7;59.864519;29.924594;osm-59.86452-29.92459;2024-03-04
Шаверма;Санкт-Петербург, ул. Будапештская, 19;59.864681;30.372304;osm-59.86468-30.37230;2025-11-17
Тили-тесто;Санкт-Петербург, Московский просп., 190;59.864997;30.321340;osm-59.86500-30.32134;2025-10-15
Rise of Rice;Санкт-Петербург, Ленинский просп., 45 к1 с1;59.865405;30.159021;osm-59.86541-30.15902;2024-03-27
ВсёХорошо;Санкт-Петербург, ул. Бухарестская, 31 к1 литА;59.865680;30.384669;osm-59.86568-30.38467;2025-04-07
ДонДонер;Санкт-Петербург, ул. Варшавская, 23 к3;59.866094;30.312443;osm-59.86609-30.31244;2026-06-10
Хочу кофе;Санкт-Петербург, просп. Стачек, 77;59.866144;30.260315;osm-59.86614-30.26031;2025-01-02
Бабушкины пироги;Санкт-Петербург, просп. Стачек, 94 к2;59.866351;30.261274;osm-59.86635-30.26127;2024-07-16
Морской бриз;Санкт-Петербург, Октябрьская наб., 108;59.866392;30.486734;osm-59.86639-30.48673;2026-05-28
Хоспер;Санкт-Петербург, просп. Обуховской Обороны, 110А;59.866677;30.466957;osm-59.86668-30.46696;2025-11-17
Белый сад;Санкт-Петербург, ул. Сортировочная-Московская, 15;59.867409;30.428530;osm-59.86741-30.42853;2025-02-11
MacNaMara Irish Pub;Санкт-Петербург, ул. Дашкевича, 6Г/1;59.867816;29.919601;osm-59.86782-29.91960;2026-09-21
Чабрец;Санкт-Петербург, Московский просп., 161;59.868071;30.319933;osm-59.86807-30.31993;2024-09-20
Парк Победы;Санкт-Петербург, Московский просп., 188А литД;59.868269;30.328122;osm-59.86827-30.32812;2026-05-15
Бистро Пирамида;Санкт-Петербург, ул. Седова, 106 литМ;59.868608;30.442143;osm-59.86861-30.44214;2026-07-10
На углу;Санкт-Петербург, просп. Стачек, 92 к3;59.868711;30.263428;osm-59.86871-30.26343;2024-01-20
Home Cafe;Санкт-Петербург, ул. Шахматова, 14 к1;59.869246;29.866839;osm-59.86925-29.86684;2024-09-29
Победа;Санкт-Петербург, Московский просп., 159;59.869908;30.319825;osm-59.86991-30.31983;2026-03-02
Куракина дача;Санкт-Петербург, ул. Леснозаводская, 1 литА;59.869920;30.457494;osm-59.86992-30.45749;2026-04-17
Охота на енота;Санкт-Петербург, ул. Белы Куна, 3;59.869953;30.379222;osm-59.86995-30.37922;2026-01-16
Куракина дача;Санкт-Петербург, ул. Леснозаводская, 1 литА;59.870098;30.457412;osm-59.87010-30.45741;2026-04-17
Краснодарский Парень;Санкт-Петербург, ул. Чичеринская, 2А;59.870408;29.847898;osm-59.87041-29.84790;2025-05-17
Etlon;Санкт-Петербург, ул. Белы Куна, 3;59.870472;30.379404;osm-59.87047-30.37940;2025-11-16
Папаха и Чача;Санкт-Петербург, ул. Бухарестская, 74 литБ;59.870566;30.381890;osm-59.87057-30.38189;2026-09-07
Coffeers;Санкт-Петербург, ул. Белы Куна, 3;59.870593;30.379688;osm-59.87059-30.37969;2025-11-20
Пицца Про;Санкт-Петербург, ул. Софийская, 47 к1;59.870657;30.405697;osm-59.87066-30.40570;2026-09-26
Портер;Санкт-Петербург, ул. Чичеринская, 2;59.870782;29.849525;osm-59.87078-29.84952;2025-01-23
Чабрец;Санкт-Петербург, Морской пер., 1;59.870960;29.970741;osm-59.87096-29.97074;2024-08-02
Чабрец;Санкт-Петербург, Морской пер., 1;59.871013;29.970620;osm-59.87101-29.97062;2024-08-02
ТяGa;Санкт-Петербург, ул. Софийская, 47 к1;59.871010;30.406225;osm-59.87101-30.40622;2026-09-26
Люблю Кебаб;Санкт-Петербург, ул. Краснопутиловская, 21;59.871077;30.267626;osm-59.87108-30.26763;2024-07-17
Ялта;Санкт-Петербург, ул. Софийская, 47 к1;59.871175;30.405549;osm-59.87118-30.40555;2026-09-26
Городские пекарни;Санкт-Петербург, Московский просп., 155;59.871313;30.319781;osm-59.87131-30.31978;2026-07-14
Суши White;Санкт-Петербург, ул. Кузнецовская, 23;59.871492;30.318671;osm-59.87149-30.31867;2026-07-14
Дон Донер;Санкт-Петербург, ул. Кузнецовская, 26;59.871783;30.311618;osm-59.87178-30.31162;2025-06-15
Шеф кебаб;Санкт-Петербург, ул. Кузнецовская, 26;59.871850;30.310880;osm-59.87185-30.31088;2025-06-20
Питер;Санкт-Петербург, ул. Кузнецовская, 30;59.871857;30.316846;osm-59.87186-30.31685;2025-10-12
У карьера;Санкт-Петербург, Белевский просп., 22А;59.871942;30.430686;osm-59.87194-30.43069;2025-02-12
У карьера;Санкт-Петербург, Белевский просп., 22А;59.872027;30.430710;osm-59.87203-30.43071;2025-02-12
1 Фаст Фуд;Санкт-Петербург, ул. Белы Куна, 8;59.872038;30.380404;osm-59.87204-30.38040;2026-09-01
У Гоши;Санкт-Петербург, ул. Бухарестская, 72 к8;59.872164;30.380220;osm-59.87216-30.38022;2026-09-01
Chang;Санкт-Петербург, Московский просп., 186;59.872673;30.320793;osm-59.87267-30.32079;2024-10-08
Кузу;Санкт-Петербург, ул. Краснопутиловская, 14/12;59.872676;30.265536;osm-59.87268-30.26554;2024-03-26
Mozzarella;Санкт-Петербург, Московский просп., 153;59.872690;30.319655;osm-59.87269-30.31966;2026-07-14
Кебаб;Санкт-Петербург, ул. Кузнецовская, 58 к1;59.873058;30.349368;osm-59.87306-30.34937;2026-08-23
Шаверма;Санкт-Петербург, ул. Будапештская, 5 к1Б;59.873608;30.365815;osm-59.87361-30.36582;2024-02-24
Чайхона;Санкт-Петербург, Санкт-Петербургское ш., 140;59.874075;29.946995;osm-59.87407-29.94700;2025-09-25
Взапаре;Санкт-Петербург, ул. Ивановская, 17;59.874325;30.439676;osm-59.87432-30.43968;2026-06-26
Герард Миллер;Санкт-Петербург, ул. Ботаническая, 66 к3;59.874963;29.827440;osm-59.87496-29.82744;2023-12-06
Кофе с собой;Санкт-Петербург, ул. Ивановская, 15;59.875040;30.440708;osm-59.87504-30.44071;2026-09-25
Вкус Кебаб;Санкт-Петербург, ул. Бухарестская, 72 к1Б;59.875072;30.376859;osm-59.87507-30.37686;2024-06-20
БарОбан;Санкт-Петербург, просп. Стачек, 57;59.875383;30.257747;osm-59.87538-30.25775;2025-07-06
Ars Amandi;Санкт-Петербург, ул. Благодатная, 33;59.875454;30.310659;osm-59.87545-30.31066;2026-03-17
Pensacola;Санкт-Петербург, ул. Благодатная, 33;59.875469;30.311509;osm-59.87547-30.31151;2025-03-03
VkusnoDoner;Санкт-Петербург, ул. Благодатная, 35;59.875505;30.314173;osm-59.87550-30.31417;2026-03-09
Cartel;Санкт-Петербург, ул. Благодатная, 35;59.875507;30.314328;osm-59.87551-30.31433;2026-03-09
Кебаб Араб;Санкт-Петербург, ул. Ивановская, 6;59.875566;30.445539;osm-59.87557-30.44554;2026-09-10
Гуо Чао;Санкт-Петербург, ул. Благодатная, 16;59.875974;30.313649;osm-59.87597-30.31365;2026-08-28
I Love Sushi;Санкт-Петербург, ул. Благодатная, 16;59.875990;30.313958;osm-59.87599-30.31396;2023-10-27
Pensacola;Санкт-Петербург, ул. Благодатная, 28;59.876129;30.322948;osm-59.87613-30.32295;2023-10-03
Гемуани;Санкт-Петербург, ул. Ивановская, 7;59.876280;30.446234;osm-59.87628-30.44623;2026-07-16
Шаверма Экспресс;Санкт-Петербург, ул. Цветочная, 77;59.876397;29.831134;osm-59.87640-29.83113;2025-12-06
Гранд Шаверма;Санкт-Петербург, ул. Цветочная, 77;59.876422;29.830680;osm-59.87642-29.83068;2025-12-06
Сандра;Санкт-Петербург, Московский просп., 147;59.876463;30.319144;osm-59.87646-30.31914;2026-07-20
Соус;Санкт-Петербург, ул. Благодатная, 10 к3 с1;59.876695;30.308726;osm-59.87669-30.30873;2026-07-07
Кофе в доме;Санкт-Петербург, Московский просп., 172;59.877137;30.320845;osm-59.87714-30.32084;2026-07-06
Шаверма;Санкт-Петербург, ул. Корабельная, 9 с1;59.877332;30.246907;osm-59.87733-30.24691;2024-06-13
Twin peaks;Санкт-Петербург, Московский просп., 139А;59.877697;30.316644;osm-59.87770-30.31664;2026-06-18
Шаверма;Санкт-Петербург, просп. Большевиков, 71 к1;59.877811;30.479308;osm-59.87781-30.47931;2025-06-14
Шаверма;Санкт-Петербург, просп. Большевиков, 71 к1;59.877869;30.479290;osm-59.87787-30.47929;2025-06-14
Подсолнух;Санкт-Петербург, Октябрьская наб., 68 к2;59.878489;30.457734;osm-59.87849-30.45773;2024-01-01
Нектар;Санкт-Петербург, просп. Стачек, 47;59.878616;30.256301;osm-59.87862-30.25630;2024-12-15
Rostic`s Авто;Санкт-Петербург, ул. Фучика, 6 к3 литБ;59.878829;30.370256;osm-59.87883-30.37026;2023-11-16
Шаурма;Санкт-Петербург, ул. Маршала Говорова, 12 к1;59.878844;30.266496;osm-59.87884-30.26650;2025-04-21
Шаурма;Санкт-Петербург, ул. Маршала Говорова, 12 к1;59.878866;30.266473;osm-59.87887-30.26647;2025-04-21
Столовая;Санкт-Петербург, ул. Седова, 61;59.879067;30.428470;osm-59.87907-30.42847;2025-04-25
Самарканд;Санкт-Петербург, ул. Народная, 9;59.879080;30.461220;osm-59.87908-30.46122;2026-06-28
Carrot;Санкт-Петербург, ул. Решетникова, 14;59.879095;30.325346;osm-59.87909-30.32535;2026-09-01
Буфет А72;Санкт-Петербург, ул. Васи Алексеева, 1 к2 с1;59.879113;30.264098;osm-59.87911-30.26410;2024-04-17
Umami Mise;Санкт-Петербург, ул. Решетникова, 12;59.879177;30.323226;osm-59.87918-30.32323;2023-12-21
Oh, my dog!;Санкт-Петербург, ул. Решетникова, 12;59.879233;30.324027;osm-59.87923-30.32403;2026-09-26
Bao mochi;Санкт-Петербург, ул. Решетникова, 12;59.879299;30.323680;osm-59.87930-30.32368;2026-07-18
Пирамида;Санкт-Петербург, ул. Народная, 21 литЗ;59.880291;30.465269;osm-59.88029-30.46527;2024-03-28
Кебаб;Санкт-Петербург, ул. Народная, 41;59.880510;30.462754;osm-59.88051-30.46275;2024-05-06
Пельмешъ;Санкт-Петербург, ул. Васи Алексеева, 4;59.880558;30.264276;osm-59.88056-30.26428;2026-01-28
Плов сити;Санкт-Петербург, ул. Народная, 27;59.880736;30.467087;osm-59.88074-30.46709;2024-03-28
Burry Cakes;Санкт-Петербург, ул. Фарфоровская, 7 к2;59.881359;30.430368;osm-59.88136-30.43037;2026-07-08
Елли-Пилли;Санкт-Петербург, просп. Обуховской Обороны, 149 литЭ;59.881620;30.439061;osm-59.88162-30.43906;2023-10-27
Елли-Пилли;Санкт-Петербург, просп. Обуховской Обороны, 149 литЭ;59.881691;30.438966;osm-59.88169-30.43897;2023-10-27
Пекарь №1;Санкт-Петербург, Санкт-Петербургский просп., 60 литЮ;59.881832;29.894308;osm-59.88183-29.89431;2025-04-07
Пельмешъ;Санкт-Петербург, Санкт-Петербургский просп., 60;59.882214;29.891103;osm-59.88221-29.89110;2026-01-28
Ziko food;Санкт-Петербург, ул. Халтурина, 3А;59.882237;29.862823;osm-59.88224-29.86282;2025-10-21
Кебаб;Санкт-Петербург, ул. Бабушкина, 55 к1;59.882356;30.434409;osm-59.88236-30.43441;2024-05-06
Ролл кебаб;Санкт-Петербург, ул. Народная, 43 к1;59.882366;30.473968;osm-59.88237-30.47397;2024-03-28
Бирвайн;Санкт-Петербург, Железнодорожный просп., 14 к1;59.883176;30.429438;osm-59.88318-30.42944;2025-12-06
Сурхон;Санкт-Петербург, ул. Софийская, 8 к3;59.883503;30.396109;osm-59.88350-30.39611;2024-07-03
Рыбичи;Санкт-Петербург, ул. Бабушкина, 53;59.883548;30.432654;osm-59.88355-30.43265;2026-07-08
Кинза;Санкт-Петербург, ул. Софийская, 8 к3;59.883562;30.396047;osm-59.88356-30.39605;2024-07-03
Денов;Санкт-Петербург, ул. Софийская, 8 к5 с1;59.883806;30.395787;osm-59.88381-30.39579;2024-07-03
Радиоприбор;Санкт-Петербург, ул. Коли Томчака, 32 литВ;59.884042;30.325453;osm-59.88404-30.32545;2025-04-20
Восточная кухня;Санкт-Петербург, ул. Народная, 87;59.884337;30.486785;osm-59.88434-30.48679;2024-03-28
Статус;Санкт-Петербург, ул. Новорощинская, 4;59.884432;30.326571;osm-59.88443-30.32657;2026-05-09
Волна;Санкт-Петербург, ул. Маршала Говорова, 29 литАУ;59.884682;30.277047;osm-59.88468-30.27705;2024-01-18
Волна;Санкт-Петербург, ул. Маршала Говорова, 29 литАУ;59.884715;30.277153;osm-59.88471-30.27715;2024-01-18
Ленинградский экспресс;Санкт-Петербург, ул. Салова, 61;59.884710;30.368042;osm-59.88471-30.36804;2025-10-10
Grasseria;Санкт-Петербург, ул. Салова, 61;59.884738;30.368118;osm-59.88474-30.36812;2025-11-28
Wine.Talks.Food;Санкт-Петербург, ул. Салова, 61;59.884799;30.368373;osm-59.88480-30.36837;2025-11-28
Parkfood;Санкт-Петербург, ул. Морского Десанта, 1;59.885051;29.905648;osm-59.88505-29.90565;2025-10-26
Palma;Санкт-Петербург, ул. Салова, 61;59.885068;30.369030;osm-59.88507-30.36903;2025-11-28
Parkfood;Санкт-Петербург, ул. Морского Десанта, 1;59.885124;29.905477;osm-59.88512-29.90548;2025-10-26
Пельмешъ;Санкт-Петербург, ул. Кондратенко, 3;59.885604;30.340332;osm-59.88560-30.34033;2026-01-28
Истина;Санкт-Петербург, ул. Заставская, 46/2;59.886266;30.313068;osm-59.88627-30.31307;2025-05-15
Green Gray;Санкт-Петербург, ул. Заставская, 46/2;59.886476;30.312880;osm-59.88648-30.31288;2025-05-15
Пельмешъ;Санкт-Петербург, ул. Заставская, 3А;59.888410;30.337745;osm-59.88841-30.33775;2026-01-28
Bravo Bro;Санкт-Петербург, ул. Заставская, 44;59.888486;30.317108;osm-59.88849-30.31711;2025-05-12
Кебаб;Санкт-Петербург, ул. Заставская, 44;59.888486;30.317191;osm-59.88849-30.31719;2025-05-12
Твоя шаверма;Санкт-Петербург, Московский просп., 130;59.888656;30.320646;osm-59.88866-30.32065;2026-08-01
Шаверма и Фастфуд;Санкт-Петербург, ул. Заставская, 28;59.888720;30.324267;osm-59.88872-30.32427;2025-01-24
Столовая Пирожковая;Санкт-Петербург, ул. Заставская, 26;59.888726;30.325056;osm-59.88873-30.32506;2026-08-12
Lindfors;Санкт-Петербург, Московский просп., 128;59.888812;30.320164;osm-59.88881-30.32016;2026-08-12
Брандмейстер;Санкт-Петербург, ул. Заставская, 21 к1;59.888882;30.322624;osm-59.88888-30.32262;2026-08-12
Кабанчик;Санкт-Петербург, просп. Стачек, 32;59.888935;30.270695;osm-59.88893-30.27069;2026-09-22
Столовая шаверма;Санкт-Петербург, ул. Заставская, 13Э;59.889007;30.329002;osm-59.88901-30.32900;2026-08-12
Сосисочная #1;Санкт-Петербург, ул. Заставская, 15;59.889066;30.325114;osm-59.88907-30.32511;2026-07-03
Редиска;Санкт-Петербург, ул. Заставская, 7;59.889153;30.335663;osm-59.88915-30.33566;2024-10-06
Шаверма;Санкт-Петербург, ул. Трефолева, 6;59.889392;30.275221;osm-59.88939-30.27522;2025-01-24
Тарелка;Санкт-Петербург, Московский просп., 109 литА;59.890073;30.318851;osm-59.89007-30.31885;2025-03-19
BrewCrew;Санкт-Петербург, ул. Заставская, 33 литД;59.890175;30.318051;osm-59.89017-30.31805;2024-04-27
Big 1;Санкт-Петербург, Московский просп., 107;59.890363;30.318794;osm-59.89036-30.31879;2026-04-17
Егриси;Санкт-Петербург, просп. Стачек, 22;59.890908;30.272797;osm-59.89091-30.27280;2025-01-17
Hochu Coffee;Санкт-Петербург, Московский просп., 105;59.891000;30.318229;osm-59.89100-30.31823;2025-03-19
Столоvая;Санкт-Петербург, Московский просп., 103 литА;59.891140;30.318144;osm-59.89114-30.31814;2025-03-19
Mr. Kim;Санкт-Петербург, Московский просп., 103 литА;59.891717;30.318366;osm-59.89172-30.31837;2025-03-19
Светлое кафе;Санкт-Петербург, ул. Крыленко, 1;59.891784;30.452306;osm-59.89178-30.45231;2024-10-08
Ош сити;Санкт-Петербург, Московский просп., 114 литБ;59.892137;30.321055;osm-59.89214-30.32106;2026-09-28
Ош сити;Санкт-Петербург, Московский просп., 114 литБ;59.892161;30.321043;osm-59.89216-30.32104;2026-09-28
Мастер Кебаб;Санкт-Петербург, Московский просп., 103;59.892295;30.317848;osm-59.89229-30.31785;2025-03-19
Кафе на Цветочной;Санкт-Петербург, ул. Цветочная, 6 литАХ;59.892557;30.329695;osm-59.89256-30.32970;2024-04-10
Кафе Столовая;Санкт-Петербург, ул. Цветочная, 6м;59.892840;30.329694;osm-59.89284-30.32969;2026-04-23
Korovabar;Санкт-Петербург, ул. Ташкентская, 1;59.893085;30.317867;osm-59.89308-30.31787;2026-04-17
Coffee to go;Санкт-Петербург, Лиговский просп., 270;59.893125;30.325003;osm-59.89312-30.32500;2023-11-14
Форрест;Санкт-Петербург, Лиговский просп., 270;59.893210;30.325454;osm-59.89321-30.32545;2023-11-14
Burger;Санкт-Петербург, Ораниенбаумское ш., 2А литА;59.893829;29.862542;osm-59.89383-29.86254;2025-10-18
Артишок;Санкт-Петербург, ул. Парфёновская, 17 с1;59.893963;30.312928;osm-59.89396-30.31293;2025-06-03
Золотая Русь;Санкт-Петербург, ул. Тельмана, 54 к3;59.894521;30.487097;osm-59.89452-30.48710;2023-10-19
Долина;Санкт-Петербург, Лиговский просп., 289 литГ;59.894652;30.329293;osm-59.89465-30.32929;2026-06-26
Гюмри;Санкт-Петербург, просп. Стачек, 15;59.894830;30.274927;osm-59.89483-30.27493;2025-01-10
Route 148;Санкт-Петербург, Лиговский просп., 289 литЛ;59.894945;30.330060;osm-59.89494-30.33006;2026-05-20
Joy's Pizza;Санкт-Петербург, Искровский просп., 40;59.895241;30.477579;osm-59.89524-30.47758;2024-03-31
Эльшайх;Санкт-Петербург, Ораниенбаумский просп., 41 к1;59.895638;29.773643;osm-59.89564-29.77364;2026-07-04
Сушимаг;Санкт-Петербург, просп. Елизарова, 19;59.895641;30.420367;osm-59.89564-30.42037;2024-01-20
Мангал Хаус;Санкт-Петербург, ул. Салова, 36;59.895884;30.379170;osm-59.89588-30.37917;2026-07-29
Звезда Востока;Санкт-Петербург, ул. Салова, 36;59.895991;30.378707;osm-59.89599-30.37871;2026-07-29
StartUp;Санкт-Петербург, ул. Промышленная, 38 к2;59.896079;30.258651;osm-59.89608-30.25865;2024-06-09
Take Eat;Санкт-Петербург, Ораниенбаумский просп., 39 литБ;59.896172;29.773621;osm-59.89617-29.77362;2025-10-26
Memo;Санкт-Петербург, ул. Малая Митрофаньевская, 4 литБ;59.896221;30.317444;osm-59.89622-30.31744;2024-11-19
Сурхон;Санкт-Петербург, ул. Салова, 36;59.896221;30.377750;osm-59.89622-30.37775;2026-07-29
Гастрокафе;Санкт-Петербург, Дальневосточный просп., 37 к1;59.896431;30.460014;osm-59.89643-30.46001;2024-07-26
Разливное пиво;Санкт-Петербург, ул. Крыленко, 21 к1;59.896725;30.475915;osm-59.89673-30.47592;2025-08-02
У Гоши;Санкт-Петербург, Волковский просп., 28;59.897029;30.357498;osm-59.89703-30.35750;2026-05-25
Синий скат;Санкт-Петербург, ул. Бабушкина, 8 к2;59.897116;30.422543;osm-59.89712-30.42254;2023-12-06
Вкус кебаб;Санкт-Петербург, ул. Крыленко, 21 к5;59.897201;30.476755;osm-59.89720-30.47676;2026-05-05
5 шампуров;Санкт-Петербург, ул. Крыленко, 23;59.897370;30.477930;osm-59.89737-30.47793;2026-05-01
Околица;Санкт-Петербург, Лиговский просп., 283 литА;59.897548;30.333631;osm-59.89755-30.33363;2023-11-14
Наша Столовая;Санкт-Петербург, ул. Промышленная, 22;59.897593;30.265243;osm-59.89759-30.26524;2026-09-22
Трапезная паломника;Санкт-Петербург, Московский просп., 100 литГ;59.897734;30.322659;osm-59.89773-30.32266;2024-04-08
Крепёж;Санкт-Петербург, просп. Елизарова, 1;59.897993;30.427967;osm-59.89799-30.42797;2024-05-22
Кофе Булочки Вино;Санкт-Петербург, Дальневосточный просп., 33 к1 с1;59.898549;30.458988;osm-59.89855-30.45899;2025-08-03
33 пингвина;Санкт-Петербург, ул. Дыбенко, 5 к1;59.898916;30.450991;osm-59.89892-30.45099;2023-10-29
Пивная стачка;Санкт-Петербург, просп. Стачек, 6;59.898965;30.275831;osm-59.89896-30.27583;2026-04-21
Вах'тангури;Санкт-Петербург, Дальневосточный просп., 33 к1 с1;59.898955;30.458735;osm-59.89896-30.45874;2024-09-22
Литл Сицили;Санкт-Петербург, ул. Дыбенко, 2;59.898986;30.446092;osm-59.89899-30.44609;2026-03-26
Мидийный дом;Санкт-Петербург, ул. Дыбенко, 2;59.899097;30.445573;osm-59.89910-30.44557;2026-03-26
Мороженкоff;Санкт-Петербург, ул. Дыбенко, 5 к3;59.899145;30.453516;osm-59.89914-30.45352;2024-07-26
Русские Традиции;Санкт-Петербург, Московский просп., 79А;59.899278;30.317326;osm-59.89928-30.31733;2026-05-31
Шаверма 24;Санкт-Петербург, ул. Промышленная, 6;59.899467;30.273953;osm-59.89947-30.27395;2025-01-21
С пеной у рта;Санкт-Петербург, Нарвский просп., 12;59.899649;30.275314;osm-59.89965-30.27531;2026-07-28
Шавер кинг;Санкт-Петербург, ул. Ивана Черных, 1;59.899655;30.276219;osm-59.89966-30.27622;2024-12-11
The Plaсe;Санкт-Петербург, ул. Маршала Говорова, 47;59.899679;30.289822;osm-59.89968-30.28982;2024-01-18
Тито;Санкт-Петербург, ул. Дыбенко, 7 к1;59.899716;30.455071;osm-59.89972-30.45507;2024-07-26
Vода Еда;Санкт-Петербург, ул. Дыбенко, 6 к1;59.899750;30.451142;osm-59.89975-30.45114;2024-07-26
Тандыр хаус;Санкт-Петербург, ул. Дыбенко, 7 к1;59.899814;30.455517;osm-59.89981-30.45552;2024-07-26
Pizza Roni;Санкт-Петербург, ул. Крыленко, 39/29;59.899818;30.488047;osm-59.89982-30.48805;2026-05-09
Зёрна;Санкт-Петербург, пл. Стачек, 2б;59.900012;30.275222;osm-59.90001-30.27522;2026-08-01
Кебаб;Санкт-Петербург, ул. Дыбенко, 6 к2;59.900089;30.451785;osm-59.90009-30.45179;2024-05-06
Гранатовый сок;Санкт-Петербург, пл. Стачек, 9;59.900095;30.273067;osm-59.90010-30.27307;2025-01-13
Армония;Санкт-Петербург, ул. Парфёновская, 9 к2;59.900136;30.307515;osm-59.90014-30.30751;2025-04-20
Папа Ромы;Санкт-Петербург, ул. Парфёновская, 9 к1;59.900155;30.309072;osm-59.90015-30.30907;2025-08-25
Шаверма Просто Вася;Санкт-Петербург, просп. Большевиков, 24 к1;59.900171;30.490147;osm-59.90017-30.49015;2026-05-01
Блэк Баррел;Санкт-Петербург, ул. Парфёновская, 9 к1;59.900212;30.308932;osm-59.90021-30.30893;2025-08-25
Вкусно — и точка. Экспресс-окно;Санкт-Петербург, пл. Стачек, 9;59.900237;30.272056;osm-59.90024-30.27206;2025-04-03
Lagman-delivery;Санкт-Петербург, просп. Большевиков, 24 к1;59.900348;30.490571;osm-59.90035-30.49057;2026-05-01
Между Делом;Санкт-Петербург, ул. Парфёновская, 14 к1;59.900580;30.312773;osm-59.90058-30.31277;2026-06-01
ЧистоShaverma;Санкт-Петербург, ул. Венская, 4 к2;59.900589;30.511174;osm-59.90059-30.51117;2025-10-03
Гранатовый сок;Санкт-Петербург, пл. Стачек, 7;59.900696;30.272172;osm-59.90070-30.27217;2025-01-10
Экспресс кухня;Санкт-Петербург, ул. Мгинская, 1/2;59.900834;30.364000;osm-59.90083-30.36400;2025-04-05
Харчо и пури;Санкт-Петербург, ул. Дыбенко, 8 к3 с1;59.900937;30.456941;osm-59.90094-30.45694;2024-09-22
Гетап;Санкт-Петербург, ул. Дыбенко, 9 к1;59.901026;30.461145;osm-59.90103-30.46114;2023-10-04
Vinograd;Санкт-Петербург, просп. Обуховской Обороны, 68 к2;59.901042;30.427551;osm-59.90104-30.42755;2024-01-03
Vinograd;Санкт-Петербург, просп. Обуховской Обороны, 68 к2;59.901123;30.427600;osm-59.90112-30.42760;2024-01-03
Shar-Shara;Санкт-Петербург, ул. Ивана Черных, 10Б;59.901146;30.280187;osm-59.90115-30.28019;2026-04-05
Shar-Shara;Санкт-Петербург, ул. Ивана Черных, 10Б;59.901211;30.280243;osm-59.90121-30.28024;2026-04-05
Gomerzone;Санкт-Петербург, ул. Дыбенко, 13 к1;59.901352;30.465024;osm-59.90135-30.46502;2023-11-27
Inspiration;Санкт-Петербург, Московский просп., 83 литЮ;59.901388;30.312739;osm-59.90139-30.31274;2024-11-28
Drive;Санкт-Петербург, ул. Победы, 27;59.901538;29.768591;osm-59.90154-29.76859;2026-07-15
Pezzo Pizza;Санкт-Петербург, ул. Дыбенко, 8 к3 с1;59.901547;30.456418;osm-59.90155-30.45642;2024-02-26
4U;Санкт-Петербург, Старо-Петергофский просп., 43-45 литБ;59.901608;30.274193;osm-59.90161-30.27419;2024-12-24
Hochu Coffee;Санкт-Петербург, Старо-Петергофский просп., 43-45 литБ;59.901618;30.274285;osm-59.90162-30.27428;2024-12-24
Столовая,магазин;Санкт-Петербург, ул. Самойловой, 5;59.901641;30.374274;osm-59.90164-30.37427;2025-11-11
Раф & Ваф;Санкт-Петербург, ул. Федюнинского, 5 к4;59.901651;29.771442;osm-59.90165-29.77144;2026-07-22
Чердак;Санкт-Петербург, Старо-Петергофский просп., 54;59.901802;30.275182;osm-59.90180-30.27518;2025-12-22
Еда ленд;Санкт-Петербург, Старо-Петергофский просп., 52;59.901889;30.275313;osm-59.90189-30.27531;2025-01-09
Mr.Menches;Санкт-Петербург, ул. Победы, 22/7;59.901943;29.770346;osm-59.90194-29.77035;2026-07-04
Пивная стачка 2.0;Санкт-Петербург, Старо-Петергофский просп., 52;59.902013;30.275503;osm-59.90201-30.27550;2026-06-30
РосАл;Санкт-Петербург, ул. Дыбенко, 13 к5;59.902049;30.464931;osm-59.90205-30.46493;2024-03-31
Мармариса;Санкт-Петербург, Нарвский просп., 31 литЖ;59.902112;30.273191;osm-59.90211-30.27319;2026-09-22
Екатерингоф;Санкт-Петербург, ул. Перекопская, 8 литА;59.902137;30.269286;osm-59.90214-30.26929;2026-09-22
Цзао Ван;Санкт-Петербург, ул. Перекопская, 5;59.902136;30.271315;osm-59.90214-30.27132;2024-12-21
Vittoria;Санкт-Петербург, Нарвский просп., 24;59.902158;30.273718;osm-59.90216-30.27372;2024-12-23
Коржов;Санкт-Петербург, ул. Парфёновская, 12 с1;59.902178;30.312344;osm-59.90218-30.31234;2025-07-08
Екатерингоф;Санкт-Петербург, ул. Перекопская, 8 литА;59.902241;30.269284;osm-59.90224-30.26928;2026-09-22
КручуВерчу;Санкт-Петербург, ул. Перекопская, 7;59.902276;30.270610;osm-59.90228-30.27061;2024-12-21
Пол-лимона;Санкт-Петербург, ул. Перекопская, 7;59.902325;30.270367;osm-59.90232-30.27037;2024-12-21
Levitan;Санкт-Петербург, ул. Киевская, 3;59.902345;30.320669;osm-59.90234-30.32067;2025-04-23
Umami;Санкт-Петербург, ул. Киевская, 4 к2;59.902406;30.320450;osm-59.90241-30.32045;2025-04-23
Coffee Therapy;Санкт-Петербург, ул. Киевская, 3;59.902475;30.322247;osm-59.90248-30.32225;2025-04-23
Сомони;Санкт-Петербург, Старо-Петергофский просп., 41;59.902540;30.275731;osm-59.90254-30.27573;2024-12-24
True Meat;Санкт-Петербург, ул. Киевская, 5 к3;59.902626;30.322993;osm-59.90263-30.32299;2025-04-23
Дагестанский Дворик;Санкт-Петербург, Дальневосточный просп., 27 к3 с1;59.902649;30.452846;osm-59.90265-30.45285;2024-02-20
The Lobby;Санкт-Петербург, ул. Киевская, 5 к7;59.902839;30.324839;osm-59.90284-30.32484;2024-11-28
Мит Стар;Санкт-Петербург, ул. Киевская, 5 к7;59.902909;30.325215;osm-59.90291-30.32522;2025-11-09
Вальтер;Санкт-Петербург, Старо-Петергофский просп., 37;59.903051;30.276512;osm-59.90305-30.27651;2024-12-24
Мясо&хлеб;Санкт-Петербург, ул. Киевская, 5 к6;59.903074;30.326592;osm-59.90307-30.32659;2025-04-23
Папа кейк;Санкт-Петербург, ул. Михайловская, 40/7 стр.1;59.903101;29.768654;osm-59.90310-29.76865;2026-07-15
Азия плов;Санкт-Петербург, Старо-Петергофский просп., 37;59.903316;30.276913;osm-59.90332-30.27691;2024-12-24
Сурхон;Санкт-Петербург, Нарвский просп., 18;59.903478;30.274324;osm-59.90348-30.27432;2024-12-23
Mr. Grill;Санкт-Петербург, ул. Михайловская, 40/7;59.903503;29.768344;osm-59.90350-29.76834;2026-07-08
Наша столовая;Санкт-Петербург, ул. Киевская, 24/22;59.903579;30.328464;osm-59.90358-30.32846;2025-12-27
Diamond;Санкт-Петербург, ул. Победы, 21;59.903612;29.769617;osm-59.90361-29.76962;2026-07-04
Кебаб;Санкт-Петербург, Старо-Петергофский просп., 35А;59.903710;30.277424;osm-59.90371-30.27742;2024-12-24
Наш лаваш;Санкт-Петербург, ул. Победы, 21;59.903724;29.769685;osm-59.90372-29.76968;2026-07-04
Grand Империал;Санкт-Петербург, ул. Смоленская, 1;59.903774;30.319793;osm-59.90377-30.31979;2025-05-14
Хорезм;Санкт-Петербург, ул. Дыбенко, 25 к1 литЭА;59.903957;30.478154;osm-59.90396-30.47815;2024-04-12
Multi Coffee;Санкт-Петербург, ул. Смоленская, 9;59.904026;30.322241;osm-59.90403-30.32224;2024-05-22
Ленинградские пышки;Санкт-Петербург, ул. Дыбенко, 16Д;59.904061;30.469775;osm-59.90406-30.46977;2026-05-01
Manneken Pis;Санкт-Петербург, Московский просп., 73 к3;59.904098;30.317443;osm-59.90410-30.31744;2025-03-21
РашЛаваш;Санкт-Петербург, ул. Дыбенко, 16Ж;59.904181;30.470280;osm-59.90418-30.47028;2024-11-06
Bossa Nova;Санкт-Петербург, наб. Обводного канала, 118А литУ;59.904199;30.305775;osm-59.90420-30.30578;2025-04-14
Peperoni;Санкт-Петербург, ул. Смоленская, 10 литБ;59.904233;30.321147;osm-59.90423-30.32115;2026-09-02
Наша столовая;Санкт-Петербург, Нарвский просп., 13;59.904348;30.273771;osm-59.90435-30.27377;2026-09-22
Кебаб;Санкт-Петербург, ул. Смоленская, 18;59.904594;30.324984;osm-59.90459-30.32498;2026-05-31
Шаверма;Санкт-Петербург, ул. Швейцарская, 4;59.904598;29.779604;osm-59.90460-29.77960;2025-10-18
Точка;Санкт-Петербург, ул. Розенштейна, 34 литА;59.904604;30.288208;osm-59.90460-30.28821;2025-01-13
Кофестория;Санкт-Петербург, Московский просп., 73;59.904628;30.318071;osm-59.90463-30.31807;2025-03-21
Райхан;Санкт-Петербург, Нарвский просп., 9 к2;59.904896;30.273910;osm-59.90490-30.27391;2026-09-22
Чентрале;Санкт-Петербург, Лиговский просп., 271;59.904989;30.341080;osm-59.90499-30.34108;2026-04-23
Kack;Санкт-Петербург, Лиговский просп., 271;59.904985;30.341256;osm-59.90499-30.34126;2025-04-30
Дрова Помидоры;Санкт-Петербург, ул. Ультрамариновая, 4 с1;59.904987;30.439968;osm-59.90499-30.43997;2026-09-19
Кебаб;Санкт-Петербург, Лиговский просп., 271;59.905055;30.342184;osm-59.90505-30.34218;2026-08-02
Black Bearr;Санкт-Петербург, ул. Красного Флота, 34А;59.905338;29.780110;osm-59.90534-29.78011;2026-08-07
Культурная кофейня;Санкт-Петербург, Старо-Петергофский просп., 31/2 литП;59.905576;30.276273;osm-59.90558-30.27627;2024-12-24
The Kitchen;Санкт-Петербург, Московский просп., 73;59.905639;30.317424;osm-59.90564-30.31742;2025-04-30
Вдоволь;Санкт-Петербург, Московский просп., 71 к3;59.905688;30.315537;osm-59.90569-30.31554;2025-04-22
География кофе;Санкт-Петербург, Московский просп., 71 к3;59.905689;30.315604;osm-59.90569-30.31560;2025-04-22
МаккоЛи;Санкт-Петербург, Московский просп., 71 к3;59.905732;30.316051;osm-59.90573-30.31605;2025-04-22
Шаверма Экспресс;Санкт-Петербург, ул. Красного Флота, 23А;59.905783;29.779202;osm-59.90578-29.77920;2026-08-07
Boba Tea;Санкт-Петербург, наб. Обводного канала, 118 литЯ;59.905788;30.307465;osm-59.90579-30.30747;2025-12-12
Яблоко;Санкт-Петербург, наб. реки Волковки, 7;59.905902;30.364466;osm-59.90590-30.36447;2025-11-28
Son Tapa;Санкт-Петербург, наб. Обводного канала, 118 литЯ;59.905924;30.307109;osm-59.90592-30.30711;2025-12-12
Годзи покушал;Санкт-Петербург, наб. Обводного канала, 118 литЯ;59.905925;30.307464;osm-59.90593-30.30746;2025-12-12
Parmesano;Санкт-Петербург, наб. Обводного канала, 118 литЯ;59.905954;30.307111;osm-59.90595-30.30711;2025-12-12
Ом нём мнём;Санкт-Петербург, наб. Обводного канала, 118 литЯ;59.905965;30.307462;osm-59.90597-30.30746;2025-12-12
Свято-Стефановская Монастырская Трапезная;Санкт-Петербург, Нарвский просп., 1/29;59.906028;30.275668;osm-59.90603-30.27567;2026-09-22
Звезда Востока;Санкт-Петербург, ул. Красного Флота, 21;59.906041;29.779206;osm-59.90604-29.77921;2026-07-04
Bratski;Санкт-Петербург, наб. Обводного канала, 118 литЯ;59.906055;30.307117;osm-59.90606-30.30712;2025-12-12
Настоечная;Санкт-Петербург, наб. Обводного канала, 118;59.906110;30.307288;osm-59.90611-30.30729;2025-12-12
Тили-Тесто;Санкт-Петербург, наб. Обводного канала, 120;59.906163;30.298514;osm-59.90616-30.29851;2026-10-01
Сидоров пролив;Санкт-Петербург, наб. Обводного канала, 118;59.906210;30.307293;osm-59.90621-30.30729;2025-12-12
Лифляндия;Санкт-Петербург, ул. Лифляндская, 6 литД;59.906250;30.262533;osm-59.90625-30.26253;2024-12-30
Chicken inn;Санкт-Петербург, наб. Обводного канала, 120;59.906257;30.298526;osm-59.90626-30.29853;2026-10-01
Buana;Санкт-Петербург, наб. Обводного канала, 118;59.906260;30.307008;osm-59.90626-30.30701;2025-12-12
Easy Hummus;Санкт-Петербург, наб. Обводного канала, 118;59.906280;30.307124;osm-59.90628-30.30712;2025-12-12
Любимая Кофейня;Санкт-Петербург, Московский просп., 72 литВ;59.906323;30.318821;osm-59.90632-30.31882;2024-05-22
Yuzu;Санкт-Петербург, наб. Обводного канала, 118;59.906363;30.307122;osm-59.90636-30.30712;2025-12-12
ikigai;Санкт-Петербург, наб. Обводного канала, 118 литС;59.906410;30.307490;osm-59.90641-30.30749;2025-12-12
Gildia;Санкт-Петербург, наб. Обводного канала, 120;59.906421;30.298220;osm-59.90642-30.29822;2023-11-08
Пироговая Душа;Санкт-Петербург, ул. Красноармейская, 33А;59.906441;29.779747;osm-59.90644-29.77975;2026-07-04
Bo;Санкт-Петербург, наб. Обводного канала, 118 литС;59.906457;30.307489;osm-59.90646-30.30749;2025-12-18
Чайхона;Санкт-Петербург, наб. Обводного канала, 118 литС;59.906457;30.307827;osm-59.90646-30.30783;2026-09-22
Пироговая Душа;Санкт-Петербург, ул. Красноармейская, 33А;59.906512;29.779688;osm-59.90651-29.77969;2026-07-04
Пышки vs пончики;Санкт-Петербург, наб. Обводного канала, 118;59.906536;30.307302;osm-59.90654-30.30730;2025-12-12
Пян-се;Санкт-Петербург, наб. Обводного канала, 118;59.906556;30.307128;osm-59.90656-30.30713;2025-12-12
Бабагануш;Санкт-Петербург, наб. Обводного канала, 118;59.906573;30.307016;osm-59.90657-30.30702;2026-06-12
Pronto;Санкт-Петербург, Лиговский просп., 271;59.906569;30.339616;osm-59.90657-30.33962;2023-11-20
Station Georgiani;Санкт-Петербург, наб. Обводного канала, 118 литС;59.906585;30.307535;osm-59.90658-30.30754;2025-12-22
Zёрна;Санкт-Петербург, наб. Обводного канала, 120 литБ;59.906621;30.298587;osm-59.90662-30.29859;2026-08-04
Чайхона;Санкт-Петербург, наб. Обводного канала, 118 литС;59.906621;30.307679;osm-59.90662-30.30768;2026-09-22
Гранатовый сок;Санкт-Петербург, наб. Обводного канала, 118 литС;59.906629;30.307309;osm-59.90663-30.30731;2025-12-12
Zёрна;Санкт-Петербург, наб. Обводного канала, 120 литБ;59.906658;30.298557;osm-59.90666-30.29856;2026-08-04
Pizza Club;Санкт-Петербург, наб. Обводного канала, 118;59.906668;30.307126;osm-59.90667-30.30713;2025-12-12
Пельмешъ;Санкт-Петербург, наб. Обводного канала, 134-136-138 литВМ;59.906679;30.281488;osm-59.90668-30.28149;2026-01-28
Дело в сыре;Санкт-Петербург, наб. Обводного канала, 118 литС;59.906702;30.307502;osm-59.90670-30.30750;2025-04-16
Burgerilla;Санкт-Петербург, наб. Обводного канала, 118 литС;59.906777;30.307507;osm-59.90678-30.30751;2025-12-12
5 июня;Санкт-Петербург, Московский просп., 65 литЦ;59.906791;30.315692;osm-59.90679-30.31569;2025-04-30
Бодрая сова;Санкт-Петербург, наб. Обводного канала, 120 литБ;59.906805;30.298493;osm-59.90680-30.29849;2026-08-04
Right Hops;Санкт-Петербург, наб. Обводного канала, 118 литС;59.906797;30.307313;osm-59.90680-30.30731;2025-04-16
Magnifico;Санкт-Петербург, наб. Обводного канала, 118Б литА;59.906824;30.305611;osm-59.90682-30.30561;2023-12-21
Sweet Way;Санкт-Петербург, наб. Обводного канала, 118 литС;59.906822;30.307126;osm-59.90682-30.30713;2025-12-12
Кулинарная лавка №3;Санкт-Петербург, наб. Обводного канала, 118 литС;59.906834;30.307599;osm-59.90683-30.30760;2025-04-16
Pajeon;Санкт-Петербург, наб. Обводного канала, 118 литС;59.906856;30.307127;osm-59.90686-30.30713;2025-12-12
Fluffy Fluffy;Санкт-Петербург, наб. Обводного канала, 118 литС;59.906856;30.307505;osm-59.90686-30.30750;2025-12-12
CoffeeLab;Санкт-Петербург, ул. Лифляндская, 3 литБ;59.906889;30.262279;osm-59.90689-30.26228;2025-01-08
Наше место;Санкт-Петербург, наб. Обводного канала, 134-136-138к27;59.906932;30.283605;osm-59.90693-30.28361;2026-06-24
Тили Тесто;Санкт-Петербург, наб. Обводного канала, 120 литБ;59.906940;30.298595;osm-59.90694-30.29859;2026-08-30
ВлюбВи;Санкт-Петербург, наб. Обводного канала, 120 литБ;59.906957;30.298483;osm-59.90696-30.29848;2026-08-30
Posh coffee;Санкт-Петербург, Московский просп., 68;59.907032;30.318821;osm-59.90703-30.31882;2026-04-17
Текстура;Санкт-Петербург, Измайловский бул., 1 к2 с1;59.907089;30.304393;osm-59.90709-30.30439;2026-03-14
Chang;Санкт-Петербург, наб. Обводного канала, 118 литС;59.907184;30.307289;osm-59.90718-30.30729;2025-04-16
Тихий;Санкт-Петербург, наб. Обводного канала, 118 литС;59.907182;30.307384;osm-59.90718-30.30738;2025-04-16
Bazar;Санкт-Петербург, наб. Обводного канала, 118 литС;59.907202;30.307147;osm-59.90720-30.30715;2025-12-12
Олашка;Санкт-Петербург, наб. Обводного канала, 118 литС;59.907195;30.307523;osm-59.90720-30.30752;2025-12-12
Вкусно и недорого;Санкт-Петербург, ул. Расстанная, 10;59.907303;30.347364;osm-59.90730-30.34736;2025-09-03
Back n Black;Санкт-Петербург, ул. Красноармейская, 15;59.907310;29.774874;osm-59.90731-29.77487;2026-08-07
Кон Коронель;Санкт-Петербург, ул. Шкапина, 10;59.907427;30.296093;osm-59.90743-30.29609;2026-05-08
Петровские пекарни;Санкт-Петербург, ул. Шкапина, 10;59.907444;30.295060;osm-59.90744-30.29506;2026-05-08
Адмирал;Санкт-Петербург, Митрофаньевское ш., 2 к1 литК;59.907572;30.300808;osm-59.90757-30.30081;2023-11-06
Рохат;Санкт-Петербург, ул. Шкапина, 6;59.907579;30.296961;osm-59.90758-30.29696;2023-12-10
Свежая выпечка;Санкт-Петербург, наб. Обводного канала, 120 литА;59.907582;30.297601;osm-59.90758-30.29760;2026-05-08
Cookushka;Санкт-Петербург, наб. Обводного канала, 108;59.907677;30.312279;osm-59.90768-30.31228;2024-11-28
МаккоЛи;Санкт-Петербург, Старо-Петергофский просп., 27А;59.907718;30.274382;osm-59.90772-30.27438;2026-09-22
Slash Coffee;Санкт-Петербург, Московский просп., 65 литА;59.907787;30.314682;osm-59.90779-30.31468;2025-04-30
Bahroma;Санкт-Петербург, наб. Обводного канала, 118 литС;59.907832;30.307666;osm-59.90783-30.30767;2025-03-24
Вкусная курочка;Санкт-Петербург, наб. Обводного канала, 122;59.907872;30.297638;osm-59.90787-30.29764;2025-04-16
Торопышка;Санкт-Петербург, ул. Победы, 7;59.907952;29.773380;osm-59.90795-29.77338;2026-07-04
Aperitivo;Санкт-Петербург, наб. Обводного канала, 118 литС;59.908046;30.307090;osm-59.90805-30.30709;2024-04-27
Настоечная на вокзале;Санкт-Петербург, наб. Обводного канала, 118 литС;59.908064;30.307344;osm-59.90806-30.30734;2025-11-24
Лес;Санкт-Петербург, Московский просп., 62;59.908134;30.318934;osm-59.90813-30.31893;2026-08-30
Пирожковая на Московском;Санкт-Петербург, Лиговский просп., 251;59.908128;30.345529;osm-59.90813-30.34553;2026-08-31
Шаверма;Санкт-Петербург, Старо-Петергофский просп., 18 литМ;59.908152;30.275266;osm-59.90815-30.27527;2026-09-22
Tours Coffee;Санкт-Петербург, наб. Обводного канала, 96;59.908245;30.319813;osm-59.90825-30.31981;2023-11-16
Самса из тандыра;Санкт-Петербург, наб. Обводного канала, 96;59.908247;30.319989;osm-59.90825-30.31999;2026-09-02
Золотая рыбка;Санкт-Петербург, наб. Обводного канала, 132;59.908574;30.291207;osm-59.90857-30.29121;2026-05-19
Кебаб экспресс;Санкт-Петербург, Лиговский просп., 210;59.908581;30.346684;osm-59.90858-30.34668;2025-11-14
Усы лисы;Санкт-Петербург, просп. Большевиков, 18 к2;59.908987;30.483365;osm-59.90899-30.48336;2026-09-06
Папа Кейк;Санкт-Петербург, ул. Александровская, 27;59.909107;29.777435;osm-59.90911-29.77744;2026-07-04
Sunny Day;Санкт-Петербург, наб. Обводного канала, 141;59.909143;30.314423;osm-59.90914-30.31442;2025-11-15
Crazy Hunter;Санкт-Петербург, ул. Расстанная, 2 к1;59.909153;30.339811;osm-59.90915-30.33981;2023-12-20
Wish Bubble Tea;Санкт-Петербург, ул. Александровская, 27;59.909165;29.777492;osm-59.90917-29.77749;2026-07-04
Кофе с Паниной;Санкт-Петербург, ул. Тамбовская, 63;59.909272;30.351520;osm-59.90927-30.35152;2025-11-29
Гастрономист;Санкт-Петербург, Московский просп., 63;59.909345;30.318792;osm-59.90935-30.31879;2026-04-17
Бистро Самса;Санкт-Петербург, наб. Обводного канала, 183;59.909412;30.293079;osm-59.90941-30.29308;2023-12-08
Амарант;Санкт-Петербург, ул. Циолковского, 13-15 литЕ;59.909498;30.287219;osm-59.90950-30.28722;2026-05-19
Три Ребра;Санкт-Петербург, ул. Пражская, 6;59.909504;30.512366;osm-59.90950-30.51237;2025-01-08
Риластория;Санкт-Петербург, наб. Обводного канала, 219-221;59.909593;30.274892;osm-59.90959-30.27489;2026-09-22
Трактир на Боровой;Санкт-Петербург, ул. Боровая, 59-61 литА;59.909600;30.339446;osm-59.90960-30.33945;2023-11-20
Кукуруза;Санкт-Петербург, наб. Обводного канала, 199-201 литЖ;59.909698;30.285095;osm-59.90970-30.28509;2024-03-03
Mokoko;Санкт-Петербург, наб. Обводного канала, 199-201 литЖ;59.909698;30.285183;osm-59.90970-30.28518;2024-03-03
Весенний;Санкт-Петербург, наб. Обводного канала, 199-201 литВ;59.909697;30.286210;osm-59.90970-30.28621;2024-03-03
Вкусная еда;Санкт-Петербург, ул. Боровая, 59-61 литА;59.909959;30.339766;osm-59.90996-30.33977;2025-10-12
Медовик;Санкт-Петербург, Старо-Петергофский просп., 21 литЕ;59.910137;30.275524;osm-59.91014-30.27552;2026-09-22
Do.Bro;Санкт-Петербург, Измайловский просп., 20;59.910323;30.307723;osm-59.91032-30.30772;2024-02-28
Чуань Сян;Санкт-Петербург, Лиговский просп., 215;59.910345;30.347060;osm-59.91034-30.34706;2025-11-21
Сёстры;Санкт-Петербург, ул. Антонова-Овсеенко, 25 к1;59.910410;30.477707;osm-59.91041-30.47771;2026-07-03
Moose Coffee;Санкт-Петербург, ул. Александровская, 36Б;59.910476;29.777287;osm-59.91048-29.77729;2026-07-17
В Квартире;Санкт-Петербург, наб. Обводного канала, 121 литА;59.910548;30.323870;osm-59.91055-30.32387;2025-01-05
Кофеварим;Санкт-Петербург, Лермонтовский просп., 55;59.910670;30.297426;osm-59.91067-30.29743;2026-10-01
Neo Burger;Санкт-Петербург, ул. Александровская, 32В;59.910814;29.775633;osm-59.91081-29.77563;2026-07-04
Avenue 55;Санкт-Петербург, Московский просп., 55;59.910905;30.318076;osm-59.91090-30.31808;2025-03-27
Кофейня;Санкт-Петербург, Измайловский просп., 25;59.910932;30.307030;osm-59.91093-30.30703;2026-05-15
See Asia;Санкт-Петербург, Лиговский просп., 174;59.910934;30.348916;osm-59.91093-30.34892;2024-03-03
Бистро Премиум;Санкт-Петербург, ул. Циолковского, 9 к2;59.911011;30.286782;osm-59.91101-30.28678;2026-05-19
Лагманный;Санкт-Петербург, ул. Степана Разина, 8/50;59.911034;30.265760;osm-59.91103-30.26576;2024-12-30
Жемчужина;Санкт-Петербург, Лиговский просп., 172;59.911164;30.348487;osm-59.91116-30.34849;2026-07-03
AF brew taproom;Санкт-Петербург, ул. Курляндская, 48;59.911198;30.267417;osm-59.91120-30.26742;2025-11-09
Веретено;Санкт-Петербург, наб. Обводного канала, 223-225 литА;59.911225;30.269950;osm-59.91123-30.26995;2025-01-23
Hochu Coffee;Санкт-Петербург, Московский просп., 53;59.911252;30.318050;osm-59.91125-30.31805;2025-03-27
Столовая;Санкт-Петербург, ул. Тамбовская, 30;59.911296;30.354098;osm-59.91130-30.35410;2026-09-08
Мисо;Санкт-Петербург, Малодетскосельский просп., 33;59.911327;30.318607;osm-59.91133-30.31861;2026-04-17
Kobe ramen;Санкт-Петербург, ул. 12-я Красноармейская, 26 с1;59.911362;30.302024;osm-59.91136-30.30202;2025-11-30
Мэттэр кофе;Санкт-Петербург, ул. 12-я Красноармейская, 26 с1;59.911368;30.301949;osm-59.91137-30.30195;2025-11-30
КручуВерчу;Санкт-Петербург, Московский просп., 53;59.911375;30.318045;osm-59.91137-30.31805;2025-03-27
Часик;Санкт-Петербург, Нефтяная дорога, 1а;59.911436;30.364207;osm-59.91144-30.36421;2026-06-23
Олимпия;Санкт-Петербург, Нефтяная дорога, 1а;59.911462;30.364216;osm-59.91146-30.36422;2026-06-23
Solaris lab;Санкт-Петербург, ул. Курляндская, 49;59.911478;30.267901;osm-59.91148-30.26790;2024-03-02
Сал-ам;Санкт-Петербург, ул. 7-я Красноармейская, 25;59.911495;30.309210;osm-59.91150-30.30921;2025-04-08
Оджахури;Санкт-Петербург, ул. 7-я Красноармейская, 26;59.911497;30.309421;osm-59.91150-30.30942;2025-04-08
Свет Востока;Санкт-Петербург, ул. Курляндская, 36;59.911544;30.277377;osm-59.91154-30.27738;2024-12-25
СССР;Санкт-Петербург, Московский просп., 49;59.911622;30.317686;osm-59.91162-30.31769;2025-04-08
La Casa;Санкт-Петербург, ул. Курляндская, 35;59.911691;30.274814;osm-59.91169-30.27481;2025-10-07
Курляндский дворик;Санкт-Петербург, Старо-Петергофский просп., 19;59.911728;30.276084;osm-59.91173-30.27608;2026-09-22
Балаган;Санкт-Петербург, ул. 7-я Красноармейская, 9;59.911768;30.314628;osm-59.91177-30.31463;2026-03-28
Fornarina;Санкт-Петербург, ул. 7-я Красноармейская, 9;59.911776;30.315029;osm-59.91178-30.31503;2024-03-30
Краш-лаваш;Санкт-Петербург, ул. 7-я Красноармейская, 7;59.911782;30.315739;osm-59.91178-30.31574;2024-03-30
Вы Дао;Санкт-Петербург, ул. 7-я Красноармейская, 5;59.911786;30.316238;osm-59.91179-30.31624;2024-03-30
Веселый грек;Санкт-Петербург, ул. 7-я Красноармейская, 5;59.911786;30.316299;osm-59.91179-30.31630;2024-03-30
Passie Cakes Co.;Санкт-Петербург, ул. 7-я Красноармейская, 5;59.911788;30.316380;osm-59.91179-30.31638;2024-03-30
21 верста;Санкт-Петербург, Московский просп., 47;59.911798;30.317493;osm-59.91180-30.31749;2024-03-30
Сациви;Санкт-Петербург, Малодетскосельский просп., 30;59.911911;30.322127;osm-59.91191-30.32213;2026-09-02
Tour Coffee;Санкт-Петербург, ул. 7-я Красноармейская, 5 литД;59.911939;30.316602;osm-59.91194-30.31660;2026-02-13
Камелот;Санкт-Петербург, ул. Подвойского, 16 к1;59.911957;30.468618;osm-59.91196-30.46862;2026-03-07
Tour Coffee;Санкт-Петербург, ул. 7-я Красноармейская, 5 литД;59.911981;30.316617;osm-59.91198-30.31662;2026-02-13
Choco.Cake.Hand;Санкт-Петербург, Малодетскосельский просп., 26;59.912044;30.323578;osm-59.91204-30.32358;2025-11-09
Галата;Санкт-Петербург, Лиговский просп., 162;59.912120;30.349087;osm-59.91212-30.34909;2026-07-20
Pixel Lounge;Санкт-Петербург, Малодетскосельский просп., 28;59.912137;30.323050;osm-59.91214-30.32305;2023-12-20
Пышки пирожки;Санкт-Петербург, Лермонтовский просп., 49;59.912217;30.297365;osm-59.91222-30.29736;2026-08-30
Шаверма От Души;Санкт-Петербург, Лиговский просп., 160;59.912324;30.349213;osm-59.91232-30.34921;2026-07-20
Пёрпл;Санкт-Петербург, ул. 11-я Красноармейская, 11 с1;59.912326;30.300513;osm-59.91233-30.30051;2025-03-22
Вкусно — и точка. Авто;Санкт-Петербург, ул. Ленинградская, 1;59.912456;30.504683;osm-59.91246-30.50468;2025-03-28
Зам зам;Санкт-Петербург, ул. 6-я Красноармейская, 15;59.912495;30.313646;osm-59.91249-30.31365;2025-05-06
Щегол;Санкт-Петербург, Московский просп., 41;59.912543;30.317330;osm-59.91254-30.31733;2025-05-06
One Love;Санкт-Петербург, Московский просп., 41;59.912544;30.317481;osm-59.91254-30.31748;2025-05-06
Сытый заяц;Санкт-Петербург, ул. Коллонтай, 5/1;59.912538;30.450126;osm-59.91254-30.45013;2025-09-20
Бородино;Санкт-Петербург, Лермонтовский просп., 49;59.912548;30.297821;osm-59.91255-30.29782;2026-08-30
The Locals;Санкт-Петербург, Лермонтовский просп., 49;59.912638;30.297867;osm-59.91264-30.29787;2025-07-07
Крафт;Санкт-Петербург, Московский просп., 41;59.912642;30.317995;osm-59.91264-30.31799;2025-03-27
Frau Müller;Санкт-Петербург, Лиговский просп., 183;59.912710;30.348584;osm-59.91271-30.34858;2025-09-09
Хачапурная;Санкт-Петербург, Лиговский просп., 154;59.912716;30.349476;osm-59.91272-30.34948;2025-05-30
Кебаб;Санкт-Петербург, Лермонтовский просп., 49;59.912751;30.297811;osm-59.91275-30.29781;2026-08-30
Fenestra;Санкт-Петербург, ул. Дровяная, 3А литВ-2;59.912832;30.292224;osm-59.91283-30.29222;2024-12-25
Coffeesutrá;Санкт-Петербург, ул. 11-я Красноармейская, 11 с3;59.912829;30.300670;osm-59.91283-30.30067;2025-06-04
Биография-бар;Санкт-Петербург, ул. Манежная, 8;59.912836;29.765515;osm-59.91284-29.76552;2025-03-01
Биография-бар;Санкт-Петербург, ул. Манежная, 8;59.912938;29.765274;osm-59.91294-29.76527;2025-03-01
Тандыр;Санкт-Петербург, Рижский просп., 70 литА;59.912972;30.270952;osm-59.91297-30.27095;2025-01-08
Bonjour;Санкт-Петербург, Батайский пер., 10;59.913033;30.321307;osm-59.91303-30.32131;2026-09-02
Рамен;Санкт-Петербург, Старо-Петергофский просп., 13/54;59.913177;30.276534;osm-59.91318-30.27653;2025-01-08
Уют;Санкт-Петербург, Старо-Петергофский просп., 13/54;59.913185;30.276764;osm-59.91318-30.27676;2025-01-08
Ялта;Санкт-Петербург, Рижский просп., 52;59.913192;30.278310;osm-59.91319-30.27831;2024-12-21
Cat in Space;Санкт-Петербург, ул. Подольская, 42;59.913217;30.326906;osm-59.91322-30.32691;2025-11-15
Тили-тесто;Санкт-Петербург, Московский просп., 37А;59.913289;30.317721;osm-59.91329-30.31772;2025-03-27
Рябина;Санкт-Петербург, ул. Ломоносова, 14Б;59.913341;29.774352;osm-59.91334-29.77435;2026-07-04
Кофе и Булки;Санкт-Петербург, ул. Воронежская, 54;59.913385;30.346285;osm-59.91338-30.34629;2026-09-10
Шаверма Кебаб;Санкт-Петербург, наб. Обводного канала, 40Г3;59.913375;30.356723;osm-59.91338-30.35672;2026-09-22
Кебаб;Санкт-Петербург, Рижский просп., 35;59.913431;30.277398;osm-59.91343-30.27740;2026-09-22
Нур;Санкт-Петербург, ул. Тамбовская, 6;59.913532;30.354848;osm-59.91353-30.35485;2026-03-30
Будем знакомы;Санкт-Петербург, Рижский просп., 2А;59.913626;30.297276;osm-59.91363-30.29728;2025-04-16
Плов Готов;Санкт-Петербург, наб. Обводного канала, 42;59.913704;30.356222;osm-59.91370-30.35622;2026-09-22
Миконас;Санкт-Петербург, ул. Бронницкая, 19;59.913714;30.323068;osm-59.91371-30.32307;2025-11-05
New Level;Санкт-Петербург, Старо-Петергофский просп., 9Б;59.913719;30.277582;osm-59.91372-30.27758;2026-09-22
Husky bar;Санкт-Петербург, ул. 4-я Красноармейская, 12;59.913752;30.313853;osm-59.91375-30.31385;2025-05-09
Без дна;Санкт-Петербург, Рижский просп., 12;59.913761;30.294826;osm-59.91376-30.29483;2025-01-23
Питание+;Санкт-Петербург, Рижский просп., 10;59.913775;30.295297;osm-59.91378-30.29530;2024-12-24
Чайхана;Санкт-Петербург, ул. 4-я Красноармейская, 2/35;59.913786;30.316879;osm-59.91379-30.31688;2026-06-12
Кебаб;Санкт-Петербург, Рижский просп., 2А;59.913820;30.296680;osm-59.91382-30.29668;2024-12-24
Finch Bakery;Санкт-Петербург, Дальневосточный просп., 12 к2;59.913873;30.439933;osm-59.91387-30.43993;2025-06-20
Шаверма;Санкт-Петербург, Лиговский просп., 161;59.913993;30.349317;osm-59.91399-30.34932;2026-06-05
Кофестория;Санкт-Петербург, ул. Верейская, 40;59.914004;30.328195;osm-59.91400-30.32820;2025-05-13
Кореана;Санкт-Петербург, Рижский просп., 3;59.914007;30.294687;osm-59.91401-30.29469;2024-06-08
Bullpen BAR;Санкт-Петербург, Дальневосточный просп., 12 к2;59.914017;30.440307;osm-59.91402-30.44031;2026-03-08
Coffee Fresh;Санкт-Петербург, Московский просп., 42/27;59.914051;30.319249;osm-59.91405-30.31925;2025-05-10
Елизаветино;Санкт-Петербург, ул. Боровая, 47 к2 литА;59.914052;30.343149;osm-59.91405-30.34315;2025-12-27
пАдвАл;Санкт-Петербург, ул. Тамбовская, 7 к2;59.914097;30.352836;osm-59.91410-30.35284;2026-06-27
Православная трапеза;Санкт-Петербург, Иликовский просп., 1;59.914135;29.762333;osm-59.91414-29.76233;2026-07-13
7 a.m.;Санкт-Петербург, Дальневосточный просп., 12 к2;59.914145;30.440527;osm-59.91414-30.44053;2025-11-15
Православная трапеза;Санкт-Петербург, Иликовский просп., 1;59.914163;29.762302;osm-59.91416-29.76230;2026-07-13
Столовая;Санкт-Петербург, наб. Обводного канала, 46;59.914266;30.353087;osm-59.91427-30.35309;2025-11-20
Кушать подано;Санкт-Петербург, ул. 3-я Красноармейская, 2/31;59.914305;30.317933;osm-59.91430-30.31793;2025-09-09
Ирландец;Санкт-Петербург, Клинский просп., 26/2 литБ;59.914301;30.321368;osm-59.91430-30.32137;2025-05-09
Три богатыря;Санкт-Петербург, ул. Бронницкая, 15;59.914341;30.322386;osm-59.91434-30.32239;2025-11-09
Корица;Санкт-Петербург, ул. Еленинская, 24 к2;59.914346;29.771028;osm-59.91435-29.77103;2026-07-04
U Can;Санкт-Петербург, ул. 3-я Красноармейская, 10;59.914467;30.313759;osm-59.91447-30.31376;2025-05-01
Slurp;Санкт-Петербург, ул. 3-я Красноармейская, 2/31;59.914473;30.317924;osm-59.91447-30.31792;2025-03-27
Barash;Санкт-Петербург, ул. 3-я Красноармейская, 8;59.914483;30.314573;osm-59.91448-30.31457;2025-05-01
Эспланада;Санкт-Петербург, Лиговский просп., 130;59.914498;30.352080;osm-59.91450-30.35208;2026-06-27
Траттория;Санкт-Петербург, ул. 3-я Красноармейская, 2/31;59.914515;30.317165;osm-59.91452-30.31716;2025-05-01
Пышландия;Санкт-Петербург, Лиговский просп., 130;59.914549;30.350643;osm-59.91455-30.35064;2026-09-10
Шаверма и не только;Санкт-Петербург, Московский просп., 40;59.914571;30.318471;osm-59.91457-30.31847;2026-04-17
Чабрец;Санкт-Петербург, просп. Большевиков, 9 к1;59.914569;30.474344;osm-59.91457-30.47434;2024-09-20
Наша кухня;Санкт-Петербург, Клинский просп., 23;59.914597;30.321092;osm-59.91460-30.32109;2024-01-27
Или;Санкт-Петербург, просп. Большевиков, 8 к1;59.914633;30.476190;osm-59.91463-30.47619;2026-03-09
Keep Calm Lounge;Санкт-Петербург, Советский пер., 4 литБ;59.914664;30.311071;osm-59.91466-30.31107;2025-05-08
Шаверма;Санкт-Петербург, Лиговский просп., 130;59.914657;30.351031;osm-59.91466-30.35103;2026-04-23
25/8;Санкт-Петербург, наб. Обводного канала, 53;59.914672;30.357911;osm-59.91467-30.35791;2026-09-23
Сытный домик;Санкт-Петербург, Лиговский просп., 153;59.914684;30.349549;osm-59.91468-30.34955;2026-04-08
Кериа;Санкт-Петербург, ул. Бронницкая, 18;59.914697;30.322836;osm-59.91470-30.32284;2025-05-09
Lazzat;Санкт-Петербург, Рижский просп., 41 литВ;59.914755;30.273197;osm-59.91475-30.27320;2024-05-28
Усы лисы;Санкт-Петербург, Лиговский просп., 153;59.914837;30.349382;osm-59.91484-30.34938;2026-09-10
Верона;Санкт-Петербург, наб. Обводного канала, 59;59.914838;30.357216;osm-59.91484-30.35722;2026-09-28
Карта кофе;Санкт-Петербург, наб. Обводного канала, 61;59.914941;30.356177;osm-59.91494-30.35618;2026-04-23
Ostrovskiy;Санкт-Петербург, ул. Бронницкая, 16 литА;59.915117;30.322841;osm-59.91512-30.32284;2025-05-10
Elton Coffee;Санкт-Петербург, ул. 2-я Красноармейская, 2/27;59.915233;30.317075;osm-59.91523-30.31707;2025-03-27
Пышландия;Санкт-Петербург, ул. Бронницкая, 16 литВ;59.915295;30.321881;osm-59.91530-30.32188;2025-11-14
Сам Пришёл;Санкт-Петербург, ул. Боровая, 42;59.915324;30.344483;osm-59.91532-30.34448;2025-05-22
Зефир;Санкт-Петербург, Измайловский просп., 9/2;59.915334;30.306367;osm-59.91533-30.30637;2024-05-22
Пельмондо;Санкт-Петербург, Измайловский просп., 4;59.915424;30.309637;osm-59.91542-30.30964;2025-05-14
Lucky Pizza;Санкт-Петербург, ул. 2-я Красноармейская, 3;59.915444;30.316353;osm-59.91544-30.31635;2026-05-31
Биография;Санкт-Петербург, ул. 2-я Красноармейская, 9/3;59.915565;30.313879;osm-59.91557-30.31388;2025-05-12
Вдоволь;Санкт-Петербург, Московский просп., 25/1;59.915574;30.317856;osm-59.91557-30.31786;2025-06-10
Точка где вкусно;Санкт-Петербург, Дворцовый просп., 59;59.915663;29.767821;osm-59.91566-29.76782;2026-07-04
Техноложка;Санкт-Петербург, Московский просп., 30;59.915691;30.318412;osm-59.91569-30.31841;2025-03-22
ШаверMax;Санкт-Петербург, ул. 1-я Красноармейская, 8-10 литБ;59.915714;30.314367;osm-59.91571-30.31437;2025-11-15
DNK Coffee;Санкт-Петербург, Троицкий просп., 18;59.915742;30.298942;osm-59.91574-30.29894;2025-05-01
Kimchi to Go;Санкт-Петербург, Измайловский просп., 9/2;59.915754;30.306996;osm-59.91575-30.30700;2026-08-12
Beer Fabrique;Санкт-Петербург, ул. Коллонтай, 6 к1;59.915802;30.450785;osm-59.91580-30.45078;2025-11-15
По бокалам;Санкт-Петербург, Клинский просп., 9;59.915831;30.325311;osm-59.91583-30.32531;2025-05-10
Кофе в Арка;Санкт-Петербург, ул. 1-я Красноармейская, 22;59.915845;30.310907;osm-59.91584-30.31091;2025-12-04
Тили-тесто;Санкт-Петербург, Измайловский просп., 4;59.915861;30.309445;osm-59.91586-30.30945;2026-03-12
Hochu Coffee;Санкт-Петербург, ул. 1-я Красноармейская, 14;59.915878;30.312873;osm-59.91588-30.31287;2025-11-14
Кофеварим;Санкт-Петербург, ул. 1-я Красноармейская, 8-10;59.915922;30.314235;osm-59.91592-30.31424;2025-11-14
У Толстого;Санкт-Петербург, ул. Бронницкая, 10;59.915948;30.321196;osm-59.91595-30.32120;2025-11-14
Fix Food;Санкт-Петербург, ул. 1-я Красноармейская, 2;59.915964;30.317655;osm-59.91596-30.31765;2025-11-14
У Иваныча;Санкт-Петербург, Дворцовый просп., 65А;59.915987;29.763498;osm-59.91599-29.76350;2026-07-22
Трактир на Бронницкой;Санкт-Петербург, ул. Бронницкая, 4 соор1 литК;59.916018;30.320615;osm-59.91602-30.32062;2025-11-05
Пышкин дом;Санкт-Петербург, ул. Первомайская, 3В;59.916071;29.763983;osm-59.91607-29.76398;2026-07-13
Чайхана Аль.Шам;Санкт-Петербург, ул. 1-я Нижняя, 9;59.916089;29.769487;osm-59.91609-29.76949;2025-11-03
Наша столовая;Санкт-Петербург, Троицкий просп., 5;59.916086;30.299288;osm-59.91609-30.29929;2024-11-19
Тупик;Санкт-Петербург, ул. Мельничная, 4 литВ;59.916203;30.395818;osm-59.91620-30.39582;2026-06-24
Тилла;Санкт-Петербург, ул. Бронницкая, 5 литВ;59.916236;30.320375;osm-59.91624-30.32037;2025-11-05
Mr. O;Санкт-Петербург, ул. 1-я Красноармейская, 3-5-7-9 литА;59.916276;30.314369;osm-59.91628-30.31437;2025-08-22
Кебаб;Санкт-Петербург, ул. Подвойского, 29 к1А;59.916290;30.491139;osm-59.91629-30.49114;2025-11-19
Вояж;Санкт-Петербург, Екатерининский пер., 15;59.916316;29.765321;osm-59.91632-29.76532;2026-08-07
Православная трапеза;Санкт-Петербург, Лиговский просп., 128 литБ;59.916340;30.352700;osm-59.91634-30.35270;2024-05-07
Пойду/Поем;Санкт-Петербург, Клинский просп., 2;59.916348;30.328622;osm-59.91635-30.32862;2025-05-09
Пирожковая;Санкт-Петербург, ул. Петербургская, 2/10;59.916371;29.768816;osm-59.91637-29.76882;2026-07-04
Rostic`s Авто;Санкт-Петербург, ул. Бадаева, 2;59.916600;30.454812;osm-59.91660-30.45481;2026-04-09
Апельсин;Санкт-Петербург, ул. Кронштадтская, 2А;59.916837;29.771714;osm-59.91684-29.77171;2026-07-04
Верона лофт;Санкт-Петербург, ул. 1-я Красноармейская, 11 литВ;59.916883;30.311720;osm-59.91688-30.31172;2024-11-14
Кореана light;Санкт-Петербург, ул. 1-я Красноармейская, 1/21 литД;59.916986;30.317631;osm-59.91699-30.31763;2025-06-10
Wahaha;Санкт-Петербург, Загородный просп., 70;59.917169;30.320082;osm-59.91717-30.32008;2025-04-19
Mr. Black;Санкт-Петербург, Загородный просп., 70;59.917176;30.320180;osm-59.91718-30.32018;2025-04-19
235;Санкт-Петербург, Лиговский просп., 141;59.917213;30.351462;osm-59.91721-30.35146;2025-04-17
блюз-млюз;Санкт-Петербург, Лиговский просп., 137;59.917272;30.351510;osm-59.91727-30.35151;2025-04-17
The Lark;Санкт-Петербург, Подъездной пер., 13;59.917376;30.333740;osm-59.91738-30.33374;2025-11-06
Кебаб;Санкт-Петербург, ул. Коллонтай, 12 к1;59.917403;30.457720;osm-59.91740-30.45772;2023-11-01
Город 812;Санкт-Петербург, Державинский пер., 3;59.917407;30.312913;osm-59.91741-30.31291;2025-04-25
Хачапури & Хинкали;Санкт-Петербург, ул. Коллонтай, 12 к1;59.917412;30.457768;osm-59.91741-30.45777;2023-11-01
Вкус ON;Санкт-Петербург, Привокзальная пл., 1 литБ;59.917424;29.771492;osm-59.91742-29.77149;2026-07-04
ShаurMeals;Санкт-Петербург, ул. Коллонтай, 12 к1;59.917457;30.457929;osm-59.91746-30.45793;2024-06-19
Столовая;Санкт-Петербург, ул. Звенигородская, 9;59.917539;30.341831;osm-59.91754-30.34183;2024-04-25
Ам!;Санкт-Петербург, ул. Привокзальная, 1Б;59.917564;29.770708;osm-59.91756-29.77071;2026-07-04
Кебаб;Санкт-Петербург, ул. Коллонтай, 12 к1;59.917595;30.458036;osm-59.91759-30.45804;2024-05-06
Каир;Санкт-Петербург, Лермонтовский просп., 30;59.917609;30.297338;osm-59.91761-30.29734;2026-06-12
Солнечный день;Санкт-Петербург, ул. Садовая, 112-114;59.917681;30.286596;osm-59.91768-30.28660;2024-12-09
Блин Буфет;Санкт-Петербург, ул. Лоцманская, 20 литГ;59.917696;30.278758;osm-59.91770-30.27876;2026-09-22
Шаверма;Санкт-Петербург, ул. Лоцманская, 20;59.917716;30.278189;osm-59.91772-30.27819;2025-03-29
Три реки;Санкт-Петербург, ул. Лоцманская, 20 литГ;59.917747;30.278906;osm-59.91775-30.27891;2024-12-09
Фогель;Санкт-Петербург, ул. Константина Заслонова, 25;59.917774;30.344150;osm-59.91777-30.34415;2026-06-15
Кофешенская;Санкт-Петербург, Лермонтовский просп., 35;59.917932;30.296300;osm-59.91793-30.29630;2025-07-07
Добрый грузин;Санкт-Петербург, Измайловский просп., 5;59.917927;30.307244;osm-59.91793-30.30724;2026-08-04
Сытинъ;Санкт-Петербург, Измайловский просп., 2;59.917968;30.307979;osm-59.91797-30.30798;2026-08-04
Rostic`s Авто;Санкт-Петербург, ул. Зольная, 11;59.917975;30.424073;osm-59.91797-30.42407;2024-10-16
Азия плов;Санкт-Петербург, Лермонтовский просп., 28;59.918066;30.296813;osm-59.91807-30.29681;2024-11-19
Шаверма;Санкт-Петербург, просп. Римского-Корсакова, 107;59.918120;30.280062;osm-59.91812-30.28006;2026-09-22
Табера;Санкт-Петербург, Лермонтовский просп., 31;59.918211;30.296122;osm-59.91821-30.29612;2025-07-07
Два Му;Санкт-Петербург, ул. Садовая, 92;59.918264;30.290973;osm-59.91826-30.29097;2025-10-28
Розелла;Санкт-Петербург, Лермонтовский просп., 26;59.918430;30.296499;osm-59.91843-30.29650;2025-07-09
Квартира №162;Санкт-Петербург, Лиговский просп., 121;59.918427;30.352172;osm-59.91843-30.35217;2024-09-27
Cacao Temple;Санкт-Петербург, ул. Садовая, 109;59.918603;30.287584;osm-59.91860-30.28758;2026-09-22
Подкова;Санкт-Петербург, ул. Звенигородская, 22;59.918626;30.341279;osm-59.91863-30.34128;2026-05-09
Харчевня по-домашнему;Санкт-Петербург, Лермонтовский просп., 24;59.918642;30.296296;osm-59.91864-30.29630;2024-11-19
Десерты, выпечка;Санкт-Петербург, просп. Римского-Корсакова, 103;59.918653;30.281572;osm-59.91865-30.28157;2026-09-22
Хинкальная;Санкт-Петербург, ул. Садовая, 109;59.918665;30.287805;osm-59.91866-30.28780;2026-05-08
Мануфактура;Санкт-Петербург, пер. Макаренко, 12;59.918669;30.299694;osm-59.91867-30.29969;2024-09-04
Golden;Санкт-Петербург, Лермонтовский просп., 27;59.918686;30.295653;osm-59.91869-30.29565;2025-07-07
Tiger Tea;Санкт-Петербург, ул. Марата, 86;59.918869;30.339324;osm-59.91887-30.33932;2025-03-27
Ju Ju's;Санкт-Петербург, просп. Римского-Корсакова, 101;59.918945;30.282202;osm-59.91895-30.28220;2026-05-19
Привет из Батуми;Санкт-Петербург, ул. Садовая, 84;59.919000;30.292451;osm-59.91900-30.29245;2024-12-09
Coffee Crack;Санкт-Петербург, просп. Римского-Корсакова, 97;59.919029;30.282380;osm-59.91903-30.28238;2026-05-19
Перья коня;Санкт-Петербург, Лиговский просп., 110;59.919051;30.353470;osm-59.91905-30.35347;2025-07-14
Смакаф;Санкт-Петербург, ул. Витебская, 31;59.919055;30.275940;osm-59.91906-30.27594;2025-03-29
Джо;Санкт-Петербург, ул. Садовая, 99 литА;59.919098;30.289690;osm-59.91910-30.28969;2026-05-08
Branch garage;Санкт-Петербург, ул. Печатника Григорьева, 12;59.919097;30.350674;osm-59.91910-30.35067;2023-11-06
Grillyard;Санкт-Петербург, наб. канала Грибоедова, 166;59.919106;30.284655;osm-59.91911-30.28466;2024-12-21
Хива;Санкт-Петербург, ул. Садовая, 89;59.919107;30.291553;osm-59.91911-30.29155;2026-05-08
Dolphinwolf;Санкт-Петербург, ул. Боровая, 21;59.919163;30.346401;osm-59.91916-30.34640;2024-03-28
Дорожное;Санкт-Петербург, Загородный просп., 52 литБ;59.919229;30.328447;osm-59.91923-30.32845;2026-05-20
Центроварка;Санкт-Петербург, ул. Садовая, 97;59.919235;30.290289;osm-59.91924-30.29029;2026-05-08
Dublin;Санкт-Петербург, ул. Коллонтай, 18;59.919261;30.464891;osm-59.91926-30.46489;2024-04-15
The spaghetti incident?;Санкт-Петербург, Лиговский просп., 111-113-115 литГ;59.919302;30.352093;osm-59.91930-30.35209;2024-02-28
Фламбе;Санкт-Петербург, наб. канала Грибоедова, 164;59.919334;30.285176;osm-59.91933-30.28518;2024-12-21
Ciderpunk;Санкт-Петербург, ул. Боровая, 26-28;59.919346;30.346982;osm-59.91935-30.34698;2026-06-26
Two Cups;Санкт-Петербург, Лиговский просп., 106;59.919385;30.353710;osm-59.91938-30.35371;2024-12-11
Mon Amour;Санкт-Петербург, ул. Садовая, 83;59.919400;30.292848;osm-59.91940-30.29285;2024-10-30
Magic & Coffee;Санкт-Петербург, наб. реки Фонтанки, 131;59.919407;30.305894;osm-59.91941-30.30589;2026-04-09
Бар в ладах;Санкт-Петербург, ул. Боровая, 19 литБ;59.919579;30.345088;osm-59.91958-30.34509;2024-05-30
Мастер Кебаб;Санкт-Петербург, просп. Большевиков, 2 к1;59.919586;30.471609;osm-59.91959-30.47161;2025-03-22
Хаочи;Санкт-Петербург, Английский просп., 48;59.919614;30.288312;osm-59.91961-30.28831;2025-06-04
Контакт;Санкт-Петербург, Клочков пер., 6 к1;59.919620;30.461778;osm-59.91962-30.46178;2025-08-12
Мишлен;Санкт-Петербург, наб. реки Фонтанки, 127;59.919689;30.307122;osm-59.91969-30.30712;2026-04-09
Федина Дача;Санкт-Петербург, ул. Боровая, 19А;59.919708;30.345424;osm-59.91971-30.34542;2025-04-30
Cocos;Санкт-Петербург, ул. Социалистическая, 21;59.919764;30.346710;osm-59.91976-30.34671;2024-03-28
Cow coffee;Санкт-Петербург, ул. Боровая, 24;59.919800;30.347256;osm-59.91980-30.34726;2024-02-16
Atlas by cuisine;Санкт-Петербург, Транспортный пер., 15;59.919834;30.362610;osm-59.91983-30.36261;2026-09-02
Кофестория;Санкт-Петербург, ул. Боровая, 24;59.919910;30.347319;osm-59.91991-30.34732;2026-06-20
Pastila;Санкт-Петербург, ул. Большая Подьяческая, 34;59.919924;30.305036;osm-59.91992-30.30504;2025-05-02
Tequila-Boom;Санкт-Петербург, наб. реки Фонтанки, 127;59.919923;30.307543;osm-59.91992-30.30754;2025-10-27
Green Fox;Санкт-Петербург, ул. Кременчугская, 19 к2;59.919949;30.370245;osm-59.91995-30.37025;2024-01-19
Soffi Coffee;Санкт-Петербург, ул. Марата, 79;59.920003;30.339821;osm-59.92000-30.33982;2025-05-16
Черный кабан;Санкт-Петербург, ул. Садовая, 73;59.920026;30.295675;osm-59.92003-30.29567;2025-06-10
Delish;Санкт-Петербург, ул. Садовая, 66;59.920119;30.297450;osm-59.92012-30.29745;2025-10-21
Весенний;Санкт-Петербург, просп. Римского-Корсакова, 81;59.920134;30.284763;osm-59.92013-30.28476;2026-05-19
Meren Coffee;Санкт-Петербург, Московский просп., 20;59.920136;30.318186;osm-59.92014-30.31819;2026-09-02
Nothing Fancy;Санкт-Петербург, ул. Социалистическая, 21;59.920141;30.346525;osm-59.92014-30.34652;2025-08-13
Indian Eaters;Санкт-Петербург, ул. Марата, 78 литА;59.920161;30.341628;osm-59.92016-30.34163;2024-12-20
Asiatiq;Санкт-Петербург, наб. реки Фонтанки, 127;59.920173;30.307679;osm-59.92017-30.30768;2025-10-27
Fıstık;Санкт-Петербург, ул. Большая Подьяческая, 39;59.920198;30.304765;osm-59.92020-30.30476;2026-04-09
Джорджия;Санкт-Петербург, ул. Социалистическая, 21;59.920202;30.345053;osm-59.92020-30.34505;2025-08-15
Holder coffee;Санкт-Петербург, ул. Черняховского, 55;59.920254;30.359099;osm-59.92025-30.35910;2025-11-28
Umami shinkansen;Санкт-Петербург, ул. Социалистическая, 21;59.920258;30.346342;osm-59.92026-30.34634;2025-08-20
Столовая;Санкт-Петербург, Московский просп., 20;59.920272;30.318186;osm-59.92027-30.31819;2026-09-02
Shisha;Санкт-Петербург, ул. Черняховского, 55;59.920340;30.359465;osm-59.92034-30.35947;2025-11-28
Le Glamour;Санкт-Петербург, Вознесенский просп., 44-46 литЯ;59.920380;30.308160;osm-59.92038-30.30816;2026-05-15
Салхино;Санкт-Петербург, Вознесенский просп., 55;59.920385;30.307687;osm-59.92039-30.30769;2025-10-27
Prokhorov;Санкт-Петербург, ул. Марата, 77;59.920491;30.341291;osm-59.92049-30.34129;2025-05-16
Баязет;Санкт-Петербург, наб. реки Фонтанки, 112;59.920518;30.315129;osm-59.92052-30.31513;2026-04-09
Плед Твоё Хюгге;Санкт-Петербург, ул. Кременчугская, 17 к2;59.920529;30.370799;osm-59.92053-30.37080;2025-11-06
Camon;Санкт-Петербург, Вознесенский просп., 53;59.920548;30.307692;osm-59.92055-30.30769;2025-10-27
La Cream;Санкт-Петербург, ул. Кременчугская, 17 к2;59.920547;30.370148;osm-59.92055-30.37015;2025-11-06
Парадидл;Санкт-Петербург, ул. Социалистическая, 21;59.920572;30.345754;osm-59.92057-30.34575;2025-08-18
UVA;Санкт-Петербург, ул. Социалистическая, 21;59.920690;30.345548;osm-59.92069-30.34555;2025-08-12
Snapy;Санкт-Петербург, Транспортный пер., 1;59.920708;30.356521;osm-59.92071-30.35652;2024-09-27
teago;Санкт-Петербург, ул. Садовая, 62;59.920802;30.303092;osm-59.92080-30.30309;2024-04-09
Гимназистка;Санкт-Петербург, просп. Римского-Корсакова, 73/33 с1;59.920883;30.286432;osm-59.92088-30.28643;2026-05-19
Camper;Санкт-Петербург, ул. Садовая, 62;59.920890;30.301205;osm-59.92089-30.30120;2025-09-30
The Top Lounge;Санкт-Петербург, Вознесенский просп., 53;59.920928;30.307704;osm-59.92093-30.30770;2025-10-27
Afrasiab;Санкт-Петербург, ул. Боровая, 11-13;59.920935;30.347455;osm-59.92094-30.34746;2025-08-20
Райский сад;Санкт-Петербург, ул. Константина Заслонова, 2;59.920993;30.353816;osm-59.92099-30.35382;2026-03-28
Мостъ;Санкт-Петербург, ул. Садовая, 62;59.921022;30.303556;osm-59.92102-30.30356;2025-10-21
Кимбап;Санкт-Петербург, Вознесенский просп., 53;59.921111;30.307677;osm-59.92111-30.30768;2025-10-27
Тарелка столовая;Санкт-Петербург, Лиговский просп., 84/2 литБ;59.921121;30.355725;osm-59.92112-30.35572;2023-10-31
Кролик, беги!;Санкт-Петербург, ул. Марата, 67/17;59.921235;30.344002;osm-59.92124-30.34400;2025-05-16
Дали;Санкт-Петербург, Дровяной пер., 18 литВ;59.921281;30.284485;osm-59.92128-30.28449;2026-09-22
Laardo;Санкт-Петербург, наб. Крюкова канала, 19;59.921340;30.297030;osm-59.92134-30.29703;2025-05-02
Liman;Санкт-Петербург, ул. Социалистическая, 17;59.921367;30.344445;osm-59.92137-30.34445;2025-05-16
Tootsie;Санкт-Петербург, ул. Звенигородская, 12/17;59.921440;30.337843;osm-59.92144-30.33784;2026-03-28
Шаверма;Санкт-Петербург, просп. Солидарности, 9 к4;59.921438;30.491510;osm-59.92144-30.49151;2025-11-19
Весенний;Санкт-Петербург, наб. реки Фонтанки, 110;59.921455;30.318721;osm-59.92146-30.31872;2024-10-29
Кебаб;Санкт-Петербург, Лиговский просп., 105;59.921528;30.354184;osm-59.92153-30.35418;2025-07-13
Диккенс;Санкт-Петербург, наб. реки Фонтанки, 108;59.921576;30.319150;osm-59.92158-30.31915;2024-10-29
Отдых;Санкт-Петербург, ул. Социалистическая, 20;59.921585;30.345187;osm-59.92159-30.34519;2025-05-16
Кебаб;Санкт-Петербург, ул. Разъезжая, 43;59.921592;30.352465;osm-59.92159-30.35246;2024-05-06
Порт китчен;Санкт-Петербург, Загородный просп., 41-43;59.921647;30.330678;osm-59.92165-30.33068;2026-04-17
Чифальня;Санкт-Петербург, Лиговский просп., 74В;59.921746;30.357144;osm-59.92175-30.35714;2024-02-28
Хинкали Хачапури;Санкт-Петербург, ул. Боровая, 8;59.921759;30.348390;osm-59.92176-30.34839;2025-08-22
Китайский буфет;Санкт-Петербург, Лиговский просп., 72 литБ;59.921772;30.357155;osm-59.92177-30.35715;2024-07-24
Живи вкусно;Санкт-Петербург, ул. Союза Печатников, 28/29;59.921788;30.284721;osm-59.92179-30.28472;2023-11-11
Latte Art;Санкт-Петербург, Лиговский просп., 72 литБ;59.921788;30.357451;osm-59.92179-30.35745;2024-07-24
Akiba;Санкт-Петербург, Лиговский просп., 72 литБ;59.921789;30.357602;osm-59.92179-30.35760;2024-07-24
Efeler Baklava;Санкт-Петербург, наб. Крюкова канала, 17;59.921799;30.297471;osm-59.92180-30.29747;2026-05-19
Maze;Санкт-Петербург, ул. Гороховая, 79;59.921806;30.331083;osm-59.92181-30.33108;2025-09-09
Кебаб;Санкт-Петербург, просп. Пятилеток, 8 к2 литБ;59.921806;30.460569;osm-59.92181-30.46057;2024-01-14
Египетская сила;Санкт-Петербург, Лиговский просп., 74;59.921821;30.355859;osm-59.92182-30.35586;2026-05-07
Yok Kai;Санкт-Петербург, Лиговский просп., 72 литБ;59.921820;30.357417;osm-59.92182-30.35742;2024-07-24
Кофеварим;Санкт-Петербург, ул. Садовая, 58 литБ;59.921846;30.305149;osm-59.92185-30.30515;2026-06-23
Goodfellas;Санкт-Петербург, ул. Марата, 60/7;59.921861;30.347413;osm-59.92186-30.34741;2025-05-18
Green point;Санкт-Петербург, Лиговский просп., 74;59.921873;30.356205;osm-59.92187-30.35620;2024-02-28
Шар-шара;Санкт-Петербург, просп. Пятилеток, 8 к1;59.921884;30.460248;osm-59.92188-30.46025;2024-11-20
Cous-Cous;Санкт-Петербург, ул. Социалистическая, 15;59.921900;30.343519;osm-59.92190-30.34352;2026-03-28
Баланс белого;Санкт-Петербург, Лиговский просп., 74;59.921906;30.355637;osm-59.92191-30.35564;2024-02-28
Трдельник & Кофе;Санкт-Петербург, Кожевенная линия, 32 к2 литК;59.921923;30.249284;osm-59.92192-30.24928;2025-03-23
Изба;Санкт-Петербург, ул. Садовая, 67;59.921935;30.304196;osm-59.92193-30.30420;2026-05-08
Выдержка;Санкт-Петербург, Лиговский просп., 74Б;59.921942;30.355641;osm-59.92194-30.35564;2024-02-28
Багратиони;Санкт-Петербург, ул. Садовая, 67;59.921961;30.304313;osm-59.92196-30.30431;2026-04-09
Kiks;Санкт-Петербург, ул. Марата, 56-58 литБ;59.921989;30.349428;osm-59.92199-30.34943;2024-11-27
SKVORECHNIK;Санкт-Петербург, Лиговский просп., 74О;59.921991;30.356259;osm-59.92199-30.35626;2024-03-11
SKVORECHNIK;Санкт-Петербург, Лиговский просп., 74О;59.922007;30.356247;osm-59.92201-30.35625;2024-03-11
Вираж;Санкт-Петербург, ул. Марата, 56-58 литБ;59.922021;30.349458;osm-59.92202-30.34946;2024-11-27
Rock'n'roll bar;Санкт-Петербург, просп. Пятилеток, 8 к1;59.922023;30.459429;osm-59.92202-30.45943;2024-01-14
Хмель Солод;Санкт-Петербург, ул. Коллонтай, 24 к3;59.922021;30.477102;osm-59.92202-30.47710;2024-09-04
Персия;Санкт-Петербург, ул. Садовая, 67;59.922032;30.304628;osm-59.92203-30.30463;2026-07-14
Ага буузная;Санкт-Петербург, Косая линия, 24/25;59.922059;30.253294;osm-59.92206-30.25329;2026-04-08
Чайный дом;Санкт-Петербург, ул. Тележная, 37 литФ;59.922098;30.384221;osm-59.92210-30.38422;2026-06-23
Ватрушка;Санкт-Петербург, ул. Разъезжая, 39;59.922115;30.351306;osm-59.92211-30.35131;2025-03-22
Чешский Трдельник;Санкт-Петербург, Кожевенная линия, 30;59.922163;30.249918;osm-59.92216-30.24992;2026-01-19
Плов готов;Санкт-Петербург, ул. Разъезжая, 35 литА;59.922190;30.351137;osm-59.92219-30.35114;2025-03-22
Тайяки;Санкт-Петербург, ул. Марата, 59;59.922196;30.347351;osm-59.92220-30.34735;2026-03-28
Коржов;Санкт-Петербург, ул. Звенигородская, 6 литА;59.922213;30.336893;osm-59.92221-30.33689;2025-01-31
Ленинградская пельменная;Санкт-Петербург, ул. Садовая, 65;59.922216;30.305153;osm-59.92222-30.30515;2026-07-14
Хороший тигр;Санкт-Петербург, Вознесенский просп., 45;59.922222;30.307461;osm-59.92222-30.30746;2025-09-21
Günter's;Санкт-Петербург, Вознесенский просп., 45;59.922219;30.307752;osm-59.92222-30.30775;2025-10-27
Кофе и Тепло;Санкт-Петербург, Загородный просп., 39;59.922224;30.332093;osm-59.92222-30.33209;2025-01-20
СССР;Санкт-Петербург, Английский просп., 27;59.922274;30.285135;osm-59.92227-30.28514;2024-12-30
Camorra Isola grande;Санкт-Петербург, Кожевенная линия, 30;59.922291;30.249143;osm-59.92229-30.24914;2025-11-09
Шаверма на углях;Санкт-Петербург, ул. Ворошилова, 3 к1;59.922285;30.444096;osm-59.92229-30.44410;2024-06-12
Манна;Санкт-Петербург, Кожевенная линия, 30;59.922302;30.249442;osm-59.92230-30.24944;2025-05-03
Bar-B-Q;Санкт-Петербург, Загородный просп., 39;59.922303;30.332317;osm-59.92230-30.33232;2026-09-02
Ambar;Санкт-Петербург, Кожевенная линия, 30;59.922324;30.249166;osm-59.92232-30.24917;2023-10-05
Хочу хинкали;Санкт-Петербург, Вознесенский просп., 45;59.922318;30.307279;osm-59.92232-30.30728;2025-09-30
Узбекская кухня;Санкт-Петербург, Косая линия, 24/25;59.922333;30.252448;osm-59.92233-30.25245;2025-05-03
Padre Khinkali;Санкт-Петербург, Кожевенная линия, 32 к2 литЖ;59.922343;30.248392;osm-59.92234-30.24839;2026-06-13
Лавка Хлебосолов;Санкт-Петербург, ул. Правды, 16;59.922336;30.340937;osm-59.92234-30.34094;2025-02-11
Etlon coffe;Санкт-Петербург, Кожевенная линия, 30;59.922353;30.249191;osm-59.92235-30.24919;2026-04-18
Bubble Dzen;Санкт-Петербург, Вознесенский просп., 45;59.922348;30.307410;osm-59.92235-30.30741;2025-09-30
Добрый Грузин;Санкт-Петербург, ул. Марата, 55/5;59.922358;30.347930;osm-59.92236-30.34793;2025-05-16
Corsini;Санкт-Петербург, ул. Мастерская, 9;59.922368;30.288664;osm-59.92237-30.28866;2026-09-22
Мерани;Санкт-Петербург, ул. Разъезжая, 31;59.922446;30.350565;osm-59.92245-30.35056;2025-03-22
DaDaBar;Санкт-Петербург, Кожевенная линия, 30;59.922468;30.249253;osm-59.92247-30.24925;2026-07-03
Кондитерская;Санкт-Петербург, Английский просп., 34;59.922479;30.285844;osm-59.92248-30.28584;2025-10-07
Уют;Санкт-Петербург, Лермонтовский просп., 9/55;59.922492;30.292332;osm-59.92249-30.29233;2025-05-03
Кебаб от шефа;Санкт-Петербург, Лермонтовский просп., 10/53;59.922509;30.292868;osm-59.92251-30.29287;2026-07-14
Entrée;Санкт-Петербург, Никольская пл., 6;59.922508;30.303072;osm-59.92251-30.30307;2026-04-09
M&A;Санкт-Петербург, ул. Садовая, 54 литЯ;59.922512;30.308393;osm-59.92251-30.30839;2026-05-15
Grand Lion;Санкт-Петербург, ул. Садовая, 59 литВ;59.922553;30.306992;osm-59.92255-30.30699;2025-05-24
Мамин Базар;Санкт-Петербург, просп. Римского-Корсакова, 49;59.922561;30.294085;osm-59.92256-30.29408;2026-05-19
Такомания;Санкт-Петербург, Лермонтовский просп., 10/53;59.922571;30.292825;osm-59.92257-30.29283;2026-07-14
Jam Café;Санкт-Петербург, просп. Римского-Корсакова, 22 c3;59.922588;30.295543;osm-59.92259-30.29554;2025-06-06
Лай фу юань;Санкт-Петербург, ул. Звенигородская, 4;59.922604;30.336397;osm-59.92260-30.33640;2025-01-31
Фудтрак;Санкт-Петербург, Кожевенная линия, 32 к8 литП;59.922613;30.248134;osm-59.92261-30.24813;2025-05-10
Шаверма;Санкт-Петербург, ул. Садовая, 59;59.922636;30.307358;osm-59.92264-30.30736;2026-04-09
Фудтрак;Санкт-Петербург, Кожевенная линия, 32 к8 литП;59.922648;30.248173;osm-59.92265-30.24817;2025-05-10
Kilt & Seven Pints;Санкт-Петербург, ул. Социалистическая, 9;59.922667;30.342099;osm-59.92267-30.34210;2025-04-18
Столовая №37;Санкт-Петербург, ул. Гороховая, 69;59.922679;30.330409;osm-59.92268-30.33041;2025-02-11
Soko;Санкт-Петербург, Лиговский просп., 68;59.922682;30.355809;osm-59.92268-30.35581;2025-11-28
Ленинградская пельменная;Санкт-Петербург, Лермонтовский просп., 10/53;59.922710;30.292702;osm-59.92271-30.29270;2026-07-14
City Coffee;Санкт-Петербург, ул. Садовая, 54 литБ;59.922723;30.308804;osm-59.92272-30.30880;2026-05-15
Мой Кутаиси;Санкт-Петербург, наб. реки Фонтанки, 107;59.922770;30.319374;osm-59.92277-30.31937;2026-04-09
Manneken Pis;Санкт-Петербург, Кожевенная линия, 34;59.922788;30.245126;osm-59.92279-30.24513;2026-05-02
Дружба;Санкт-Петербург, ул. Звенигородская, 2/44;59.922806;30.336193;osm-59.92281-30.33619;2025-01-31
Танин рест;Санкт-Петербург, наб. реки Фонтанки, 109;59.922831;30.319019;osm-59.92283-30.31902;2026-04-09
Генацвале;Санкт-Петербург, Лиговский просп., 97;59.922843;30.355137;osm-59.92284-30.35514;2025-02-07
Costero;Санкт-Петербург, Кожевенная линия, 34;59.922848;30.244807;osm-59.92285-30.24481;2026-05-02
Характер кофе;Санкт-Петербург, наб. реки Фонтанки, 109;59.922855;30.318751;osm-59.92285-30.31875;2025-05-19
Umami;Санкт-Петербург, ул. Боровая, 3;59.922855;30.348382;osm-59.92285-30.34838;2026-03-28
Sektor;Санкт-Петербург, наб. реки Фонтанки, 109;59.922859;30.318658;osm-59.92286-30.31866;2025-05-19
Caribbean Coffee;Санкт-Петербург, ул. Гороховая, 66 литА;59.922879;30.330810;osm-59.92288-30.33081;2026-07-01
Дружба;Санкт-Петербург, Лиговский просп., 64-66;59.922900;30.356034;osm-59.92290-30.35603;2025-11-28
Go Japan;Санкт-Петербург, Кожевенная линия, 34;59.922909;30.244500;osm-59.92291-30.24450;2025-08-30
Чёрт побери!;Санкт-Петербург, ул. Марата, 53;59.922944;30.348772;osm-59.92294-30.34877;2025-01-23
OnTap;Санкт-Петербург, Кожевенная линия, 34;59.922956;30.244298;osm-59.92296-30.24430;2026-05-02
Red Stars;Санкт-Петербург, наб. реки Пряжки, 30;59.922957;30.282164;osm-59.92296-30.28216;2026-07-14
Все дома;Санкт-Петербург, Кожевенная линия, 34;59.922997;30.244133;osm-59.92300-30.24413;2026-05-02
Мачты;Санкт-Петербург, Кожевенная линия, 34;59.923033;30.243958;osm-59.92303-30.24396;2026-05-02
Leila;Санкт-Петербург, Кожевенная линия, 34;59.923071;30.243786;osm-59.92307-30.24379;2025-08-31
Romeo's;Санкт-Петербург, просп. Римского-Корсакова, 43;59.923068;30.296404;osm-59.92307-30.29640;2026-05-19
Блестящий;Санкт-Петербург, ул. Марата, 53;59.923092;30.348844;osm-59.92309-30.34884;2026-05-27
Ритмы;Санкт-Петербург, Кожевенная линия, 34;59.923104;30.243620;osm-59.92310-30.24362;2026-05-02
Карелла;Санкт-Петербург, Кожевенная линия, 34;59.923127;30.243488;osm-59.92313-30.24349;2026-05-02
Пойнт 67;Санкт-Петербург, ул. Гороховая, 65;59.923141;30.329706;osm-59.92314-30.32971;2025-02-11
У Гагика;Санкт-Петербург, Лермонтовский просп., 7/12;59.923148;30.291262;osm-59.92315-30.29126;2025-07-07
Пряшка;Санкт-Петербург, Матисов пер., 4 литЗ;59.923191;30.279960;osm-59.92319-30.27996;2026-07-14
Хачапури и вино;Санкт-Петербург, ул. Правды, 9;59.923195;30.341729;osm-59.92319-30.34173;2025-01-31
Сова;Санкт-Петербург, Загородный просп., 42 литВ;59.923199;30.336947;osm-59.92320-30.33695;2025-02-05
Чача & Пури;Санкт-Петербург, ул. Союза Печатников, 19;59.923207;30.289095;osm-59.92321-30.28909;2024-05-28
Ленусь, я всё уберу;Санкт-Петербург, ул. Правды, 12/12;59.923215;30.342473;osm-59.92321-30.34247;2026-04-09
Мидийные личности;Санкт-Петербург, Кожевенная линия, 34;59.923222;30.243276;osm-59.92322-30.24328;2026-05-02
Blasta Coffee;Санкт-Петербург, наб. Крюкова канала, 11;59.923251;30.296250;osm-59.92325-30.29625;2026-05-19
Хинкальная;Санкт-Петербург, ул. Правды, 9;59.923253;30.341603;osm-59.92325-30.34160;2026-05-12
Expert Bar;Санкт-Петербург, ул. Достоевского, 32;59.923265;30.347004;osm-59.92327-30.34700;2025-05-20
Стейки & Вино;Санкт-Петербург, ул. Кременчугская, 9 к1;59.923277;30.369186;osm-59.92328-30.36919;2026-08-01
Усы на пене;Санкт-Петербург, Лиговский просп., 50 литУ;59.923287;30.361000;osm-59.92329-30.36100;2024-02-28
Ararat Wine;Санкт-Петербург, Лермонтовский просп., 8А;59.923322;30.292191;osm-59.92332-30.29219;2025-04-10
Skal!;Санкт-Петербург, ул. Правды, 12/12;59.923367;30.342711;osm-59.92337-30.34271;2025-02-11
Такадая;Санкт-Петербург, Кожевенная линия, 34;59.923395;30.243441;osm-59.92339-30.24344;2026-05-02
La Casa;Санкт-Петербург, ул. Кременчугская, 11 к3;59.923387;30.371523;osm-59.92339-30.37152;2024-03-04
Дружба;Санкт-Петербург, Лермонтовский просп., 7/12;59.923412;30.291102;osm-59.92341-30.29110;2026-09-22
Тёплого Хлеба и Под Одеяло;Санкт-Петербург, ул. Кременчугская, 11 к3;59.923411;30.371765;osm-59.92341-30.37176;2026-07-03
Port Kebab;Санкт-Петербург, Кожевенная линия, 34;59.923422;30.243928;osm-59.92342-30.24393;2023-11-12
Tap 22;Санкт-Петербург, Вознесенский просп., 39;59.923448;30.307838;osm-59.92345-30.30784;2025-02-12
Микеланджело;Санкт-Петербург, ул. Правды, 12/12;59.923465;30.342965;osm-59.92347-30.34296;2025-02-11
Ирис;Санкт-Петербург, ул. Декабристов, 57;59.923497;30.282011;osm-59.92350-30.28201;2024-06-23
Шаверма с локоть;Санкт-Петербург, ул. Разъезжая, 23;59.923515;30.348533;osm-59.92352-30.34853;2024-07-23
Выпечка;Санкт-Петербург, ул. Садовая, 50Б литБ;59.923528;30.310440;osm-59.92353-30.31044;2025-12-25
Piada;Санкт-Петербург, ул. Садовая, 53;59.923546;30.309701;osm-59.92355-30.30970;2026-05-15
PM;Санкт-Петербург, Вознесенский просп., 39;59.923593;30.307841;osm-59.92359-30.30784;2025-02-12
Bella, Ciao!;Санкт-Петербург, ул. Садовая, 53;59.923593;30.309817;osm-59.92359-30.30982;2026-05-15
Екатерина Великая;Санкт-Петербург, ул. Правды, 10;59.923599;30.343183;osm-59.92360-30.34318;2025-02-11
Liberty;Санкт-Петербург, ул. Правды, 7;59.923655;30.342515;osm-59.92365-30.34251;2025-01-31
Cassetta;Санкт-Петербург, Лиговский просп., 56 литБ;59.923666;30.361292;osm-59.92367-30.36129;2026-10-01
Kafana;Санкт-Петербург, наб. Крюкова канала, 9;59.923707;30.295870;osm-59.92371-30.29587;2026-05-19
Пианино;Санкт-Петербург, Лиговский просп., 50 литИ;59.923731;30.361326;osm-59.92373-30.36133;2026-10-01
СССР;Санкт-Петербург, Загородный просп., 40 литА;59.923746;30.336610;osm-59.92375-30.33661;2026-03-28
Корсаков;Санкт-Петербург, ул. Большая Подьяческая, 18;59.923759;30.305637;osm-59.92376-30.30564;2023-11-29
Фунт изюма;Санкт-Петербург, ул. Садовая, 53;59.923758;30.310233;osm-59.92376-30.31023;2026-05-15
Soul;Санкт-Петербург, Вознесенский просп., 39;59.923769;30.307853;osm-59.92377-30.30785;2025-02-12
Петербург Чики;Санкт-Петербург, ул. Достоевского, 28 литБ;59.923772;30.348616;osm-59.92377-30.34862;2025-09-12
Жар-Птица;Санкт-Петербург, Лиговский просп., 89/20;59.923774;30.355974;osm-59.92377-30.35597;2025-07-13
Afrasiab;Санкт-Петербург, Свечной пер., 23/20;59.923781;30.354843;osm-59.92378-30.35484;2025-05-23
Своя комната;Санкт-Петербург, ул. Декабристов, 55;59.923795;30.283286;osm-59.92379-30.28329;2024-07-19
Поддон;Санкт-Петербург, Лиговский просп., 52 литЕ;59.923819;30.361355;osm-59.92382-30.36135;2026-10-01
МаккоЛи;Санкт-Петербург, ул. Союза Печатников, 9/6;59.923827;30.291775;osm-59.92383-30.29178;2026-09-22
Mei Wei;Санкт-Петербург, наб. реки Фонтанки, 96;59.923849;30.325105;osm-59.92385-30.32511;2024-10-29
Куксу;Санкт-Петербург, ул. Правды, 5;59.923879;30.342890;osm-59.92388-30.34289;2025-01-31
Сабатони;Санкт-Петербург, ул. Правды, 8;59.923883;30.343570;osm-59.92388-30.34357;2026-04-09
Анор;Санкт-Петербург, Загородный просп., 38;59.923890;30.337472;osm-59.92389-30.33747;2025-09-09
Анор;Санкт-Петербург, Загородный просп., 38;59.923905;30.337421;osm-59.92390-30.33742;2025-09-09
И тако сойдёт;Санкт-Петербург, ул. Коллонтай, 30 лит. В;59.923903;30.482579;osm-59.92390-30.48258;2025-11-19
Щелкунчик;Санкт-Петербург, ул. Союза Печатников, 8;59.923913;30.293468;osm-59.92391-30.29347;2025-10-24
Кофилин;Санкт-Петербург, наб. Крюкова канала, 9;59.923928;30.295652;osm-59.92393-30.29565;2025-10-24
Три бокала;Санкт-Петербург, просп. Римского-Корсакова, 33;59.923939;30.300525;osm-59.92394-30.30053;2025-10-13
Паб-шаурма;Санкт-Петербург, ул. Гороховая, 56 литА;59.923935;30.329135;osm-59.92394-30.32914;2026-04-09
Сервилия;Санкт-Петербург, просп. Римского-Корсакова, 33;59.923957;30.300614;osm-59.92396-30.30061;2025-10-13
Tiger tea;Санкт-Петербург, Лиговский просп., 58;59.923976;30.357038;osm-59.92398-30.35704;2025-11-29
Кофе&вафли;Санкт-Петербург, ул. Правды, 5;59.923993;30.343087;osm-59.92399-30.34309;2025-01-31
Буни;Санкт-Петербург, ул. Достоевского, 28 литБ;59.923986;30.348352;osm-59.92399-30.34835;2025-05-20
Арго;Санкт-Петербург, наб. Крюкова канала, 7/2;59.924023;30.294900;osm-59.92402-30.29490;2023-10-29
Perbacco;Санкт-Петербург, ул. Садовая, 51;59.924016;30.310853;osm-59.92402-30.31085;2026-05-15
Лендок;Санкт-Петербург, наб. Крюкова канала, 12;59.924034;30.296887;osm-59.92403-30.29689;2024-09-01
Что-то кроме дождя;Санкт-Петербург, просп. Римского-Корсакова, 33;59.924028;30.300954;osm-59.92403-30.30095;2025-09-18
Огурцы;Санкт-Петербург, наб. реки Фонтанки, 96;59.924057;30.325469;osm-59.92406-30.32547;2026-04-09
Инцидент;Санкт-Петербург, Лиговский просп., 50 литБ;59.924062;30.361543;osm-59.92406-30.36154;2026-06-25
Format Coffee;Санкт-Петербург, ул. Правды, 6;59.924077;30.343907;osm-59.92408-30.34391;2026-04-09
Drunk & happy;Санкт-Петербург, ул. Разъезжая, 19;59.924101;30.347089;osm-59.92410-30.34709;2023-11-06
Meren Coffee;Санкт-Петербург, ул. Тележная, 32 c1;59.924102;30.380102;osm-59.92410-30.38010;2026-03-09
Закусочная;Санкт-Петербург, ул. Декабристов, 51;59.924124;30.284777;osm-59.92412-30.28478;2024-06-23
Синяя птица;Санкт-Петербург, ул. Садовая, 51;59.924124;30.311127;osm-59.92412-30.31113;2026-05-15
Плов сити;Санкт-Петербург, Загородный просп., 36;59.924142;30.337693;osm-59.92414-30.33769;2026-03-28
Стрит фуд 48;Санкт-Петербург, ул. Марата, 48;59.924142;30.351115;osm-59.92414-30.35112;2025-03-22
Пекинский Сад;Санкт-Петербург, ул. Таллинская, 11;59.924144;30.415010;osm-59.92414-30.41501;2024-05-30
Мандрагора;Санкт-Петербург, ул. Правды, 4;59.924153;30.344039;osm-59.92415-30.34404;2026-04-09
Тройка;Санкт-Петербург, Загородный просп., 27;59.924162;30.337021;osm-59.92416-30.33702;2026-03-28
Прорубь;Санкт-Петербург, Английский просп., 26;59.924177;30.284277;osm-59.92418-30.28428;2025-03-11
Департамент кофе;Санкт-Петербург, наб. Крюкова канала, 7/2;59.924190;30.295468;osm-59.92419-30.29547;2026-05-19
Парадная;Санкт-Петербург, просп. Римского-Корсакова, 12;59.924253;30.303891;osm-59.92425-30.30389;2023-11-05
Кореана light;Санкт-Петербург, Лиговский просп., 85;59.924276;30.356291;osm-59.92428-30.35629;2025-02-07
Катушка;Санкт-Петербург, Кожевенная линия, 40;59.924329;30.241901;osm-59.92433-30.24190;2025-08-30
Tandoor & grill;Санкт-Петербург, ул. Декабристов, 49;59.924326;30.285671;osm-59.92433-30.28567;2024-06-23
Мангал & гриль;Санкт-Петербург, наб. реки Фонтанки, 92 литБ;59.924325;30.327171;osm-59.92433-30.32717;2024-10-29
Afrasiab;Санкт-Петербург, ул. Большая Подьяческая, 19;59.924337;30.304859;osm-59.92434-30.30486;2025-10-13
Mntn;Санкт-Петербург, Кожевенная линия, 40 литБ;59.924349;30.240858;osm-59.92435-30.24086;2023-11-18
Аладдин;Санкт-Петербург, Московский просп., 4А к1;59.924359;30.321152;osm-59.92436-30.32115;2023-12-17
Леденец;Санкт-Петербург, ул. Марата, 47;59.924373;30.350662;osm-59.92437-30.35066;2026-03-28
Britishbro coffee;Санкт-Петербург, Невский просп., 173;59.924366;30.382613;osm-59.92437-30.38261;2024-07-06
Старый город;Санкт-Петербург, ул. Достоевского, 26;59.924404;30.348920;osm-59.92440-30.34892;2025-05-20
Капуста;Санкт-Петербург, Московский просп., 4А к1;59.924407;30.321051;osm-59.92441-30.32105;2023-12-17
The Répa;Санкт-Петербург, Театральная пл., 18;59.924416;30.296449;osm-59.92442-30.29645;2026-05-19
Crispy Pizza;Санкт-Петербург, Кожевенная линия, 40;59.924427;30.241642;osm-59.92443-30.24164;2025-08-30
Red Morrison;Санкт-Петербург, Английский просп., 26;59.924433;30.284113;osm-59.92443-30.28411;2025-01-07
Тройка;Санкт-Петербург, Загородный просп., 27;59.924430;30.337208;osm-59.92443-30.33721;2026-03-28
Umami;Санкт-Петербург, ул. Разъезжая, 20;59.924433;30.346982;osm-59.92443-30.34698;2025-05-23
Чешский Трдельник;Санкт-Петербург, Кожевенная линия, 40 литБ;59.924435;30.240980;osm-59.92444-30.24098;2026-06-13
Афрасиаб;Санкт-Петербург, наб. реки Фонтанки, 91;59.924448;30.323839;osm-59.92445-30.32384;2025-09-09
Black Crow;Санкт-Петербург, ул. Правды, 4;59.924454;30.344519;osm-59.92445-30.34452;2026-04-09
Консерватор;Санкт-Петербург, просп. Римского-Корсакова, 3;59.924457;30.310690;osm-59.92446-30.31069;2025-09-17
Mad Espresso Team;Санкт-Петербург, просп. Римского-Корсакова, 3;59.924459;30.310848;osm-59.92446-30.31085;2025-09-17
Азалия;Санкт-Петербург, просп. Римского-Корсакова, 1;59.924462;30.311362;osm-59.92446-30.31136;2026-04-09
London;Санкт-Петербург, просп. Римского-Корсакова, 1;59.924459;30.311830;osm-59.92446-30.31183;2026-04-09
Андижан;Санкт-Петербург, Московский просп., 8;59.924473;30.317932;osm-59.92447-30.31793;2025-05-19
Panda-Pancakes;Санкт-Петербург, ул. Ефимова, 3 литЖ;59.924470;30.321312;osm-59.92447-30.32131;2023-12-17
Танмен;Санкт-Петербург, ул. Ефимова, 5;59.924483;30.322793;osm-59.92448-30.32279;2026-04-09
MNTN Coffee;Санкт-Петербург, Кожевенная линия, 40 литБ;59.924494;30.240791;osm-59.92449-30.24079;2026-05-02
Hot dog;Санкт-Петербург, Кожевенная линия, 40 литБ;59.924508;30.240743;osm-59.92451-30.24074;2026-05-02
Мама домой загонит;Санкт-Петербург, Кожевенная линия, 40;59.924506;30.241491;osm-59.92451-30.24149;2025-08-30
Молли;Санкт-Петербург, Лиговский просп., 83;59.924507;30.356431;osm-59.92451-30.35643;2025-09-12
Бакинский дворик;Санкт-Петербург, ул. Гороховая, 52;59.924517;30.328284;osm-59.92452-30.32828;2025-01-21
Kimchi to go;Санкт-Петербург, ул. Ефимова, 3 литЖ;59.924529;30.321576;osm-59.92453-30.32158;2023-12-17
Petra;Санкт-Петербург, Кожевенная линия, 40;59.924536;30.241397;osm-59.92454-30.24140;2025-08-30
Streat;Санкт-Петербург, ул. Декабристов, 43-45;59.924555;30.286692;osm-59.92455-30.28669;2024-09-30
Killfish 2.0;Санкт-Петербург, Загородный просп., 32;59.924561;30.338723;osm-59.92456-30.33872;2026-03-28
Усы лисы;Санкт-Петербург, Московский просп., 4А к1;59.924588;30.320910;osm-59.92459-30.32091;2023-12-17
Arij;Санкт-Петербург, ул. Ефимова, 3 литЖ;59.924605;30.321431;osm-59.92460-30.32143;2023-12-27
Le Chat;Санкт-Петербург, ул. Ефимова, 6;59.924606;30.323070;osm-59.92461-30.32307;2025-01-31
Kimchi to go;Санкт-Петербург, Загородный просп., 21-23;59.924606;30.338141;osm-59.92461-30.33814;2026-03-28
Churros, Baby?;Санкт-Петербург, Кожевенная линия, 40;59.924619;30.240489;osm-59.92462-30.24049;2026-05-02
Фэн Вэй;Санкт-Петербург, Московский просп., 7 литА;59.924630;30.317291;osm-59.92463-30.31729;2023-11-24
Чайная ложка;Санкт-Петербург, ул. Ефимова, 3 литЖ;59.924646;30.321347;osm-59.92465-30.32135;2023-12-17
Чайхана;Санкт-Петербург, ул. Коллонтай, 39;59.924647;30.488401;osm-59.92465-30.48840;2025-01-30
Hustle Lounge Bar;Санкт-Петербург, Лиговский просп., 83;59.924677;30.356540;osm-59.92468-30.35654;2024-02-28
BonAR'T;Санкт-Петербург, наб. реки Пряжки, 3/1;59.924720;30.279611;osm-59.92472-30.27961;2026-07-14
Пальмира;Санкт-Петербург, ул. Декабристов, 39;59.924718;30.287437;osm-59.92472-30.28744;2025-11-25
Megapolis-bar;Санкт-Петербург, Новочеркасский просп., 49/20;59.924716;30.415280;osm-59.92472-30.41528;2025-11-17
Coffee Beans;Санкт-Петербург, Московский просп., 7 литА;59.924725;30.317284;osm-59.92473-30.31728;2023-11-24
Bros Burritos;Санкт-Петербург, Кожевенная линия, 40;59.924743;30.240780;osm-59.92474-30.24078;2026-05-02
Хижина;Санкт-Петербург, ул. Правды, 1/11 литД;59.924739;30.344084;osm-59.92474-30.34408;2025-01-31
Рид;Санкт-Петербург, ул. Декабристов, 39;59.924766;30.287642;osm-59.92477-30.28764;2024-09-30
maSKa;Санкт-Петербург, ул. Декабристов, 46;59.924773;30.289133;osm-59.92477-30.28913;2026-08-10
Blinchik;Санкт-Петербург, Кожевенная линия, 40;59.924789;30.240713;osm-59.92479-30.24071;2026-05-02
Kazan-mangal;Санкт-Петербург, Кожевенная линия, 40 литЕ;59.924842;30.239555;osm-59.92484-30.23955;2026-06-26
Домашний вкус;Санкт-Петербург, ул. Садовая, 49;59.924844;30.312806;osm-59.92484-30.31281;2026-04-09
Переговорная;Санкт-Петербург, Лиговский просп., 50к3;59.924843;30.359972;osm-59.92484-30.35997;2026-10-01
INSIDE;Санкт-Петербург, ул. Правды, 1/11 литД;59.924847;30.343967;osm-59.92485-30.34397;2025-03-15
Чайковский;Санкт-Петербург, ул. Глинки, 11;59.924855;30.297553;osm-59.92486-30.29755;2025-02-20
Шаверма микс;Санкт-Петербург, ул. Садовая, 48;59.924880;30.313686;osm-59.92488-30.31369;2026-05-15
Easy Hummus;Санкт-Петербург, Кожевенная линия, 40;59.924894;30.240475;osm-59.92489-30.24047;2024-01-07
Drink drank drunk;Санкт-Петербург, Лиговский просп., 50 литД;59.924892;30.362213;osm-59.92489-30.36221;2024-02-28
Code 505;Санкт-Петербург, ул. Александра Невского, 2;59.924887;30.382437;osm-59.92489-30.38244;2024-03-04
Coffee Express;Санкт-Петербург, ул. Декабристов, 46;59.924900;30.289695;osm-59.92490-30.28969;2026-08-10
ХачапуриКо;Санкт-Петербург, Английский просп., 22;59.924918;30.283797;osm-59.92492-30.28380;2025-01-07
Хлебосолов;Санкт-Петербург, Московский просп., 7 литА;59.924924;30.317269;osm-59.92492-30.31727;2023-11-24
Pio al Porto;Санкт-Петербург, Кожевенная линия, 40 литЕ;59.924929;30.239769;osm-59.92493-30.23977;2023-10-28
INSIDE;Санкт-Петербург, ул. Правды, 1/11 литД;59.924951;30.344049;osm-59.92495-30.34405;2025-03-15
Пиворама;Санкт-Петербург, пл. Александра Невского, 2;59.924961;30.387406;osm-59.92496-30.38741;2024-01-07
Веган Пирамида;Санкт-Петербург, Московский просп., 5 литБ;59.924985;30.317265;osm-59.92498-30.31726;2023-11-24
Кебаб;Санкт-Петербург, Лиговский просп., 52 литА;59.924978;30.359285;osm-59.92498-30.35928;2026-10-01
Krng corp;Санкт-Петербург, Кожевенная линия, 40Д;59.925007;30.241105;osm-59.92501-30.24111;2023-11-26
Dog's nose;Санкт-Петербург, ул. Разъезжая, 11;59.925092;30.344614;osm-59.92509-30.34461;2024-12-26
Мостик;Санкт-Петербург, наб. канала Грибоедова, 102;59.925117;30.302308;osm-59.92512-30.30231;2024-06-22
Мясо&Лаваш;Санкт-Петербург, ул. Разъезжая, 11;59.925122;30.344548;osm-59.92512-30.34455;2024-12-26
Кебаб;Санкт-Петербург, ул. Миргородская, 20;59.925155;30.373367;osm-59.92515-30.37337;2025-06-13
КрутоВкусно;Санкт-Петербург, Московский просп., 4;59.925179;30.318188;osm-59.92518-30.31819;2025-05-19
Белла;Санкт-Петербург, Лиговский просп., 75-77;59.925183;30.356865;osm-59.92518-30.35686;2025-09-12
Dobraw;Санкт-Петербург, ул. Ефимова, 3 литС;59.925195;30.320245;osm-59.92520-30.32024;2024-01-09
Пельмения;Санкт-Петербург, ул. Разъезжая, 10;59.925234;30.345185;osm-59.92523-30.34519;2025-05-23
Simple;Санкт-Петербург, ул. Коломенская, 11;59.925251;30.354229;osm-59.92525-30.35423;2025-09-08
Donner City;Санкт-Петербург, Загородный просп., 17;59.925263;30.339796;osm-59.92526-30.33980;2025-05-29
Ю-ми;Санкт-Петербург, ул. Разъезжая, 10/15;59.925276;30.344839;osm-59.92528-30.34484;2025-05-23
Salty;Санкт-Петербург, ул. Миргородская, 20;59.925298;30.373608;osm-59.92530-30.37361;2025-12-30
Онтроме;Санкт-Петербург, пл. Александра Невского, 2 литЕ;59.925323;30.387496;osm-59.92532-30.38750;2024-03-04
Luxor;Санкт-Петербург, ул. Садовая, 44;59.925326;30.315595;osm-59.92533-30.31559;2025-01-14
Сангизар;Санкт-Петербург, Московский просп., 4;59.925332;30.317846;osm-59.92533-30.31785;2025-09-19
Зоо кафе;Санкт-Петербург, ул. Ефимова, 3А литД;59.925328;30.321095;osm-59.92533-30.32109;2025-02-10
Сказка;Санкт-Петербург, ул. Миргородская, 1Б литЖ;59.925340;30.368588;osm-59.92534-30.36859;2025-10-14
Хочу шашлык;Санкт-Петербург, ул. Садовая, 44;59.925365;30.315534;osm-59.92536-30.31553;2026-04-09
Boloto;Санкт-Петербург, ул. Коломенская, 9;59.925389;30.354317;osm-59.92539-30.35432;2025-09-08
Лаваш Кебаб;Санкт-Петербург, Новочеркасский просп., 40;59.925438;30.416050;osm-59.92544-30.41605;2026-03-29
Killfish;Санкт-Петербург, ул. Садовая, 45;59.925455;30.314305;osm-59.92545-30.31431;2026-07-20
Paulsen;Санкт-Петербург, наб. канала Грибоедова, 109/8;59.925467;30.300279;osm-59.92547-30.30028;2024-06-16
Toscana grill;Санкт-Петербург, ул. Садовая, 47;59.925466;30.313605;osm-59.92547-30.31360;2026-05-15
Toscana grill;Санкт-Петербург, ул. Садовая, 47;59.925469;30.313706;osm-59.92547-30.31371;2026-05-15
#Кофейня №1;Санкт-Петербург, наб. канала Грибоедова, 62;59.925468;30.315066;osm-59.92547-30.31507;2026-04-09
Lambic;Санкт-Петербург, Загородный просп., 24;59.925472;30.341039;osm-59.92547-30.34104;2025-05-01
Popravka;Санкт-Петербург, Лиговский просп., 50 литЦ;59.925470;30.361452;osm-59.92547-30.36145;2024-02-28
Craft Beer Shop;Санкт-Петербург, Московский просп., 1/2;59.925479;30.316775;osm-59.92548-30.31677;2026-04-09
Cristal;Санкт-Петербург, Синопская наб., 10;59.925483;30.389653;osm-59.92548-30.38965;2026-06-23
Учкудук;Санкт-Петербург, ул. Садовая, 44;59.925486;30.315345;osm-59.92549-30.31535;2026-06-12
Vsrat Coffee;Санкт-Петербург, ул. Садовая, 45/62;59.925505;30.315219;osm-59.92551-30.31522;2026-04-09
Тамада;Санкт-Петербург, Невский просп., 151;59.925512;30.379504;osm-59.92551-30.37950;2025-10-17
Cafe People;Санкт-Петербург, Загородный просп., 15;59.925533;30.340423;osm-59.92553-30.34042;2026-03-28
Бистро;Санкт-Петербург, Новочеркасский просп., 40;59.925533;30.415934;osm-59.92553-30.41593;2026-03-29
Laudes;Санкт-Петербург, ул. Разъезжая, 3;59.925560;30.343449;osm-59.92556-30.34345;2025-09-09
Линдфорс;Санкт-Петербург, ул. Декабристов, 33;59.925574;30.291220;osm-59.92557-30.29122;2024-09-30
Old Whale;Санкт-Петербург, Загородный просп., 24;59.925575;30.341307;osm-59.92558-30.34131;2025-05-01
Тили-тесто;Санкт-Петербург, ул. Декабристов, 36/1;59.925611;30.292840;osm-59.92561-30.29284;2025-04-10
Five Star;Санкт-Петербург, ул. Садовая, 42;59.925606;30.315503;osm-59.92561-30.31550;2026-09-09
Ramen shifu;Санкт-Петербург, наб. канала Грибоедова, 62;59.925629;30.314717;osm-59.92563-30.31472;2026-07-14
Честный бургер;Санкт-Петербург, наб. канала Грибоедова, 66;59.925638;30.312747;osm-59.92564-30.31275;2024-07-26
Тайяки;Санкт-Петербург, пер. Бринько, 2;59.925642;30.316329;osm-59.92564-30.31633;2026-05-15
Дабл дак;Санкт-Петербург, Загородный просп., 24;59.925637;30.341458;osm-59.92564-30.34146;2026-07-25
Мансарда;Санкт-Петербург, ул. Марата, 34 литБ;59.925663;30.353076;osm-59.92566-30.35308;2025-09-07
Гоа;Санкт-Петербург, ул. Декабристов, 31;59.925668;30.291634;osm-59.92567-30.29163;2025-06-20
Порто Мальтезе;Санкт-Петербург, ул. Гороховая, 57;59.925673;30.326013;osm-59.92567-30.32601;2026-07-20
1848;Санкт-Петербург, наб. канала Грибоедова, 70;59.925693;30.312314;osm-59.92569-30.31231;2024-06-17
Новая столовая;Санкт-Петербург, Московский просп., 4;59.925694;30.317821;osm-59.92569-30.31782;2025-09-15
Мама рада;Санкт-Петербург, ул. Ефимова, 3 литС;59.925690;30.320563;osm-59.92569-30.32056;2025-11-26
Mr India;Санкт-Петербург, ул. Разъезжая, 1;59.925697;30.343094;osm-59.92570-30.34309;2025-11-21
TBLS;Санкт-Петербург, ул. Большая Московская, 11;59.925703;30.345982;osm-59.92570-30.34598;2025-01-31
Save My Day;Санкт-Петербург, наб. канала Грибоедова, 107/6;59.925708;30.300107;osm-59.92571-30.30011;2024-06-16
Bristol;Санкт-Петербург, ул. Марата, 34;59.925710;30.352182;osm-59.92571-30.35218;2025-09-08
Опера;Санкт-Петербург, ул. Декабристов, 31;59.925720;30.291864;osm-59.92572-30.29186;2024-11-15
Healthy Conscience;Санкт-Петербург, ул. Марата, 35;59.925724;30.351208;osm-59.92572-30.35121;2025-03-25
Новая столовая;Санкт-Петербург, Московский просп., 4;59.925741;30.317878;osm-59.92574-30.31788;2025-09-15
Gussi;Санкт-Петербург, ул. Тележная, 15;59.925747;30.374150;osm-59.92575-30.37415;2025-12-30
My friends;Санкт-Петербург, ул. Большая Подьяческая, 7;59.925788;30.305340;osm-59.92579-30.30534;2023-11-20
Шайка-лейка;Санкт-Петербург, ул. Достоевского, 9А;59.925821;30.349573;osm-59.92582-30.34957;2024-09-22
Ganesha;Санкт-Петербург, пер. Бринько, 2;59.925834;30.316687;osm-59.92583-30.31669;2026-05-15
Chill Tea;Санкт-Петербург, ул. Садовая, 42;59.925844;30.315990;osm-59.92584-30.31599;2026-09-09
Настоятель;Санкт-Петербург, ул. Гороховая, 57;59.925843;30.325759;osm-59.92584-30.32576;2026-04-10
Лаборатория 31;Санкт-Петербург, ул. Марата, 35;59.925845;30.351619;osm-59.92585-30.35162;2026-03-28
Белый волк;Санкт-Петербург, ул. Достоевского, 10;59.925858;30.349948;osm-59.92586-30.34995;2025-11-20
У Гоши;Санкт-Петербург, ул. Садовая, 42;59.925869;30.316069;osm-59.92587-30.31607;2026-09-09
FermA;Санкт-Петербург, пер. Бринько, 2;59.925870;30.316624;osm-59.92587-30.31662;2026-05-15
Met Tea;Санкт-Петербург, ул. Садовая, 43;59.925893;30.315327;osm-59.92589-30.31533;2025-09-30
Fix Food;Санкт-Петербург, Сенная пл., 6;59.925895;30.317834;osm-59.92589-30.31783;2025-09-19
BroS BurritoS;Санкт-Петербург, ул. Гороховая, 57;59.925902;30.325672;osm-59.92590-30.32567;2026-04-10
Waterzooi;Санкт-Петербург, ул. Ефимова, 3;59.925908;30.319767;osm-59.92591-30.31977;2025-02-10
Кебаб хаус;Санкт-Петербург, ул. Садовая, 42;59.925915;30.316160;osm-59.92592-30.31616;2026-05-15
3 Гнома;Санкт-Петербург, ул. Гороховая, 50;59.925922;30.326873;osm-59.92592-30.32687;2026-07-20
Жара;Санкт-Петербург, Загородный просп., 20;59.925922;30.342177;osm-59.92592-30.34218;2025-05-01
Лавка Хлебосолов;Санкт-Петербург, Свечной пер., 2/12;59.925915;30.346962;osm-59.92592-30.34696;2026-04-09
Шаверма от Салама;Санкт-Петербург, ул. Декабристов, 29;59.925927;30.292807;osm-59.92593-30.29281;2025-04-10
Waterzooi;Санкт-Петербург, ул. Ефимова, 3;59.925938;30.319927;osm-59.92594-30.31993;2025-02-10
Меконг;Санкт-Петербург, ул. Садовая, 39-41;59.925946;30.316523;osm-59.92595-30.31652;2026-05-15
Лавка Хлебосолов;Санкт-Петербург, Загородный просп., 20;59.925965;30.342302;osm-59.92596-30.34230;2025-04-10
М11;Санкт-Петербург, ул. Марата, 35;59.925967;30.351688;osm-59.92597-30.35169;2026-03-28
КБТ;Санкт-Петербург, ул. Декабристов, 29;59.925983;30.293055;osm-59.92598-30.29305;2025-04-10
Wood;Санкт-Петербург, ул. Марата, 34;59.925981;30.352298;osm-59.92598-30.35230;2025-09-08
За углом;Санкт-Петербург, Загородный просп., 18;59.925991;30.343065;osm-59.92599-30.34306;2025-05-23
Kos.place;Санкт-Петербург, ул. Бородинская, 2/86;59.926001;30.330948;osm-59.92600-30.33095;2026-07-26
Контакт;Санкт-Петербург, ул. Садовая, 41;59.926009;30.315596;osm-59.92601-30.31560;2026-05-15
Giros;Санкт-Петербург, ул. Гороховая, 50;59.926012;30.326057;osm-59.92601-30.32606;2026-07-20
Antrakt;Санкт-Петербург, наб. канала Грибоедова, 105;59.926032;30.299953;osm-59.92603-30.29995;2024-06-16
Leon Coffee;Санкт-Петербург, Сенная пл., 6;59.926054;30.317828;osm-59.92605-30.31783;2025-09-15
ChaPanda;Санкт-Петербург, ул. Марата, 33;59.926056;30.351752;osm-59.92606-30.35175;2026-03-28
Шаверма Mix;Санкт-Петербург, ул. Ефимова, 1/4;59.926086;30.319817;osm-59.92609-30.31982;2025-02-10
Хачо и Пури;Санкт-Петербург, Загородный просп., 13;59.926116;30.341936;osm-59.92612-30.34194;2026-07-03
Ichiraku Ramen;Санкт-Петербург, Лиговский просп., 71;59.926125;30.357459;osm-59.92612-30.35746;2026-10-01
Кашмир;Санкт-Петербург, ул. Большая Московская, 7;59.926133;30.346703;osm-59.92613-30.34670;2026-05-09
Akiba Izakaya;Санкт-Петербург, ул. Гороховая, 49 литБ;59.926153;30.322683;osm-59.92615-30.32268;2025-02-28
Пышечка;Санкт-Петербург, наб. канала Грибоедова, 56-58;59.926181;30.315321;osm-59.92618-30.31532;2026-05-15
Агния;Санкт-Петербург, Столярный пер., 13;59.926238;30.312910;osm-59.92624-30.31291;2024-09-28
Бардюр;Санкт-Петербург, Загородный просп., 18;59.926243;30.343003;osm-59.92624-30.34300;2026-03-28
Белый налив;Санкт-Петербург, ул. Гороховая, 49 литБ;59.926246;30.322851;osm-59.92625-30.32285;2025-02-28
Мангал & Гриль;Санкт-Петербург, ул. Достоевского, 6;59.926264;30.350140;osm-59.92626-30.35014;2025-11-20
Просто бар;Санкт-Петербург, ул. Коломенская, 3;59.926276;30.354898;osm-59.92628-30.35490;2026-06-25
Bistro & Vkusno;Санкт-Петербург, Невский просп., 85 литАМ;59.926294;30.366807;osm-59.92629-30.36681;2026-07-07
Гранатовый сок;Санкт-Петербург, ул. Ефимова, 2;59.926303;30.320578;osm-59.92630-30.32058;2025-10-25
Ukusno;Санкт-Петербург, Столярный пер., 13;59.926313;30.312824;osm-59.92631-30.31282;2024-09-28
Тамарбургер;Санкт-Петербург, ул. Гороховая, 49 литБ;59.926306;30.322954;osm-59.92631-30.32295;2025-02-28
Brew & Bite;Санкт-Петербург, Загородный просп., 13;59.926332;30.341760;osm-59.92633-30.34176;2025-05-27
Перекрёсток;Санкт-Петербург, ул. Ефимова, 2;59.926354;30.320692;osm-59.92635-30.32069;2025-10-25
Cuppa;Санкт-Петербург, наб. реки Фонтанки, 82/1;59.926372;30.331714;osm-59.92637-30.33171;2025-02-10
Babe's Bakery;Санкт-Петербург, ул. Марата, 30;59.926373;30.352551;osm-59.92637-30.35255;2025-09-08
Пельмени и выпечка;Санкт-Петербург, Красноградский пер., 5;59.926376;30.307039;osm-59.92638-30.30704;2024-06-17
Горький;Санкт-Петербург, ул. Гороховая, 49 литБ;59.926381;30.323085;osm-59.92638-30.32308;2025-02-28
Terki;Санкт-Петербург, Театральная пл., 4;59.926386;30.299055;osm-59.92639-30.29905;2024-06-16
Asteria;Санкт-Петербург, наб. реки Фонтанки, 71;59.926387;30.328921;osm-59.92639-30.32892;2026-07-20
Luminous;Санкт-Петербург, Загородный просп., 13;59.926385;30.341606;osm-59.92639-30.34161;2026-07-03
Frank;Санкт-Петербург, Загородный просп., 13;59.926409;30.342207;osm-59.92641-30.34221;2026-04-17
Ресторан по-домашнему;Санкт-Петербург, ул. Гороховая, 49 литБ;59.926429;30.322428;osm-59.92643-30.32243;2025-03-01
Хадсон;Санкт-Петербург, Загородный просп., 11;59.926426;30.342624;osm-59.92643-30.34262;2025-05-27
Хаочи;Санкт-Петербург, наб. Крюкова канала, 8;59.926443;30.295055;osm-59.92644-30.29506;2025-04-10
Хадсон;Санкт-Петербург, Загородный просп., 11;59.926453;30.342665;osm-59.92645-30.34267;2025-05-27
Guggenheim;Санкт-Петербург, ул. Гороховая, 49 литБ;59.926458;30.323216;osm-59.92646-30.32322;2025-02-28
Moo Moo;Санкт-Петербург, Лиговский просп., 44 литБ;59.926472;30.358775;osm-59.92647-30.35878;2024-01-23
Северянин;Санкт-Петербург, Столярный пер., 16;59.926478;30.313065;osm-59.92648-30.31307;2026-07-11
Leth;Санкт-Петербург, наб. реки Фонтанки, 82/1;59.926476;30.331917;osm-59.92648-30.33192;2026-07-26
Doris Fragments;Санкт-Петербург, Невский просп., 127 литВ;59.926515;30.373744;osm-59.92652-30.37374;2026-03-28
Tea Time;Санкт-Петербург, ул. Ефимова, 2;59.926529;30.320301;osm-59.92653-30.32030;2024-08-09
Moo Moo;Санкт-Петербург, Лиговский просп., 44 литБ;59.926539;30.358746;osm-59.92654-30.35875;2024-01-23
Все любят плов;Санкт-Петербург, ул. Гороховая, 46;59.926579;30.325091;osm-59.92658-30.32509;2026-07-20
Подстреленная гусыня;Санкт-Петербург, ул. Ломоносова, 28;59.926578;30.341669;osm-59.92658-30.34167;2026-07-03
Пёрпл;Санкт-Петербург, ул. Гороховая, 53;59.926587;30.324506;osm-59.92659-30.32451;2025-01-20
Дом грузинского вина;Санкт-Петербург, Невский просп., 166;59.926588;30.377608;osm-59.92659-30.37761;2024-09-12
Shawatel;Санкт-Петербург, Кузнечный пер., 19-21;59.926598;30.357155;osm-59.92660-30.35715;2026-08-30
Shamrock;Санкт-Петербург, ул. Декабристов, 27;59.926605;30.295759;osm-59.92661-30.29576;2026-05-19
Бекицер;Санкт-Петербург, Загородный просп., 11;59.926608;30.342684;osm-59.92661-30.34268;2026-02-06
Barashki;Санкт-Петербург, ул. Ефимова, 2;59.926637;30.320619;osm-59.92664-30.32062;2023-11-04
Nofilters;Санкт-Петербург, ул. Гороховая, 49 литБ;59.926636;30.322806;osm-59.92664-30.32281;2025-03-01
Мычара;Санкт-Петербург, ул. Гороховая, 49б;59.926647;30.323297;osm-59.92665-30.32330;2025-02-28
Шаверма & фалафель;Санкт-Петербург, наб. канала Грибоедова, 54;59.926671;30.315739;osm-59.92667-30.31574;2026-07-20
Supramen;Санкт-Петербург, ул. Херсонская, 43/12;59.926673;30.385147;osm-59.92667-30.38515;2026-05-20
NowaDays;Санкт-Петербург, Апраксин пер., 19-21;59.926677;30.329299;osm-59.92668-30.32930;2025-10-13
Констебль;Санкт-Петербург, ул. Декабристов, 30;59.926691;30.299993;osm-59.92669-30.29999;2025-10-07
Grán;Санкт-Петербург, ул. Гороховая, 46;59.926693;30.324922;osm-59.92669-30.32492;2026-07-20
Bomu;Санкт-Петербург, ул. Ломоносова, 26;59.926706;30.341233;osm-59.92671-30.34123;2026-03-28
Кибер ель;Санкт-Петербург, Загородный просп., 12;59.926714;30.344187;osm-59.92671-30.34419;2026-05-27
Свобода;Санкт-Петербург, ул. Гороховая, 53;59.926730;30.324435;osm-59.92673-30.32444;2026-04-10
Duomo;Санкт-Петербург, наб. канала Грибоедова, 96;59.926745;30.302114;osm-59.92674-30.30211;2024-09-04
Фондю;Санкт-Петербург, Лиговский просп., 67/22 литВ;59.926752;30.357834;osm-59.92675-30.35783;2026-04-24
Teatro;Санкт-Петербург, ул. Декабристов, 27;59.926770;30.296555;osm-59.92677-30.29656;2025-11-01
Lavrentev;Санкт-Петербург, Вознесенский просп., 32;59.926773;30.308365;osm-59.92677-30.30836;2026-06-12
Пролив;Санкт-Петербург, наб. реки Фонтанки, 67-69;59.926772;30.329706;osm-59.92677-30.32971;2026-07-21
Рестохолл 760;Санкт-Петербург, ул. Рубинштейна, 29/28;59.926779;30.342439;osm-59.92678-30.34244;2025-09-09
Angel’s coffee;Санкт-Петербург, ул. Ломоносова, 9А;59.926814;30.339842;osm-59.92681-30.33984;2026-03-28
Go Vegan;Санкт-Петербург, Загородный просп., 12;59.926815;30.344444;osm-59.92681-30.34444;2026-03-28
Mc Clane;Санкт-Петербург, Лиговский просп., 67/22;59.926815;30.357000;osm-59.92681-30.35700;2026-08-30
BackYard;Санкт-Петербург, ул. Херсонская, 43/12;59.926829;30.384475;osm-59.92683-30.38447;2026-05-20
Flow Fontanka;Санкт-Петербург, наб. реки Фонтанки, 80/2;59.926843;30.332884;osm-59.92684-30.33288;2025-02-10
У Марьи;Санкт-Петербург, ул. Рубинштейна, 29/28;59.926839;30.342471;osm-59.92684-30.34247;2026-05-27
Millano;Санкт-Петербург, ул. Латышских Стрелков, 1;59.926836;30.470029;osm-59.92684-30.47003;2024-01-30
Tsinist;Санкт-Петербург, ул. Полтавская, 7 литЖ;59.926845;30.368795;osm-59.92685-30.36879;2026-07-03
Chela;Санкт-Петербург, ул. Глинки, 3-5-7;59.926862;30.295856;osm-59.92686-30.29586;2026-09-22
Кемер;Санкт-Петербург, Апраксин пер., 19-21;59.926862;30.328935;osm-59.92686-30.32894;2026-08-30
Angel’s coffee;Санкт-Петербург, ул. Ломоносова, 9А;59.926862;30.339831;osm-59.92686-30.33983;2026-03-28
Сладкоежка;Санкт-Петербург, ул. Гороховая, 44;59.926892;30.324628;osm-59.92689-30.32463;2026-07-20
Креветочная;Санкт-Петербург, ул. Рубинштейна, 38;59.926891;30.342861;osm-59.92689-30.34286;2026-02-06
Green point;Санкт-Петербург, Лиговский просп., 30;59.926888;30.359480;osm-59.92689-30.35948;2025-08-18
Династия Снежок;Санкт-Петербург, Загородный просп., 9;59.926899;30.343857;osm-59.92690-30.34386;2025-01-21
У Ларисы;Санкт-Петербург, ул. Рубинштейна, 29/28;59.926916;30.342517;osm-59.92692-30.34252;2025-04-10
Лавка Хлебосолов;Санкт-Петербург, наб. канала Грибоедова, 81;59.926932;30.306302;osm-59.92693-30.30630;2025-11-12
Gastronomist;Санкт-Петербург, ул. Исполкомская, 5;59.926934;30.379461;osm-59.92693-30.37946;2024-09-12
Макшава;Санкт-Петербург, ул. Ломоносова, 24;59.926944;30.340512;osm-59.92694-30.34051;2026-04-02
ВкусГор;Санкт-Петербург, Кузнечный пер., 13;59.926943;30.354347;osm-59.92694-30.35435;2025-09-08
Слиvки;Санкт-Петербург, ул. Марата, 29;59.926976;30.352323;osm-59.92698-30.35232;2026-03-28
Open People;Санкт-Петербург, ул. Рубинштейна, 38;59.926991;30.342930;osm-59.92699-30.34293;2026-02-06
Chu;Санкт-Петербург, ул. Гороховая, 51;59.927008;30.324014;osm-59.92701-30.32401;2026-04-10
Wag;Санкт-Петербург, Лиговский просп., 67/22 литВ;59.927031;30.358064;osm-59.92703-30.35806;2025-02-07
Joly Woo;Санкт-Петербург, Загородный просп., 9;59.927038;30.344212;osm-59.92704-30.34421;2026-07-03
Ле Понт;Санкт-Петербург, ул. Полтавская, 5/29 литЗ;59.927045;30.369089;osm-59.92704-30.36909;2026-07-07
Vita Juice;Санкт-Петербург, Лиговский просп., 30;59.927055;30.360084;osm-59.92706-30.36008;2024-12-26
Анонимное общество усердных дегустаторов;Санкт-Петербург, ул. Рубинштейна, 38;59.927066;30.342576;osm-59.92707-30.34258;2025-04-10
Co-op Garage;Санкт-Петербург, ул. Гороховая, 47 с2;59.927075;30.322788;osm-59.92708-30.32279;2024-03-11
Charlie;Санкт-Петербург, наб. канала Грибоедова, 54;59.927091;30.315704;osm-59.92709-30.31570;2025-10-19
Вертимский;Санкт-Петербург, ул. Ломоносова, 20;59.927112;30.340096;osm-59.92711-30.34010;2026-04-02
Benbar;Санкт-Петербург, ул. Гороховая, 42;59.927157;30.323791;osm-59.92716-30.32379;2026-04-10
5 звёзд;Санкт-Петербург, ул. Гороховая, 42;59.927158;30.324278;osm-59.92716-30.32428;2026-07-20
Mr. Rowdy & Co;Санкт-Петербург, ул. Рубинштейна, 38;59.927158;30.342619;osm-59.92716-30.34262;2025-05-22
Домашний хлеб;Санкт-Петербург, Невский просп., 127а литА;59.927161;30.374884;osm-59.92716-30.37488;2026-05-20
Julia Child;Санкт-Петербург, ул. Гражданская, 27;59.927170;30.309030;osm-59.92717-30.30903;2025-11-04
Чанбучи;Санкт-Петербург, наб. канала Грибоедова, 54;59.927166;30.315703;osm-59.92717-30.31570;2025-10-19
Bier Konig;Санкт-Петербург, ул. Конная, 19;59.927178;30.379185;osm-59.92718-30.37918;2026-07-30
Игристые;Санкт-Петербург, пер. Гривцова, 13;59.927208;30.316754;osm-59.92721-30.31675;2026-07-20
Гучи;Санкт-Петербург, ул. Рубинштейна, 38;59.927221;30.342710;osm-59.92722-30.34271;2025-05-22
Subzero;Санкт-Петербург, ул. Рубинштейна, 38;59.927217;30.343071;osm-59.92722-30.34307;2026-02-06
Любава;Санкт-Петербург, ул. Глинки, 2;59.927229;30.296094;osm-59.92723-30.29609;2025-06-14
Пахлавальня;Санкт-Петербург, пер. Гривцова, 13;59.927240;30.316721;osm-59.92724-30.31672;2026-07-20
Time for Coffee;Санкт-Петербург, ул. Ломоносова, 20;59.927249;30.339664;osm-59.92725-30.33966;2025-02-19
Leon Coffee;Санкт-Петербург, ул. Ломоносова, 20;59.927258;30.339636;osm-59.92726-30.33964;2025-02-19
Или;Санкт-Петербург, ул. Рубинштейна, 38;59.927259;30.342742;osm-59.92726-30.34274;2026-03-09
Asiatiq;Санкт-Петербург, ул. Большая Московская, 3;59.927258;30.347251;osm-59.92726-30.34725;2025-09-07
Amazing Cacao;Санкт-Петербург, Загородный просп., 7;59.927268;30.344793;osm-59.92727-30.34479;2026-09-22
Checafe;Санкт-Петербург, пер. Гривцова, 26;59.927285;30.317303;osm-59.92728-30.31730;2025-10-16
Шаверма 12;Санкт-Петербург, ул. Полтавская, 14;59.927289;30.369981;osm-59.92729-30.36998;2024-02-13
Греми;Санкт-Петербург, ул. Гороховая, 42;59.927334;30.323964;osm-59.92733-30.32396;2026-07-20
Столовая №5;Санкт-Петербург, ул. Ломоносова, 18;59.927343;30.339379;osm-59.92734-30.33938;2025-02-19
Здесь есть рамен;Санкт-Петербург, ул. Глинки, 1;59.927353;30.295429;osm-59.92735-30.29543;2026-09-22
Hochu Coffee;Санкт-Петербург, пер. Гривцова, 26;59.927374;30.316931;osm-59.92737-30.31693;2024-06-12
Tres Amigos;Санкт-Петербург, ул. Рубинштейна, 25;59.927378;30.342749;osm-59.92738-30.34275;2025-04-10
Bier König;Санкт-Петербург, ул. Гороховая, 42;59.927391;30.323888;osm-59.92739-30.32389;2026-07-20
Mono Art;Санкт-Петербург, ул. Садовая, 40;59.927399;30.321090;osm-59.92740-30.32109;2025-02-19
Форжинг;Санкт-Петербург, Кузнечный пер., 3;59.927408;30.350083;osm-59.92741-30.35008;2025-03-22
Гараж;Санкт-Петербург, Львиный пер., 1;59.927416;30.300750;osm-59.92742-30.30075;2024-09-28
Kobe ramen;Санкт-Петербург, ул. Полтавская, 5/29 литБ;59.927415;30.369612;osm-59.92742-30.36961;2026-07-07
Два гуся;Санкт-Петербург, ул. Марата, 25;59.927434;30.351792;osm-59.92743-30.35179;2024-12-08
Frank;Санкт-Петербург, ул. Гороховая, 47;59.927466;30.323070;osm-59.92747-30.32307;2025-11-24
Парус;Санкт-Петербург, Синопская наб., 14;59.927472;30.387885;osm-59.92747-30.38789;2026-06-17
Смкофе;Санкт-Петербург, ул. Ломоносова, 18;59.927485;30.338954;osm-59.92748-30.33895;2025-02-19
Felichito;Санкт-Петербург, Вознесенский просп., 28;59.927492;30.308358;osm-59.92749-30.30836;2025-05-24
28 отдел шавермы;Санкт-Петербург, Кузнечный пер., 10;59.927493;30.351283;osm-59.92749-30.35128;2026-03-28
Double Bubble Tea;Санкт-Петербург, ул. Садовая, 40;59.927510;30.320844;osm-59.92751-30.32084;2025-09-17
Два гуся;Санкт-Петербург, Кузнечный пер., 10;59.927506;30.351174;osm-59.92751-30.35117;2026-03-28
Артвечер;Санкт-Петербург, Невский просп., 156;59.927541;30.374892;osm-59.92754-30.37489;2026-08-02
Eggsellent;Санкт-Петербург, наб. реки Мойки, 102 с1;59.927553;30.293242;osm-59.92755-30.29324;2025-08-16
Борщ в пирожке;Санкт-Петербург, ул. Гороховая, 45 литД;59.927551;30.320491;osm-59.92755-30.32049;2025-09-17
Чайникофф;Санкт-Петербург, Сенная пл., 5;59.927556;30.317953;osm-59.92756-30.31795;2025-10-16
Машимаши;Санкт-Петербург, ул. Садовая, 38;59.927558;30.320384;osm-59.92756-30.32038;2025-09-17
Garcon;Санкт-Петербург, Невский просп., 156;59.927576;30.374798;osm-59.92758-30.37480;2026-08-02
Этнос;Санкт-Петербург, Кузнечный пер., 6;59.927585;30.350504;osm-59.92759-30.35050;2026-03-28
Hochu Coffee;Санкт-Петербург, ул. Большая Московская, 1;59.927605;30.346434;osm-59.92760-30.34643;2026-03-28
Все твои друзья;Санкт-Петербург, Вознесенский просп., 26;59.927611;30.308427;osm-59.92761-30.30843;2025-05-24
Barking racoon;Санкт-Петербург, наб. реки Фонтанки, 59;59.927610;30.331626;osm-59.92761-30.33163;2024-03-11
Компромат;Санкт-Петербург, ул. Рубинштейна, 23;59.927625;30.342824;osm-59.92762-30.34282;2025-04-10
Yukari;Санкт-Петербург, ул. Полтавская, 10;59.927634;30.370505;osm-59.92763-30.37051;2025-09-01
BarBQ Night;Санкт-Петербург, ул. Ломоносова, 16;59.927643;30.338472;osm-59.92764-30.33847;2026-02-06
Автосуши Автопицца;Санкт-Петербург, Кузнечный пер., 6;59.927650;30.350041;osm-59.92765-30.35004;2024-06-12
Shijia;Санкт-Петербург, Щербаков пер., 17/3 с1;59.927657;30.345761;osm-59.92766-30.34576;2026-05-06
Лаззат-Кебаб;Санкт-Петербург, Заневский просп., 7/7;59.927662;30.406985;osm-59.92766-30.40698;2025-07-14
The Buddy;Санкт-Петербург, ул. Ломоносова, 14;59.927702;30.338290;osm-59.92770-30.33829;2026-02-06
The Sizzle;Санкт-Петербург, ул. Рубинштейна, 23;59.927706;30.342847;osm-59.92771-30.34285;2025-05-22
Mollie's;Санкт-Петербург, ул. Рубинштейна, 23;59.927713;30.343376;osm-59.92771-30.34338;2026-02-06
Два Светлых;Санкт-Петербург, ул. Полтавская, 10;59.927711;30.370628;osm-59.92771-30.37063;2025-02-24
Матч;Санкт-Петербург, ул. Большая Московская, 1;59.927734;30.347060;osm-59.92773-30.34706;2025-05-01
Хачапури тетушки Марико;Санкт-Петербург, Сенная пл., 5;59.927756;30.318148;osm-59.92776-30.31815;2025-10-16
Кофе & вафли;Санкт-Петербург, ул. Ломоносова, 14;59.927775;30.338078;osm-59.92777-30.33808;2026-02-06
Мангал Сити;Санкт-Петербург, ул. Ванеева, 11;59.927772;30.449911;osm-59.92777-30.44991;2025-03-15
Два светлых;Санкт-Петербург, ул. Полтавская, 8;59.927777;30.370733;osm-59.92778-30.37073;2025-01-23
Чито Маргалито;Санкт-Петербург, ул. Конная, 11/4;59.927803;30.376328;osm-59.92780-30.37633;2026-08-02
Линдфорс;Санкт-Петербург, ул. Декабристов, 19;59.927818;30.301224;osm-59.92782-30.30122;2025-11-01
Сарапул;Санкт-Петербург, ул. Садовая, 35;59.927828;30.319905;osm-59.92783-30.31990;2025-10-16
Gypsies & Jews;Санкт-Петербург, ул. Ломоносова, 14;59.927830;30.337917;osm-59.92783-30.33792;2026-02-06
Шаверма Хаус;Санкт-Петербург, наб. канала Грибоедова, 50;59.927837;30.316142;osm-59.92784-30.31614;2025-05-23
Ложка;Санкт-Петербург, Столярный пер., 8;59.927859;30.311486;osm-59.92786-30.31149;2025-11-04
А.кофе...?;Санкт-Петербург, ул. Гороховая, 38;59.927863;30.322749;osm-59.92786-30.32275;2025-11-09
Feromon;Санкт-Петербург, ул. Марата, 23;59.927856;30.352824;osm-59.92786-30.35282;2026-03-28
Шаверма по турецки;Санкт-Петербург, ул. Херсонская, 31;59.927899;30.381735;osm-59.92790-30.38173;2026-06-21
Vпите;Санкт-Петербург, наб. канала Грибоедова, 50;59.927910;30.316071;osm-59.92791-30.31607;2025-05-23
Маковый Jam;Санкт-Петербург, ул. Гражданская, 14;59.927924;30.312514;osm-59.92792-30.31251;2025-11-03
Марсала;Санкт-Петербург, ул. Гончарная, 26;59.927916;30.369855;osm-59.92792-30.36986;2026-06-21
Золотая панда;Санкт-Петербург, ул. Гаванская, 4;59.927938;30.241950;osm-59.92794-30.24195;2025-08-31
О! Cuba;Санкт-Петербург, ул. Рубинштейна, 34;59.927936;30.343503;osm-59.92794-30.34350;2026-02-06
Истамбул;Санкт-Петербург, Загородный просп., 17/3 с2;59.927943;30.345230;osm-59.92794-30.34523;2024-09-25
Столовая №37;Санкт-Петербург, ул. Декабристов, 20;59.927961;30.302613;osm-59.92796-30.30261;2025-10-24
КручуВерчу;Санкт-Петербург, ул. Садовая, 37 литБ;59.927960;30.319587;osm-59.92796-30.31959;2024-06-20
Co-op 8S;Санкт-Петербург, ул. Декабристов, 20;59.927978;30.302684;osm-59.92798-30.30268;2025-10-24
Every dog;Санкт-Петербург, наб. канала Грибоедова, 50;59.927978;30.315722;osm-59.92798-30.31572;2025-10-19
Chicko;Санкт-Петербург, Загородный просп., 17/3 с2;59.927984;30.345074;osm-59.92798-30.34507;2026-06-21
Zazazu;Санкт-Петербург, ул. Рубинштейна, 21;59.927996;30.342768;osm-59.92800-30.34277;2025-05-22
Leopold;Санкт-Петербург, ул. Рубинштейна, 34;59.928019;30.343060;osm-59.92802-30.34306;2025-05-22
Креветочная;Санкт-Петербург, Лиговский просп., 30;59.928041;30.360541;osm-59.92804-30.36054;2024-11-20
Kon-chai;Санкт-Петербург, пер. Гривцова, 22 литА;59.928054;30.316291;osm-59.92805-30.31629;2024-06-12
На ход ноги;Санкт-Петербург, Спасский пер., 14/35;59.928072;30.319415;osm-59.92807-30.31941;2024-06-20
Ultramen;Санкт-Петербург, наб. реки Фонтанки, 59;59.928089;30.333119;osm-59.92809-30.33312;2024-03-11
Кебаб;Санкт-Петербург, Большой просп. В.О., 2/93;59.928105;30.244872;osm-59.92811-30.24487;2025-03-22
Good Itea;Санкт-Петербург, ул. Гороховая, 36;59.928110;30.322372;osm-59.92811-30.32237;2026-04-10
Базара нет;Санкт-Петербург, ул. Рубинштейна, 34;59.928109;30.343213;osm-59.92811-30.34321;2025-04-10
Komix;Санкт-Петербург, Щербаков пер., 12;59.928120;30.344958;osm-59.92812-30.34496;2026-02-06
Blackbird;Санкт-Петербург, ул. Ломоносова, 12/66;59.928134;30.337018;osm-59.92813-30.33702;2026-02-06
Рада & K;Санкт-Петербург, ул. Гороховая, 36;59.928162;30.322745;osm-59.92816-30.32275;2026-07-20
#Кофейня №1;Санкт-Петербург, Лиговский просп., 57-59 литЭ;59.928172;30.358791;osm-59.92817-30.35879;2026-09-22
Double Bubble;Санкт-Петербург, ул. Ломоносова, 12/66;59.928178;30.336885;osm-59.92818-30.33688;2026-02-06
Ваша столовая;Санкт-Петербург, ул. Декабристов, 16;59.928226;30.303770;osm-59.92823-30.30377;2025-10-24
СБГ-25;Санкт-Петербург, ул. Гончарная, 24;59.928262;30.368340;osm-59.92826-30.36834;2026-03-28
The dogwalk bar & catwalk stage;Санкт-Петербург, ул. Гражданская, 13-15;59.928280;30.312224;osm-59.92828-30.31222;2024-03-11
Добрый Грузин;Санкт-Петербург, ул. Полтавская, 6;59.928279;30.370813;osm-59.92828-30.37081;2026-06-21
Buuza Room;Санкт-Петербург, пер. Гривцова, 20;59.928319;30.316026;osm-59.92832-30.31603;2025-10-19
EaSуши;Санкт-Петербург, ул. Садовая, 33;59.928321;30.321101;osm-59.92832-30.32110;2025-10-16
Каледонский лес;Санкт-Петербург, пер. Гривцова, 22 литА;59.928343;30.317062;osm-59.92834-30.31706;2024-06-12
STIM Coffee;Санкт-Петербург, ул. Гражданская, 13-15;59.928349;30.311908;osm-59.92835-30.31191;2025-10-12
Ода;Санкт-Петербург, ул. Декабристов, 13;59.928356;30.303490;osm-59.92836-30.30349;2025-11-01
Восточный Листок;Санкт-Петербург, Лиговский просп., 57-59;59.928364;30.358849;osm-59.92836-30.35885;2026-09-22
Laboratoria Distilita;Санкт-Петербург, ул. Гражданская, 13-15;59.928405;30.311884;osm-59.92840-30.31188;2026-02-21
Плов Сити;Санкт-Петербург, Новочеркасский просп., 43/17;59.928395;30.410846;osm-59.92840-30.41085;2026-03-29
Мьен тай цзи;Санкт-Петербург, 26-27-я линии В.О., 7;59.928410;30.260664;osm-59.92841-30.26066;2025-11-17
Неон Кофе;Санкт-Петербург, ул. Пушкинская, 13;59.928407;30.356236;osm-59.92841-30.35624;2024-02-28
Пеночка;Санкт-Петербург, ул. Казанская, 50;59.928429;30.308986;osm-59.92843-30.30899;2025-11-01
Бездна;Санкт-Петербург, пер. Гривцова, 20;59.928429;30.315922;osm-59.92843-30.31592;2026-03-14
Pasta Bar 1315;Санкт-Петербург, ул. Гражданская, 13-15;59.928455;30.312041;osm-59.92845-30.31204;2026-02-21
Горизонты;Санкт-Петербург, ул. Садовая, 28-30 к49;59.928455;30.331901;osm-59.92845-30.33190;2024-12-04
Небо и вино;Санкт-Петербург, пер. Пирогова, 18;59.928463;30.300240;osm-59.92846-30.30024;2026-07-02
Сезоны;Санкт-Петербург, наб. реки Фонтанки, 66;59.928462;30.337031;osm-59.92846-30.33703;2025-09-09
Ezo;Санкт-Петербург, ул. Гражданская, 13-15;59.928484;30.312438;osm-59.92848-30.31244;2024-08-11
Хинкали & Шашлык;Санкт-Петербург, Невский просп., 150 литК;59.928482;30.373643;osm-59.92848-30.37364;2026-08-02
Чито Маргалито;Санкт-Петербург, ул. Херсонская, 23 к1;59.928486;30.380157;osm-59.92849-30.38016;2026-06-21
Сонг-Хак;Санкт-Петербург, Вознесенский просп., 15;59.928498;30.308042;osm-59.92850-30.30804;2024-07-16
oversize pizza;Санкт-Петербург, ул. Гражданская, 13-15;59.928520;30.312253;osm-59.92852-30.31225;2026-05-08
Coffeers;Санкт-Петербург, ул. Херсонская, 12-14;59.928520;30.380987;osm-59.92852-30.38099;2024-09-14
Пирожковая;Санкт-Петербург, Косая линия, 13;59.928529;30.257740;osm-59.92853-30.25774;2025-03-22
Корейко;Санкт-Петербург, ул. Колокольная, 16;59.928534;30.352532;osm-59.92853-30.35253;2025-08-18
Никала;Санкт-Петербург, Апраксин пер., 5;59.928561;30.325487;osm-59.92856-30.32549;2025-10-13
Cacio e Pepe;Санкт-Петербург, ул. Пушкинская, 14;59.928586;30.356835;osm-59.92859-30.35684;2026-08-01
Отменная пельменная;Санкт-Петербург, Фонарный пер., 8;59.928607;30.305425;osm-59.92861-30.30542;2024-06-16
Mr.Black Coffee;Санкт-Петербург, Спасский пер., 5;59.928606;30.318138;osm-59.92861-30.31814;2024-06-17
Департамент Кофе;Санкт-Петербург, Невский просп., 150 литК;59.928642;30.373862;osm-59.92864-30.37386;2026-08-02
Juno;Санкт-Петербург, ул. Казанская, 46;59.928649;30.310584;osm-59.92865-30.31058;2025-09-19
На Парах;Санкт-Петербург, ул. Марата, 16;59.928645;30.354033;osm-59.92865-30.35403;2025-10-17
Ящик пива;Санкт-Петербург, ул. Декабристов, 8;59.928670;30.305695;osm-59.92867-30.30570;2025-09-15
Surmament;Санкт-Петербург, ул. Колокольная, 1;59.928691;30.349345;osm-59.92869-30.34934;2023-12-26
Эль и Вино;Санкт-Петербург, Заневский просп., 10;59.928695;30.409235;osm-59.92869-30.40923;2024-05-03
Пирожковая Голенецкой;Санкт-Петербург, ул. Рубинштейна, 30;59.928701;30.344668;osm-59.92870-30.34467;2026-10-01
Швабский домик;Санкт-Петербург, Новочеркасский просп., 363;59.928699;30.413379;osm-59.92870-30.41338;2023-10-28
Гурман;Санкт-Петербург, ул. Садовая, 33/43;59.928717;30.321461;osm-59.92872-30.32146;2025-11-09
Any Day;Санкт-Петербург, ул. Херсонская, 12-14;59.928716;30.381676;osm-59.92872-30.38168;2024-09-14
Tesla;Санкт-Петербург, ул. Рубинштейна, 30;59.928727;30.343991;osm-59.92873-30.34399;2025-05-27
Пахлавальня;Санкт-Петербург, ул. Марата, 16;59.928742;30.354073;osm-59.92874-30.35407;2024-02-28
Kwakinn;Санкт-Петербург, ул. Колокольная, 18;59.928753;30.353428;osm-59.92875-30.35343;2026-03-28
Shef;Санкт-Петербург, Косая линия, 11;59.928764;30.257957;osm-59.92876-30.25796;2025-03-22
Bake Me Up;Санкт-Петербург, Фонарный пер., 8;59.928801;30.305116;osm-59.92880-30.30512;2024-06-23
Джукито;Санкт-Петербург, Столярный пер., 1;59.928798;30.310361;osm-59.92880-30.31036;2026-09-22
Вкусный домик;Санкт-Петербург, ул. Декабристов, 7;59.928807;30.305548;osm-59.92881-30.30555;2025-11-01
Чайная ложка;Санкт-Петербург, ул. Гороховая, 41;59.928807;30.321326;osm-59.92881-30.32133;2025-11-09
Хромой Синий Кот;Санкт-Петербург, ул. Пушкинская, 14;59.928808;30.357112;osm-59.92881-30.35711;2026-03-28
Georgian's;Санкт-Петербург, ул. Колокольная, 6;59.928832;30.350174;osm-59.92883-30.35017;2024-05-24
Az-cafe;Санкт-Петербург, ул. Садовая, 28-30 к27;59.928849;30.327240;osm-59.92885-30.32724;2023-11-05
Kolokol;Санкт-Петербург, ул. Колокольная, 6;59.928847;30.350033;osm-59.92885-30.35003;2024-05-24
Mexo;Санкт-Петербург, ул. Декабристов, 7;59.928856;30.305729;osm-59.92886-30.30573;2025-11-01
Одесса-мама;Санкт-Петербург, ул. Декабристов, 5;59.928862;30.306527;osm-59.92886-30.30653;2025-09-15
Baba Bubble Tea & Waffle;Санкт-Петербург, ул. Садовая, 29 литВ;59.928859;30.322357;osm-59.92886-30.32236;2025-10-16
СтарГрад;Санкт-Петербург, Перекупной пер., 12/13;59.928879;30.377904;osm-59.92888-30.37790;2026-08-03
Кебаб;Санкт-Петербург, Новочеркасский просп., 41/14;59.928889;30.410360;osm-59.92889-30.41036;2024-05-06
Марка;Санкт-Петербург, ул. Садовая, 32/1 литБ;59.928906;30.323409;osm-59.92891-30.32341;2026-07-14
Port Kitchen;Санкт-Петербург, ул. Казанская, 44;59.928921;30.311582;osm-59.92892-30.31158;2025-10-24
Cheese Wizard;Санкт-Петербург, ул. Гороховая, 41;59.928918;30.321166;osm-59.92892-30.32117;2025-11-09
FermA;Санкт-Петербург, Синопская наб., 22;59.928928;30.388169;osm-59.92893-30.38817;2024-11-14
Сулугуни и вино;Санкт-Петербург, ул. Гороховая, 34;59.928935;30.321616;osm-59.92894-30.32162;2025-05-23
Ring o'Bells;Санкт-Петербург, Дмитровский пер., 17;59.928938;30.349240;osm-59.92894-30.34924;2026-06-22
Царская шаверма;Санкт-Петербург, ул. Гончарная, 18;59.928953;30.367116;osm-59.92895-30.36712;2026-06-21
Шар бар;Санкт-Петербург, ул. Декабристов, 5;59.928959;30.306176;osm-59.92896-30.30618;2025-11-01
Шаверма & фалафель;Санкт-Петербург, ул. Садовая, 29;59.928963;30.322596;osm-59.92896-30.32260;2025-10-16
Чайханчик;Санкт-Петербург, ул. Садовая, 28-30 к26;59.928959;30.327362;osm-59.92896-30.32736;2023-11-05
Дон Педро;Санкт-Петербург, Владимирский просп., 17;59.928978;30.347270;osm-59.92898-30.34727;2026-04-17
Sanuki;Санкт-Петербург, ул. Гороховая, 34;59.928995;30.321528;osm-59.92900-30.32153;2025-05-23
Чуфальня;Санкт-Петербург, ул. Садовая, 28-30 к27;59.929005;30.326713;osm-59.92900-30.32671;2024-11-27
Brooklyn;Санкт-Петербург, ул. Рубинштейна, 28Д;59.929015;30.344351;osm-59.92901-30.34435;2025-06-02
LeetCaje;Санкт-Петербург, Косая линия, 10;59.929023;30.259940;osm-59.92902-30.25994;2025-03-22
У Бахрома;Санкт-Петербург, ул. Садовая, 28-30 к29;59.929022;30.325901;osm-59.92902-30.32590;2023-11-05
Beer mug;Санкт-Петербург, ул. Колокольная, 2/18;59.929035;30.348444;osm-59.92903-30.34844;2026-06-22
Karabas Bar;Санкт-Петербург, Поварской пер., 14;59.929027;30.351875;osm-59.92903-30.35187;2025-01-18
Ponte;Санкт-Петербург, ул. Рубинштейна, 30;59.929037;30.343701;osm-59.92904-30.34370;2025-05-22
Чебуречкино;Санкт-Петербург, ул. Рубинштейна, 26;59.929041;30.344251;osm-59.92904-30.34425;2026-10-01
Бистро;Санкт-Петербург, ул. Исполкомская, 16;59.929039;30.381978;osm-59.92904-30.38198;2024-09-14
Chuck;Санкт-Петербург, ул. Гороховая, 41;59.929047;30.320974;osm-59.92905-30.32097;2025-11-09
Птичья личность;Санкт-Петербург, ул. Рубинштейна, 26;59.929050;30.344912;osm-59.92905-30.34491;2025-06-02
Гоблинский пуншъ;Санкт-Петербург, ул. Гороховая, 34;59.929070;30.321419;osm-59.92907-30.32142;2026-04-10
Вознесенский 13;Санкт-Петербург, Вознесенский просп., 13;59.929087;30.308057;osm-59.92909-30.30806;2025-11-01
Настоящая шаверма;Санкт-Петербург, Апраксин пер., 4;59.929092;30.325009;osm-59.92909-30.32501;2025-05-29
Вредный барашек;Санкт-Петербург, Спасский пер., 6-8;59.929100;30.317867;osm-59.92910-30.31787;2024-06-20
Fan of Donuts;Санкт-Петербург, ул. Рубинштейна, 26;59.929101;30.344344;osm-59.92910-30.34434;2025-06-02
Барбоссов;Санкт-Петербург, Владимирский просп., 17;59.929100;30.347261;osm-59.92910-30.34726;2026-04-17
Savory;Санкт-Петербург, ул. Казанская, 35;59.929106;30.311488;osm-59.92911-30.31149;2026-09-09
Куверт;Санкт-Петербург, Невский просп., 109;59.929114;30.369516;osm-59.92911-30.36952;2026-08-02
Оазис;Санкт-Петербург, ул. Гаванская, 7;59.929124;30.241845;osm-59.92912-30.24185;2024-05-04
Невская столовая;Санкт-Петербург, пер. Гривцова, 9;59.929124;30.314902;osm-59.92912-30.31490;2025-10-19
Vaffel & Wine;Санкт-Петербург, ул. Гороховая, 34;59.929120;30.320866;osm-59.92912-30.32087;2025-11-09
Счастье;Санкт-Петербург, ул. Рубинштейна, 26;59.929117;30.343748;osm-59.92912-30.34375;2025-04-10
Fiolet;Санкт-Петербург, пл. Ломоносова, 4;59.929144;30.335455;osm-59.92914-30.33545;2025-10-20
Кофе на песке;Санкт-Петербург, Щербаков пер., 1;59.929138;30.338782;osm-59.92914-30.33878;2025-09-22
Fish Fabrique Nouvelle;Санкт-Петербург, ул. Пушкинская, 10 литЖ;59.929140;30.358970;osm-59.92914-30.35897;2025-08-23
Пышечная;Санкт-Петербург, ул. Садовая, 32/1 литБ;59.929156;30.323868;osm-59.92916-30.32387;2026-07-14
Дзамико;Санкт-Петербург, наб. Адмиралтейского канала, 2Т;59.929170;30.287881;osm-59.92917-30.28788;2026-02-24
Шумли;Санкт-Петербург, ул. Казанская, 38;59.929178;30.312539;osm-59.92918-30.31254;2025-09-19
КИШерия;Санкт-Петербург, ул. Рубинштейна, 26;59.929183;30.344498;osm-59.92918-30.34450;2025-06-02
Малатан;Санкт-Петербург, ул. Казанская, 38;59.929215;30.312687;osm-59.92921-30.31269;2025-10-24
Diskette Lounge;Санкт-Петербург, Апраксин пер., 4;59.929215;30.324757;osm-59.92921-30.32476;2026-02-26
Суши White;Санкт-Петербург, Большой просп. В.О., 89/1;59.929224;30.247686;osm-59.92922-30.24769;2024-10-14
Талисман;Санкт-Петербург, Апраксин пер., 4;59.929217;30.325169;osm-59.92922-30.32517;2026-03-19
Депо;Санкт-Петербург, ул. Гончарная, 14;59.929216;30.366443;osm-59.92922-30.36644;2026-06-21
Бекицер;Санкт-Петербург, наб. Адмиралтейского канала, 2Т;59.929227;30.287550;osm-59.92923-30.28755;2026-05-09
Hunt;Санкт-Петербург, ул. Рубинштейна, 26;59.929228;30.343871;osm-59.92923-30.34387;2025-04-10
Общество чистых тарелок;Санкт-Петербург, Владимирский просп., 15;59.929232;30.347303;osm-59.92923-30.34730;2026-04-17
Prisecco;Санкт-Петербург, ул. Рубинштейна, 26;59.929236;30.344292;osm-59.92924-30.34429;2025-06-02
Top hops;Санкт-Петербург, наб. реки Фонтанки, 55;59.929251;30.336391;osm-59.92925-30.33639;2024-03-11
Рюмочная в Бутылке;Санкт-Петербург, наб. Адмиралтейского канала, 2Т;59.929260;30.288190;osm-59.92926-30.28819;2026-02-24
Теория рамена;Санкт-Петербург, Апраксин пер., 4;59.929272;30.325034;osm-59.92927-30.32503;2025-02-19
Soulmate;Санкт-Петербург, наб. реки Фонтанки, 55;59.929304;30.336530;osm-59.92930-30.33653;2026-05-15
El copitas;Санкт-Петербург, Владимирский просп., 16;59.929301;30.348582;osm-59.92930-30.34858;2024-02-29
Waffelcoff;Санкт-Петербург, Невский просп., 85 литА;59.929321;30.362028;osm-59.92932-30.36203;2026-01-25
Стрела в колено;Санкт-Петербург, ул. Пушкинская, 9;59.929343;30.356693;osm-59.92934-30.35669;2025-11-06
Tapiera;Санкт-Петербург, Владимирский просп., 15;59.929363;30.347316;osm-59.92936-30.34732;2026-04-17
Красный соловей;Санкт-Петербург, Дмитровский пер., 15;59.929380;30.349960;osm-59.92938-30.34996;2026-04-17
¡Por favor!;Санкт-Петербург, наб. реки Фонтанки, 55;59.929403;30.336797;osm-59.92940-30.33680;2026-05-15
Little Sicily;Санкт-Петербург, ул. Марата, 13;59.929402;30.353812;osm-59.92940-30.35381;2026-03-28
Waffelcoff;Санкт-Петербург, Невский просп., 85 литА;59.929409;30.362003;osm-59.92941-30.36200;2026-01-25
Leon Coffee;Санкт-Петербург, ул. Гороховая, 32;59.929420;30.320437;osm-59.92942-30.32044;2025-11-09
Hochu Coffee;Санкт-Петербург, Лиговский просп., 51;59.929425;30.359544;osm-59.92943-30.35954;2026-03-28
Батис;Санкт-Петербург, пер. Антоненко, 5;59.929447;30.311928;osm-59.92945-30.31193;2025-10-19
Вертимский;Санкт-Петербург, пер. Антоненко, 10/31;59.929474;30.312233;osm-59.92947-30.31223;2026-04-02
38 Узлов;Санкт-Петербург, ул. Гороховая, 32;59.929497;30.320320;osm-59.92950-30.32032;2025-11-09
GrillMania;Санкт-Петербург, ул. Гороховая, 32;59.929496;30.320775;osm-59.92950-30.32078;2025-05-23
Marius;Санкт-Петербург, ул. Марата, 13;59.929497;30.353892;osm-59.92950-30.35389;2026-03-28
Что-то кроме дождя;Санкт-Петербург, пер. Гривцова, 5;59.929509;30.313008;osm-59.92951-30.31301;2025-11-01
АюрVеда;Санкт-Петербург, пер. Гривцова, 11;59.929530;30.314502;osm-59.92953-30.31450;2026-05-24
Барслона;Санкт-Петербург, ул. Рубинштейна, 26;59.929534;30.344462;osm-59.92953-30.34446;2025-06-02
108;Санкт-Петербург, пер. Гривцова, 5;59.929541;30.313127;osm-59.92954-30.31313;2025-11-01
Profit coffee;Санкт-Петербург, Новочеркасский просп., 366;59.929542;30.415705;osm-59.92954-30.41570;2026-07-26
Дымоход;Санкт-Петербург, ул. Гончарная, 9;59.929549;30.364117;osm-59.92955-30.36412;2024-02-13
грецкий;Санкт-Петербург, ул. Конная, 1/2 литБ;59.929549;30.373422;osm-59.92955-30.37342;2024-03-17
108 Бургеры;Санкт-Петербург, наб. Адмиралтейского канала, 2 литТ;59.929562;30.287576;osm-59.92956-30.28758;2026-02-24
Старые кони;Санкт-Петербург, пер. Гривцова, 5;59.929564;30.313219;osm-59.92956-30.31322;2025-11-01
WaffleTea;Санкт-Петербург, ул. Стахановцев, 1 с1;59.929563;30.405401;osm-59.92956-30.40540;2026-02-05
Bullpen Brickhouse;Санкт-Петербург, ул. Пушкинская, 9;59.929572;30.356919;osm-59.92957-30.35692;2026-02-18
Комната;Санкт-Петербург, ул. Гороховая, 32;59.929576;30.320656;osm-59.92958-30.32066;2026-04-10
Столовая;Санкт-Петербург, ул. Гончарная, 10;59.929578;30.365462;osm-59.92958-30.36546;2026-06-21
Гарсон;Санкт-Петербург, Невский просп., 105;59.929581;30.368222;osm-59.92958-30.36822;2025-11-29
Bloody Mary;Санкт-Петербург, Мучной пер., 9/27;59.929591;30.323434;osm-59.92959-30.32343;2024-06-28
Хагао;Санкт-Петербург, наб. Адмиралтейского канала, 2 литТ;59.929605;30.287902;osm-59.92961-30.28790;2026-02-24
Рядом;Санкт-Петербург, ул. Гороховая, 32;59.929609;30.320605;osm-59.92961-30.32061;2026-04-10
Entry Coffeeshop & Wine;Санкт-Петербург, ул. Гончарная, 8;59.929651;30.365278;osm-59.92965-30.36528;2026-06-21
Pico;Санкт-Петербург, ул. Казанская, 29;59.929663;30.314370;osm-59.92966-30.31437;2026-05-24
Poison;Санкт-Петербург, ул. Рубинштейна, 11;59.929672;30.344122;osm-59.92967-30.34412;2025-05-22
Чайный Дом;Санкт-Петербург, ул. Рубинштейна, 24;59.929669;30.344538;osm-59.92967-30.34454;2025-06-02
Claret;Санкт-Петербург, ул. Марата, 11;59.929691;30.354020;osm-59.92969-30.35402;2026-03-28
Chela;Санкт-Петербург, ул. Гончарная, 7;59.929703;30.364578;osm-59.92970-30.36458;2026-03-28
Meze;Санкт-Петербург, Невский просп., 140;59.929699;30.368877;osm-59.92970-30.36888;2025-11-29
Спарта Гирос;Санкт-Петербург, пер. Гривцова, 5;59.929706;30.313738;osm-59.92971-30.31374;2025-10-19
Столовая Ложка;Санкт-Петербург, пер. Антоненко, 10/31;59.929732;30.311972;osm-59.92973-30.31197;2025-10-19
Шавермус;Санкт-Петербург, ул. Садовая, 21А;59.929749;30.325296;osm-59.92975-30.32530;2024-07-10
Этобар;Санкт-Петербург, Владимирский просп., 14;59.929753;30.348456;osm-59.92975-30.34846;2024-02-29
Phuong dong;Санкт-Петербург, ул. Садовая, 28-30 к15;59.929770;30.329470;osm-59.92977-30.32947;2023-11-05
ChaChaПури;Санкт-Петербург, ул. Марата, 10;59.929774;30.354719;osm-59.92977-30.35472;2026-07-20
Фо и Рис;Санкт-Петербург, Мучной пер., 5;59.929779;30.323096;osm-59.92978-30.32310;2026-05-16
O'Hooligans;Санкт-Петербург, просп. Бакунина, 5;59.929784;30.374138;osm-59.92978-30.37414;2026-06-21
Теплого хлеба;Санкт-Петербург, ул. Стахановцев, 1 с1;59.929776;30.405182;osm-59.92978-30.40518;2026-03-12
У Красной шапочки;Санкт-Петербург, ул. Садовая, 28-30 к6;59.929791;30.325551;osm-59.92979-30.32555;2026-07-20
Smoke BBQ;Санкт-Петербург, ул. Рубинштейна, 11;59.929802;30.344193;osm-59.92980-30.34419;2025-06-16
Министерство;Санкт-Петербург, ул. Рубинштейна, 22;59.929802;30.344610;osm-59.92980-30.34461;2025-06-02
Столовая №3;Санкт-Петербург, Невский просп., 85 литГ2;59.929808;30.362467;osm-59.92981-30.36247;2025-07-14
Chiko;Санкт-Петербург, ул. Дегтярная, 1;59.929822;30.369461;osm-59.92982-30.36946;2026-08-03
Хачапури & вино;Санкт-Петербург, ул. Казанская, 29;59.929831;30.314223;osm-59.92983-30.31422;2025-10-19
Халяль;Санкт-Петербург, ул. Садовая, 25;59.929835;30.324678;osm-59.92983-30.32468;2025-10-16
Italia;Санкт-Петербург, просп. Бакунина, 5;59.929827;30.374586;osm-59.92983-30.37459;2026-06-21
Чайная ложка;Санкт-Петербург, Невский просп., 136;59.929840;30.368330;osm-59.92984-30.36833;2025-11-29
У Захара;Санкт-Петербург, Новочеркасский просп., 39 к2;59.929856;30.410092;osm-59.92986-30.41009;2025-10-23
БуфетЪ;Санкт-Петербург, ул. Пушкинская, 7;59.929873;30.357060;osm-59.92987-30.35706;2024-02-28
Evo;Санкт-Петербург, ул. Херсонская, 1;59.929868;30.375061;osm-59.92987-30.37506;2026-06-21
Эривань;Санкт-Петербург, наб. реки Фонтанки, 49;59.929875;30.337996;osm-59.92988-30.33800;2025-09-09
Афрасиаб;Санкт-Петербург, ул. Херсонская, 3;59.929877;30.376258;osm-59.92988-30.37626;2026-08-12
Китайское бистро;Санкт-Петербург, ул. Садовая, 28-30 к15;59.929890;30.329342;osm-59.92989-30.32934;2025-01-15
Вьетнам;Санкт-Петербург, ул. Садовая, 28-30 к15;59.929896;30.329198;osm-59.92990-30.32920;2024-05-20
Friends of friends;Санкт-Петербург, ул. Дегтярная, 1;59.929898;30.369521;osm-59.92990-30.36952;2026-08-03
Мы же на ты;Санкт-Петербург, ул. Марата, 10;59.929922;30.354816;osm-59.92992-30.35482;2026-07-20
Felicita;Санкт-Петербург, ул. Садовая, 21А;59.929935;30.324917;osm-59.92994-30.32492;2026-05-09
Слойка;Санкт-Петербург, Малоохтинский просп., 68 литА;59.929937;30.400874;osm-59.92994-30.40087;2025-09-21
Krang;Санкт-Петербург, ул. Гороховая, 28;59.929948;30.320059;osm-59.92995-30.32006;2026-04-10
Чунжуй;Санкт-Петербург, ул. Садовая, 28-30 к15;59.929955;30.329070;osm-59.92995-30.32907;2024-05-20
Зов сирен;Санкт-Петербург, ул. Садовая, 21А;59.929964;30.324990;osm-59.92996-30.32499;2025-10-16
Белла;Санкт-Петербург, ул. Гончарная, 3 литА;59.929979;30.363848;osm-59.92998-30.36385;2026-03-28
Икра и водки;Санкт-Петербург, ул. Гороховая, 31;59.929989;30.319589;osm-59.92999-30.31959;2026-07-22
Lotus;Санкт-Петербург, наб. канала Грибоедова, 30-32 литЛ;59.930010;30.325930;osm-59.93001-30.32593;2024-08-11
На Мойке 90;Санкт-Петербург, наб. реки Мойки, 90;59.930027;30.300176;osm-59.93003-30.30018;2024-05-27
Линдфорс;Санкт-Петербург, Новочеркасский просп., 22/15;59.930029;30.411589;osm-59.93003-30.41159;2023-12-28
Долина;Санкт-Петербург, Большой просп. В.О., 82;59.930040;30.252604;osm-59.93004-30.25260;2026-02-05
Rockets & Bishops;Санкт-Петербург, ул. Гороховая, 28;59.930045;30.319900;osm-59.93004-30.31990;2026-04-10
Гостиная Medovarius;Санкт-Петербург, Мучной пер., 5;59.930045;30.322545;osm-59.93004-30.32255;2024-06-28
Кофейня на Садовой;Санкт-Петербург, ул. Садовая, 21А;59.930047;30.324935;osm-59.93005-30.32493;2025-10-16
Невский двор;Санкт-Петербург, Поварской пер., 4;59.930065;30.352352;osm-59.93006-30.35235;2025-01-18
Лаборатория 31;Санкт-Петербург, ул. Гороховая, 26;59.930070;30.319477;osm-59.93007-30.31948;2025-11-09
Дом Флоу;Санкт-Петербург, ул. Садовая, 21А;59.930081;30.325253;osm-59.93008-30.32525;2025-09-14
Зимняя вишня;Санкт-Петербург, наб. Адмиралтейского канала, 21;59.930094;30.288499;osm-59.93009-30.28850;2024-11-11
Арт лаб Medovarus;Санкт-Петербург, наб. канала Грибоедова, 36;59.930090;30.322453;osm-59.93009-30.32245;2024-06-28
Chang;Санкт-Петербург, Невский просп., 97;59.930089;30.366825;osm-59.93009-30.36682;2025-11-14
Rubinstein 20;Санкт-Петербург, ул. Рубинштейна, 20;59.930106;30.344794;osm-59.93011-30.34479;2025-06-02
Пальмира;Санкт-Петербург, ул. Пушкинская, 6;59.930109;30.357622;osm-59.93011-30.35762;2026-07-08
Bohema;Санкт-Петербург, Мучной пер., 2 литГ;59.930117;30.323061;osm-59.93012-30.32306;2024-06-26
Циферблат;Санкт-Петербург, наб. реки Мойки, 90;59.930150;30.300487;osm-59.93015-30.30049;2024-11-11
Le Moujik;Санкт-Петербург, наб. реки Фонтанки, 52;59.930162;30.340828;osm-59.93016-30.34083;2025-06-02
Koreana light;Санкт-Петербург, Невский просп., 97;59.930163;30.366624;osm-59.93016-30.36662;2026-08-02
Duo Asia;Санкт-Петербург, ул. Рубинштейна, 20;59.930173;30.344885;osm-59.93017-30.34489;2025-06-02
Сяоданцзя;Санкт-Петербург, ул. Садовая, 28-30 к10;59.930183;30.326324;osm-59.93018-30.32632;2024-08-11
Mad Espresso Team;Санкт-Петербург, ул. 2-я Советская, 27/2;59.930182;30.372531;osm-59.93018-30.37253;2024-09-28
Пельмения;Санкт-Петербург, ул. Марата, 8;59.930210;30.354993;osm-59.93021-30.35499;2026-07-20
coffeers;Санкт-Петербург, Лиговский просп., 43-45;59.930233;30.360053;osm-59.93023-30.36005;2026-09-22
Гарсон;Санкт-Петербург, Невский просп., 95;59.930230;30.366265;osm-59.93023-30.36626;2025-11-29
БлинВиль;Санкт-Петербург, Невский просп., 97;59.930235;30.367223;osm-59.93024-30.36722;2026-09-02
Культура;Санкт-Петербург, ул. Ломоносова, 3;59.930246;30.331782;osm-59.93025-30.33178;2025-10-20
Подстреленная гусыня;Санкт-Петербург, Графский пер., 9;59.930248;30.346816;osm-59.93025-30.34682;2026-02-06
Money Honey;Санкт-Петербург, ул. Садовая, 28-30 к13;59.930270;30.327473;osm-59.93027-30.32747;2024-12-13
La Pasta;Санкт-Петербург, Владимирский просп., 11/10;59.930272;30.347416;osm-59.93027-30.34742;2026-04-17
Паруса на Крыше;Санкт-Петербург, ул. Стремянная, 21/5;59.930274;30.354343;osm-59.93027-30.35434;2026-07-31
Люблю;Санкт-Петербург, наб. реки Фонтанки, 47;59.930280;30.338886;osm-59.93028-30.33889;2025-10-20
ЕМ;Санкт-Петербург, наб. реки Мойки, 84 литБ;59.930286;30.302159;osm-59.93029-30.30216;2023-11-09
Mendeleev;Санкт-Петербург, ул. Садовая, 23/6;59.930290;30.324867;osm-59.93029-30.32487;2023-10-24
Банщики;Санкт-Петербург, ул. Дегтярная, 1А;59.930293;30.370020;osm-59.93029-30.37002;2024-03-19
Сеновал;Санкт-Петербург, Фонарный пер., 1;59.930332;30.304050;osm-59.93033-30.30405;2024-12-22
Идиот;Санкт-Петербург, Фонарный пер., 1;59.930342;30.303514;osm-59.93034-30.30351;2026-07-26
Lale;Санкт-Петербург, Невский просп., 91;59.930357;30.365229;osm-59.93036-30.36523;2025-11-29
Столовая Ложка;Санкт-Петербург, Невский просп., 132 литБ;59.930377;30.366804;osm-59.93038-30.36680;2026-09-02
Киликия;Санкт-Петербург, ул. Гороховая, 26;59.930395;30.319713;osm-59.93039-30.31971;2025-11-03
Город кошек;Санкт-Петербург, наб. Адмиралтейского канала, 19;59.930397;30.288182;osm-59.93040-30.28818;2026-07-14
Старый Тбилиси;Санкт-Петербург, Невский просп., 91;59.930405;30.364919;osm-59.93041-30.36492;2026-06-19
Столовая № 37;Санкт-Петербург, ул. Ломоносова, 3;59.930433;30.331408;osm-59.93043-30.33141;2025-10-20
Lapa Smoke Lounge;Санкт-Петербург, ул. Пушкинская, 5;59.930433;30.356707;osm-59.93043-30.35671;2024-02-28
Paulaner;Санкт-Петербург, Невский просп., 91;59.930436;30.364594;osm-59.93044-30.36459;2025-09-14
Шар бар;Санкт-Петербург, ул. Казанская, 26;59.930458;30.318327;osm-59.93046-30.31833;2025-11-04
Asiatiq;Санкт-Петербург, Невский просп., 130;59.930460;30.366562;osm-59.93046-30.36656;2026-09-02
Нихао рамэн;Санкт-Петербург, Косая линия, 5;59.930478;30.260188;osm-59.93048-30.26019;2025-03-22
Oy!;Санкт-Петербург, ул. Ломоносова, 3;59.930491;30.331299;osm-59.93049-30.33130;2025-10-20
Once;Санкт-Петербург, наб. канала Грибоедова, 36;59.930502;30.322668;osm-59.93050-30.32267;2024-06-26
Wahaha;Санкт-Петербург, Невский просп., 87/2;59.930501;30.364177;osm-59.93050-30.36418;2026-06-28
Elman's Doner;Санкт-Петербург, ул. Казанская, 26/27;59.930523;30.317536;osm-59.93052-30.31754;2025-11-01
Young Coffee;Санкт-Петербург, Банковский пер., 4;59.930529;30.324477;osm-59.93053-30.32448;2023-10-24
Palermo;Санкт-Петербург, наб. реки Фонтанки, 50;59.930541;30.341439;osm-59.93054-30.34144;2026-02-06
Чешский трдельник;Санкт-Петербург, наб. Адмиралтейского канала, 2В;59.930547;30.289989;osm-59.93055-30.28999;2025-12-01
Tedix;Санкт-Петербург, Невский просп., 87/2;59.930553;30.363299;osm-59.93055-30.36330;2026-06-28
Тара Бруч;Санкт-Петербург, ул. 2-я Советская, 18 литБ;59.930550;30.372639;osm-59.93055-30.37264;2025-03-18
The Twill Bar;Санкт-Петербург, ул. Садовая, 28-30 к2;59.930556;30.331162;osm-59.93056-30.33116;2025-02-18
Waffelhaus;Санкт-Петербург, Косая линия, 5;59.930573;30.260237;osm-59.93057-30.26024;2025-03-22
Mickey & Monkeys;Санкт-Петербург, ул. Гороховая, 24/24;59.930576;30.318648;osm-59.93058-30.31865;2025-11-09
Bros Burritos;Санкт-Петербург, ул. Пушкинская, 3;59.930579;30.357433;osm-59.93058-30.35743;2024-02-28
du Nord 1834;Санкт-Петербург, Лиговский просп., 41/83;59.930589;30.360273;osm-59.93059-30.36027;2026-09-22
7 А. М. Читатели;Санкт-Петербург, ул. Стахановцев, 1 с1;59.930590;30.403314;osm-59.93059-30.40331;2025-12-26
Дымный Бро;Санкт-Петербург, Мучной пер., 1/38;59.930599;30.321440;osm-59.93060-30.32144;2024-06-28
Boozy Street;Санкт-Петербург, ул. Рубинштейна, 9/3;59.930619;30.344619;osm-59.93062-30.34462;2025-05-22
Пекарня Арго;Санкт-Петербург, ул. Шевченко, 5;59.930629;30.246272;osm-59.93063-30.24627;2025-08-31
Стирка 40°;Санкт-Петербург, ул. Казанская, 26;59.930633;30.317943;osm-59.93063-30.31794;2025-11-01
I’m Thankful for Today;Санкт-Петербург, ул. Гороховая, 24/24;59.930644;30.319015;osm-59.93064-30.31902;2026-04-10
Ф.М. Достоевский;Санкт-Петербург, Владимирский просп., 9А;59.930644;30.347455;osm-59.93064-30.34746;2026-02-06
Бакунин;Санкт-Петербург, ул. 2-я Советская, 25А;59.930651;30.371123;osm-59.93065-30.37112;2026-08-03
Surf Coffee х Odyssey;Санкт-Петербург, ул. Стахановцев, 1 с1;59.930652;30.402898;osm-59.93065-30.40290;2025-12-26
Весна;Санкт-Петербург, ул. Галерная, 75;59.930668;30.284881;osm-59.93067-30.28488;2026-01-20
Why.China;Санкт-Петербург, ул. Казанская, 26/27;59.930668;30.317301;osm-59.93067-30.31730;2025-10-24
Sokol Coffee;Санкт-Петербург, ул. Гороховая, 24/24;59.930673;30.318498;osm-59.93067-30.31850;2025-09-12
Taco L. V.;Санкт-Петербург, Невский просп., 130;59.930686;30.366523;osm-59.93069-30.36652;2026-06-17
Lines;Санкт-Петербург, 24-я линия В.О., 3-7;59.930697;30.262269;osm-59.93070-30.26227;2023-11-17
Prowine's;Санкт-Петербург, ул. Рубинштейна, 9/3;59.930699;30.344539;osm-59.93070-30.34454;2025-09-22
Лузеры;Санкт-Петербург, ул. Казанская, 26/27;59.930707;30.317466;osm-59.93071-30.31747;2025-10-24
Ипполит;Санкт-Петербург, ул. Казанская, 26;59.930723;30.318283;osm-59.93072-30.31828;2025-11-01
A May;Санкт-Петербург, наб. реки Фонтанки, 50;59.930718;30.341740;osm-59.93072-30.34174;2026-02-06
Beer Bag;Санкт-Петербург, Косая линия, 5;59.930733;30.260402;osm-59.93073-30.26040;2025-03-22
Лимб;Санкт-Петербург, ул. Рубинштейна, 16;59.930727;30.345160;osm-59.93073-30.34516;2026-02-06
Рюмочная;Санкт-Петербург, ул. Пушкинская, 3;59.930726;30.357504;osm-59.93073-30.35750;2024-02-28
ШарБар;Санкт-Петербург, пер. Гривцова, 6 литА;59.930769;30.313695;osm-59.93077-30.31369;2024-06-12
Ворон и ворон;Санкт-Петербург, Мучной пер., 1/38;59.930780;30.321108;osm-59.93078-30.32111;2024-06-28
Кебаб;Санкт-Петербург, Косая линия, 5;59.930790;30.260449;osm-59.93079-30.26045;2025-03-22
Monte Cristo;Санкт-Петербург, Москательный пер., 1;59.930790;30.322140;osm-59.93079-30.32214;2024-06-26
Кэт;Санкт-Петербург, ул. Стремянная, 22/3 литА;59.930808;30.353578;osm-59.93081-30.35358;2026-06-22
Jäger;Санкт-Петербург, ул. Марата, 4;59.930810;30.355357;osm-59.93081-30.35536;2026-07-20
Наша столовая;Санкт-Петербург, просп. Бакунина, 31;59.930827;30.384733;osm-59.93083-30.38473;2024-09-17
Tel Aviv;Санкт-Петербург, наб. Адмиралтейского канала, 3;59.930864;30.291120;osm-59.93086-30.29112;2026-06-12
Avgust;Санкт-Петербург, Графский пер., 6/16;59.930857;30.345240;osm-59.93086-30.34524;2026-02-06
Фаворит;Санкт-Петербург, ул. Стремянная, 18;59.930880;30.352989;osm-59.93088-30.35299;2025-11-24
Fresh Point;Санкт-Петербург, Невский просп., 126/2;59.930878;30.365422;osm-59.93088-30.36542;2023-11-08
Неон;Санкт-Петербург, Банковский пер., 3;59.930887;30.323534;osm-59.93089-30.32353;2023-11-05
Бейрут;Санкт-Петербург, ул. Стремянная, 11;59.930912;30.351145;osm-59.93091-30.35114;2026-04-17
Этлон;Санкт-Петербург, ул. Марата, 3;59.930928;30.354815;osm-59.93093-30.35481;2026-06-22
Amra;Санкт-Петербург, наб. канала Грибоедова, 34;59.930948;30.321724;osm-59.93095-30.32172;2025-11-03
Nove;Санкт-Петербург, наб. реки Мойки, 99;59.930977;30.304402;osm-59.93098-30.30440;2026-01-07
MA;Санкт-Петербург, ул. Рубинштейна, 7 литБ;59.930976;30.344835;osm-59.93098-30.34483;2025-04-10
Бар Капибар;Санкт-Петербург, ул. Стремянная, 16;59.930982;30.352147;osm-59.93098-30.35215;2026-07-01
Барчик;Санкт-Петербург, ул. Гороховая, 25;59.930992;30.318082;osm-59.93099-30.31808;2025-11-09
Мажор;Санкт-Петербург, ул. Рубинштейна, 14;59.930987;30.345306;osm-59.93099-30.34531;2026-02-06
Bruno;Санкт-Петербург, ул. Казанская, 17-19;59.931016;30.319317;osm-59.93102-30.31932;2026-08-30
Дабл Бабл Ти;Санкт-Петербург, ул. Марата, 3;59.931021;30.354834;osm-59.93102-30.35483;2026-06-22
Oh! My Tea;Санкт-Петербург, ул. Казанская, 22;59.931070;30.320455;osm-59.93107-30.32045;2024-06-25
Аллегро;Санкт-Петербург, ул. 2-я Советская, 25/2;59.931103;30.369837;osm-59.93110-30.36984;2026-08-03
Бар 17;Санкт-Петербург, ул. 3-я Советская, 48;59.931157;30.374430;osm-59.93116-30.37443;2024-03-16
British Bro;Санкт-Петербург, Владимирский просп., 7;59.931182;30.347492;osm-59.93118-30.34749;2026-04-17
Coffee 22;Санкт-Петербург, ул. Казанская, 22;59.931190;30.319953;osm-59.93119-30.31995;2026-08-30
Пуси-Лебеди;Санкт-Петербург, Невский просп., 73-75/2;59.931188;30.355591;osm-59.93119-30.35559;2026-07-20
Шоко-Мокко;Санкт-Петербург, пл. Труда, 6;59.931204;30.293973;osm-59.93120-30.29397;2025-09-15
Siberika;Санкт-Петербург, наб. Лейтенанта Шмидта, 43;59.931231;30.271658;osm-59.93123-30.27166;2024-10-14
Шоко-Мокко;Санкт-Петербург, пл. Труда, 6;59.931252;30.293920;osm-59.93125-30.29392;2025-09-15
Борщ;Санкт-Петербург, ул. 3-я Советская, 48;59.931264;30.374566;osm-59.93126-30.37457;2024-03-09
Markva;Санкт-Петербург, наб. Адмиралтейского канала, 3;59.931275;30.291055;osm-59.93127-30.29106;2026-07-14
Onde;Санкт-Петербург, ул. Большая Морская, 56;59.931295;30.303863;osm-59.93129-30.30386;2026-01-07
Villa Aston;Санкт-Петербург, Владимирский просп., 5;59.931293;30.347500;osm-59.93129-30.34750;2026-04-17
La Republique;Санкт-Петербург, ул. Галерная, 40;59.931319;30.287857;osm-59.93132-30.28786;2026-01-20
Pride Mart;Санкт-Петербург, наб. Адмиралтейского канала, 1;59.931342;30.292435;osm-59.93134-30.29244;2025-09-15
География;Санкт-Петербург, ул. Рубинштейна, 7 литБ;59.931351;30.345050;osm-59.93135-30.34505;2025-04-10
Арго;Санкт-Петербург, пл. Труда, 6;59.931359;30.293753;osm-59.93136-30.29375;2025-05-24
Warszawa;Санкт-Петербург, ул. Казанская, 11;59.931364;30.319854;osm-59.93136-30.31985;2025-10-24
Pitcher;Санкт-Петербург, Невский просп., 73-75/2;59.931358;30.355702;osm-59.93136-30.35570;2026-07-20
Игральня;Санкт-Петербург, ул. Гороховая, 21;59.931369;30.317491;osm-59.93137-30.31749;2026-04-10
Ватерлоо;Санкт-Петербург, ул. Рубинштейна, 10;59.931370;30.345528;osm-59.93137-30.34553;2026-02-14
Камея;Санкт-Петербург, ул. 2-я Советская, 19;59.931394;30.368958;osm-59.93139-30.36896;2026-08-03
Commons;Санкт-Петербург, наб. канала Грибоедова, 39;59.931399;30.321563;osm-59.93140-30.32156;2024-06-26
Pride Mart;Санкт-Петербург, наб. Адмиралтейского канала, 1;59.931412;30.292408;osm-59.93141-30.29241;2025-09-15
Вчера и навсегда;Санкт-Петербург, ул. Казанская, 11;59.931409;30.320019;osm-59.93141-30.32002;2025-10-24
Арго;Санкт-Петербург, пл. Труда, 6;59.931426;30.293714;osm-59.93143-30.29371;2025-05-24
Новая Голландия;Санкт-Петербург, наб. Адмиралтейского канала, 1;59.931440;30.291626;osm-59.93144-30.29163;2026-07-14
Борщ;Санкт-Петербург, ул. 1-я Советская, 8А;59.931442;30.363843;osm-59.93144-30.36384;2026-07-19
Шavaroom;Санкт-Петербург, ул. Казанская, 11;59.931461;30.320208;osm-59.93146-30.32021;2025-10-24
Мята;Санкт-Петербург, наб. канала Грибоедова, 37;59.931495;30.321887;osm-59.93149-30.32189;2025-11-04
Столовая;Санкт-Петербург, Заневский просп., 73;59.931486;30.441947;osm-59.93149-30.44195;2025-11-13
48 стульев;Санкт-Петербург, ул. Рубинштейна, 5;59.931523;30.345152;osm-59.93152-30.34515;2025-04-10
Caribia;Санкт-Петербург, ул. 2-я Советская, 10Б;59.931564;30.369601;osm-59.93156-30.36960;2023-12-06
Хао Вэй;Санкт-Петербург, наб. Адмиралтейского канала, 1;59.931599;30.291538;osm-59.93160-30.29154;2026-01-20
Барбарис;Санкт-Петербург, ул. Большая Морская, 53/8;59.931595;30.302862;osm-59.93160-30.30286;2024-05-18
Unity;Санкт-Петербург, пер. Гривцова, 4;59.931598;30.312877;osm-59.93160-30.31288;2024-06-12
Кофейное место;Санкт-Петербург, Невский просп., 71;59.931595;30.354441;osm-59.93160-30.35444;2024-05-23
Разбитые сердца;Санкт-Петербург, ул. Садовая, 19;59.931673;30.328759;osm-59.93167-30.32876;2026-07-14
Gong fu la mian;Санкт-Петербург, Большой просп. В.О., 72;59.931687;30.258142;osm-59.93169-30.25814;2025-03-22
Кофе с яйцами;Санкт-Петербург, ул. 1-я Советская, 6;59.931714;30.363692;osm-59.93171-30.36369;2026-07-19
Fiddler's Green;Санкт-Петербург, ул. Рубинштейна, 5;59.931761;30.345288;osm-59.93176-30.34529;2025-05-22
Met tea;Санкт-Петербург, Невский просп., 106;59.931761;30.357089;osm-59.93176-30.35709;2026-08-03
Freak Zone;Санкт-Петербург, ул. 1-я Советская, 4;59.931770;30.362929;osm-59.93177-30.36293;2026-07-19
Italiani;Санкт-Петербург, Невский просп., 65;59.931783;30.353454;osm-59.93178-30.35345;2025-10-20
Мама на даче;Санкт-Петербург, Невский просп., 106;59.931781;30.356881;osm-59.93178-30.35688;2026-08-03
Страсти;Санкт-Петербург, Конногвардейский бул., 6;59.931793;30.294485;osm-59.93179-30.29449;2026-01-19
Sixty Four;Санкт-Петербург, пер. Антоненко, 2;59.931824;30.311091;osm-59.93182-30.31109;2025-09-19
Pita's;Санкт-Петербург, Невский просп., 65;59.931819;30.353172;osm-59.93182-30.35317;2023-11-10
Свой сок;Санкт-Петербург, ул. Ломоносова, 6;59.931852;30.329374;osm-59.93185-30.32937;2025-10-16
Chelentano;Санкт-Петербург, ул. Рубинштейна, 6;59.931851;30.345798;osm-59.93185-30.34580;2026-02-06
Depeche Mode;Санкт-Петербург, наб. реки Мойки, 62/2;59.931861;30.312605;osm-59.93186-30.31261;2024-06-12
Густограм;Санкт-Петербург, Невский просп., 61;59.931864;30.352227;osm-59.93186-30.35223;2026-04-17
Сиртаки;Санкт-Петербург, Невский просп., 102;59.931861;30.356280;osm-59.93186-30.35628;2025-10-17
Кореана;Санкт-Петербург, ул. Гороховая, 17/56;59.931883;30.316735;osm-59.93188-30.31674;2026-04-10
Гостиный пекарь;Санкт-Петербург, ул. Ломоносова, 6;59.931891;30.329281;osm-59.93189-30.32928;2025-10-16
Кореана;Санкт-Петербург, Новочеркасский просп., 33;59.931911;30.408147;osm-59.93191-30.40815;2025-12-28
Oh! Mumbai;Санкт-Петербург, наб. реки Мойки, 62/2;59.931928;30.312538;osm-59.93193-30.31254;2024-06-12
Яблоко Room;Санкт-Петербург, ул. Почтамтская, 12;59.931942;30.302447;osm-59.93194-30.30245;2024-05-18
Колхи;Санкт-Петербург, ул. 3-я Советская, 9;59.931947;30.370289;osm-59.93195-30.37029;2024-03-09
Кондитерская Теремок;Санкт-Петербург, 24-я линия В.О., 15/2 литБ;59.931960;30.261611;osm-59.93196-30.26161;2026-07-12
Шашлычная;Санкт-Петербург, 27-я линия В.О., 16А;59.931968;30.255291;osm-59.93197-30.25529;2026-04-09
Тётя Аида;Санкт-Петербург, ул. Якубовича, 5;59.931969;30.295088;osm-59.93197-30.29509;2026-01-19
Драма бар;Санкт-Петербург, наб. канала Грибоедова, 28/1;59.931977;30.327890;osm-59.93198-30.32789;2026-08-15
Пиф-паф;Санкт-Петербург, наб. канала Грибоедова, 31;59.931993;30.323564;osm-59.93199-30.32356;2025-11-04
1886 Bonomi;Санкт-Петербург, Невский просп., 104 литВ;59.932021;30.356690;osm-59.93202-30.35669;2026-05-09
Столовая;Санкт-Петербург, Заневский просп., 73;59.932027;30.440029;osm-59.93203-30.44003;2025-11-13
Барбазан;Санкт-Петербург, Владимирский просп., 2;59.932040;30.348149;osm-59.93204-30.34815;2026-04-17
Шеф кебаб;Санкт-Петербург, Уткин пер., 13 к15;59.932037;30.437940;osm-59.93204-30.43794;2025-08-16
Шашлычная;Санкт-Петербург, 27-я линия В.О., 16А;59.932051;30.255325;osm-59.93205-30.25532;2026-04-09
Ломоносов;Санкт-Петербург, наб. канала Грибоедова, 28/1;59.932056;30.327679;osm-59.93206-30.32768;2026-01-12
Beverly Hills;Санкт-Петербург, Невский просп., 96;59.932059;30.354833;osm-59.93206-30.35483;2025-02-02
Старгород;Санкт-Петербург, ул. Казанская, 7А;59.932076;30.321169;osm-59.93208-30.32117;2023-10-31
Double Bubble Tea;Санкт-Петербург, Большой просп. В.О., 66;59.932131;30.260548;osm-59.93213-30.26055;2025-09-08
Вацлав;Санкт-Петербург, Заневский просп., 34 к3;59.932145;30.426900;osm-59.93214-30.42690;2026-04-04
Malina Rooms;Санкт-Петербург, Орловский пер., 3 литВ;59.932177;30.363852;osm-59.93218-30.36385;2026-07-19
Manneken Pis;Санкт-Петербург, Невский просп., 53 литА;59.932186;30.350169;osm-59.93219-30.35017;2026-03-04
Тепло;Санкт-Петербург, ул. Большая Морская, 45;59.932198;30.305269;osm-59.93220-30.30527;2024-05-06
Paradnay;Санкт-Петербург, ул. Казанская, 7 литГ;59.932200;30.320065;osm-59.93220-30.32006;2024-07-16
Бульк;Санкт-Петербург, Невский просп., 90–92 литера Б;59.932230;30.353358;osm-59.93223-30.35336;2025-11-16
Mojo;Санкт-Петербург, пл. Островского, 5;59.932255;30.335170;osm-59.93225-30.33517;2025-08-06
City grill;Санкт-Петербург, ул. Рубинштейна, 4;59.932248;30.346019;osm-59.93225-30.34602;2026-02-06
Scandal Bar;Санкт-Петербург, наб. канала Грибоедова, 30-32 литТ;59.932256;30.327104;osm-59.93226-30.32710;2026-06-28
Евгенич;Санкт-Петербург, Невский просп., 53 литА;59.932271;30.349522;osm-59.93227-30.34952;2025-10-20
City grill;Санкт-Петербург, ул. Восстания, 1 литТ;59.932274;30.360275;osm-59.93227-30.36028;2024-03-06
Вацлав;Санкт-Петербург, Заневский просп., 34 к3;59.932268;30.426947;osm-59.93227-30.42695;2026-04-04
Папарацци;Санкт-Петербург, ул. Почтамтская, 10;59.932285;30.302974;osm-59.93229-30.30297;2024-05-18
Чайхона;Санкт-Петербург, Невский просп., 90–92 литера Б;59.932295;30.352833;osm-59.93230-30.35283;2025-10-17
Твоя остановочка;Санкт-Петербург, Невский Проспект, 51;59.932310;30.349106;osm-59.93231-30.34911;2026-03-04
Casa dei caffe;Санкт-Петербург, Конногвардейский бул., 4 литД;59.932323;30.296468;osm-59.93232-30.29647;2025-09-19
WöD;Санкт-Петербург, ул. Большая Морская, 45;59.932316;30.305075;osm-59.93232-30.30507;2024-03-14
Cannelle;Санкт-Петербург, Невский просп., 49/2;59.932349;30.348169;osm-59.93235-30.34817;2025-10-20
Хуторок;Санкт-Петербург, ул. 3-я Советская, 22;59.932386;30.369829;osm-59.93239-30.36983;2024-03-18
Ярумэн;Санкт-Петербург, Невский просп., 90;59.932409;30.351921;osm-59.93241-30.35192;2025-11-16
Meat;Санкт-Петербург, наб. канала Грибоедова, 27;59.932463;30.324725;osm-59.93246-30.32473;2025-11-04
Мама на даче;Санкт-Петербург, Невский просп., 88;59.932474;30.351411;osm-59.93247-30.35141;2025-05-18
Руки вверх;Санкт-Петербург, наб. канала Грибоедова, 28;59.932493;30.325700;osm-59.93249-30.32570;2025-11-03
Lamb;Санкт-Петербург, Конногвардейский бул., 4 литВ;59.932496;30.297042;osm-59.93250-30.29704;2025-05-24
Gills;Санкт-Петербург, ул. Казанская, 8-10;59.932503;30.321955;osm-59.93250-30.32195;2026-08-30
Мисо;Санкт-Петербург, ул. Наличная, 15;59.932513;30.236587;osm-59.93251-30.23659;2024-10-15
Мама Рада;Санкт-Петербург, Невский просп., 47;59.932524;30.347579;osm-59.93252-30.34758;2025-10-24
Сайгон;Санкт-Петербург, ул. Рубинштейна, 1/43;59.932545;30.345748;osm-59.93254-30.34575;2026-02-14
Oldham;Санкт-Петербург, наб. реки Мойки, 56;59.932549;30.314802;osm-59.93255-30.31480;2025-11-09
Commode;Санкт-Петербург, Невский просп., 47;59.932559;30.347309;osm-59.93256-30.34731;2025-10-24
Китайская кухня;Санкт-Петербург, 20-я линия В.О., 9;59.932572;30.267503;osm-59.93257-30.26750;2024-10-15
Палкинъ;Санкт-Петербург, Невский просп., 47;59.932569;30.347225;osm-59.93257-30.34723;2026-03-04
Jäger;Санкт-Петербург, Невский просп., 88;59.932566;30.350666;osm-59.93257-30.35067;2025-11-16
Курочка по-карибски;Санкт-Петербург, Лиговский просп., 33-35;59.932573;30.361481;osm-59.93257-30.36148;2026-06-26
Русская Рюмочная №1;Санкт-Петербург, Конногвардейский бул., 4;59.932582;30.297442;osm-59.93258-30.29744;2025-05-24
Kriek;Санкт-Петербург, Невский просп., 47;59.932579;30.347134;osm-59.93258-30.34713;2025-10-24
Brewmen taproom;Санкт-Петербург, наб. реки Мойки, 56;59.932587;30.315008;osm-59.93259-30.31501;2025-09-19
Чайникофф;Санкт-Петербург, Невский просп., 45/2;59.932592;30.346939;osm-59.93259-30.34694;2026-03-04
Блюющий скелет;Санкт-Петербург, Лиговский просп., 33-35;59.932602;30.361275;osm-59.93260-30.36127;2026-07-26
Лапландия;Санкт-Петербург, ул. Мытнинская, 12/44;59.932622;30.375818;osm-59.93262-30.37582;2024-03-17
AT 8/10;Санкт-Петербург, ул. Казанская, 8-10;59.932641;30.322081;osm-59.93264-30.32208;2025-11-01
На Парах;Санкт-Петербург, ул. Садовая, 26 литБ;59.932643;30.332149;osm-59.93264-30.33215;2026-06-14
Столовая Ложка;Санкт-Петербург, наб. реки Мойки, 56;59.932680;30.315510;osm-59.93268-30.31551;2025-11-09
Coffit;Санкт-Петербург, Невский просп., 94/2;59.932688;30.353868;osm-59.93269-30.35387;2024-07-16
Ротонда;Санкт-Петербург, ул. Большая Морская, 39;59.932723;30.308691;osm-59.93272-30.30869;2025-05-24
Такояки;Санкт-Петербург, пер. Крылова, 2;59.932741;30.333765;osm-59.93274-30.33376;2026-01-23
Grill Street Food;Санкт-Петербург, Заневский просп., 65 к5;59.932754;30.434471;osm-59.93275-30.43447;2025-06-23
Петербургские пышки;Санкт-Петербург, ул. Садовая, 17;59.932778;30.331550;osm-59.93278-30.33155;2025-10-16
Гарсон;Санкт-Петербург, наб. канала Грибоедова, 25;59.932798;30.324885;osm-59.93280-30.32488;2025-11-04
Паб 78;Санкт-Петербург, ул. Садовая, 24;59.932800;30.332693;osm-59.93280-30.33269;2024-09-28
Дзирна;Санкт-Петербург, ул. Галерная, 33;59.932818;30.293007;osm-59.93282-30.29301;2023-10-15
Лан;Санкт-Петербург, 26-я линия В.О., 15 литБ;59.932851;30.255554;osm-59.93285-30.25555;2023-11-01
Тарелка;Санкт-Петербург, наб. канала Грибоедова, 25;59.932871;30.324920;osm-59.93287-30.32492;2026-06-16
Братцы кебабцы;Санкт-Петербург, ул. Восстания, 4;59.932876;30.359817;osm-59.93288-30.35982;2025-12-03
Паб 78;Санкт-Петербург, ул. Садовая, 24;59.932891;30.332705;osm-59.93289-30.33271;2024-09-28
Kiss Kiss;Санкт-Петербург, Лиговский просп., 33-35;59.932893;30.361673;osm-59.93289-30.36167;2026-09-22
Orthodox;Санкт-Петербург, ул. Рубинштейна, 2/45;59.932900;30.359133;osm-59.93290-30.35913;2025-01-25
Department 57;Санкт-Петербург, Конногвардейский бул., 4;59.932915;30.298463;osm-59.93292-30.29846;2025-09-15
Китай-Город;Санкт-Петербург, ул. Мытнинская, 12/44;59.932915;30.376451;osm-59.93292-30.37645;2024-03-17
Шато терра;Санкт-Петербург, Невский просп., 84-86;59.932947;30.350566;osm-59.93295-30.35057;2025-01-20
Шаверма;Санкт-Петербург, ул. Ворошилова, 31 к4;59.932952;30.462860;osm-59.93295-30.46286;2025-06-20
ДонДонер;Санкт-Петербург, Большой просп. В.О., 64;59.932976;30.263673;osm-59.93298-30.26367;2026-06-10
Mishka;Санкт-Петербург, Конногвардейский бул., 4 литБ;59.932984;30.298810;osm-59.93298-30.29881;2025-05-24
Шаверма;Санкт-Петербург, Литейный просп., 64/78;59.932980;30.348210;osm-59.93298-30.34821;2026-04-12
Neo;Санкт-Петербург, Заневский просп., 38;59.932980;30.431150;osm-59.93298-30.43115;2026-04-07
Фабрика кофе;Санкт-Петербург, Невский просп., 35;59.933016;30.332151;osm-59.93302-30.33215;2025-10-16
Шаверма на Литейном;Санкт-Петербург, Литейный просп., 64/78;59.933019;30.347618;osm-59.93302-30.34762;2025-01-31
Грильяж;Санкт-Петербург, 26-я линия В.О., 15 литБ;59.933026;30.255738;osm-59.93303-30.25574;2025-02-01
Мансарда;Санкт-Петербург, ул. Почтамтская, 3-5;59.933025;30.303230;osm-59.93303-30.30323;2026-05-09
Метрополь;Санкт-Петербург, ул. Садовая, 22;59.933070;30.333122;osm-59.93307-30.33312;2024-09-28
The Office;Санкт-Петербург, ул. Казанская, 6;59.933093;30.322108;osm-59.93309-30.32211;2025-09-03
Чебуреки;Санкт-Петербург, Большой просп. В.О., 64;59.933105;30.263765;osm-59.93310-30.26376;2025-09-08
Сапеано арт;Санкт-Петербург, ул. Большая Морская, 36;59.933103;30.311082;osm-59.93310-30.31108;2025-08-27
Республика кошек;Санкт-Петербург, ул. Якубовича, 10;59.933114;30.301327;osm-59.93311-30.30133;2025-10-19
Astoria Restaurant;Санкт-Петербург, ул. Большая Морская, 39;59.933122;30.308660;osm-59.93312-30.30866;2025-09-19
Я люблю… La panorama;Санкт-Петербург, 26-я линия В.О., 15 к2;59.933127;30.256903;osm-59.93313-30.25690;2025-12-10
Blinders bottle shop;Санкт-Петербург, наб. канала Грибоедова, 26;59.933155;30.326216;osm-59.93315-30.32622;2024-03-11
Сулико;Санкт-Петербург, ул. Восстания, 7;59.933149;30.360349;osm-59.93315-30.36035;2024-11-14
Made In China;Санкт-Петербург, ул. Большая Морская, 35;59.933157;30.310342;osm-59.93316-30.31034;2024-03-14
Majestic;Санкт-Петербург, ул. Садовая, 22;59.933162;30.333342;osm-59.93316-30.33334;2024-09-28
Гадкий Койот;Санкт-Петербург, ул. Думская, 4;59.933171;30.328287;osm-59.93317-30.32829;2026-07-11
Gin tonic;Санкт-Петербург, Литейный просп., 64/78 литБ;59.933168;30.348599;osm-59.93317-30.34860;2024-02-29
Турка;Санкт-Петербург, Литейный просп., 63;59.933178;30.347622;osm-59.93318-30.34762;2025-01-31
Radioactive;Санкт-Петербург, Большой просп. В.О., 64;59.933224;30.264187;osm-59.93322-30.26419;2025-09-08
Coffee Therapy;Санкт-Петербург, наб. канала Грибоедова, 26;59.933230;30.325960;osm-59.93323-30.32596;2026-06-26
BabJib;Санкт-Петербург, ул. Маяковского, 6;59.933233;30.354670;osm-59.93323-30.35467;2025-11-16
Монастырские пышки;Санкт-Петербург, наб. Лейтенанта Шмидта, 27/2;59.933274;30.275423;osm-59.93327-30.27542;2024-10-14
На парах;Санкт-Петербург, Литейный просп., 63;59.933274;30.347627;osm-59.93327-30.34763;2026-08-23
Метрополь;Санкт-Петербург, ул. Садовая, 22;59.933290;30.333647;osm-59.93329-30.33365;2024-09-28
Manneken Pis;Санкт-Петербург, ул. Казанская, 5;59.933303;30.322302;osm-59.93330-30.32230;2025-10-24
Сулико;Санкт-Петербург, ул. Казанская, 4;59.933298;30.322925;osm-59.93330-30.32293;2024-11-14
1847;Санкт-Петербург, ул. Садовая, 22;59.933314;30.333704;osm-59.93331-30.33370;2024-09-28
Аладдин;Санкт-Петербург, Заневский просп., 71 к2 А;59.933311;30.437905;osm-59.93331-30.43791;2026-04-04
Старик Хинкалич;Санкт-Петербург, наб. реки Мойки, 69;59.933323;30.315319;osm-59.93332-30.31532;2024-07-27
Зачет;Санкт-Петербург, Большой просп. В.О., 62;59.933332;30.264538;osm-59.93333-30.26454;2025-09-08
Деда Хинкали;Санкт-Петербург, Литейный просп., 61;59.933342;30.348233;osm-59.93334-30.34823;2026-04-12
Гостинка;Санкт-Петербург, ул. Садовая, 17;59.933361;30.332734;osm-59.93336-30.33273;2025-10-24
Da Manu;Санкт-Петербург, ул. Большая Морская, 34;59.933369;30.311810;osm-59.93337-30.31181;2025-09-15
Строганов Стейк Хаус;Санкт-Петербург, Почтамтский пер., 1;59.933380;30.300120;osm-59.93338-30.30012;2025-05-24
La Biga;Санкт-Петербург, ул. Гороховая, 16/71;59.933394;30.314935;osm-59.93339-30.31493;2024-07-27
Гостинка;Санкт-Петербург, ул. Садовая, 17;59.933438;30.332783;osm-59.93344-30.33278;2025-10-24
Cha Bai Dao;Санкт-Петербург, пер. Сергея Тюленина, 4/23 литБ;59.933462;30.324763;osm-59.93346-30.32476;2025-11-01
Tefsi;Санкт-Петербург, ул. Галерная, 20-22;59.933485;30.296641;osm-59.93348-30.29664;2026-01-19
Городские кондитерские №1;Санкт-Петербург, ул. Большая Морская, 33;59.933488;30.311209;osm-59.93349-30.31121;2026-08-04
Паоло;Санкт-Петербург, ул. Большая Морская, 34;59.933487;30.312134;osm-59.93349-30.31213;2025-08-27
Raw to go;Санкт-Петербург, ул. Гороховая, 16/71;59.933486;30.314797;osm-59.93349-30.31480;2024-07-27
Aquamarine;Санкт-Петербург, пер. Сергея Тюленина, 4/23 литБ;59.933489;30.324619;osm-59.93349-30.32462;2025-11-01
Хачо и Пури;Санкт-Петербург, Лиговский просп., 29;59.933509;30.362111;osm-59.93351-30.36211;2024-07-01
Толстый фраер;Санкт-Петербург, ул. Думская, 1-3;59.933536;30.328345;osm-59.93354-30.32834;2023-10-24
Венеция;Санкт-Петербург, ул. 4-я Советская, 18/9;59.933563;30.369823;osm-59.93356-30.36982;2026-05-20
Ramen Rebel;Санкт-Петербург, Литейный просп., 62;59.933594;30.348867;osm-59.93359-30.34887;2026-08-14
Стаканвина;Санкт-Петербург, Литейный просп., 62;59.933602;30.348637;osm-59.93360-30.34864;2024-02-29
Общество чистых тарелок;Санкт-Петербург, ул. Большая Морская, 28/13;59.933651;30.314084;osm-59.93365-30.31408;2024-07-26
Волшебная сковородка;Санкт-Петербург, ул. 4-я Советская, 18/9;59.933652;30.369833;osm-59.93365-30.36983;2026-05-20
Tagliatella;Санкт-Петербург, Литейный просп., 61;59.933658;30.347055;osm-59.93366-30.34706;2023-10-17
Декабрист;Санкт-Петербург, ул. Якубовича, 4;59.933701;30.303311;osm-59.93370-30.30331;2025-10-19
Afrasiab;Санкт-Петербург, ул. Мытнинская, 11;59.933704;30.377847;osm-59.93370-30.37785;2026-08-30
Мамалыга;Санкт-Петербург, ул. Казанская, 2;59.933714;30.323419;osm-59.93371-30.32342;2025-11-01
Аппетит;Санкт-Петербург, Конногвардейский бул., 15;59.933728;30.298714;osm-59.93373-30.29871;2026-01-19
Sea, Signora;Санкт-Петербург, ул. Большая Морская, 30 литА;59.933730;30.312799;osm-59.93373-30.31280;2025-08-27
Room 13;Санкт-Петербург, ул. Маяковского, 10;59.933728;30.354366;osm-59.93373-30.35437;2024-03-08
Vetvi;Санкт-Петербург, ул. Маяковского, 3;59.933761;30.355321;osm-59.93376-30.35532;2024-07-10
Green;Санкт-Петербург, ул. Маяковского, 3а литА;59.933768;30.356011;osm-59.93377-30.35601;2026-07-11
Ramen & Wok;Санкт-Петербург, ул. Большая Морская, 30 литА;59.933819;30.313051;osm-59.93382-30.31305;2025-08-27
Фалафель у дяди Фади;Санкт-Петербург, ул. Думская, 1-3;59.933817;30.328230;osm-59.93382-30.32823;2023-12-01
Гусары;Санкт-Петербург, наб. реки Фонтанки, 38;59.933818;30.344414;osm-59.93382-30.34441;2024-03-02
Котокафе;Санкт-Петербург, Литейный просп., 60;59.933817;30.348374;osm-59.93382-30.34837;2024-07-11
Gedonist;Санкт-Петербург, ул. Думская, 5/22;59.933830;30.326201;osm-59.93383-30.32620;2026-06-26
Kriek;Санкт-Петербург, Невский просп., 64;59.933861;30.340339;osm-59.93386-30.34034;2025-12-24
Слой;Санкт-Петербург, ул. Маяковского, 3;59.933864;30.354910;osm-59.93386-30.35491;2025-11-16
BISTRO A-STYLE;Санкт-Петербург, наб. реки Фонтанки, 38;59.933883;30.344449;osm-59.93388-30.34445;2024-03-02
Иван да Марья;Санкт-Петербург, Невский просп., 64;59.933900;30.340025;osm-59.93390-30.34003;2026-02-28
Garçon;Санкт-Петербург, ул. Гороховая, 13;59.933923;30.313328;osm-59.93392-30.31333;2025-08-27
Форт;Санкт-Петербург, ул. Думская, 1-3;59.933925;30.328814;osm-59.93393-30.32881;2023-10-24
Умао;Санкт-Петербург, Конногвардейский бул., 9;59.933940;30.299429;osm-59.93394-30.29943;2026-01-19
Интеллигент;Санкт-Петербург, наб. реки Фонтанки, 38;59.933957;30.344472;osm-59.93396-30.34447;2026-08-22
Cats;Санкт-Петербург, ул. 4-я Советская, 14;59.933971;30.368670;osm-59.93397-30.36867;2024-03-10
Pho City;Санкт-Петербург, наб. канала Грибоедова, 22;59.933984;30.326268;osm-59.93398-30.32627;2026-06-29
Счастье;Санкт-Петербург, ул. Малая Морская, 22;59.934003;30.308808;osm-59.93400-30.30881;2025-09-19
Кио;Санкт-Петербург, Литейный просп., 58;59.933995;30.348274;osm-59.93400-30.34827;2026-04-12
Крипта;Санкт-Петербург, Казанская пл., 2;59.934012;30.324707;osm-59.93401-30.32471;2024-08-12
Карловы пивовары;Санкт-Петербург, Невский просп., 60;59.934022;30.339031;osm-59.93402-30.33903;2025-12-24
Niagara;Санкт-Петербург, ул. Галерная, 17;59.934047;30.297070;osm-59.93405-30.29707;2026-01-19
Чайхана Лола;Санкт-Петербург, ул. Хасанская, 17А;59.934048;30.496698;osm-59.93405-30.49670;2025-12-14
Троицкий мост;Санкт-Петербург, ул. Галерная, 17;59.934066;30.296526;osm-59.93407-30.29653;2024-07-19
Бункер;Санкт-Петербург, 18-я линия В.О., 13;59.934085;30.269148;osm-59.93409-30.26915;2024-11-06
Дом мясника;Санкт-Петербург, ул. Большая Морская, 25;59.934088;30.312880;osm-59.93409-30.31288;2025-09-19
Чайный дом по-восточному;Санкт-Петербург, Новочеркасский просп., 16/12;59.934107;30.407594;osm-59.93411-30.40759;2024-01-02
Ketch Up;Санкт-Петербург, Литейный просп., 57;59.934131;30.347672;osm-59.93413-30.34767;2025-01-31
Шеф Маруся и ко;Санкт-Петербург, Английская наб., 26;59.934153;30.294287;osm-59.93415-30.29429;2025-09-19
Кус-Кус;Санкт-Петербург, пер. Ульяны Громовой, 3;59.934156;30.361522;osm-59.93416-30.36152;2026-08-03
Юань вэй;Санкт-Петербург, Большой просп. В.О., 52/15;59.934178;30.269051;osm-59.93418-30.26905;2024-11-06
Гарсон;Санкт-Петербург, ул. Малая Морская, 22;59.934198;30.309405;osm-59.93420-30.30941;2025-10-19
Гарцующий пони;Санкт-Петербург, ул. 4-я Советская, 7;59.934197;30.367248;osm-59.93420-30.36725;2026-07-08
Гуща событий;Санкт-Петербург, просп. Шаумяна, 14;59.934204;30.416965;osm-59.93420-30.41697;2026-04-18
Фреш-станция;Санкт-Петербург, просп. Шаумяна, 14;59.934223;30.416868;osm-59.93422-30.41687;2026-04-18
City Grill;Санкт-Петербург, наб. канала Грибоедова, 18-20;59.934237;30.326370;osm-59.93424-30.32637;2026-06-26
Jungle;Санкт-Петербург, ул. Думская, 5/22 литГ;59.934241;30.327034;osm-59.93424-30.32703;2023-11-05
Мороженица;Санкт-Петербург, Невский просп., 35В;59.934237;30.331857;osm-59.93424-30.33186;2024-10-18
Пельмения;Санкт-Петербург, ул. Караванная, 24-26;59.934247;30.342952;osm-59.93425-30.34295;2026-08-22
Крю;Санкт-Петербург, ул. 4-я Советская, 10;59.934246;30.367910;osm-59.93425-30.36791;2026-07-08
Gussi;Санкт-Петербург, наб. Лейтенанта Шмидта, 2/19;59.934261;30.277482;osm-59.93426-30.27748;2024-10-14
Coffee Therapy;Санкт-Петербург, пер. Ульяны Громовой, 8 литБ;59.934261;30.362632;osm-59.93426-30.36263;2024-02-05
Gogi;Санкт-Петербург, Невский просп., 54;59.934279;30.337176;osm-59.93428-30.33718;2025-12-25
Jérôme;Санкт-Петербург, ул. Большая Морская, 25;59.934288;30.313143;osm-59.93429-30.31314;2026-04-13
Косуля;Санкт-Петербург, ул. Караванная, 24-26 литБ;59.934286;30.341341;osm-59.93429-30.34134;2025-10-20
Монастырская выпечка;Санкт-Петербург, наб. Лейтенанта Шмидта, 27/2 литТ;59.934306;30.274908;osm-59.93431-30.27491;2024-10-17
Омотенаси;Санкт-Петербург, просп. Шаумяна, 14;59.934305;30.416489;osm-59.93431-30.41649;2026-04-18
Грустный бар;Санкт-Петербург, пер. Ульяны Громовой, 4;59.934326;30.361187;osm-59.93433-30.36119;2025-10-17
Чичи-Бичи;Санкт-Петербург, ул. Малая Морская, 20;59.934340;30.309734;osm-59.93434-30.30973;2024-06-27
Prof. Freud;Санкт-Петербург, ул. Малая Морская, 20;59.934355;30.309774;osm-59.93435-30.30977;2026-05-17
Georgia;Санкт-Петербург, Большой просп. В.О., 52/15;59.934363;30.268828;osm-59.93436-30.26883;2024-11-06
Memo;Санкт-Петербург, ул. Малая Морская, 23;59.934394;30.308666;osm-59.93439-30.30867;2026-05-17
МаккоЛи;Санкт-Петербург, Лиговский просп., 25;59.934389;30.362744;osm-59.93439-30.36274;2024-01-06
Castle;Санкт-Петербург, ул. 4-я Советская, 8;59.934391;30.367464;osm-59.93439-30.36746;2024-03-10
Этлон;Санкт-Петербург, просп. Шаумяна, 14;59.934390;30.416241;osm-59.93439-30.41624;2026-04-18
Большая грузинская кухня;Санкт-Петербург, Невский просп., 52;59.934405;30.336084;osm-59.93440-30.33608;2025-10-20
Север;Санкт-Петербург, ул. Гороховая, 12;59.934424;30.313751;osm-59.93442-30.31375;2026-04-13
Каха;Санкт-Петербург, ул. Восстания, 15;59.934440;30.360425;osm-59.93444-30.36042;2026-08-03
Афрасиаб;Санкт-Петербург, ул. 8-я Советская, 47;59.934440;30.379534;osm-59.93444-30.37953;2024-03-20
Figata;Санкт-Петербург, ул. Малая Морская, 20;59.934470;30.310230;osm-59.93447-30.31023;2026-07-14
Гранатовый сок;Санкт-Петербург, ул. Хасанская, 17 к1;59.934483;30.496866;osm-59.93448-30.49687;2026-05-04
Del Mar;Санкт-Петербург, Невский просп., 52;59.934492;30.335536;osm-59.93449-30.33554;2026-03-02
Кабинет;Санкт-Петербург, Невский просп., 58;59.934485;30.338393;osm-59.93449-30.33839;2023-11-05
Butcher & Banker;Санкт-Петербург, ул. Большая Морская, 22;59.934497;30.314892;osm-59.93450-30.31489;2025-08-27
Manneken Pis;Санкт-Петербург, ул. Малая Морская, 18;59.934519;30.310354;osm-59.93452-30.31035;2024-06-27
Tipa;Санкт-Петербург, Новочеркасский просп., 16/12;59.934521;30.407725;osm-59.93452-30.40772;2026-04-04
Figata;Санкт-Петербург, ул. Малая Морская, 21;59.934538;30.310279;osm-59.93454-30.31028;2026-07-14
Jazzberry;Санкт-Петербург, Синопская наб., 52;59.934551;30.392229;osm-59.93455-30.39223;2023-10-29
Пара перцев;Санкт-Петербург, ул. Малая Морская, 21;59.934578;30.310451;osm-59.93458-30.31045;2026-07-14
Чентрале;Санкт-Петербург, ул. Караванная, 7;59.934593;30.341047;osm-59.93459-30.34105;2026-08-15
Дабл Бабл Ти;Санкт-Петербург, ул. Большая Морская, 23/12;59.934617;30.313096;osm-59.93462-30.31310;2026-05-08
Сoffee Room Street;Санкт-Петербург, ул. Гороховая, 9;59.934634;30.312636;osm-59.93463-30.31264;2024-06-28
Проспект;Санкт-Петербург, ул. Малая Морская, 21;59.934652;30.309731;osm-59.93465-30.30973;2026-05-17
Percorso;Санкт-Петербург, Вознесенский просп., 1;59.934673;30.307535;osm-59.93467-30.30754;2026-07-14
Кофе н розы;Санкт-Петербург, ул. Галерная, 8;59.934690;30.299219;osm-59.93469-30.29922;2026-01-19
Балкан;Санкт-Петербург, Невский просп., 46;59.934701;30.333486;osm-59.93470-30.33349;2026-06-21
Xander;Санкт-Петербург, Вознесенский просп., 1;59.934721;30.307450;osm-59.93472-30.30745;2026-07-14
Bacchus;Санкт-Петербург, ул. Караванная, 7;59.934721;30.341077;osm-59.93472-30.34108;2025-12-24
Север;Санкт-Петербург, Невский просп., 44;59.934726;30.333129;osm-59.93473-30.33313;2026-06-21
Fresa's;Санкт-Петербург, Вознесенский просп., 6;59.934747;30.308684;osm-59.93475-30.30868;2026-05-17
ToNYc;Санкт-Петербург, ул. Малая Морская, 16;59.934764;30.310966;osm-59.93476-30.31097;2026-08-17
48/26;Санкт-Петербург, Суворовский просп., 15;59.934767;30.372106;osm-59.93477-30.37211;2024-09-20
Столовая;Санкт-Петербург, Большой просп. В.О., 50;59.934809;30.269623;osm-59.93481-30.26962;2025-09-08
Север;Санкт-Петербург, Невский просп., 44;59.934819;30.333105;osm-59.93482-30.33310;2026-06-21
Blindöner;Санкт-Петербург, наб. канала Грибоедова, 18-20;59.934843;30.326624;osm-59.93484-30.32662;2025-11-03
O'Hooligans;Санкт-Петербург, ул. Садовая, 13-15/50;59.934886;30.335187;osm-59.93489-30.33519;2026-07-14
Абрикосовъ;Санкт-Петербург, Невский просп., 40-42;59.934909;30.331798;osm-59.93491-30.33180;2025-10-19
Rostic`s Авто;Санкт-Петербург, Заневский просп., 77;59.934925;30.443155;osm-59.93492-30.44316;2023-10-22
Абрикосовъ;Санкт-Петербург, Невский просп., 40-42;59.934933;30.331594;osm-59.93493-30.33159;2025-10-19
Винил & Кофе;Санкт-Петербург, ул. Малая Садовая, 4;59.934944;30.338374;osm-59.93494-30.33837;2026-04-23
Вкус искусства;Санкт-Петербург, Суворовский просп., 15;59.934952;30.371316;osm-59.93495-30.37132;2024-02-05
Coffeers;Санкт-Петербург, наб. канала Грибоедова, 18-20;59.934984;30.326725;osm-59.93498-30.32672;2026-06-21
Drive Cafe;Санкт-Петербург, ул. Большая Морская, 17;59.934989;30.315269;osm-59.93499-30.31527;2024-03-14
Хачапури тетушки Марико;Санкт-Петербург, ул. Малая Садовая, 4;59.934994;30.337527;osm-59.93499-30.33753;2026-07-14
Mixo;Санкт-Петербург, Вознесенский просп., 6;59.935009;30.308698;osm-59.93501-30.30870;2024-03-12
Кафе Музея Фаберже;Санкт-Петербург, наб. реки Фонтанки, 21;59.935009;30.343232;osm-59.93501-30.34323;2026-08-22
Rock Pub;Санкт-Петербург, Невский просп., 38/4;59.935019;30.330920;osm-59.93502-30.33092;2026-09-21
Cafe alto;Санкт-Петербург, ул. Караванная, 5;59.935022;30.341140;osm-59.93502-30.34114;2025-10-20
Madagascar;Санкт-Петербург, ул. Садовая, 13-15/50 литБ;59.935029;30.335735;osm-59.93503-30.33573;2025-10-24
Пышки из детства;Санкт-Петербург, ул. Малая Садовая, 4;59.935025;30.337996;osm-59.93503-30.33800;2025-08-08
Подстреленная Гусыня;Санкт-Петербург, ул. Восстания, 17;59.935037;30.360492;osm-59.93504-30.36049;2026-08-03
Ибица;Санкт-Петербург, ул. Садовая, 13-15/50 литБ;59.935088;30.335759;osm-59.93509-30.33576;2025-12-25
Энтузиасты;Санкт-Петербург, ул. Малая Морская, 17;59.935154;30.311061;osm-59.93515-30.31106;2026-05-17
Бабагануш;Санкт-Петербург, ул. Восстания, 17;59.935154;30.360458;osm-59.93515-30.36046;2026-08-03
The Stories;Санкт-Петербург, ул. Садовая, 13-15/50 литБ;59.935168;30.335792;osm-59.93517-30.33579;2024-08-05
Пытка мясом;Санкт-Петербург, Вознесенский просп., 4;59.935189;30.308707;osm-59.93519-30.30871;2026-05-17
Аюрведа;Санкт-Петербург, ул. Итальянская, 37/18;59.935211;30.342636;osm-59.93521-30.34264;2024-09-12
Stars;Санкт-Петербург, ул. Казанская, 1/25;59.935219;30.323571;osm-59.93522-30.32357;2025-10-24
Любовь к кофе;Санкт-Петербург, ул. 7-я Советская, 30;59.935231;30.375013;osm-59.93523-30.37501;2026-08-01
Mon Chouchou;Санкт-Петербург, ул. Караванная, 3/35;59.935243;30.340990;osm-59.93524-30.34099;2026-08-27
Энтузиасты;Санкт-Петербург, ул. Малая Морская, 15/7;59.935249;30.311219;osm-59.93525-30.31122;2026-05-17
Azia;Санкт-Петербург, Невский просп., 32-34;59.935252;30.330334;osm-59.93525-30.33033;2025-11-04
Неканон;Санкт-Петербург, ул. Жуковского, 63 литБ;59.935246;30.363419;osm-59.93525-30.36342;2024-03-06
Трости и кости;Санкт-Петербург, ул. Итальянская, 37/18;59.935270;30.342224;osm-59.93527-30.34222;2025-01-20
Bilbao;Санкт-Петербург, Суворовский просп., 17;59.935280;30.371785;osm-59.93528-30.37178;2024-03-09
Твоя остановочка;Санкт-Петербург, ул. Малая Садовая, 4;59.935291;30.337662;osm-59.93529-30.33766;2026-09-21
BBQ;Санкт-Петербург, ул. Малая Морская, 15/7;59.935311;30.311468;osm-59.93531-30.31147;2026-05-17
BBQ;Санкт-Петербург, ул. Малая Морская, 15/7;59.935316;30.311402;osm-59.93532-30.31140;2026-05-17
Или;Санкт-Петербург, ул. Садовая, 12;59.935344;30.335879;osm-59.93534-30.33588;2026-03-21
Tandoori Nights;Санкт-Петербург, Вознесенский просп., 4;59.935368;30.308716;osm-59.93537-30.30872;2025-12-08
Serge;Санкт-Петербург, ул. Восстания, 19;59.935394;30.360471;osm-59.93539-30.36047;2025-01-25
Кинг Понг;Санкт-Петербург, ул. Большая Морская, 16;59.935402;30.317004;osm-59.93540-30.31700;2025-08-27
Мясонская ложа;Санкт-Петербург, Большой просп. В.О., 44;59.935425;30.271757;osm-59.93543-30.27176;2025-08-31
Stolov-ka;Санкт-Петербург, ул. Хасанская, 15;59.935425;30.490232;osm-59.93543-30.49023;2024-04-28
Mia Strada;Санкт-Петербург, ул. Восстания, 19;59.935437;30.360684;osm-59.93544-30.36068;2025-01-25
Рыба и гады;Санкт-Петербург, ул. Итальянская, 16/19 литБ;59.935468;30.342370;osm-59.93547-30.34237;2025-08-15
Alice Garden;Санкт-Петербург, ул. Казанская, 1/25;59.935477;30.323339;osm-59.93548-30.32334;2026-03-21
Temple;Санкт-Петербург, ул. Восстания, 10/51;59.935488;30.359909;osm-59.93549-30.35991;2025-10-17
Все дома;Санкт-Петербург, Новочеркасский просп., 25;59.935487;30.407354;osm-59.93549-30.40735;2024-05-20
Bonape;Санкт-Петербург, 15-я линия В.О., 8/40;59.935502;30.273599;osm-59.93550-30.27360;2024-10-17
Пуси Лебеди;Санкт-Петербург, ул. Садовая, 12;59.935506;30.335953;osm-59.93551-30.33595;2026-07-14
Prostovino;Санкт-Петербург, ул. Итальянская, 33;59.935513;30.340215;osm-59.93551-30.34022;2025-08-08
Федя, дичь!;Санкт-Петербург, ул. Садовая, 11;59.935533;30.335502;osm-59.93553-30.33550;2026-07-14
Kazan-Mangal;Санкт-Петербург, ул. Малая Морская, 13;59.935536;30.311960;osm-59.93554-30.31196;2026-07-07
Kazan-Mangal;Санкт-Петербург, ул. Малая Морская, 13;59.935558;30.311833;osm-59.93556-30.31183;2026-07-07
Молли Шелтер;Санкт-Петербург, ул. Итальянская, 29;59.935599;30.339439;osm-59.93560-30.33944;2025-08-08
Витя;Санкт-Петербург, ул. Восстания, 19;59.935614;30.360491;osm-59.93561-30.36049;2026-08-03
Хему хого BBQ;Санкт-Петербург, 15-я линия В.О., 8/40;59.935621;30.273481;osm-59.93562-30.27348;2025-09-08
Чайная Крестецкая строчка;Санкт-Петербург, Невский просп., 48;59.935632;30.334543;osm-59.93563-30.33454;2025-10-16
Яблочный пирог;Санкт-Петербург, ул. Маяковского, 14;59.935641;30.354732;osm-59.93564-30.35473;2024-09-20
René;Санкт-Петербург, Невский просп., 28;59.935651;30.325790;osm-59.93565-30.32579;2026-06-21
Чайная Крестецкая строчка;Санкт-Петербург, Невский просп., 48;59.935653;30.334481;osm-59.93565-30.33448;2025-10-16
FeelingWine'S;Санкт-Петербург, ул. Жуковского, 57;59.935653;30.362150;osm-59.93565-30.36215;2024-02-05
Гости;Санкт-Петербург, ул. Гороховая, 8/13;59.935663;30.312500;osm-59.93566-30.31250;2026-05-17
Bros Burritos;Санкт-Петербург, Кирпичный пер., 3;59.935665;30.315613;osm-59.93567-30.31561;2026-08-17
Lavanda Eclair;Санкт-Петербург, ул. Жуковского, 57;59.935669;30.361962;osm-59.93567-30.36196;2024-03-06
Osoba;Санкт-Петербург, ул. Малая Конюшенная, 16/26;59.935706;30.325306;osm-59.93571-30.32531;2025-05-25
Тандур;Санкт-Петербург, Адмиралтейский просп., 8;59.935721;30.308743;osm-59.93572-30.30874;2026-04-10
Толстый фраер;Санкт-Петербург, ул. Малая Морская, 8 литА;59.935720;30.313491;osm-59.93572-30.31349;2026-07-14
Slurp;Санкт-Петербург, ул. Садовая, 7-9-11;59.935717;30.335588;osm-59.93572-30.33559;2026-07-14
Большая грузинская кухня;Санкт-Петербург, Кирпичный пер., 2;59.935735;30.315496;osm-59.93574-30.31550;2026-08-17
Amarcord;Санкт-Петербург, ул. Жуковского, 49;59.935742;30.359363;osm-59.93574-30.35936;2026-07-11
Union;Санкт-Петербург, Литейный просп., 55;59.935755;30.347775;osm-59.93576-30.34777;2026-08-22
Пицца 22 см;Санкт-Петербург, ул. Жуковского, 45;59.935759;30.358354;osm-59.93576-30.35835;2025-04-11
Гоголь;Санкт-Петербург, ул. Малая Морская, 6;59.935773;30.313638;osm-59.93577-30.31364;2026-07-14
Бизе;Санкт-Петербург, ул. Жуковского, 41;59.935772;30.357558;osm-59.93577-30.35756;2025-04-11
Lodka;Санкт-Петербург, ул. Жуковского, 41;59.935768;30.357876;osm-59.93577-30.35788;2025-04-11
Слёрп;Санкт-Петербург, ул. Жуковского, 33;59.935786;30.356199;osm-59.93579-30.35620;2024-03-06
Авангард;Санкт-Петербург, ул. Жуковского, 33;59.935794;30.356353;osm-59.93579-30.35635;2025-04-11
Вкусно/дорого;Санкт-Петербург, ул. Жуковского, 17;59.935803;30.353385;osm-59.93580-30.35338;2025-04-25
Пхали;Санкт-Петербург, ул. Маяковского, 14;59.935800;30.354725;osm-59.93580-30.35472;2026-08-03
Pho'n'Roll;Санкт-Петербург, ул. Маяковского, 7/27;59.935810;30.355469;osm-59.93581-30.35547;2026-08-03
Italy;Санкт-Петербург, Невский просп., 13/9;59.935821;30.317439;osm-59.93582-30.31744;2025-08-27
Катюша;Санкт-Петербург, ул. Малая Конюшенная, 9;59.935827;30.324421;osm-59.93583-30.32442;2026-06-21
Пробка;Санкт-Петербург, ул. Жуковского, 23;59.935835;30.353884;osm-59.93583-30.35388;2026-04-12
Восточная Шаверма;Санкт-Петербург, Греческий просп., 15;59.935830;30.367277;osm-59.93583-30.36728;2024-09-12
Ярумэн;Санкт-Петербург, ул. Малая Морская, 11;59.935839;30.312979;osm-59.93584-30.31298;2026-05-17
Свобода;Санкт-Петербург, ул. Жуковского, 17;59.935851;30.352947;osm-59.93585-30.35295;2026-04-12
S`aint;Санкт-Петербург, ул. Жуковского, 17;59.935846;30.353188;osm-59.93585-30.35319;2024-08-23
812;Санкт-Петербург, ул. Жуковского, 13;59.935865;30.352129;osm-59.93586-30.35213;2026-04-12
2Taco & Co;Санкт-Петербург, ул. Жуковского, 13;59.935862;30.352383;osm-59.93586-30.35238;2026-04-12
Marketplace;Санкт-Петербург, Невский просп., 22/24;59.935871;30.323833;osm-59.93587-30.32383;2026-06-21
Al Capone;Санкт-Петербург, ул. Жуковского, 7-9;59.935881;30.351274;osm-59.93588-30.35127;2026-04-12
Brick;Санкт-Петербург, ул. Жуковского, 7-9;59.935878;30.351513;osm-59.93588-30.35151;2026-04-12
Еда;Санкт-Петербург, ул. Жуковского, 5;59.935888;30.350929;osm-59.93589-30.35093;2026-04-12
Tiger Lily;Санкт-Петербург, Невский просп., 48;59.935899;30.334510;osm-59.93590-30.33451;2025-10-16
Синий Пушкин;Санкт-Петербург, ул. Жуковского, 3;59.935900;30.350205;osm-59.93590-30.35020;2026-04-12
Amazing Cacao;Санкт-Петербург, Невский просп., 48;59.935924;30.334684;osm-59.93592-30.33468;2025-10-16
Шаверма Класс;Санкт-Петербург, ул. Садовая, 7-9-11;59.935934;30.335696;osm-59.93593-30.33570;2026-07-14
Радио Ирландия;Санкт-Петербург, Адмиралтейский просп., 8;59.935939;30.309297;osm-59.93594-30.30930;2024-03-12
Сибирь;Санкт-Петербург, ул. Гороховая, 3;59.935944;30.310578;osm-59.93594-30.31058;2025-01-19
Хачапури Марико;Санкт-Петербург, Невский просп., 22;59.935942;30.323204;osm-59.93594-30.32320;2026-06-21
Кофе на кухне;Санкт-Петербург, наб. реки Фонтанки, 17;59.935949;30.343196;osm-59.93595-30.34320;2025-10-20
Марка;Санкт-Петербург, ул. Малая Морская, 6;59.935956;30.314138;osm-59.93596-30.31414;2026-07-14
Иван & Марья;Санкт-Петербург, Невский просп., 22;59.935959;30.323224;osm-59.93596-30.32322;2026-06-21
Amazing Cacao;Санкт-Петербург, Невский просп., 48;59.935962;30.334625;osm-59.93596-30.33462;2025-10-16
Чайхона;Санкт-Петербург, Невский просп., 22;59.935980;30.322918;osm-59.93598-30.32292;2026-06-21
Avocado Queen;Санкт-Петербург, ул. Садовая, 7-9-11;59.935990;30.335731;osm-59.93599-30.33573;2026-07-14
Taproom;Санкт-Петербург, ул. Жуковского, 26;59.935989;30.359339;osm-59.93599-30.35934;2024-07-10
Yoki;Санкт-Петербург, ул. Восстания, 12;59.935989;30.359843;osm-59.93599-30.35984;2024-07-10
Шаляпин;Санкт-Петербург, ул. Новгородская, 12;59.935994;30.385078;osm-59.93599-30.38508;2024-03-04
Dude's bar;Санкт-Петербург, ул. Жуковского, 26;59.936005;30.358872;osm-59.93601-30.35887;2025-07-04
Мехман;Санкт-Петербург, ул. Жуковского, 34;59.936007;30.361918;osm-59.93601-30.36192;2026-08-03
Турбо Шаверма;Санкт-Петербург, Литейный просп., 53;59.936019;30.347830;osm-59.93602-30.34783;2025-04-10
Кофилин;Санкт-Петербург, ул. Итальянская, 25;59.936043;30.337636;osm-59.93604-30.33764;2026-02-28
Hobz;Санкт-Петербург, ул. Итальянская, 19;59.936085;30.334804;osm-59.93608-30.33480;2025-10-16
Эдгар А. По;Санкт-Петербург, ул. Маяковского, 16;59.936083;30.354034;osm-59.93608-30.35403;2026-04-08
Ливерпуль;Санкт-Петербург, ул. Маяковского, 16;59.936077;30.354774;osm-59.93608-30.35477;2026-08-03
Марио;Санкт-Петербург, ул. Гороховая, 1;59.936089;30.309694;osm-59.93609-30.30969;2026-04-10
Тархун;Санкт-Петербург, ул. Караванная, 14 литБ;59.936093;30.341771;osm-59.93609-30.34177;2026-03-04
Или;Санкт-Петербург, Литейный просп., 53;59.936090;30.347833;osm-59.93609-30.34783;2026-08-07
Holy Ribs;Санкт-Петербург, ул. Чехова, 1/12;59.936091;30.353377;osm-59.93609-30.35338;2026-04-12
Regions;Санкт-Петербург, ул. Чехова, 1/12;59.936103;30.352588;osm-59.93610-30.35259;2024-09-08
Шаляпин;Санкт-Петербург, ул. Новгородская, 12;59.936097;30.384995;osm-59.93610-30.38499;2024-03-04
Tower;Санкт-Петербург, Невский просп., 22;59.936123;30.322652;osm-59.93612-30.32265;2025-10-31
Imbibe;Санкт-Петербург, ул. Жуковского, 6;59.936120;30.351184;osm-59.93612-30.35118;2024-03-06
Mario's Pizza;Санкт-Петербург, Невский просп., 13/9;59.936142;30.317112;osm-59.93614-30.31711;2026-03-21
Yesenin;Санкт-Петербург, ул. Гороховая, 4;59.936155;30.310893;osm-59.93615-30.31089;2024-06-26
Хачапури Марико;Санкт-Петербург, Невский просп., 7-9;59.936152;30.313871;osm-59.93615-30.31387;2026-05-18
Кофеварим;Санкт-Петербург, наб. реки Мойки, 59;59.936145;30.318762;osm-59.93615-30.31876;2026-03-21
Большой грузинский;Санкт-Петербург, ул. Большая Конюшенная, 31;59.936152;30.321697;osm-59.93615-30.32170;2026-06-20
Bao Mochi;Санкт-Петербург, ул. Жуковского, 2;59.936152;30.348976;osm-59.93615-30.34898;2025-04-10
California Burgers;Санкт-Петербург, ул. Большая Конюшенная, 31;59.936161;30.321633;osm-59.93616-30.32163;2026-06-20
Багратион;Санкт-Петербург, Синопская наб., 66 с1;59.936160;30.393954;osm-59.93616-30.39395;2025-12-24
Kazan-Mangal;Санкт-Петербург, Невский просп., 15;59.936184;30.318457;osm-59.93618-30.31846;2026-03-21
Поддон;Санкт-Петербург, ул. Восстания, 12;59.936193;30.360056;osm-59.93619-30.36006;2026-09-13
Трактир на Гороховой;Санкт-Петербург, ул. Гороховая, 1;59.936200;30.309988;osm-59.93620-30.30999;2025-09-15
Arancino;Санкт-Петербург, ул. Малая Конюшенная, 14;59.936202;30.325255;osm-59.93620-30.32525;2025-12-24
City Grill;Санкт-Петербург, Невский просп., 13/9;59.936209;30.317167;osm-59.93621-30.31717;2026-03-21
Шоколад;Санкт-Петербург, ул. Михайловская, 2/9;59.936214;30.331476;osm-59.93621-30.33148;2025-11-03
Kriek;Санкт-Петербург, ул. Итальянская, 19;59.936215;30.334248;osm-59.93621-30.33425;2026-08-17
Штаб;Санкт-Петербург, Литейный просп., 53;59.936232;30.347846;osm-59.93623-30.34785;2025-01-31
Котик, я дома!;Санкт-Петербург, наб. канала Грибоедова, 19;59.936240;30.326086;osm-59.93624-30.32609;2025-12-24
Пури Гули;Санкт-Петербург, Невский просп., 32-34;59.936237;30.329656;osm-59.93624-30.32966;2026-07-03
Cake & Breakfast;Санкт-Петербург, Невский просп., 7-9;59.936252;30.314103;osm-59.93625-30.31410;2026-05-18
Salden'S Taphouse;Санкт-Петербург, ул. Итальянская, 10/5;59.936262;30.335761;osm-59.93626-30.33576;2026-08-17
12 апреля;Санкт-Петербург, Невский просп., 20;59.936286;30.320578;osm-59.93629-30.32058;2025-08-26
Хачапури и вино;Санкт-Петербург, Невский просп., 22-24;59.936299;30.324649;osm-59.93630-30.32465;2023-11-03
AVCD;Санкт-Петербург, ул. Маяковского, 16;59.936303;30.354783;osm-59.93630-30.35478;2026-04-12
Уе! Бар;Санкт-Петербург, ул. Восстания, 12;59.936301;30.360074;osm-59.93630-30.36007;2023-10-31
Ели-шумели;Санкт-Петербург, наб. реки Мойки, 44;59.936326;30.320275;osm-59.93633-30.32027;2026-06-20
Little Italy;Санкт-Петербург, ул. Итальянская, 10/5 литБ;59.936331;30.335143;osm-59.93633-30.33514;2026-08-17
Under the Sea;Санкт-Петербург, Солдатский пер., 1/23;59.936337;30.360568;osm-59.93634-30.36057;2025-05-14
Пробирочная;Санкт-Петербург, ул. Радищева, 4;59.936374;30.362100;osm-59.93637-30.36210;2026-08-03
Laganaci;Санкт-Петербург, ул. Итальянская, 8;59.936376;30.334747;osm-59.93638-30.33475;2025-11-04
Литературное кафе;Санкт-Петербург, наб. реки Мойки, 57;59.936386;30.319065;osm-59.93639-30.31906;2026-02-27
Кофе & Трдельник;Санкт-Петербург, Литейный просп., 54;59.936402;30.348502;osm-59.93640-30.34850;2026-08-07
O'Hooligans;Санкт-Петербург, ул. Большая Конюшенная, 14;59.936411;30.322781;osm-59.93641-30.32278;2024-06-26
Хачапури Марико;Санкт-Петербург, ул. Итальянская, 8;59.936408;30.334492;osm-59.93641-30.33449;2025-11-04
Feromon;Санкт-Петербург, наб. канала Грибоедова, 17;59.936420;30.326358;osm-59.93642-30.32636;2025-10-31
Свободная;Санкт-Петербург, ул. Большая Конюшенная, 31;59.936431;30.321621;osm-59.93643-30.32162;2023-11-02
Sapori d'Italia;Санкт-Петербург, ул. Итальянская, 13;59.936431;30.332418;osm-59.93643-30.33242;2025-11-03
Крузенштерн;Санкт-Петербург, 9-я линия В.О., 2/11;59.936444;30.282675;osm-59.93644-30.28268;2025-10-19
Столовая №3;Санкт-Петербург, Невский просп., 11/2;59.936482;30.315955;osm-59.93648-30.31595;2025-02-05
Шаверма;Санкт-Петербург, ул. Хасанская, 14 к3;59.936485;30.487467;osm-59.93648-30.48747;2025-11-11
Дворянское Собрание;Санкт-Петербург, ул. Михайловская, 2/9;59.936512;30.331732;osm-59.93651-30.33173;2025-11-03
Place 43;Санкт-Петербург, Невский просп., 11/2;59.936522;30.315619;osm-59.93652-30.31562;2025-02-05
Ro;Санкт-Петербург, наб. реки Мойки, 44;59.936522;30.320189;osm-59.93652-30.32019;2025-03-03
Millor;Санкт-Петербург, Литейный просп., 54;59.936517;30.348513;osm-59.93652-30.34851;2026-08-07
My friends pub;Санкт-Петербург, Суворовский просп., 22;59.936519;30.372463;osm-59.93652-30.37246;2023-10-29
Шаверма;Санкт-Петербург, ул. 10-я Советская, 13;59.936517;30.380347;osm-59.93652-30.38035;2025-11-20
Шаверма;Санкт-Петербург, просп. Наставников, 3 к1;59.936517;30.488923;osm-59.93652-30.48892;2026-08-13
Coffeers;Санкт-Петербург, Невский просп., 11/2;59.936543;30.315325;osm-59.93654-30.31533;2026-07-14
Petrov-Vodkin;Санкт-Петербург, ул. Гороховая, 2/6;59.936551;30.310847;osm-59.93655-30.31085;2026-05-17
1 Food Factory;Санкт-Петербург, Средний просп. В.О., 83 с1;59.936558;30.255386;osm-59.93656-30.25539;2024-10-14
Wahala;Санкт-Петербург, Невский просп., 16;59.936610;30.317384;osm-59.93661-30.31738;2026-03-21
Skots Pub Фонтанка 11;Санкт-Петербург, ул. Караванная, 8;59.936654;30.342911;osm-59.93665-30.34291;2025-10-20
River Bar;Санкт-Петербург, Английская наб., 2;59.936676;30.300266;osm-59.93668-30.30027;2026-07-31
Arts square bar;Санкт-Петербург, ул. Итальянская, 5;59.936692;30.330043;osm-59.93669-30.33004;2023-11-02
Мэй;Санкт-Петербург, ул. Большая Конюшенная, 29;59.936700;30.322222;osm-59.93670-30.32222;2026-08-30
Coffit;Санкт-Петербург, наб. канала Грибоедова, 15;59.936701;30.326478;osm-59.93670-30.32648;2025-10-31
Minerals;Санкт-Петербург, Невский просп., 7-9;59.936705;30.314075;osm-59.93671-30.31407;2025-09-15
pret.;Санкт-Петербург, Суворовский просп., 23;59.936708;30.373439;osm-59.93671-30.37344;2026-07-29
Concept bar;Санкт-Петербург, наб. канала Грибоедова, 8/1;59.936733;30.327643;osm-59.93673-30.32764;2025-12-24
У Ларисы;Санкт-Петербург, Университетская наб., 25;59.936753;30.287295;osm-59.93675-30.28730;2025-10-19
Барщи;Санкт-Петербург, ул. Итальянская, 5;59.936751;30.329767;osm-59.93675-30.32977;2025-11-04
Грис;Санкт-Петербург, ул. Восстания, 16;59.936749;30.360114;osm-59.93675-30.36011;2026-08-03
Пышки;Санкт-Петербург, Невский просп., 3;59.936760;30.312458;osm-59.93676-30.31246;2025-09-15
ChaCha;Санкт-Петербург, наб. канала Грибоедова, 8/1;59.936772;30.327443;osm-59.93677-30.32744;2026-09-03
Кебаб;Санкт-Петербург, ул. 8-я Советская, 15/24;59.936784;30.372729;osm-59.93678-30.37273;2024-05-06
Монти;Санкт-Петербург, Средний просп. В.О., 83 с1;59.936790;30.255164;osm-59.93679-30.25516;2024-10-14
Мама Тата;Санкт-Петербург, ул. Караванная, 8;59.936792;30.341794;osm-59.93679-30.34179;2025-10-20
Ôpetit;Санкт-Петербург, Невский просп., 14;59.936809;30.315957;osm-59.93681-30.31596;2026-02-27
Сыроварня;Санкт-Петербург, Ковенский пер., 9 литБ;59.936806;30.357080;osm-59.93681-30.35708;2025-02-26
10 копеек;Санкт-Петербург, Невский просп., 5;59.936822;30.312953;osm-59.93682-30.31295;2025-08-21
Мечтатели;Санкт-Петербург, наб. реки Фонтанки, 11;59.936827;30.342839;osm-59.93683-30.34284;2025-10-20
Goose Goose;Санкт-Петербург, ул. Большая Конюшенная, 27;59.936840;30.322286;osm-59.93684-30.32229;2026-08-30
Giallo;Санкт-Петербург, ул. Восстания, 16;59.936838;30.360131;osm-59.93684-30.36013;2026-08-03
Leo Pride;Санкт-Петербург, Средний просп. В.О., 83 с1;59.936849;30.255102;osm-59.93685-30.25510;2024-10-14
Маяк;Санкт-Петербург, ул. Маяковского, 20;59.936856;30.354818;osm-59.93686-30.35482;2026-04-12
И пинь;Санкт-Петербург, 8-я линия В.О., 7;59.936873;30.282825;osm-59.93687-30.28282;2025-02-13
ЦаЦа;Санкт-Петербург, ул. Маяковского, 11;59.936866;30.355348;osm-59.93687-30.35535;2026-08-03
Pasta Fresca;Санкт-Петербург, ул. Восстания, 25;59.936873;30.360561;osm-59.93687-30.36056;2026-08-03
Скена;Санкт-Петербург, Лиговский просп., 11;59.936882;30.364164;osm-59.93688-30.36416;2024-06-24
Spot;Санкт-Петербург, ул. Маяковского, 11;59.936912;30.355353;osm-59.93691-30.35535;2026-08-03
Биргик;Санкт-Петербург, наб. реки Фонтанки, 9;59.936921;30.342803;osm-59.93692-30.34280;2025-10-20
Бистро Роза;Санкт-Петербург, ул. Садовая, 10;59.936940;30.336463;osm-59.93694-30.33646;2026-03-21
Торт Первый;Санкт-Петербург, Невский просп., 4;59.936951;30.314307;osm-59.93695-30.31431;2026-02-27
Namaste;Санкт-Петербург, ул. Малая Конюшенная, 5;59.936953;30.324963;osm-59.93695-30.32496;2025-01-08
Marketplace;Санкт-Петербург, ул. Итальянская, 1;59.936950;30.327594;osm-59.93695-30.32759;2026-09-03
Taste;Санкт-Петербург, 24-25-я линии В.О., 25;59.936959;30.255705;osm-59.93696-30.25570;2024-10-12
The Bottle;Санкт-Петербург, ул. Караванная, 8;59.937009;30.341804;osm-59.93701-30.34180;2025-10-20
Ivory Garden;Санкт-Петербург, ул. 8-я Советская, 9-13;59.937044;30.372361;osm-59.93704-30.37236;2026-05-13
Подвалъ бродячей собаки;Санкт-Петербург, ул. Итальянская, 4;59.937048;30.329183;osm-59.93705-30.32918;2025-11-04
Гамарджоба;Санкт-Петербург, ул. Восстания, 18;59.937092;30.360026;osm-59.93709-30.36003;2025-05-19
BBQ Шаверма;Санкт-Петербург, Большой просп. В.О., 32/12;59.937106;30.278505;osm-59.93711-30.27850;2024-10-13
На абордаж;Санкт-Петербург, наб. реки Мойки, 40;59.937137;30.320239;osm-59.93714-30.32024;2026-08-07
Askaneli;Санкт-Петербург, ул. Итальянская, 2;59.937152;30.328295;osm-59.93715-30.32830;2025-11-04
Шаверма матушка;Санкт-Петербург, Невский просп., 22а литА;59.937162;30.323134;osm-59.93716-30.32313;2026-02-27
Co-Op 8S;Санкт-Петербург, ул. 8-я Советская, 14;59.937193;30.372729;osm-59.93719-30.37273;2024-07-23
Кебаб;Санкт-Петербург, Большой просп. В.О., 47;59.937205;30.274547;osm-59.93720-30.27455;2025-10-19
The 8th Line Pub;Санкт-Петербург, 8-я линия В.О., 11;59.937220;30.282439;osm-59.93722-30.28244;2025-10-19
Nobel;Санкт-Петербург, наб. канала Грибоедова, 6/2;59.937257;30.327631;osm-59.93726-30.32763;2026-09-03
Дом грузинского вина;Санкт-Петербург, ул. Садовая, 8/7;59.937260;30.336572;osm-59.93726-30.33657;2026-03-21
Кебаб;Санкт-Петербург, ул. Наличная, 25/84;59.937283;30.234467;osm-59.93728-30.23447;2024-10-15
Рок Стар Кафе;Санкт-Петербург, ул. Большая Морская, 6;59.937277;30.317940;osm-59.93728-30.31794;2026-02-27
Арка;Санкт-Петербург, ул. Большая Конюшенная, 25;59.937280;30.322489;osm-59.93728-30.32249;2026-08-30
Miss coffee;Санкт-Петербург, Большой просп. В.О., 47;59.937289;30.274708;osm-59.93729-30.27471;2025-10-19
Репин;Санкт-Петербург, 8-я линия В.О., 11;59.937301;30.282341;osm-59.93730-30.28234;2025-08-13
Jack and Chan;Санкт-Петербург, ул. Садовая, 8/7;59.937304;30.336747;osm-59.93730-30.33675;2026-05-09
БМ4;Санкт-Петербург, ул. Большая Морская, 6;59.937351;30.317947;osm-59.93735-30.31795;2026-02-27
Flamm;Санкт-Петербург, 24-я линия В.О., 25;59.937424;30.255114;osm-59.93742-30.25511;2024-10-12
Teplica;Санкт-Петербург, ул. Большая Морская, 3-5;59.937449;30.317303;osm-59.93745-30.31730;2026-02-27
ДеДа Хинкали;Санкт-Петербург, наб. реки Фонтанки, 7;59.937464;30.341825;osm-59.93746-30.34183;2025-10-20
Элан;Санкт-Петербург, Средний просп. В.О., 76/18;59.937523;30.259873;osm-59.93752-30.25987;2026-06-20
Met Tea;Санкт-Петербург, 8-я линия В.О., 15 литБ;59.937531;30.282073;osm-59.93753-30.28207;2025-10-19
Пышечная;Санкт-Петербург, ул. Большая Конюшенная, 23;59.937576;30.322625;osm-59.93758-30.32262;2026-08-30
Kroo Cafe;Санкт-Петербург, Суворовский просп., 27;59.937577;30.374159;osm-59.93758-30.37416;2026-07-29
Italica;Санкт-Петербург, наб. канала Грибоедова, 6/2;59.937592;30.327741;osm-59.93759-30.32774;2026-09-03
Brimborium;Санкт-Петербург, ул. Маяковского, 22-24;59.937612;30.354862;osm-59.93761-30.35486;2026-04-12
Шаверма;Санкт-Петербург, ул. Гаванская, 42;59.937621;30.237399;osm-59.93762-30.23740;2026-08-10
Слойка;Санкт-Петербург, 18-я линия В.О., 29 литЗ;59.937621;30.265059;osm-59.93762-30.26506;2024-09-18
Рамен шифу;Санкт-Петербург, 8-я линия В.О., 15;59.937627;30.281959;osm-59.93763-30.28196;2025-10-19
Lorenzo Medici;Санкт-Петербург, наб. реки Фонтанки, 5/2;59.937692;30.341843;osm-59.93769-30.34184;2025-10-20
Аладастури;Санкт-Петербург, ул. Большая Конюшенная, 10;59.937703;30.323384;osm-59.93770-30.32338;2025-10-31
Брюссель;Санкт-Петербург, ул. Восстания, 20/16;59.937704;30.360115;osm-59.93770-30.36012;2025-04-11
Blackchops;Санкт-Петербург, наб. реки Фонтанки, 5/2;59.937768;30.342461;osm-59.93777-30.34246;2026-01-19
Плов №1;Санкт-Петербург, ул. Моисеенко, 8Б;59.937775;30.379602;osm-59.93778-30.37960;2024-03-09
Шаверма;Санкт-Петербург, ул. Малая Конюшенная, 4/2;59.937791;30.326592;osm-59.93779-30.32659;2026-04-03
Georgia;Санкт-Петербург, Малый просп. В.О., 77;59.937858;30.235139;osm-59.93786-30.23514;2024-10-15
Сцена;Санкт-Петербург, ул. Восстания, 22;59.937878;30.360121;osm-59.93788-30.36012;2026-03-08
Прошуттерия;Санкт-Петербург, Озерной пер., 7;59.937888;30.363500;osm-59.93789-30.36350;2026-09-27
Tony;Санкт-Петербург, Озерной пер., 7;59.937889;30.363833;osm-59.93789-30.36383;2026-09-27
Utopist;Санкт-Петербург, Ковенский пер., 12В;59.937945;30.359012;osm-59.93794-30.35901;2023-10-31
Nadir Shax;Санкт-Петербург, Малый просп. В.О., 73;59.937952;30.236380;osm-59.93795-30.23638;2024-07-19
PitaFoodGrill;Санкт-Петербург, 7-я линия В.О., 12;59.937958;30.284328;osm-59.93796-30.28433;2025-10-19
Kimchi to go;Санкт-Петербург, ул. Белинского, 13;59.937971;30.347966;osm-59.93797-30.34797;2026-08-22
Poly;Санкт-Петербург, ул. Белинского, 11;59.938030;30.346988;osm-59.93803-30.34699;2026-01-19
St. Martin;Санкт-Петербург, ул. Белинского, 3;59.938070;30.344805;osm-59.93807-30.34481;2026-08-22
Всё взаимно;Санкт-Петербург, 7-я линия В.О., 14;59.938091;30.284178;osm-59.93809-30.28418;2025-08-14
Правда;Санкт-Петербург, ул. Восстания, 22;59.938088;30.360146;osm-59.93809-30.36015;2025-08-08
Третий кластер;Санкт-Петербург, ул. 8-я Советская, 4;59.938086;30.370309;osm-59.93809-30.37031;2026-07-09
Лагидзе;Санкт-Петербург, ул. Белинского, 3;59.938106;30.345038;osm-59.93811-30.34504;2026-08-22
Оливер;Санкт-Петербург, ул. Белинского, 3;59.938110;30.345331;osm-59.93811-30.34533;2026-08-22
The big time;Санкт-Петербург, ул. Белинского, 9;59.938109;30.346682;osm-59.93811-30.34668;2023-12-06
Пинч!;Санкт-Петербург, ул. Белинского, 3;59.938115;30.345700;osm-59.93812-30.34570;2025-10-20
The Hat;Санкт-Петербург, ул. Белинского, 9;59.938118;30.346816;osm-59.93812-30.34682;2025-10-20
Terminal;Санкт-Петербург, ул. Белинского, 9;59.938118;30.346972;osm-59.93812-30.34697;2025-10-20
πολύ;Санкт-Петербург, ул. Белинского, 11;59.938125;30.347231;osm-59.93812-30.34723;2025-10-20
Brewery;Санкт-Петербург, ул. Белинского, 13;59.938117;30.347528;osm-59.93812-30.34753;2025-10-20
Толстый фраер;Санкт-Петербург, ул. Белинского, 13;59.938117;30.347691;osm-59.93812-30.34769;2025-10-20
Luna;Санкт-Петербург, ул. Белинского, 13;59.938125;30.347994;osm-59.93812-30.34799;2026-04-24
Stage;Санкт-Петербург, ул. Восстания, 24/27 литБ;59.938127;30.358963;osm-59.93813-30.35896;2024-03-08
Под лестницей;Санкт-Петербург, ул. Восстания, 22 литБ;59.938142;30.359157;osm-59.93814-30.35916;2024-03-08
&Cider;Санкт-Петербург, ул. Восстания, 24/27Б;59.938188;30.358509;osm-59.93819-30.35851;2023-10-31
KwakInn;Санкт-Петербург, Большой просп. В.О., 37;59.938205;30.278097;osm-59.93821-30.27810;2025-08-29
Do Immigration;Санкт-Петербург, ул. Восстания, 24/27 литГ;59.938222;30.359193;osm-59.93822-30.35919;2024-03-08
UNA;Санкт-Петербург, Волынский пер., 3а литА;59.938229;30.321558;osm-59.93823-30.32156;2023-10-30
Наедине;Санкт-Петербург, 11-я линия В.О., 14/39;59.938236;30.277186;osm-59.93824-30.27719;2024-10-13
Rabit's foot;Санкт-Петербург, ул. 8-я Советская, 4 литА;59.938297;30.370325;osm-59.93830-30.37033;2026-10-01
ABC Coffee Roasters;Санкт-Петербург, 6-я линия В.О., 9;59.938320;30.284553;osm-59.93832-30.28455;2025-09-11
Питание+;Санкт-Петербург, 17-я линия В.О., 22 литБ;59.938380;30.266854;osm-59.93838-30.26685;2024-10-28
Долма;Санкт-Петербург, ул. Белинского, 6;59.938384;30.346764;osm-59.93838-30.34676;2026-05-09
Мясная лавка;Санкт-Петербург, ул. Белинского, 6;59.938382;30.347003;osm-59.93838-30.34700;2026-05-09
Тихоходка;Санкт-Петербург, Литейный просп., 45/8;59.938379;30.347209;osm-59.93838-30.34721;2026-09-02
303 United Dogs;Санкт-Петербург, Литейный просп., 45/8;59.938391;30.347595;osm-59.93839-30.34759;2025-06-18
Animals;Санкт-Петербург, ул. Некрасова, 60;59.938393;30.368167;osm-59.93839-30.36817;2026-08-02
Сакартвело;Санкт-Петербург, 12-я линия В.О., 11;59.938410;30.274303;osm-59.93841-30.27430;2024-10-23
Эхо;Санкт-Петербург, ул. Некрасова, 29;59.938416;30.360723;osm-59.93842-30.36072;2024-11-20
Moti Time;Санкт-Петербург, Малый просп. В.О., 88;59.938434;30.230518;osm-59.93843-30.23052;2023-11-19
Civil Coffee Bar;Санкт-Петербург, Волынский пер., 8;59.938434;30.321776;osm-59.93843-30.32178;2023-10-20
Пивoff;Санкт-Петербург, Индустриальный просп., 11;59.938427;30.477277;osm-59.93843-30.47728;2025-09-30
Хоровод;Санкт-Петербург, ул. Некрасова, 56;59.938438;30.367685;osm-59.93844-30.36769;2025-11-09
Азербайджанский гранатовый сок;Санкт-Петербург, Малый просп. В.О., 88;59.938451;30.230470;osm-59.93845-30.23047;2023-11-19
Prostovino;Санкт-Петербург, 6-я линия В.О., 9;59.938453;30.284410;osm-59.93845-30.28441;2025-09-11
Столовая;Санкт-Петербург, Большой просп. В.О., 22;59.938471;30.282093;osm-59.93847-30.28209;2025-02-21
Wander;Санкт-Петербург, Волынский пер., 8;59.938475;30.321604;osm-59.93847-30.32160;2026-02-28
Кваккер;Санкт-Петербург, Средний просп. В.О., 83 с2;59.938487;30.253163;osm-59.93849-30.25316;2025-03-15
Лимончелло;Санкт-Петербург, Литейный просп., 40;59.938500;30.348593;osm-59.93850-30.34859;2023-10-31
Ложка;Санкт-Петербург, 12-я линия В.О., 13;59.938510;30.274186;osm-59.93851-30.27419;2024-10-23
Спэшл;Санкт-Петербург, ул. Большая Конюшенная, 4-6-8 литВ;59.938524;30.323789;osm-59.93852-30.32379;2026-05-17
Культура;Санкт-Петербург, 6-я линия В.О., 9;59.938549;30.284292;osm-59.93855-30.28429;2025-09-11
LaCelletta Caffè;Санкт-Петербург, наб. реки Фонтанки, 30;59.938567;30.343733;osm-59.93857-30.34373;2026-05-09
Кофеварим;Санкт-Петербург, ул. Маяковского, 28 литБ;59.938573;30.354913;osm-59.93857-30.35491;2026-04-12
The Templet Bar;Санкт-Петербург, ул. Некрасова, 37/20;59.938592;30.363232;osm-59.93859-30.36323;2026-09-27
J'pan;Санкт-Петербург, ул. Некрасова, 37/20;59.938610;30.362859;osm-59.93861-30.36286;2026-08-02
Рио Рим;Санкт-Петербург, ул. Большая Конюшенная, 4-6-8 литВ;59.938620;30.323832;osm-59.93862-30.32383;2026-05-17
House of Jade;Санкт-Петербург, ул. Некрасова, 33;59.938618;30.362594;osm-59.93862-30.36259;2026-08-02
Пальмира;Санкт-Петербург, Малый просп. В.О., 88 к3;59.938633;30.229934;osm-59.93863-30.22993;2023-11-19
Остров Безымянный;Санкт-Петербург, ул. Некрасова, 23;59.938651;30.358952;osm-59.93865-30.35895;2024-03-08
Догс;Санкт-Петербург, ул. Некрасова, 23;59.938659;30.358793;osm-59.93866-30.35879;2024-04-15
Наденька;Санкт-Петербург, ул. Некрасова, 25;59.938662;30.359047;osm-59.93866-30.35905;2024-03-08
ПреКрасный Есенин;Санкт-Петербург, ул. Чехова, 17/9;59.938671;30.353089;osm-59.93867-30.35309;2024-07-19
Троицкий мост;Санкт-Петербург, наб. реки Мойки, 28;59.938681;30.319859;osm-59.93868-30.31986;2026-08-07
Ossu;Санкт-Петербург, ул. Некрасова, 23;59.938676;30.358444;osm-59.93868-30.35844;2024-10-25
Stay gold;Санкт-Петербург, ул. Некрасова, 50;59.938678;30.365411;osm-59.93868-30.36541;2024-03-08
Луч;Санкт-Петербург, ул. Некрасова, 50;59.938693;30.364778;osm-59.93869-30.36478;2024-03-08
Цветочки;Санкт-Петербург, ул. Некрасова, 17;59.938705;30.356963;osm-59.93870-30.35696;2024-03-06
Кафе Бенуа;Санкт-Петербург, ул. Инженерная, 2-4 литА;59.938711;30.328690;osm-59.93871-30.32869;2026-06-16
Два гуся;Санкт-Петербург, ул. Некрасова, 18;59.938720;30.355463;osm-59.93872-30.35546;2026-04-12
Таверна Гролле;Санкт-Петербург, Большой просп. В.О., 20;59.938734;30.282996;osm-59.93873-30.28300;2025-02-23
Парадный подъезд;Санкт-Петербург, ул. Некрасова, 48;59.938734;30.364329;osm-59.93873-30.36433;2025-01-15
Rimski;Санкт-Петербург, 6-я линия В.О., 9;59.938738;30.284097;osm-59.93874-30.28410;2025-09-11
Salone pasta&bar;Санкт-Петербург, наб. реки Фонтанки, 30;59.938772;30.343425;osm-59.93877-30.34342;2025-10-17
Культура;Санкт-Петербург, ул. Некрасова, 48;59.938799;30.364582;osm-59.93880-30.36458;2025-01-15
Бизе;Санкт-Петербург, ул. Моховая, 46;59.938815;30.345283;osm-59.93881-30.34528;2026-03-04
Тихоходка;Санкт-Петербург, ул. Чехова, 17/9;59.938813;30.353097;osm-59.93881-30.35310;2024-07-19
Кофейня Круассан;Санкт-Петербург, Малый просп. В.О., 66 к2 литА;59.938821;30.246870;osm-59.93882-30.24687;2024-09-20
Саквояж беременной шпионки;Санкт-Петербург, ул. Большая Конюшенная, 17;59.938822;30.323241;osm-59.93882-30.32324;2025-08-27
Градусы;Санкт-Петербург, ул. Некрасова, 44;59.938821;30.363234;osm-59.93882-30.36323;2026-09-22
Остряк;Санкт-Петербург, ул. Некрасова, 42;59.938825;30.362614;osm-59.93883-30.36261;2026-08-02
Пузата Хата;Санкт-Петербург, ул. Некрасова, 42;59.938842;30.361891;osm-59.93884-30.36189;2024-02-16
Завод;Санкт-Петербург, ул. Некрасова, 31;59.938852;30.361573;osm-59.93885-30.36157;2024-06-13
У Ларисы;Санкт-Петербург, Волжский пер., 7 литТ;59.938864;30.285567;osm-59.93886-30.28557;2024-09-18
РосАл;Санкт-Петербург, ул. Некрасова, 40;59.938868;30.360765;osm-59.93887-30.36077;2025-10-17
У Ларисы;Санкт-Петербург, Волжский пер., 7 литТ;59.938884;30.285536;osm-59.93888-30.28554;2024-09-18
Пу-эр;Санкт-Петербург, ул. Некрасова, 1/38 литБ;59.938880;30.350569;osm-59.93888-30.35057;2025-05-08
Business & Coffee;Санкт-Петербург, ул. Большая Конюшенная, 15;59.938886;30.323272;osm-59.93889-30.32327;2025-08-27
Midi Modi;Санкт-Петербург, ул. Некрасова, 40;59.938887;30.360730;osm-59.93889-30.36073;2024-02-16
Плов Лагман;Санкт-Петербург, Волжский пер., 7 литТ;59.938896;30.285712;osm-59.93890-30.28571;2024-09-18
Шубабар;Санкт-Петербург, ул. Некрасова, 36;59.938903;30.359018;osm-59.93890-30.35902;2024-02-21
Звонок;Санкт-Петербург, ул. Некрасова, 36;59.938902;30.359064;osm-59.93890-30.35906;2024-02-21
Хачапурная;Санкт-Петербург, ул. Некрасова, 36;59.938899;30.359165;osm-59.93890-30.35917;2024-02-21
Некрасовка;Санкт-Петербург, ул. Некрасова, 36;59.938895;30.359364;osm-59.93890-30.35936;2026-06-01
Kuta;Санкт-Петербург, ул. Некрасова, 1/38;59.938912;30.349074;osm-59.93891-30.34907;2026-08-07
Современник;Санкт-Петербург, ул. Некрасова, 1/38;59.938911;30.349364;osm-59.93891-30.34936;2026-09-10
Mapuche;Санкт-Петербург, ул. Некрасова, 32;59.938907;30.358698;osm-59.93891-30.35870;2024-02-21
Армянский домик;Санкт-Петербург, Волжский пер., 7 литТ;59.938918;30.285373;osm-59.93892-30.28537;2024-09-18
Chang;Санкт-Петербург, ул. Некрасова, 1/38;59.938917;30.349259;osm-59.93892-30.34926;2026-08-07
Technodöner;Санкт-Петербург, ул. Некрасова, 30;59.938924;30.357740;osm-59.93892-30.35774;2024-02-21
Сидр и Нэнси;Санкт-Петербург, ул. Некрасова, 30;59.938919;30.357974;osm-59.93892-30.35797;2024-02-21
Пирс 28;Санкт-Петербург, ул. Некрасова, 26;59.938927;30.357527;osm-59.93893-30.35753;2024-02-21
Хачапури и вино;Санкт-Петербург, ул. 9-я Советская, 1;59.938931;30.369769;osm-59.93893-30.36977;2024-07-23
Залив;Санкт-Петербург, Басков пер., 17 литБ;59.938944;30.356519;osm-59.93894-30.35652;2024-02-21
Хроники;Санкт-Петербург, Басков пер., 17 литБ;59.938938;30.356842;osm-59.93894-30.35684;2024-02-21
Redrum;Санкт-Петербург, ул. Некрасова, 26;59.938936;30.356996;osm-59.93894-30.35700;2025-11-09
Sabiha;Санкт-Петербург, ул. Некрасова, 26;59.938936;30.357173;osm-59.93894-30.35717;2026-06-01
Каморка;Санкт-Петербург, ул. Некрасова, 22;59.938952;30.356146;osm-59.93895-30.35615;2024-02-21
Bazin;Санкт-Петербург, Басков пер., 17 литБ;59.938947;30.356366;osm-59.93895-30.35637;2024-02-21
Стиль;Санкт-Петербург, ул. Новгородская, 20;59.938946;30.385541;osm-59.93895-30.38554;2024-07-05
Georgiani;Санкт-Петербург, Большой просп. В.О., 16/14;59.938987;30.285239;osm-59.93899-30.28524;2024-09-18
Петровский крендель;Санкт-Петербург, наб. реки Мойки, 28;59.938990;30.319757;osm-59.93899-30.31976;2026-08-07
Finch;Санкт-Петербург, ул. Некрасова, 14 литД;59.939011;30.353680;osm-59.93901-30.35368;2024-02-21
Georgiani;Санкт-Петербург, Большой просп. В.О., 16/14;59.939022;30.285252;osm-59.93902-30.28525;2024-09-18
Kira;Санкт-Петербург, ул. Кирочная, 67 с2;59.939027;30.390146;osm-59.93903-30.39015;2026-08-12
Takeru Ichiba;Санкт-Петербург, Большой просп. В.О., 16/14;59.939038;30.285884;osm-59.93904-30.28588;2024-09-18
Bist;Санкт-Петербург, Большой просп. В.О., 18;59.939057;30.284143;osm-59.93906-30.28414;2025-08-20
Учкудук;Санкт-Петербург, 9-я линия В.О., 16;59.939074;30.279607;osm-59.93907-30.27961;2025-08-15
CraftCoffee;Санкт-Петербург, Басков пер., 13-15;59.939068;30.355341;osm-59.93907-30.35534;2024-02-21
Curry House;Санкт-Петербург, ул. Некрасова, 8;59.939076;30.351356;osm-59.93908-30.35136;2024-02-21
Андер;Санкт-Петербург, ул. Некрасова, 46;59.939080;30.363701;osm-59.93908-30.36370;2024-02-15
Brisket Eat & Fun;Санкт-Петербург, ул. Большая Конюшенная, 4-6-8;59.939097;30.324412;osm-59.93910-30.32441;2026-06-12
Гуляния;Санкт-Петербург, Университетская наб., 15;59.939110;30.297248;osm-59.93911-30.29725;2026-08-17
Союз;Санкт-Петербург, наб. реки Мойки, 26;59.939106;30.320475;osm-59.93911-30.32047;2026-08-07
The Red Corner;Санкт-Петербург, ул. Некрасова, 6;59.939107;30.350415;osm-59.93911-30.35042;2024-08-05
Igor Butman;Санкт-Петербург, наб. канала Грибоедова, 7 литЖ;59.939150;30.327479;osm-59.93915-30.32748;2025-08-27
Let It Bar;Санкт-Петербург, наб. реки Фонтанки, 28;59.939148;30.342934;osm-59.93915-30.34293;2025-10-17
Зое;Санкт-Петербург, Басков пер., 41/29;59.939161;30.363709;osm-59.93916-30.36371;2024-03-07
Mer Kaffe;Санкт-Петербург, Большой просп. В.О., 16/14;59.939173;30.284547;osm-59.93917-30.28455;2025-12-02
United Butchers;Санкт-Петербург, ул. Некрасова, 38/26;59.939183;30.360231;osm-59.93918-30.36023;2024-02-21
Каха;Санкт-Петербург, ул. Большая Конюшенная, 2;59.939233;30.324123;osm-59.93923-30.32412;2026-05-20
Корчма Сало;Санкт-Петербург, Литейный просп., 43;59.939228;30.348674;osm-59.93923-30.34867;2026-08-07
Ontap;Санкт-Петербург, Большой просп. В.О., 16/14;59.939258;30.285288;osm-59.93926-30.28529;2025-08-20
Гурмания;Санкт-Петербург, ул. Гаванская, 48;59.939274;30.236775;osm-59.93927-30.23678;2024-09-20
Лиса пришла;Санкт-Петербург, Большой просп. В.О., 16/14;59.939274;30.285994;osm-59.93927-30.28599;2025-08-20
Mad Espresso Team;Санкт-Петербург, Большой просп. В.О., 16/14;59.939279;30.284877;osm-59.93928-30.28488;2025-08-20
Bo;Санкт-Петербург, Большой просп. В.О., 16/14;59.939280;30.285142;osm-59.93928-30.28514;2025-08-20
Georgiani;Санкт-Петербург, Большой просп. В.О., 16/14;59.939288;30.285432;osm-59.93929-30.28543;2025-08-20
TayEsh;Санкт-Петербург, Большой просп. В.О., 16/14;59.939295;30.285208;osm-59.93930-30.28521;2025-08-20
Kalpataru;Санкт-Петербург, Литейный просп., 43;59.939318;30.348037;osm-59.93932-30.34804;2026-03-30
Poke Wave;Санкт-Петербург, Большой просп. В.О., 16/14;59.939333;30.285774;osm-59.93933-30.28577;2025-08-20
Pizzeria da Vincenzo;Санкт-Петербург, Басков пер., 1/3;59.939334;30.350440;osm-59.93933-30.35044;2024-02-21
Pio pizza;Санкт-Петербург, Большой просп. В.О., 16/14;59.939341;30.285620;osm-59.93934-30.28562;2025-08-20
Пышки;Санкт-Петербург, 9-я линия В.О., 18;59.939355;30.279280;osm-59.93935-30.27928;2025-08-15
Subzero;Санкт-Петербург, Большой просп. В.О., 16/14;59.939374;30.285461;osm-59.93937-30.28546;2025-08-20
Nil's;Санкт-Петербург, Большой просп. В.О., 16/14;59.939376;30.285918;osm-59.93938-30.28592;2025-08-20
Cake me tender;Санкт-Петербург, Большой просп. В.О., 16/14;59.939391;30.285728;osm-59.93939-30.28573;2025-08-20
Sapiens;Санкт-Петербург, Большой просп. В.О., 16/14;59.939394;30.286008;osm-59.93939-30.28601;2025-08-20
Dizengof/99;Санкт-Петербург, ул. Некрасова, 38/26;59.939387;30.360240;osm-59.93939-30.36024;2026-04-12
Амулет;Санкт-Петербург, ул. Восстания, 37-39;59.939393;30.360764;osm-59.93939-30.36076;2025-04-11
Rãsã;Санкт-Петербург, Большой просп. В.О., 16/14;59.939401;30.285303;osm-59.93940-30.28530;2025-08-20
L'amo;Санкт-Петербург, ул. Кирочная, 67 с1;59.939405;30.389708;osm-59.93941-30.38971;2026-07-31
Yes, honey!;Санкт-Петербург, Большой просп. В.О., 16/14;59.939433;30.285641;osm-59.93943-30.28564;2025-08-20
Spontan;Санкт-Петербург, Басков пер., 25;59.939429;30.358422;osm-59.93943-30.35842;2026-04-12
Bao Mochi;Санкт-Петербург, Большой просп. В.О., 16/14;59.939441;30.285444;osm-59.93944-30.28544;2025-08-20
Barselona;Санкт-Петербург, 17-я линия В.О., 32/67;59.939462;30.265412;osm-59.93946-30.26541;2025-08-30
Sweet Way;Санкт-Петербург, Большой просп. В.О., 16/14;59.939455;30.285491;osm-59.93946-30.28549;2025-08-20
Pizza 22 cm;Санкт-Петербург, ул. Большая Конюшенная, 2;59.939462;30.324237;osm-59.93946-30.32424;2026-03-19
Prosa;Санкт-Петербург, наб. канала Грибоедова, 7 литЖ;59.939470;30.327489;osm-59.93947-30.32749;2025-08-27
le Tour de Vin;Санкт-Петербург, ул. Большая Конюшенная, 2;59.939514;30.324263;osm-59.93951-30.32426;2026-03-19
Человек и пароход;Санкт-Петербург, Большой просп. В.О., 16/14;59.939523;30.285885;osm-59.93952-30.28589;2025-08-20
Люди кофе;Санкт-Петербург, Басков пер., 1/3;59.939537;30.350519;osm-59.93954-30.35052;2024-02-21
Red;Санкт-Петербург, ул. Красного Текстильщика, 13;59.939546;30.393551;osm-59.93955-30.39355;2025-07-14
M-tea;Санкт-Петербург, 9-я линия В.О., 18;59.939562;30.279038;osm-59.93956-30.27904;2025-08-15
Bellevue;Санкт-Петербург, наб. реки Мойки, 22;59.939590;30.319903;osm-59.93959-30.31990;2023-11-02
RedBox;Санкт-Петербург, ул. Большая Конюшенная, 2;59.939599;30.324304;osm-59.93960-30.32430;2026-03-19
Пивная диета;Санкт-Петербург, ул. Восстания, 37-39;59.939596;30.360769;osm-59.93960-30.36077;2026-08-19
Saigo;Санкт-Петербург, наб. канала Грибоедова, 5 литЕ;59.939606;30.327651;osm-59.93961-30.32765;2025-10-31
Смена;Санкт-Петербург, Басков пер., 20;59.939606;30.359704;osm-59.93961-30.35970;2025-11-16
Кушать подано;Санкт-Петербург, ул. Восстания, 28;59.939605;30.360250;osm-59.93961-30.36025;2026-04-12
Завертелли;Санкт-Петербург, ул. Моховая, 39;59.939625;30.344888;osm-59.93962-30.34489;2025-05-17
Бирвайн;Санкт-Петербург, ул. Ленская, 19 к1;59.939647;30.496657;osm-59.93965-30.49666;2026-02-21
На Парах;Санкт-Петербург, 7-я линия В.О., 24;59.939656;30.282302;osm-59.93966-30.28230;2026-08-30
Кебаб;Санкт-Петербург, ул. Кирочная, 70;59.939657;30.390973;osm-59.93966-30.39097;2024-05-06
Совторг;Санкт-Петербург, наб. канала Грибоедова, 5 литЕ;59.939674;30.327681;osm-59.93967-30.32768;2025-08-27
Астер;Санкт-Петербург, ул. Маяковского, 23/6;59.939691;30.355508;osm-59.93969-30.35551;2024-07-17
The Favorite Breakfast;Санкт-Петербург, ул. Восстания, 37-39;59.939690;30.360773;osm-59.93969-30.36077;2024-04-23
St. Lewis;Санкт-Петербург, 11-я линия В.О., 24;59.939706;30.275500;osm-59.93971-30.27550;2024-10-13
Гарсон;Санкт-Петербург, Суворовский просп., 47;59.939754;30.377793;osm-59.93975-30.37779;2026-10-01
Турбо шаверма;Санкт-Петербург, Средний просп. В.О., 65;59.939793;30.266585;osm-59.93979-30.26658;2026-06-20
Шаверма;Санкт-Петербург, ул. Ленская, 17 к1;59.939826;30.494124;osm-59.93983-30.49412;2024-12-01
Francesco;Санкт-Петербург, Суворовский просп., 49/1;59.939842;30.377956;osm-59.93984-30.37796;2026-10-01
Kiosk;Санкт-Петербург, ул. Маяковского, 23/6;59.939850;30.355509;osm-59.93985-30.35551;2024-07-17
Louna by Opetit;Санкт-Петербург, ул. Большая Конюшенная, 9;59.939855;30.323553;osm-59.93986-30.32355;2026-06-03
Saint Giros;Санкт-Петербург, ул. Большая Конюшенная, 9;59.939877;30.323149;osm-59.93988-30.32315;2026-05-17
Атташе;Санкт-Петербург, Дегтярный пер., 7 литА;59.939876;30.381957;osm-59.93988-30.38196;2024-11-03
Saviv;Санкт-Петербург, ул. Большая Конюшенная, 9;59.939892;30.323723;osm-59.93989-30.32372;2025-08-27
Foggy New;Санкт-Петербург, ул. Восстания, 41;59.939903;30.360785;osm-59.93990-30.36078;2024-04-23
Шаверма;Санкт-Петербург, ул. Магнитогорская, 51;59.939912;30.432028;osm-59.93991-30.43203;2025-08-13
#ЯвКофе;Санкт-Петербург, ул. Моховая, 39;59.939917;30.344899;osm-59.93992-30.34490;2025-05-17
Двор №9;Санкт-Петербург, ул. Большая Конюшенная, 9;59.939930;30.323330;osm-59.93993-30.32333;2025-08-27
Pho'n'Roll;Санкт-Петербург, ул. Маяковского, 34;59.939942;30.355029;osm-59.93994-30.35503;2024-02-21
Lovecraft;Санкт-Петербург, ул. Большая Конюшенная, 9;59.939956;30.323174;osm-59.93996-30.32317;2026-05-17
Sokol Coffee;Санкт-Петербург, ул. Большая Конюшенная, 9;59.939972;30.323760;osm-59.93997-30.32376;2025-08-27
Гребешки;Санкт-Петербург, Виленский пер., 15;59.939980;30.366792;osm-59.93998-30.36679;2026-07-02
Castelsardo;Санкт-Петербург, 10-я линия В.О., 17;59.939986;30.275802;osm-59.93999-30.27580;2025-08-31
Tandoor & Grill;Санкт-Петербург, ул. Маяковского, 25;59.940017;30.355520;osm-59.94002-30.35552;2024-07-17
Тартарбар;Санкт-Петербург, Виленский пер., 15 литБ;59.940026;30.366039;osm-59.94003-30.36604;2024-03-27
Bourgeois Bohemians;Санкт-Петербург, Виленский пер., 10а литЖ;59.940051;30.364445;osm-59.94005-30.36444;2024-03-27
Italy;Санкт-Петербург, Виленский пер., 10а литЖ;59.940061;30.363806;osm-59.94006-30.36381;2025-08-31
Кебаб;Санкт-Петербург, Средний просп. В.О., 56;59.940123;30.268914;osm-59.94012-30.26891;2026-07-24
Хуа Ма;Санкт-Петербург, Большой просп. В.О., 8/4;59.940122;30.287820;osm-59.94012-30.28782;2025-08-21
Сычуань;Санкт-Петербург, ул. Нахимова, 20;59.940126;30.222436;osm-59.94013-30.22244;2026-07-18
Полторы комнаты;Санкт-Петербург, ул. Маяковского, 34;59.940144;30.355040;osm-59.94014-30.35504;2024-10-27
Моллис Мьюз;Санкт-Петербург, ул. Большая Конюшенная, 7;59.940157;30.323863;osm-59.94016-30.32386;2025-08-27
КИDO;Санкт-Петербург, Суворовский просп., 51;59.940156;30.378544;osm-59.94016-30.37854;2026-10-01
BBQ;Санкт-Петербург, ул. Нахимова, 20;59.940190;30.222375;osm-59.94019-30.22237;2026-07-18
Smoke Inn;Санкт-Петербург, ул. Маяковского, 34;59.940213;30.355045;osm-59.94021-30.35505;2024-02-21
Killfish;Санкт-Петербург, ул. Восстания, 30/7;59.940214;30.360165;osm-59.94021-30.36016;2024-07-14
+86;Санкт-Петербург, Средний просп. В.О., 56;59.940221;30.269260;osm-59.94022-30.26926;2026-07-24
Mollie Island;Санкт-Петербург, Морская наб., 15 литТ;59.940256;30.213771;osm-59.94026-30.21377;2023-10-20
Две вилки;Санкт-Петербург, ул. Ленская, 16 к1;59.940274;30.496431;osm-59.94027-30.49643;2026-04-21
На югах;Санкт-Петербург, 6-я линия В.О., 13;59.940302;30.282231;osm-59.94030-30.28223;2025-09-11
HopHead Taqueria;Санкт-Петербург, Виленский пер., 6;59.940307;30.362393;osm-59.94031-30.36239;2024-06-07
Пряности & Радости;Санкт-Петербург, 6-я линия В.О., 13;59.940325;30.282633;osm-59.94033-30.28263;2025-09-11
Ла Русс;Санкт-Петербург, наб. реки Мойки, 37;59.940325;30.318970;osm-59.94033-30.31897;2025-12-17
Фабрика;Санкт-Петербург, ул. Красного Текстильщика, 10-12 литО;59.940375;30.396594;osm-59.94038-30.39659;2024-05-06
Ла Маре;Санкт-Петербург, Суворовский просп., 34;59.940409;30.378139;osm-59.94041-30.37814;2026-10-01
Красин;Санкт-Петербург, Средний просп. В.О., 50 литБ;59.940504;30.270179;osm-59.94050-30.27018;2026-07-24
Настоятель;Санкт-Петербург, Большой просп. В.О., 6;59.940497;30.289147;osm-59.94050-30.28915;2025-08-21
Yagoda;Санкт-Петербург, ул. Большая Конюшенная, 3;59.940525;30.324038;osm-59.94053-30.32404;2026-07-01
Stg;Санкт-Петербург, Красногвардейская пл., 3 литЗ;59.940532;30.409008;osm-59.94053-30.40901;2024-05-17
Распутин;Санкт-Петербург, наб. реки Мойки, 37;59.940567;30.319134;osm-59.94057-30.31913;2023-10-30
Греми;Санкт-Петербург, Суворовский просп., 57;59.940576;30.379334;osm-59.94058-30.37933;2024-11-03
Beerhead;Санкт-Петербург, ул. Нахимова, 20;59.940593;30.224099;osm-59.94059-30.22410;2026-07-18
Градъ Петровъ;Санкт-Петербург, Университетская наб., 5;59.940612;30.302172;osm-59.94061-30.30217;2024-03-11
Tootsie;Санкт-Петербург, 9-я линия В.О., 30;59.940668;30.277756;osm-59.94067-30.27776;2026-02-09
Ять;Санкт-Петербург, наб. реки Мойки, 16;59.940676;30.320101;osm-59.94068-30.32010;2023-10-30
Asiatiq;Санкт-Петербург, Литейный просп., 35;59.940679;30.348110;osm-59.94068-30.34811;2026-06-22
Барслона;Санкт-Петербург, ул. Большая Конюшенная, 3;59.940742;30.324144;osm-59.94074-30.32414;2025-08-27
Сербия;Санкт-Петербург, Суворовский просп., 34;59.940765;30.378795;osm-59.94076-30.37880;2024-11-05
Pavlova;Санкт-Петербург, Конюшенная пл., 2 литГ;59.940797;30.326031;osm-59.94080-30.32603;2026-08-07
Bomu;Санкт-Петербург, наб. реки Фонтанки, 18 литВ;59.940797;30.341943;osm-59.94080-30.34194;2024-11-11
Шаверма;Санкт-Петербург, просп. Наставников, 12;59.940802;30.488562;osm-59.94080-30.48856;2024-10-12
Сплетни;Санкт-Петербург, Конюшенная пл., 2 литГ;59.940837;30.325724;osm-59.94084-30.32572;2026-08-07
Fei;Санкт-Петербург, ул. Большая Конюшенная, 1;59.940853;30.324191;osm-59.94085-30.32419;2025-08-27
Mollie's Restopub;Санкт-Петербург, Сапёрный пер., 15;59.940846;30.360333;osm-59.94085-30.36033;2024-04-27
Антонио;Санкт-Петербург, Сапёрный пер., 15;59.940861;30.359572;osm-59.94086-30.35957;2026-03-08
Заря;Санкт-Петербург, ул. Маяковского, 40;59.940882;30.355083;osm-59.94088-30.35508;2024-03-06
Мистические бриоши Марии-Антуанетты;Санкт-Петербург, Средний просп. В.О., 46;59.940924;30.273284;osm-59.94092-30.27328;2026-03-15
Buddha-Bar;Санкт-Петербург, ул. Красного Текстильщика, 10-12 литО;59.940921;30.396684;osm-59.94092-30.39668;2024-05-21
ЦПР;Санкт-Петербург, Литейный просп., 28;59.940925;30.348779;osm-59.94093-30.34878;2026-02-08
Скворечник;Санкт-Петербург, ул. Моховая, 31;59.940953;30.344977;osm-59.94095-30.34498;2026-06-21
Кардамон;Санкт-Петербург, 1-я линия В.О., 18/2;59.940984;30.290798;osm-59.94098-30.29080;2025-08-21
Marso Polo;Санкт-Петербург, наб. канала Грибоедова, 2в литА;59.941014;30.330269;osm-59.94101-30.33027;2026-07-25
Сушисет;Санкт-Петербург, Средний просп. В.О., 51 литВ;59.941015;30.272030;osm-59.94102-30.27203;2026-07-24
Cafe Bazar;Санкт-Петербург, Красногвардейская пл., 3 литЗ;59.941018;30.409083;osm-59.94102-30.40908;2026-04-04
Коллектив кофе;Санкт-Петербург, Сапёрный пер., 16/36;59.941078;30.359496;osm-59.94108-30.35950;2026-03-08
Шпалентор;Санкт-Петербург, ул. Новгородская, 23;59.941079;30.390677;osm-59.94108-30.39068;2026-08-30
Marso Polo;Санкт-Петербург, наб. канала Грибоедова, 2в литА;59.941105;30.330322;osm-59.94111-30.33032;2026-07-25
Бек;Санкт-Петербург, Сапёрный пер., 8;59.941114;30.356907;osm-59.94111-30.35691;2024-08-11
HookahPlace;Санкт-Петербург, Литейный просп., 28;59.941120;30.348748;osm-59.94112-30.34875;2026-02-01
Настоечная (812);Санкт-Петербург, ул. Большая Конюшенная, 1;59.941146;30.324231;osm-59.94115-30.32423;2025-09-12
Fort Maverick;Санкт-Петербург, Виленский пер., 12;59.941186;30.365889;osm-59.94119-30.36589;2024-03-06
Marketplace;Санкт-Петербург, 7-я линия В.О., 34/2;59.941218;30.280484;osm-59.94122-30.28048;2026-08-30
HookahPlace;Санкт-Петербург, Литейный просп., 28;59.941224;30.348834;osm-59.94122-30.34883;2026-02-01
Self Edge Japanese;Санкт-Петербург, ул. Радищева, 34;59.941304;30.363384;osm-59.94130-30.36338;2024-04-26
Трдельник;Санкт-Петербург, Сапёрный пер., 16/36;59.941327;30.360343;osm-59.94133-30.36034;2025-10-17
Brik;Санкт-Петербург, ул. Маяковского, 44;59.941353;30.355108;osm-59.94135-30.35511;2024-10-27
Juan Cantina Espanola;Санкт-Петербург, ул. Восстания, 45 литБ;59.941357;30.361671;osm-59.94136-30.36167;2024-04-26
Daiquiri;Санкт-Петербург, ул. Большая Конюшенная, 1;59.941370;30.323905;osm-59.94137-30.32390;2026-06-21
Academia;Санкт-Петербург, 3-я линия В.О., 8;59.941411;30.287050;osm-59.94141-30.28705;2024-09-23
Сидрерия;Санкт-Петербург, ул. Моховая, 30;59.941449;30.345440;osm-59.94145-30.34544;2025-08-03
Мясорубка;Санкт-Петербург, Литейный просп., 31;59.941453;30.348161;osm-59.94145-30.34816;2026-06-22
Пивотека;Санкт-Петербург, 9-я линия В.О., 36;59.941478;30.276777;osm-59.94148-30.27678;2025-08-15
Koffein;Санкт-Петербург, 18-я линия В.О., 51;59.941485;30.260461;osm-59.94149-30.26046;2024-09-19
Pizza Point;Санкт-Петербург, ул. Маяковского, 44;59.941492;30.355116;osm-59.94149-30.35512;2024-10-27
На ход ноги;Санкт-Петербург, 7-я линия В.О., 38;59.941524;30.279715;osm-59.94152-30.27971;2023-10-05
Joli Grand Bistrot;Санкт-Петербург, ул. Восстания, 45 литБ;59.941523;30.361689;osm-59.94152-30.36169;2026-01-18
Кебаб Хаус;Санкт-Петербург, 7-я линия В.О., 38;59.941535;30.280124;osm-59.94154-30.28012;2026-05-19
Trappist;Санкт-Петербург, ул. Радищева, 36;59.941545;30.363395;osm-59.94154-30.36340;2026-02-16
Венерди;Санкт-Петербург, Гродненский пер., 15;59.941552;30.362971;osm-59.94155-30.36297;2024-04-26
Pita's;Санкт-Петербург, Средний просп. В.О., 49;59.941579;30.272712;osm-59.94158-30.27271;2025-08-29
Maman Bistro;Санкт-Петербург, Конюшенный пер., 1/6;59.941586;30.323589;osm-59.94159-30.32359;2026-06-21
Bazar Coffee;Санкт-Петербург, Красногвардейская пл., 3 лит. Е;59.941588;30.409896;osm-59.94159-30.40990;2024-01-28
Quzu;Санкт-Петербург, 10-я линия В.О., 25/42;59.941598;30.273989;osm-59.94160-30.27399;2025-10-19
Нотик;Санкт-Петербург, Литейный просп., 29;59.941602;30.348168;osm-59.94160-30.34817;2026-06-22
Ленинградский экспресс;Санкт-Петербург, Малый просп. В.О., 54 к2;59.941614;30.257400;osm-59.94161-30.25740;2024-10-12
Slurp;Санкт-Петербург, 6-я линия В.О., 21;59.941640;30.280678;osm-59.94164-30.28068;2025-09-11
ЧБКафе;Санкт-Петербург, наб. реки Мойки, 27;59.941641;30.320656;osm-59.94164-30.32066;2026-01-02
Золотой гвоздь;Санкт-Петербург, 10-я линия В.О., 25/42;59.941646;30.274173;osm-59.94165-30.27417;2025-10-19
Островок счастья;Санкт-Петербург, ул. Якорная, 15 литБ;59.941684;30.434469;osm-59.94168-30.43447;2026-06-23
Толстый фраер;Санкт-Петербург, 8-я линия В.О., 43;59.941737;30.277138;osm-59.94174-30.27714;2025-10-19
Юг;Санкт-Петербург, Суворовский просп., 44;59.941741;30.380642;osm-59.94174-30.38064;2026-05-20
Старая таможня;Санкт-Петербург, Университетская наб., 3 литБ;59.941750;30.303178;osm-59.94175-30.30318;2026-05-09
Солнечный день;Санкт-Петербург, 2-я линия В.О., 17;59.941809;30.287245;osm-59.94181-30.28724;2024-04-26
54;Санкт-Петербург, Малый просп. В.О., 54 к2;59.941823;30.257360;osm-59.94182-30.25736;2024-10-12
Кофеварим;Санкт-Петербург, наб. реки Мойки, 6;59.941839;30.323201;osm-59.94184-30.32320;2026-05-24
Bros Burritos;Санкт-Петербург, ул. Моховая, 26;59.941839;30.345464;osm-59.94184-30.34546;2025-11-16
佛系营业;Санкт-Петербург, 7-я линия В.О., 42;59.941850;30.278598;osm-59.94185-30.27860;2023-10-12
Арбат;Санкт-Петербург, ул. Артиллерийская, 4;59.941927;30.351799;osm-59.94193-30.35180;2024-08-11
Кофе-Нарушители;Санкт-Петербург, ул. Маяковского, 37Г;59.941926;30.357358;osm-59.94193-30.35736;2024-09-05
Щегол;Санкт-Петербург, ул. Радищева, 38/20;59.941937;30.363379;osm-59.94194-30.36338;2025-10-17
Сообщество;Санкт-Петербург, ул. Артиллерийская, 2;59.941946;30.350625;osm-59.94195-30.35063;2026-02-25
Kriek;Санкт-Петербург, 6-я линия В.О., 25;59.941957;30.280378;osm-59.94196-30.28038;2025-09-11
Kimchi to go;Санкт-Петербург, 7-я линия В.О., 42;59.941989;30.279484;osm-59.94199-30.27948;2025-08-14
Eclectic bar;Санкт-Петербург, ул. Радищева, 40;59.942011;30.363426;osm-59.94201-30.36343;2024-05-02
Kriek;Санкт-Петербург, 6-я линия В.О., 25;59.942062;30.280389;osm-59.94206-30.28039;2025-09-11
Китайская кухня;Санкт-Петербург, 8-я линия В.О., 45/43;59.942076;30.276992;osm-59.94208-30.27699;2023-10-05
Tapiera;Санкт-Петербург, 6-я линия В.О., 25;59.942120;30.280190;osm-59.94212-30.28019;2025-09-11
sea food;Санкт-Петербург, ул. Парадная, 3 к2;59.942119;30.367315;osm-59.94212-30.36732;2026-04-20
Milk & Berries;Санкт-Петербург, 6-я линия В.О., 25;59.942130;30.280101;osm-59.94213-30.28010;2024-09-18
У Ларисы;Санкт-Петербург, ул. Маяковского, 15;59.942144;30.355654;osm-59.94214-30.35565;2024-08-11
BBQ;Санкт-Петербург, 7-я линия В.О., 44;59.942160;30.279410;osm-59.94216-30.27941;2025-10-19
Адище города;Санкт-Петербург, ул. Маяковского, 15;59.942158;30.355703;osm-59.94216-30.35570;2025-01-20
Fine Cup;Санкт-Петербург, 6-я линия В.О., 25;59.942180;30.280053;osm-59.94218-30.28005;2025-09-11
Чайки;Санкт-Петербург, Мошков пер., 5 литБ;59.942223;30.322522;osm-59.94222-30.32252;2024-03-13
Fix Food;Санкт-Петербург, 6-я линия В.О., 25;59.942229;30.279963;osm-59.94223-30.27996;2025-09-11
Gastroli;Санкт-Петербург, ул. Пестеля, 7;59.942239;30.341067;osm-59.94224-30.34107;2025-10-17
Пирожки у Кота;Санкт-Петербург, ул. Радищева, 40;59.942257;30.363294;osm-59.94226-30.36329;2025-10-17
Ботаника;Санкт-Петербург, ул. Пестеля, 9 литГ;59.942273;30.341550;osm-59.94227-30.34155;2025-10-17
Ognivo;Санкт-Петербург, Малый просп. В.О., 57 к1 литД;59.942296;30.257245;osm-59.94230-30.25725;2025-08-30
Mogi;Санкт-Петербург, ул. Рылеева, 27;59.942327;30.358957;osm-59.94233-30.35896;2024-08-11
Endorfina;Санкт-Петербург, 8-я линия В.О., 45/34;59.942338;30.276758;osm-59.94234-30.27676;2025-10-19
Мясонская Ложа;Санкт-Петербург, ул. Рылеева, 23;59.942337;30.358435;osm-59.94234-30.35844;2024-08-11
Coffee Therapy;Санкт-Петербург, 8-я линия В.О., 45/34;59.942364;30.277742;osm-59.94236-30.27774;2023-11-01
Pame;Санкт-Петербург, наб. реки Мойки, 3;59.942363;30.327657;osm-59.94236-30.32766;2026-01-19
BRUNCH;Санкт-Петербург, ул. Рылеева, 13;59.942410;30.354342;osm-59.94241-30.35434;2024-08-22
Пивоварня;Санкт-Петербург, просп. Косыгина, 11 к1;59.942478;30.471046;osm-59.94248-30.47105;2025-12-05
Пища династии Минь;Санкт-Петербург, ул. Короленко, 14;59.942489;30.350252;osm-59.94249-30.35025;2025-03-01
Shava;Санкт-Петербург, ул. Пестеля, 11 литВ;59.942500;30.342543;osm-59.94250-30.34254;2025-08-14
Охотничий клуб;Санкт-Петербург, ул. Новгородская, 27;59.942513;30.393663;osm-59.94251-30.39366;2024-06-11
Ognivo;Санкт-Петербург, Малый просп. В.О., 57 к1 литД;59.942517;30.257245;osm-59.94252-30.25725;2025-08-30
Ложка;Санкт-Петербург, ул. Пестеля, 6;59.942527;30.343314;osm-59.94253-30.34331;2025-04-17
Ketch Up Burgers;Санкт-Петербург, 6-я линия В.О., 27;59.942553;30.279566;osm-59.94255-30.27957;2025-09-11
Spica;Санкт-Петербург, Малый просп. В.О., 55 к1;59.942593;30.258254;osm-59.94259-30.25825;2025-08-31
Бистро;Санкт-Петербург, 8-я линия В.О., 45/34;59.942591;30.277459;osm-59.94259-30.27746;2024-08-24
Rustaveli;Санкт-Петербург, наб. реки Мойки, 9 к1 литД;59.942601;30.325429;osm-59.94260-30.32543;2024-03-13
Китайская грамота;Санкт-Петербург, наб. реки Мойки, 9 к1 литД;59.942598;30.325570;osm-59.94260-30.32557;2024-03-13
Хинкальная;Санкт-Петербург, ул. Миллионная, 27;59.942607;30.320956;osm-59.94261-30.32096;2026-09-03
Шавермадзе;Санкт-Петербург, Мошков пер., 5;59.942610;30.322115;osm-59.94261-30.32212;2026-09-13
Ketch Up Burgers;Санкт-Петербург, 6-я линия В.О., 29;59.942626;30.279540;osm-59.94263-30.27954;2025-09-11
Shine;Санкт-Петербург, 8-я линия В.О., 47/37;59.942649;30.276360;osm-59.94265-30.27636;2025-08-13
Пьяна ель;Санкт-Петербург, ул. Пестеля, 21;59.942662;30.346566;osm-59.94266-30.34657;2023-10-17
ПерезаГрузия;Санкт-Петербург, ул. Маяковского, 50;59.942660;30.355192;osm-59.94266-30.35519;2024-03-27
Shawafel;Санкт-Петербург, 8-я линия В.О., 47/37;59.942683;30.276475;osm-59.94268-30.27648;2026-07-24
Тарелка;Санкт-Петербург, ул. Пестеля, 6;59.942705;30.343027;osm-59.94270-30.34303;2023-10-26
Чаша;Санкт-Петербург, 8-я линия В.О., 47/37;59.942708;30.276024;osm-59.94271-30.27602;2024-10-02
Троицкий мост;Санкт-Петербург, ул. Миллионная, 25;59.942741;30.321377;osm-59.94274-30.32138;2026-09-03
Конец прекрасной эпохи;Санкт-Петербург, ул. Короленко, 14;59.942741;30.350284;osm-59.94274-30.35028;2025-03-01
Burger Lab;Санкт-Петербург, ул. Пестеля, 27;59.942767;30.349483;osm-59.94277-30.34948;2024-07-18
Vox;Санкт-Петербург, Соляной пер., 16;59.942784;30.341815;osm-59.94278-30.34182;2026-05-09
Шаверма;Санкт-Петербург, Малый просп. В.О., 53;59.942787;30.258958;osm-59.94279-30.25896;2026-02-10
Serbish;Санкт-Петербург, ул. Пестеля, 10;59.942786;30.344701;osm-59.94279-30.34470;2024-11-16
Хлеб из тандыра;Санкт-Петербург, 8-я линия В.О., 47/37 литБ;59.942818;30.275890;osm-59.94282-30.27589;2024-10-02
Кафетерий;Санкт-Петербург, 6-я линия В.О., 29;59.942837;30.279251;osm-59.94284-30.27925;2024-09-18
Каштанка;Санкт-Петербург, Кадетская линия В.О., 5 к2 литД;59.942847;30.291958;osm-59.94285-30.29196;2026-07-09
Йори;Санкт-Петербург, 8-я линия В.О., 49;59.942872;30.275842;osm-59.94287-30.27584;2026-07-24
Maidel;Санкт-Петербург, ул. Миллионная, 16;59.942879;30.322502;osm-59.94288-30.32250;2026-06-21
Faces;Санкт-Петербург, 13-я линия В.О., 50;59.942904;30.268149;osm-59.94290-30.26815;2026-08-04
Береги голову;Санкт-Петербург, ул. Гагаринская, 25;59.942919;30.342962;osm-59.94292-30.34296;2026-02-14
Крымские чебуреки;Санкт-Петербург, 8-я линия В.О., 49;59.942978;30.275717;osm-59.94298-30.27572;2026-07-24
Smiley;Санкт-Петербург, ул. Восстания, 53;59.943019;30.360456;osm-59.94302-30.36046;2024-09-01
Институт;Санкт-Петербург, Кадетская линия В.О., 5 к2 литД;59.943031;30.290900;osm-59.94303-30.29090;2025-08-31
Par;Санкт-Петербург, ул. Восстания, 40;59.943027;30.360108;osm-59.94303-30.36011;2024-09-01
Linza Loft;Санкт-Петербург, Кадетская линия В.О., 5 к2 литД;59.943043;30.292218;osm-59.94304-30.29222;2023-12-06
Момо;Санкт-Петербург, ул. Кавалергардская, 4;59.943066;30.382368;osm-59.94307-30.38237;2026-09-12
Момо;Санкт-Петербург, ул. Кавалергардская, 4;59.943080;30.382346;osm-59.94308-30.38235;2026-06-18
Чудесный горшочек;Санкт-Петербург, 8-я линия В.О., 49;59.943111;30.275563;osm-59.94311-30.27556;2026-07-24
1001 ночь;Санкт-Петербург, ул. Миллионная, 21;59.943113;30.322219;osm-59.94311-30.32222;2026-06-21
Кабаре ШУМ;Санкт-Петербург, Манежный пер., 5;59.943132;30.355199;osm-59.94313-30.35520;2026-07-03
Контакт;Санкт-Петербург, Средний просп. В.О., 28/29;59.943137;30.279348;osm-59.94314-30.27935;2026-01-19
Заря 90х;Санкт-Петербург, Кадетская линия В.О., 5 к2 литД;59.943141;30.291017;osm-59.94314-30.29102;2023-10-05
Cake and Breakfast;Санкт-Петербург, Манежный пер., 1/4 литК;59.943152;30.353579;osm-59.94315-30.35358;2024-08-22
Биография;Санкт-Петербург, Кадетская линия В.О., 7/2;59.943242;30.288990;osm-59.94324-30.28899;2025-08-11
Город 812;Санкт-Петербург, Малый просп. В.О., 48 к2;59.943272;30.261907;osm-59.94327-30.26191;2026-09-22
Пивная карта;Санкт-Петербург, ул. Восстания, 55;59.943272;30.360958;osm-59.94327-30.36096;2025-09-16
Балканский гурман;Санкт-Петербург, 3-я линия В.О., 24;59.943347;30.284808;osm-59.94335-30.28481;2024-09-23
Straw Coffee;Санкт-Петербург, 1-я линия В.О., 32;59.943347;30.288151;osm-59.94335-30.28815;2025-08-12
Mr. Bo;Санкт-Петербург, Манежный пер., 2;59.943348;30.350581;osm-59.94335-30.35058;2024-08-22
Jitter;Санкт-Петербург, Манежный пер., 6;59.943361;30.354072;osm-59.94336-30.35407;2024-08-23
Babka;Санкт-Петербург, Малый просп. В.О., 48;59.943371;30.262205;osm-59.94337-30.26221;2026-09-22
ОгоХого;Санкт-Петербург, 1-я линия В.О., 32;59.943385;30.288120;osm-59.94338-30.28812;2025-08-12
Жиробас;Санкт-Петербург, ул. Гагаринская, 32;59.943389;30.343319;osm-59.94339-30.34332;2024-11-16
Кухня;Санкт-Петербург, ул. Таврическая, 15;59.943394;30.378440;osm-59.94339-30.37844;2026-05-17
Чайная на Миллионной;Санкт-Петербург, ул. Миллионная, 10;59.943449;30.323934;osm-59.94345-30.32393;2024-03-13
Квартира 17;Санкт-Петербург, 7-я линия В.О., 54В;59.943481;30.277356;osm-59.94348-30.27736;2026-06-10
Место встречи;Санкт-Петербург, Малый просп. В.О., 46;59.943500;30.262599;osm-59.94350-30.26260;2026-09-22
Хачапури и вино;Санкт-Петербург, ул. Маяковского, 56;59.943523;30.355217;osm-59.94352-30.35522;2024-08-23
Peche bistot;Санкт-Петербург, ул. Кирочная, 13;59.943590;30.355223;osm-59.94359-30.35522;2024-08-23
Легенда азии;Санкт-Петербург, Малый просп. В.О., 49;59.943595;30.261816;osm-59.94360-30.26182;2025-04-11
Шаверма;Санкт-Петербург, ул. Тульская, 8;59.943617;30.390258;osm-59.94362-30.39026;2025-05-01
181;Санкт-Петербург, 1-я линия В.О., 32;59.943628;30.287850;osm-59.94363-30.28785;2025-08-12
Рагу;Санкт-Петербург, Кадетская линия В.О., 9;59.943649;30.288617;osm-59.94365-30.28862;2025-08-11
Casa del Мясо;Санкт-Петербург, Биржевой пр., 6;59.943663;30.302418;osm-59.94366-30.30242;2026-05-15
Блинная Батенька;Санкт-Петербург, ул. Маяковского, 54-56;59.943679;30.355232;osm-59.94368-30.35523;2024-08-23
Merula винный двор;Санкт-Петербург, Мошков пер., 2;59.943689;30.321516;osm-59.94369-30.32152;2024-03-13
Пивной бутик 1516;Санкт-Петербург, 8-я линия В.О., 55;59.943698;30.274884;osm-59.94370-30.27488;2024-10-02
Парадная;Санкт-Петербург, ул. Кирочная, 7;59.943715;30.353602;osm-59.94371-30.35360;2024-08-23
У армян;Санкт-Петербург, Малый просп. В.О., 44;59.943739;30.263467;osm-59.94374-30.26347;2026-09-22
meal;Санкт-Петербург, Литейный просп., 17-19;59.943738;30.347634;osm-59.94374-30.34763;2024-11-27
Рагу;Санкт-Петербург, Кадетская линия В.О., 9;59.943802;30.288686;osm-59.94380-30.28869;2025-08-11
Пуд хлеба;Санкт-Петербург, ул. Маяковского, 54-56;59.943833;30.355244;osm-59.94383-30.35524;2026-07-03
Лоза;Санкт-Петербург, 6-я линия В.О., 33 литТ;59.943844;30.278105;osm-59.94384-30.27811;2024-09-21
The Noodist;Санкт-Петербург, ул. Кирочная, 9;59.943849;30.354011;osm-59.94385-30.35401;2024-08-23
Кофе и Коржик;Санкт-Петербург, ул. Кирочная, 5 литГ;59.943861;30.353614;osm-59.94386-30.35361;2026-07-03
Casper;Санкт-Петербург, ул. Кирочная, 5 литГ;59.943874;30.353331;osm-59.94387-30.35333;2024-10-27
Пури;Санкт-Петербург, Индустриальный просп., 17 к1;59.943893;30.479272;osm-59.94389-30.47927;2026-05-02
Birch;Санкт-Петербург, ул. Кирочная, 3;59.943904;30.350965;osm-59.94390-30.35096;2024-08-22
Дом офицеров;Санкт-Петербург, Литейный просп., 20;59.943919;30.349741;osm-59.94392-30.34974;2024-08-22
La Botanique;Санкт-Петербург, 11-я линия В.О., 50;59.943937;30.270288;osm-59.94394-30.27029;2026-04-14
Hanoi City;Санкт-Петербург, 1-я линия В.О., 36;59.943973;30.287428;osm-59.94397-30.28743;2025-08-12
Слой;Санкт-Петербург, ул. Потёмкинская, 13/48;59.943972;30.367174;osm-59.94397-30.36717;2026-09-09
Буфет;Санкт-Петербург, ул. Кавалергардская, 8;59.944013;30.382418;osm-59.94401-30.38242;2026-06-18
Трубочерия;Санкт-Петербург, 10-я линия В.О., 41;59.944055;30.271135;osm-59.94405-30.27114;2024-10-31
Du Nord 1834;Санкт-Петербург, ул. Кирочная, 26;59.944074;30.358758;osm-59.94407-30.35876;2025-08-14
Монтана;Санкт-Петербург, ул. Кирочная, 20;59.944094;30.356190;osm-59.94409-30.35619;2023-10-26
Хого;Санкт-Петербург, Малый просп. В.О., 38-40/73;59.944122;30.264794;osm-59.94412-30.26479;2025-03-05
Apotheke;Санкт-Петербург, ул. Кирочная, 12;59.944125;30.353759;osm-59.94412-30.35376;2024-03-30
Юань Вэй;Санкт-Петербург, ул. Беринга, 32 к3;59.944137;30.233422;osm-59.94414-30.23342;2025-02-26
Мулан;Санкт-Петербург, Малый просп. В.О., 38-40/73;59.944163;30.264926;osm-59.94416-30.26493;2025-03-05
Le colchide;Санкт-Петербург, ул. Кирочная, 2;59.944164;30.349507;osm-59.94416-30.34951;2024-03-04
Точка вкуса;Санкт-Петербург, 4-я линия В.О., 29/21;59.944196;30.281600;osm-59.94420-30.28160;2025-08-13
Coffee Break;Санкт-Петербург, Средний просп. В.О., 18Б;59.944255;30.283363;osm-59.94425-30.28336;2025-08-14
Труффальдино;Санкт-Петербург, 11-я линия В.О., 54;59.944262;30.270198;osm-59.94426-30.27020;2024-10-13
Сова;Санкт-Петербург, Смольный просп., 17 с1;59.944311;30.396672;osm-59.94431-30.39667;2026-07-01
Forget me not coffee;Санкт-Петербург, ул. Таврическая, 19;59.944348;30.378458;osm-59.94435-30.37846;2026-07-17
La Perla Nera;Санкт-Петербург, Смольный просп., 5;59.944358;30.392391;osm-59.94436-30.39239;2026-07-01
Nice NaNa;Санкт-Петербург, 5-я линия В.О., 44 литБ;59.944523;30.280039;osm-59.94452-30.28004;2025-10-09
Mr. Watson coffe;Санкт-Петербург, ул. Кавалергардская, 12;59.944538;30.382421;osm-59.94454-30.38242;2026-06-18
Столовая;Санкт-Петербург, 3-я линия В.О., 34/15;59.944596;30.283013;osm-59.94460-30.28301;2025-08-13
Шаверма express;Санкт-Петербург, Индустриальный просп., 19А;59.944604;30.479876;osm-59.94460-30.47988;2025-12-05
Sinbad;Санкт-Петербург, 2-я линия В.О., 39/16;59.944636;30.284419;osm-59.94464-30.28442;2026-08-04
Книги и кофе;Санкт-Петербург, ул. Гагаринская, 20;59.944653;30.343093;osm-59.94465-30.34309;2026-06-18
Добрый Грузин;Санкт-Петербург, ул. Ярославская, 4;59.944684;30.389777;osm-59.94468-30.38978;2026-06-18
Sinbad;Санкт-Петербург, 2-я линия В.О., 39/16;59.944689;30.284449;osm-59.94469-30.28445;2026-08-04
Малатан;Санкт-Петербург, Средний просп. В.О., 14/45;59.944737;30.285298;osm-59.94474-30.28530;2024-04-26
Gaijin;Санкт-Петербург, 2-я линия В.О., 39/16;59.944771;30.284869;osm-59.94477-30.28487;2026-06-20
Gaijin;Санкт-Петербург, 2-я линия В.О., 39/16;59.944799;30.284827;osm-59.94480-30.28483;2026-06-20
Potato Project;Санкт-Петербург, 1-я линия В.О., 44;59.944813;30.286440;osm-59.94481-30.28644;2026-05-15
Family Friends;Санкт-Петербург, 9-я линия В.О., 54;59.944831;30.272934;osm-59.94483-30.27293;2025-08-15
Коржик;Санкт-Петербург, просп. Наставников, 19;59.944847;30.492439;osm-59.94485-30.49244;2026-01-30
7 специй;Санкт-Петербург, 2-я линия В.О., 41/13;59.944894;30.283929;osm-59.94489-30.28393;2025-08-13
Gaslight;Санкт-Петербург, Биржевой пер., 4;59.944894;30.292588;osm-59.94489-30.29259;2024-03-11
Villaggio;Санкт-Петербург, Тучков пер., 12;59.944930;30.288716;osm-59.94493-30.28872;2025-08-31
Жуйси;Санкт-Петербург, ул. Фурштатская, 37;59.944940;30.364524;osm-59.94494-30.36452;2024-03-06
In Georgia;Санкт-Петербург, ул. Фурштатская, 35;59.944962;30.363233;osm-59.94496-30.36323;2026-09-09
Восток;Санкт-Петербург, ул. Фурштатская, 37 литВ;59.944956;30.363615;osm-59.94496-30.36361;2026-09-09
Пельмения;Санкт-Петербург, Средний просп. В.О., 9;59.945002;30.284369;osm-59.94500-30.28437;2026-06-20
Дворец Олимпия;Санкт-Петербург, Литейный просп., 14;59.945004;30.348993;osm-59.94500-30.34899;2023-10-26
Хао Чу;Санкт-Петербург, 11-я линия В.О., 60;59.945047;30.269292;osm-59.94505-30.26929;2026-04-14
Чайхона;Санкт-Петербург, 16-я линия В.О., 83;59.945064;30.259742;osm-59.94506-30.25974;2026-09-22
Кореана лайт;Санкт-Петербург, Средний просп. В.О., 9;59.945071;30.284608;osm-59.94507-30.28461;2026-06-20
Шашлычный магазин №1;Санкт-Петербург, 2-я линия В.О., 41/13;59.945099;30.283416;osm-59.94510-30.28342;2024-04-26
La_degusteria;Санкт-Петербург, ул. Гагаринская, 16;59.945110;30.343007;osm-59.94511-30.34301;2026-06-18
Накатика;Санкт-Петербург, Тучков пер., 16;59.945209;30.288401;osm-59.94521-30.28840;2025-08-31
Кофейная Роща;Санкт-Петербург, ул. Гагаринская, 19;59.945262;30.342626;osm-59.94526-30.34263;2025-11-16
Гуи;Санкт-Петербург, Малый просп. В.О., 33;59.945293;30.267678;osm-59.94529-30.26768;2026-09-22
Заводные яйца;Санкт-Петербург, ул. Фурштатская, 48;59.945301;30.363302;osm-59.94530-30.36330;2024-03-06
Rimini;Санкт-Петербург, ул. Фурштатская, 46 литБ;59.945306;30.362812;osm-59.94531-30.36281;2023-10-26
Кобулети;Санкт-Петербург, Малый просп. В.О., 33;59.945356;30.267936;osm-59.94536-30.26794;2026-09-22
Тесто место;Санкт-Петербург, ул. Фурштатская, 32;59.945362;30.357286;osm-59.94536-30.35729;2025-12-20
Чебуречная;Санкт-Петербург, 16-я линия В.О., 1312;59.945391;30.259148;osm-59.94539-30.25915;2024-10-22
Кофе & вафли;Санкт-Петербург, 1-я линия В.О., 46;59.945394;30.285738;osm-59.94539-30.28574;2026-05-15
Усахело;Санкт-Петербург, ул. Фурштатская, 22;59.945387;30.355365;osm-59.94539-30.35536;2025-12-20
Горка;Санкт-Петербург, ул. Кирочная, 50 лит Е;59.945410;30.369600;osm-59.94541-30.36960;2024-06-22
Горка;Санкт-Петербург, ул. Кирочная, 50 лит Е;59.945465;30.369583;osm-59.94546-30.36958;2024-06-22
Пельмешъ;Санкт-Петербург, 17-я линия В.О., 64;59.945492;30.258397;osm-59.94549-30.25840;2026-08-04
Портовый трактиръ;Санкт-Петербург, 1-я линия В.О., 46;59.945516;30.285687;osm-59.94552-30.28569;2025-08-12
Шеннон;Санкт-Петербург, 5-я линия В.О., 52 к2;59.945560;30.278551;osm-59.94556-30.27855;2025-10-09
Шеннон;Санкт-Петербург, 5-я линия В.О., 52 к2;59.945594;30.278497;osm-59.94559-30.27850;2025-10-09
Угли;Санкт-Петербург, просп. Наставников, 24;59.945614;30.489041;osm-59.94561-30.48904;2026-05-31
Встреча;Санкт-Петербург, просп. Наставников, 24;59.945624;30.488736;osm-59.94562-30.48874;2024-02-27
Шаверма;Санкт-Петербург, просп. Косыгина, 30;59.945649;30.496817;osm-59.94565-30.49682;2025-12-17
C_tea;Санкт-Петербург, ул. Наличная, 45 к1;59.945655;30.231400;osm-59.94566-30.23140;2024-08-25
Мари и Кофе;Санкт-Петербург, ул. Гагаринская, 15;59.945705;30.342526;osm-59.94570-30.34253;2026-08-30
Asiatiq;Санкт-Петербург, Кадетская линия В.О., 27/5;59.945725;30.286842;osm-59.94573-30.28684;2024-09-19
Есть местечко;Санкт-Петербург, ул. Фурштатская, 14;59.945746;30.352383;osm-59.94575-30.35238;2026-04-15
PROВкус;Санкт-Петербург, Большеохтинский просп., 1 к2;59.945745;30.410188;osm-59.94575-30.41019;2026-06-19
Ми Фан;Санкт-Петербург, ул. Беринга, 27 к1;59.945836;30.236798;osm-59.94584-30.23680;2025-05-24
Il Milanese;Санкт-Петербург, Литейный просп., 7;59.945838;30.348403;osm-59.94584-30.34840;2026-06-28
Столовая;Санкт-Петербург, 6-я линия В.О., 45 литВ;59.945857;30.275772;osm-59.94586-30.27577;2026-09-22
М-29;Санкт-Петербург, Малый просп. В.О., 29;59.945880;30.269820;osm-59.94588-30.26982;2023-10-05
Русские блины;Санкт-Петербург, ул. Гагаринская, 13;59.945892;30.342503;osm-59.94589-30.34250;2026-08-30
Грузинский домик;Санкт-Петербург, 6-я линия В.О., 45 литВ;59.945939;30.275631;osm-59.94594-30.27563;2024-09-21
Центральный;Санкт-Петербург, Суворовский просп., 62;59.945947;30.389009;osm-59.94595-30.38901;2024-04-03
Грузинский домик;Санкт-Петербург, 6-я линия В.О., 45 литВ;59.945961;30.275666;osm-59.94596-30.27567;2024-09-21
Тбилисити;Санкт-Петербург, Литейный просп., 10;59.945973;30.349036;osm-59.94597-30.34904;2025-11-16
Чайхана Ханум;Санкт-Петербург, Средний просп. В.О., 4 литГ;59.946082;30.288067;osm-59.94608-30.28807;2026-01-26
Бутерbrodsky;Санкт-Петербург, наб. Макарова, 16;59.946105;30.290283;osm-59.94611-30.29028;2026-06-20
Тэян;Санкт-Петербург, 3-я линия В.О., 46;59.946191;30.281498;osm-59.94619-30.28150;2023-11-09
КофеВарим;Санкт-Петербург, ул. Потёмкинская, 7;59.946206;30.367351;osm-59.94621-30.36735;2025-10-23
Бурлящий котёл;Санкт-Петербург, ул. Гагаринская, 12;59.946240;30.342811;osm-59.94624-30.34281;2024-11-16
Le Cotleté;Санкт-Петербург, ул. Чайковского, 63;59.946272;30.361370;osm-59.94627-30.36137;2026-05-31
Сидрерия Северные сады.;Санкт-Петербург, ул. Чайковского, 63;59.946304;30.361231;osm-59.94630-30.36123;2026-09-23
Frida;Санкт-Петербург, просп. Чернышевского, 11/57;59.946310;30.358374;osm-59.94631-30.35837;2024-03-06
Бригантина;Санкт-Петербург, ул. Чайковского, 47;59.946339;30.355829;osm-59.94634-30.35583;2024-07-18
Барбарис;Санкт-Петербург, ул. Чайковского, 33-37;59.946354;30.353699;osm-59.94635-30.35370;2024-06-25
Metamorfos;Санкт-Петербург, Литейный просп., 5/19;59.946405;30.348420;osm-59.94640-30.34842;2026-06-21
Холст;Санкт-Петербург, ул. Чайковского, 23;59.946407;30.349576;osm-59.94641-30.34958;2024-06-17
Вкусные суши;Санкт-Петербург, 6-я линия В.О., 47;59.946433;30.275132;osm-59.94643-30.27513;2024-09-21
Арт-кафе;Санкт-Петербург, ул. Чайковского, 3;59.946449;30.341366;osm-59.94645-30.34137;2024-03-26
Madame Vy;Санкт-Петербург, Малый просп. В.О., 21;59.946516;30.272083;osm-59.94652-30.27208;2025-08-15
Mouse Tail;Санкт-Петербург, Литейный просп., 5/19;59.946518;30.348364;osm-59.94652-30.34836;2026-06-21
CoffeeVarka;Санкт-Петербург, просп. Чернышевского, 12;59.946541;30.358897;osm-59.94654-30.35890;2025-11-16
Roma Antica;Санкт-Петербург, ул. Чайковского, 58;59.946542;30.365373;osm-59.94654-30.36537;2025-03-18
Am Saint;Санкт-Петербург, ул. Чайковского, 56;59.946545;30.365202;osm-59.94655-30.36520;2025-03-18
Хлое;Санкт-Петербург, ул. Чайковского, 50;59.946567;30.362965;osm-59.94657-30.36296;2025-03-18
Колобок;Санкт-Петербург, просп. Чернышевского, 12;59.946609;30.359636;osm-59.94661-30.35964;2026-03-21
Хачапури & вино;Санкт-Петербург, Кадетская линия В.О., 29;59.946619;30.285055;osm-59.94662-30.28505;2025-08-11
Mill;Санкт-Петербург, ул. Чайковского, 36;59.946641;30.357324;osm-59.94664-30.35732;2026-08-02
Zelenoe Bistro;Санкт-Петербург, ул. Чайковского, 38;59.946638;30.357834;osm-59.94664-30.35783;2025-03-21
3/4;Санкт-Петербург, ул. Чайковского, 34;59.946650;30.356697;osm-59.94665-30.35670;2026-06-17
In Georgia;Санкт-Петербург, ул. Чайковского, 24;59.946684;30.353583;osm-59.94668-30.35358;2025-03-21
City Rest GO;Санкт-Петербург, просп. Чернышевского, 9;59.946732;30.359025;osm-59.94673-30.35902;2025-03-21
Гаражсарай;Санкт-Петербург, 10-11-я линии В.О., 57;59.946752;30.268304;osm-59.94675-30.26830;2025-01-29
Столовая №37;Санкт-Петербург, ул. Чайковского, 12;59.946754;30.345978;osm-59.94675-30.34598;2026-06-12
Чайка;Санкт-Петербург, ул. Чайковского, 4;59.946762;30.343573;osm-59.94676-30.34357;2025-11-17
ДВ;Санкт-Петербург, ул. Тверская, 1;59.946758;30.379531;osm-59.94676-30.37953;2024-11-17
Bretzel;Санкт-Петербург, ул. Чайковского, 4 литЗ;59.946770;30.342949;osm-59.94677-30.34295;2025-11-17
Custom Lab;Санкт-Петербург, 10-11-я линии В.О., 57;59.946807;30.267837;osm-59.94681-30.26784;2023-10-05
52;Санкт-Петербург, 1-я линия В.О., 54;59.946822;30.284115;osm-59.94682-30.28411;2025-08-12
M17;Санкт-Петербург, 7-я линия В.О., 72;59.946872;30.273315;osm-59.94687-30.27332;2024-09-22
Bros Burritos;Санкт-Петербург, Кадетская линия В.О., 29;59.946968;30.284650;osm-59.94697-30.28465;2025-08-11
Кебаб;Санкт-Петербург, 7-я линия В.О., 72;59.946975;30.273645;osm-59.94698-30.27364;2026-05-19
Ле монитёр;Санкт-Петербург, 1-я линия В.О., 54;59.947013;30.284602;osm-59.94701-30.28460;2025-08-11
D'oro;Санкт-Петербург, 2-я линия В.О., 49;59.947055;30.281100;osm-59.94705-30.28110;2024-04-26
Шаляпин;Санкт-Петербург, ул. Тверская, 12/15;59.947046;30.383204;osm-59.94705-30.38320;2023-10-12
Lapsha;Санкт-Петербург, 1-я линия В.О., 54;59.947094;30.284503;osm-59.94709-30.28450;2025-08-11
Советская рюмочная;Санкт-Петербург, 6-7-я линии В.О., 72;59.947109;30.273666;osm-59.94711-30.27367;2026-05-28
Пельмешъ;Санкт-Петербург, наб. реки Смоленки, 33;59.947138;30.255165;osm-59.94714-30.25517;2026-01-28
La Mia Firenze;Санкт-Петербург, просп. Чернышевского, 9;59.947140;30.359046;osm-59.94714-30.35905;2025-03-21
Pub 357;Санкт-Петербург, наб. Макарова, 22;59.947275;30.285295;osm-59.94727-30.28530;2025-03-23
Кебаб;Санкт-Петербург, просп. Энтузиастов, 40;59.947322;30.474525;osm-59.94732-30.47452;2024-06-16
Бленд кофе;Санкт-Петербург, наб. Макарова, 22;59.947357;30.284239;osm-59.94736-30.28424;2025-08-11
Thayway food;Санкт-Петербург, 9-я линия В.О., 72;59.947377;30.270005;osm-59.94738-30.27001;2025-01-23
Брюгге;Санкт-Петербург, наб. Макарова, 22;59.947393;30.284827;osm-59.94739-30.28483;2025-03-23
Особняк Нейдгарта;Санкт-Петербург, ул. Захарьевская, 29;59.947563;30.361186;osm-59.94756-30.36119;2025-03-18
Liman;Санкт-Петербург, ул. Захарьевская, 27;59.947572;30.360356;osm-59.94757-30.36036;2025-03-18
Тайм-кафе Mañana / Маньяна;Санкт-Петербург, ул. Захарьевская, 11;59.947603;30.352743;osm-59.94760-30.35274;2025-03-21
Нур;Санкт-Петербург, просп. Наставников, 27;59.947596;30.490616;osm-59.94760-30.49062;2025-11-04
Sherlock;Санкт-Петербург, ул. Захарьевская, 11;59.947642;30.353393;osm-59.94764-30.35339;2025-03-21
Бар культуры и отдыха;Санкт-Петербург, 1-я линия В.О., 60;59.947842;30.282954;osm-59.94784-30.28295;2025-10-09
Brükva;Санкт-Петербург, 7-я линия В.О., 76;59.947851;30.272787;osm-59.94785-30.27279;2026-05-19
Нканак;Санкт-Петербург, наб. реки Смоленки, 29;59.947903;30.252949;osm-59.94790-30.25295;2024-10-22
Меркурий;Санкт-Петербург, ул. Таврическая, 39 литБ;59.947907;30.378514;osm-59.94791-30.37851;2025-12-12
Riverside;Санкт-Петербург, ул. Одоевского, 34;59.947961;30.233251;osm-59.94796-30.23325;2024-08-03
Zorya;Санкт-Петербург, Малый просп. В.О., 9;59.947960;30.277054;osm-59.94796-30.27705;2025-08-15
Бирвайн;Санкт-Петербург, ул. Одоевского, 34;59.948012;30.233048;osm-59.94801-30.23305;2025-12-05
Grill and Snacks;Санкт-Петербург, Малый просп. В.О., 7;59.948068;30.277421;osm-59.94807-30.27742;2025-08-15
Кебаб;Санкт-Петербург, просп. Энтузиастов, 33 к1;59.948171;30.479776;osm-59.94817-30.47978;2024-05-06
Sapori d'Italia;Санкт-Петербург, Мытнинская наб., 7/5;59.948353;30.304202;osm-59.94835-30.30420;2024-01-15
Жен-жен;Санкт-Петербург, Малый просп. В.О., 5;59.948360;30.278427;osm-59.94836-30.27843;2024-09-22
Миндаль;Санкт-Петербург, ул. Захарьевская, 14 литГ;59.948379;30.359096;osm-59.94838-30.35910;2024-10-20
Восход;Санкт-Петербург, 2-я линия В.О., 59/2;59.948408;30.279778;osm-59.94841-30.27978;2025-10-09
Es`Pressa;Санкт-Петербург, ул. Одоевского, 33;59.948491;30.232588;osm-59.94849-30.23259;2024-08-17
Каfема;Санкт-Петербург, просп. Чернышевского, 3 литБ;59.948543;30.359106;osm-59.94854-30.35911;2024-10-20
Оранжерея Таврического сада;Санкт-Петербург, ул. Потёмкинская, 2 литГ;59.948573;30.368532;osm-59.94857-30.36853;2024-04-13
J.F.C. Jazz Club;Санкт-Петербург, ул. Шпалерная, 33 литБ;59.948637;30.356160;osm-59.94864-30.35616;2024-10-20
Мари Vаnnа;Санкт-Петербург, Мытнинская наб., 3;59.948650;30.306179;osm-59.94865-30.30618;2026-10-01
G-drive;Санкт-Петербург, Мытнинская наб., 5;59.948797;30.305105;osm-59.94880-30.30511;2025-08-23
Feromon;Санкт-Петербург, Мытнинская наб., 3;59.948801;30.306432;osm-59.94880-30.30643;2026-10-01
Hist;Санкт-Петербург, ул. Уральская, 1А;59.949174;30.268443;osm-59.94917-30.26844;2026-07-24
Giusto;Санкт-Петербург, просп. Добролюбова, 8;59.949193;30.303056;osm-59.94919-30.30306;2024-08-26
Ласточка;Санкт-Петербург, просп. Добролюбова, 8;59.949229;30.303692;osm-59.94923-30.30369;2026-05-19
Тут и Там;Санкт-Петербург, ул. Уральская, 2;59.949278;30.267216;osm-59.94928-30.26722;2026-08-04
Столовая Водоканала;Санкт-Петербург, ул. Шпалерная, 56 литР;59.949332;30.374532;osm-59.94933-30.37453;2023-12-04
Зевс;Санкт-Петербург, ул. Шпалерная, 28 литВ;59.949436;30.353325;osm-59.94944-30.35333;2024-03-06
Зевс;Санкт-Петербург, ул. Шпалерная, 28 литВ;59.949501;30.352946;osm-59.94950-30.35295;2024-03-06
Харвест;Санкт-Петербург, просп. Добролюбова, 11;59.949523;30.301565;osm-59.94952-30.30157;2025-08-21
Kapital;Санкт-Петербург, просп. Добролюбова, 11;59.949528;30.301496;osm-59.94953-30.30150;2025-08-21
Gастро;Санкт-Петербург, просп. Добролюбова, 3;59.949583;30.305634;osm-59.94958-30.30563;2026-05-19
Grand Шаверма;Санкт-Петербург, просп. Ударников, 19 к1;59.949603;30.466720;osm-59.94960-30.46672;2026-08-09
Кур Крыло;Санкт-Петербург, просп. КИМа, 4;59.949693;30.245232;osm-59.94969-30.24523;2024-10-22
The Cube;Санкт-Петербург, Кронверкский просп., 79/1;59.949706;30.306495;osm-59.94971-30.30650;2026-05-19
Уральский мост;Санкт-Петербург, ул. Уральская, 4 литБ;59.949729;30.266860;osm-59.94973-30.26686;2026-08-04
Le Menu;Санкт-Петербург, просп. Добролюбова, 1/79;59.949897;30.306386;osm-59.94990-30.30639;2026-05-19
Atom Heart Coffee;Санкт-Петербург, просп. Добролюбова, 5/1;59.949986;30.303409;osm-59.94999-30.30341;2026-05-19
Пивная № 1;Санкт-Петербург, Индустриальный просп., 29;59.950072;30.474159;osm-59.95007-30.47416;2025-11-16
Доумаомао;Санкт-Петербург, наб. реки Смоленки, 3 к2;59.950373;30.261248;osm-59.95037-30.26125;2026-08-31
Choco Lab;Санкт-Петербург, просп. КИМа, 6 литБ;59.950403;30.246593;osm-59.95040-30.24659;2026-03-24
Имерули;Санкт-Петербург, просп. Добролюбова, 25;59.950480;30.297416;osm-59.95048-30.29742;2025-08-21
Круч;Санкт-Петербург, ул. Блохина, 4;59.950625;30.304146;osm-59.95063-30.30415;2025-10-08
Белый рябчик;Санкт-Петербург, ул. Блохина, 6/3;59.950676;30.303587;osm-59.95068-30.30359;2026-08-02
Breaking Bad;Санкт-Петербург, ул. Яблочкова, 2/10;59.950823;30.302800;osm-59.95082-30.30280;2026-05-19
Империя вкуса;Санкт-Петербург, Индустриальный просп., 31;59.951069;30.472801;osm-59.95107-30.47280;2025-09-30
Oversize Pizza Club;Санкт-Петербург, Кронверкский просп., 73/39;59.951128;30.305724;osm-59.95113-30.30572;2026-05-19
Привет;Санкт-Петербург, Индустриальный просп., 31;59.951204;30.472998;osm-59.95120-30.47300;2026-08-09
Петербургские пышки;Санкт-Петербург, Индустриальный просп., 31;59.951216;30.473229;osm-59.95122-30.47323;2026-08-09
Кронверк;Санкт-Петербург, ул. Блохина, 7;59.951378;30.302796;osm-59.95138-30.30280;2025-10-08
Рюмочная;Санкт-Петербург, ул. Наличная, 42;59.951404;30.232141;osm-59.95140-30.23214;2025-01-23
Finnegan's Wake;Санкт-Петербург, пер. Талалихина, 5/15;59.951426;30.297292;osm-59.95143-30.29729;2025-10-08
Туркебаб;Санкт-Петербург, ул. Уральская, 4 литВ;59.951477;30.259471;osm-59.95148-30.25947;2026-08-31
Leopold;Санкт-Петербург, ул. Кораблестроителей, 30;59.951680;30.215184;osm-59.95168-30.21518;2025-12-30
В объятиях;Санкт-Петербург, Кронверкский просп., 71/46;59.952023;30.305510;osm-59.95202-30.30551;2026-04-11
Контора;Санкт-Петербург, ул. Орловская, 1;59.952110;30.390211;osm-59.95211-30.39021;2024-03-11
Филокофия;Санкт-Петербург, ул. Железноводская, 12 литБ;59.952253;30.257763;osm-59.95225-30.25776;2023-10-25
Philocoffia;Санкт-Петербург, ул. Железноводская, 12 литБ;59.952263;30.257687;osm-59.95226-30.25769;2023-10-20
Ôpetit;Санкт-Петербург, ул. Блохина, 23;59.952285;30.297308;osm-59.95229-30.29731;2026-04-05
Ели-Пили;Санкт-Петербург, просп. Ударников, 29 к1;59.952449;30.477535;osm-59.95245-30.47753;2024-07-16
Cakeshop;Санкт-Петербург, ул. Блохина, 27 литА;59.952465;30.294668;osm-59.95246-30.29467;2026-05-19
Тили-тесто;Санкт-Петербург, ул. Блохина, 33;59.953005;30.291588;osm-59.95300-30.29159;2025-08-11
Стекло;Санкт-Петербург, ул. Кораблестроителей, 32 к1;59.953063;30.216363;osm-59.95306-30.21636;2023-10-05
Vaffel & Wine;Санкт-Петербург, ул. Блохина, 33;59.953085;30.291707;osm-59.95309-30.29171;2025-08-11
На Парах;Санкт-Петербург, ул. Зверинская, 1/3;59.953327;30.292102;osm-59.95333-30.29210;2025-08-11
Коммунальная страна;Санкт-Петербург, Татарский пер., 1;59.953341;30.306026;osm-59.95334-30.30603;2026-05-19
Петербургский буфет;Санкт-Петербург, Троицкая пл. П.С., 3;59.953370;30.327318;osm-59.95337-30.32732;2025-08-21
Панорамика;Санкт-Петербург, Малый просп. П.С., 2/5;59.953408;30.288799;osm-59.95341-30.28880;2023-10-29
I Believe bar;Санкт-Петербург, ул. Зверинская, 2/5;59.953481;30.293366;osm-59.95348-30.29337;2024-11-08
На вина!;Санкт-Петербург, Кронверкский просп., 65;59.953495;30.306129;osm-59.95349-30.30613;2026-05-19
Точно сочно;Санкт-Петербург, ул. Большая Пороховская, 16/27;59.953643;30.415390;osm-59.95364-30.41539;2024-04-27
Институт;Санкт-Петербург, ул. Съезжинская, 37;59.953867;30.306417;osm-59.95387-30.30642;2026-05-19
Чикетти;Санкт-Петербург, ул. Съезжинская, 37;59.953949;30.305948;osm-59.95395-30.30595;2024-02-07
Roppongi;Санкт-Петербург, Петровская наб., 4;59.953955;30.331267;osm-59.95396-30.33127;2024-09-16
Nil's deli;Санкт-Петербург, ул. Съезжинская, 4;59.954233;30.295219;osm-59.95423-30.29522;2026-08-24
Шаверма кинг;Санкт-Петербург, Большой просп. П.С., 12 литБ;59.954297;30.292910;osm-59.95430-30.29291;2025-08-12
Kinza;Санкт-Петербург, ул. Комсомола, 10;59.954345;30.361245;osm-59.95435-30.36125;2026-04-29
Буфетик;Санкт-Петербург, Среднеохтинский просп., 36;59.954355;30.414423;osm-59.95435-30.41442;2026-05-13
1-я рюмочная;Санкт-Петербург, ул. Комсомола, 16;59.954390;30.357132;osm-59.95439-30.35713;2026-04-29
Grebeshki;Санкт-Петербург, Арсенальная наб., 1;59.954420;30.371744;osm-59.95442-30.37174;2023-10-05
Больше Кофе;Санкт-Петербург, Александровский парк, 3Г;59.954505;30.320509;osm-59.95450-30.32051;2026-06-20
Место;Санкт-Петербург, Кронверкский просп., 59;59.954514;30.307050;osm-59.95451-30.30705;2026-05-19
Ной;Санкт-Петербург, ул. Кораблестроителей, 31 к6 литА;59.954571;30.219748;osm-59.95457-30.21975;2024-09-03
Юдзу;Санкт-Петербург, ул. Куйбышева, 8;59.954623;30.326251;osm-59.95462-30.32625;2026-08-24
Баловни судьбы;Санкт-Петербург, ул. Большая Пушкарская, 6;59.954693;30.296014;osm-59.95469-30.29601;2025-09-21
Раковая;Санкт-Петербург, Малый просп. П.С., 16;59.954718;30.290644;osm-59.95472-30.29064;2026-04-11
Plague Arena;Санкт-Петербург, ул. Комсомола, 2 литА;59.954760;30.372460;osm-59.95476-30.37246;2025-06-19
Feel good;Санкт-Петербург, ул. Лизы Чайкиной, 24;59.954804;30.305166;osm-59.95480-30.30517;2024-04-15
Любимый;Санкт-Петербург, Индустриальный просп., 40/1;59.954927;30.465246;osm-59.95493-30.46525;2023-10-28
Глав Пиво;Санкт-Петербург, просп. Наставников, 45 к1 литБ;59.954934;30.482741;osm-59.95493-30.48274;2025-03-28
Вкусные штучки;Санкт-Петербург, ул. Красного Курсанта, 3;59.954953;30.293326;osm-59.95495-30.29333;2024-04-30
Игрик;Санкт-Петербург, ул. Пионерская, 2;59.954966;30.296570;osm-59.95497-30.29657;2025-10-09
Mamma Mia;Санкт-Петербург, ул. Комсомола, 13;59.955094;30.366899;osm-59.95509-30.36690;2026-08-04
Soulmate;Санкт-Петербург, ул. Куйбышева, 9/8;59.955121;30.328114;osm-59.95512-30.32811;2026-09-08
Хочу кебаб;Санкт-Петербург, ул. Комсомола, 13;59.955161;30.367504;osm-59.95516-30.36750;2026-08-04
Piano bar 8 1/2;Санкт-Петербург, ул. Пионерская, 1;59.955187;30.296665;osm-59.95519-30.29667;2026-09-01
BeerHere;Санкт-Петербург, ул. Большая Пушкарская, 5;59.955211;30.298129;osm-59.95521-30.29813;2025-03-05
Mozzarella Bar;Санкт-Петербург, Большой просп. П.С., 13/4;59.955245;30.295919;osm-59.95524-30.29592;2025-10-09
Пельмения;Санкт-Петербург, Кронверкский просп., 55;59.955277;30.307945;osm-59.95528-30.30795;2026-04-11
Спецбуфет №1;Санкт-Петербург, Кронверкский просп., 55;59.955320;30.308001;osm-59.95532-30.30800;2026-05-19
Coffee Racer;Санкт-Петербург, ул. Введенская, 22;59.955333;30.307025;osm-59.95533-30.30702;2024-09-17
Шашлычная 812;Санкт-Петербург, Большой просп. П.С., 18;59.955361;30.294823;osm-59.95536-30.29482;2026-08-30
Veli Cafe;Санкт-Петербург, ул. Пионерская, 3/15;59.955419;30.296153;osm-59.95542-30.29615;2024-10-16
#Лаваш;Санкт-Петербург, просп. Ударников, 47;59.955458;30.489208;osm-59.95546-30.48921;2026-02-25
Десятка;Санкт-Петербург, ул. Пионерская, 3/15 литБ;59.955505;30.296497;osm-59.95551-30.29650;2024-04-18
Philter;Санкт-Петербург, ул. Мичуринская, 9/11 литА;59.955512;30.329095;osm-59.95551-30.32909;2024-03-27
Кебаб №1;Санкт-Петербург, просп. Ударников, 47;59.955527;30.489452;osm-59.95553-30.48945;2026-02-25
Демьянова уха;Санкт-Петербург, Кронверкский просп., 53;59.955547;30.308107;osm-59.95555-30.30811;2025-09-25
Beer & Cakes;Санкт-Петербург, ул. Краснодонская, 4;59.955719;30.413367;osm-59.95572-30.41337;2026-08-27
Шаверма;Санкт-Петербург, ул. Кораблестроителей, 48 к2 литБ;59.955742;30.235045;osm-59.95574-30.23504;2023-12-04
Отменная пельменная;Санкт-Петербург, ул. Маркина, 6;59.955755;30.307402;osm-59.95576-30.30740;2024-10-25
Pionero;Санкт-Петербург, ул. Пионерская, 5;59.955773;30.295476;osm-59.95577-30.29548;2025-08-12
Saigon;Санкт-Петербург, Александровский парк, 4;59.955777;30.314809;osm-59.95578-30.31481;2026-06-29
Mart;Санкт-Петербург, наб. Макарова, 32;59.955813;30.298547;osm-59.95581-30.29855;2026-09-20
ParkKing;Санкт-Петербург, Александровский парк, 4;59.955851;30.315427;osm-59.95585-30.31543;2024-02-07
ParkKing;Санкт-Петербург, Александровский парк, 4;59.955867;30.315546;osm-59.95587-30.31555;2024-02-07
Варочная;Санкт-Петербург, ул. Комсомола, 35;59.955897;30.357120;osm-59.95590-30.35712;2025-12-10
Аль-Халяль № 1;Санкт-Петербург, Конный пер., 1;59.955905;30.324272;osm-59.95591-30.32427;2026-04-23
Ясли;Санкт-Петербург, ул. Маркина, 1;59.956012;30.307093;osm-59.95601-30.30709;2024-10-25
Leo Pride;Санкт-Петербург, Большой просп. П.С., 23/1;59.956215;30.297456;osm-59.95622-30.29746;2024-10-25
Кручу верчу;Санкт-Петербург, ул. Уральская, 25;59.956240;30.248366;osm-59.95624-30.24837;2026-09-10
Swan;Санкт-Петербург, ул. Лизы Чайкиной, 4/12;59.956304;30.298416;osm-59.95630-30.29842;2024-10-25
Мари;Санкт-Петербург, ул. Академика Лебедева, 11-13;59.956345;30.351825;osm-59.95634-30.35183;2024-03-27
Я люблю хинкали;Санкт-Петербург, ул. Кораблестроителей, 40 к1А;59.956399;30.224133;osm-59.95640-30.22413;2026-05-02
Ам!;Санкт-Петербург, Кронверкский просп., 23;59.956567;30.319296;osm-59.95657-30.31930;2026-08-23
Tower Pub;Санкт-Петербург, ул. Куйбышева, 21;59.956599;30.331335;osm-59.95660-30.33133;2025-01-30
На грудь;Санкт-Петербург, Финский пер., 7;59.956598;30.353903;osm-59.95660-30.35390;2024-05-15
Кебаб;Санкт-Петербург, ул. Комсомола, 35 литЖ;59.956642;30.358188;osm-59.95664-30.35819;2026-01-03
The pub;Санкт-Петербург, ул. Пионерская, 11;59.956724;30.293086;osm-59.95672-30.29309;2024-09-25
Теремок-кондитерская;Санкт-Петербург, Кронверкский просп., 47;59.956764;30.311349;osm-59.95676-30.31135;2026-05-19
Пельменная №1;Санкт-Петербург, Финский пер., 6;59.956772;30.354253;osm-59.95677-30.35425;2024-03-27
Беринг;Санкт-Петербург, Пироговская наб., 5/2;59.956814;30.341632;osm-59.95681-30.34163;2025-05-21
Шаурма Саму;Санкт-Петербург, Кронверкский просп., 45;59.956826;30.312216;osm-59.95683-30.31222;2026-09-18
Кофейня №1;Санкт-Петербург, Кронверкский просп., 23;59.956832;30.318744;osm-59.95683-30.31874;2026-05-19
Mamma Mia;Санкт-Петербург, ул. Академика Лебедева, 15/1;59.956850;30.352278;osm-59.95685-30.35228;2024-03-27
Мангал & тандыр;Санкт-Петербург, Сытнинская пл., 4;59.956871;30.310377;osm-59.95687-30.31038;2025-09-21
Double Bubble Tea;Санкт-Петербург, Кронверкский просп., 45;59.956871;30.312484;osm-59.95687-30.31248;2026-09-18
Моцарт;Санкт-Петербург, Кронверкский просп., 23;59.956877;30.318308;osm-59.95688-30.31831;2026-09-22
Cocos Collection;Санкт-Петербург, ул. Ремесленная, 21;59.956894;30.271775;osm-59.95689-30.27178;2024-05-01
Pita's;Санкт-Петербург, Кронверкский просп., 23;59.956892;30.318194;osm-59.95689-30.31819;2026-09-22
Зелёные люди;Санкт-Петербург, Кронверкский просп., 45;59.956911;30.312696;osm-59.95691-30.31270;2026-09-18
Pa Pa Power;Санкт-Петербург, Кронверкский просп., 25 литА;59.956946;30.317833;osm-59.95695-30.31783;2026-09-22
Bros Burritos;Санкт-Петербург, ул. Куйбышева, 30;59.956969;30.331369;osm-59.95697-30.33137;2026-06-20
Пиво;Санкт-Петербург, Кронверкский просп., 45;59.957019;30.313153;osm-59.95702-30.31315;2026-05-19
Три ребра;Санкт-Петербург, Сытнинская пл., 3;59.957035;30.311093;osm-59.95703-30.31109;2025-09-27
Shawafel;Санкт-Петербург, Кронверкский просп., 27;59.957028;30.317076;osm-59.95703-30.31708;2026-09-18
Coffeers;Санкт-Петербург, Каменноостровский просп., 2;59.957057;30.319576;osm-59.95706-30.31958;2026-08-23
Nyén;Санкт-Петербург, Пискарёвский просп., 1;59.957061;30.405917;osm-59.95706-30.40592;2025-10-20
Кебаб;Санкт-Петербург, ул. Академика Лебедева, 17/2;59.957068;30.352330;osm-59.95707-30.35233;2024-03-27
Созидание;Санкт-Петербург, Каменноостровский просп., 10 литЛ;59.957097;30.314475;osm-59.95710-30.31448;2026-05-19
Дамаск;Санкт-Петербург, Кронверкский просп., 45;59.957106;30.313079;osm-59.95711-30.31308;2026-05-19
Farm Market;Санкт-Петербург, Финляндский просп., 4;59.957131;30.342142;osm-59.95713-30.34214;2025-06-11
Coffeeмолка;Санкт-Петербург, Сытнинская пл., 4;59.957158;30.310443;osm-59.95716-30.31044;2025-10-24
Coffeeмолка;Санкт-Петербург, Сытнинская пл., 4;59.957176;30.310461;osm-59.95718-30.31046;2025-10-24
Столовая № 12;Санкт-Петербург, ул. Комсомола, 37 к2;59.957198;30.358971;osm-59.95720-30.35897;2026-01-03
Evoшаверма;Санкт-Петербург, ул. Пеньковая, 8/6;59.957235;30.335177;osm-59.95723-30.33518;2026-10-01
Amici;Санкт-Петербург, ул. Малая Посадская, 7/4;59.957273;30.322276;osm-59.95727-30.32228;2025-12-10
Городские кондитерские №1;Санкт-Петербург, Большой просп. П.С., 30;59.957288;30.297923;osm-59.95729-30.29792;2025-08-12
Токио-333;Санкт-Петербург, Большой просп. П.С., 30;59.957325;30.297983;osm-59.95732-30.29798;2026-02-13
Шаверма 24 часа;Санкт-Петербург, Большеохтинский просп., 18;59.957356;30.409896;osm-59.95736-30.40990;2026-03-27
Кальмиус;Санкт-Петербург, ул. Воскова, 4;59.957484;30.303148;osm-59.95748-30.30315;2024-01-12
Time For Coffee;Санкт-Петербург, ул. Воскова, 7/18;59.957499;30.305124;osm-59.95750-30.30512;2024-10-20
Казан кебаб;Санкт-Петербург, ул. Пионерская, 19;59.957509;30.291166;osm-59.95751-30.29117;2024-09-24
Maybe Bar;Санкт-Петербург, ул. Воскова, 5;59.957514;30.304685;osm-59.95751-30.30468;2024-10-20
Bahroma;Санкт-Петербург, Большой просп. П.С., 30;59.957530;30.297768;osm-59.95753-30.29777;2024-10-16
Пловная;Санкт-Петербург, ул. Сытнинская, 4П;59.957530;30.309070;osm-59.95753-30.30907;2024-08-04
Турон;Санкт-Петербург, ул. Большая Пушкарская, 18;59.957591;30.301184;osm-59.95759-30.30118;2024-04-25
Бистро Super;Санкт-Петербург, Сытнинская пл., 4 литБ;59.957614;30.309970;osm-59.95761-30.30997;2025-10-24
Где Ели;Санкт-Петербург, ул. Куйбышева, 31;59.957646;30.333836;osm-59.95765-30.33384;2025-09-16
Coffee Therapy;Санкт-Петербург, Каменноостровский просп., 6;59.957655;30.319021;osm-59.95766-30.31902;2023-11-01
Тбилисо;Санкт-Петербург, ул. Сытнинская, 10;59.957670;30.308041;osm-59.95767-30.30804;2025-09-25
Пряности & Радости;Санкт-Петербург, ул. Малая Посадская, 3;59.957708;30.321019;osm-59.95771-30.32102;2026-07-23
Патрики Паб;Санкт-Петербург, ул. Куйбышева, 33/8;59.957734;30.334587;osm-59.95773-30.33459;2026-10-01
Аврора;Санкт-Петербург, ул. Куйбышева, 33/8;59.957743;30.334794;osm-59.95774-30.33479;2026-10-01
Amo;Санкт-Петербург, ул. Ропшинская, 1;59.957751;30.297662;osm-59.95775-30.29766;2024-10-23
Лавка хлебосолов;Санкт-Петербург, Каменноостровский просп., 6;59.957792;30.319012;osm-59.95779-30.31901;2026-09-03
ARIJ;Санкт-Петербург, ул. Чапаева, 2;59.957793;30.332956;osm-59.95779-30.33296;2026-08-24
FastCoffee;Санкт-Петербург, ул. Сытнинская, 14 литБ;59.957816;30.309069;osm-59.95782-30.30907;2025-09-25
Тёплого Хлеба и Под Одеяло;Санкт-Петербург, Пискарёвский просп., 1;59.957832;30.405685;osm-59.95783-30.40568;2025-12-01
Rose Mary;Санкт-Петербург, ул. Сытнинская, 14 литБ;59.957840;30.309241;osm-59.95784-30.30924;2025-09-25
Bollywood Nights;Санкт-Петербург, ул. Воскова, 2;59.957880;30.302530;osm-59.95788-30.30253;2025-09-05
VLavashe;Санкт-Петербург, ул. Боткинская, 6;59.957885;30.352879;osm-59.95788-30.35288;2026-01-29
Ray;Санкт-Петербург, ул. Ропшинская, 3-5;59.957902;30.297289;osm-59.95790-30.29729;2025-08-08
Roni's Donuts;Санкт-Петербург, ул. Воскова, 15-17;59.957896;30.307163;osm-59.95790-30.30716;2024-04-04
Кино;Санкт-Петербург, Каменноостровский просп., 10А;59.957928;30.317304;osm-59.95793-30.31730;2024-04-27
Кебаб;Санкт-Петербург, ул. Сытнинская, 16;59.957987;30.310188;osm-59.95799-30.31019;2026-09-03
Grecco;Санкт-Петербург, ул. Рыбацкая, 2;59.958001;30.298152;osm-59.95800-30.29815;2024-10-19
Пылко;Санкт-Петербург, ул. Сытнинская, 16;59.958009;30.310346;osm-59.95801-30.31035;2026-09-03
Solo;Санкт-Петербург, ул. Сытнинская, 14;59.958069;30.309596;osm-59.95807-30.30960;2023-10-18
Негодники;Санкт-Петербург, ул. Чапаева, 3 литБ пом2Н;59.958077;30.333298;osm-59.95808-30.33330;2026-01-30
Пельмения;Санкт-Петербург, ул. Малая Посадская, 4А;59.958090;30.320060;osm-59.95809-30.32006;2026-08-23
ArtHall;Санкт-Петербург, ул. Сытнинская, 14;59.958142;30.309456;osm-59.95814-30.30946;2023-10-18
Мастер кебаб;Санкт-Петербург, ул. Боткинская, 3 к1;59.958190;30.354616;osm-59.95819-30.35462;2026-09-13
На ход ноги;Санкт-Петербург, ул. Красносельская, 16;59.958219;30.294439;osm-59.95822-30.29444;2024-10-11
Обычные люди;Санкт-Петербург, ул. Рыбацкая, 4;59.958218;30.297584;osm-59.95822-30.29758;2024-10-19
BackHome;Санкт-Петербург, ул. Малая Посадская, 12 литВ;59.958257;30.323251;osm-59.95826-30.32325;2025-12-22
Ukusno;Санкт-Петербург, ул. Рыбацкая, 4;59.958270;30.297455;osm-59.95827-30.29745;2026-09-30
Феромон;Санкт-Петербург, ул. Воскова, 20А литВ;59.958292;30.308287;osm-59.95829-30.30829;2024-01-12
Феромон;Санкт-Петербург, ул. Воскова, 20А литВ;59.958357;30.308502;osm-59.95836-30.30850;2024-01-12
ДеДа хинкали;Санкт-Петербург, Большой Сампсониевский просп., 14;59.958358;30.344417;osm-59.95836-30.34442;2026-10-01
Комната;Санкт-Петербург, ул. Воскова, 31/20;59.958375;30.311245;osm-59.95837-30.31124;2026-08-24
Douglas;Санкт-Петербург, Финляндский просп., 1;59.958370;30.343425;osm-59.95837-30.34342;2026-10-01
FermA;Санкт-Петербург, Финляндский просп., 1 литБ;59.958386;30.341651;osm-59.95839-30.34165;2026-10-01
Бэнч;Санкт-Петербург, ​Шоссе Революции, 3 к2 ст1;59.958415;30.408739;osm-59.95842-30.40874;2026-06-04
Пельмения;Санкт-Петербург, Петровский просп., 5А;59.958514;30.273433;osm-59.95851-30.27343;2025-05-26
Ласточки;Санкт-Петербург, ул. Воскова, 31/20;59.958514;30.311135;osm-59.95851-30.31114;2026-08-24
Зайцы;Санкт-Петербург, Каменноостровский просп., 10;59.958535;30.316962;osm-59.95853-30.31696;2026-09-03
Delic'e;Санкт-Петербург, ул. Оренбургская, 2;59.958526;30.340099;osm-59.95853-30.34010;2026-04-29
Фрай;Санкт-Петербург, Каменноостровский просп., 10 литБ;59.958606;30.315706;osm-59.95861-30.31571;2026-07-09
у Ларисы;Санкт-Петербург, ул. Кронверкская, 7;59.958615;30.312778;osm-59.95862-30.31278;2025-10-31
Inner;Санкт-Петербург, ул. Малая Разночинная, 10 с1;59.958638;30.288507;osm-59.95864-30.28851;2024-09-24
Кебаб;Санкт-Петербург, ул. Пионерская, 35;59.958695;30.288090;osm-59.95869-30.28809;2024-09-27
Берёзки;Санкт-Петербург, ул. Малая Разночинная, 11;59.958746;30.290464;osm-59.95875-30.29046;2024-04-12
Бутербродная;Санкт-Петербург, Каменноостровский просп., 12 литВ;59.958768;30.315585;osm-59.95877-30.31558;2026-09-03
Кручу верчу;Санкт-Петербург, ул. Пионерская, 37;59.958834;30.287822;osm-59.95883-30.28782;2025-09-16
Донер кебаб;Санкт-Петербург, Среднеохтинский просп., 51/13;59.958877;30.415907;osm-59.95888-30.41591;2026-08-27
Manneken Pis;Санкт-Петербург, Каменноостровский просп., 12;59.958885;30.317938;osm-59.95889-30.31794;2026-08-23
Займемся кофе;Санкт-Петербург, ул. Большая Пушкарская, 28;59.958960;30.303709;osm-59.95896-30.30371;2024-04-25
Кофе и вафли;Санкт-Петербург, Пискарёвский просп., 2 к2 литЩ;59.958986;30.406023;osm-59.95899-30.40602;2025-10-15
Мирок;Санкт-Петербург, ул. Мира, 1 литА;59.959006;30.313063;osm-59.95901-30.31306;2026-09-03
Crowbar;Санкт-Петербург, Малый просп. П.С., 40;59.959023;30.295240;osm-59.95902-30.29524;2024-04-11
Блат;Санкт-Петербург, ул. Малая Разночинная, 10 с1;59.959059;30.289137;osm-59.95906-30.28914;2026-05-27
Тут и там;Санкт-Петербург, Петровский просп., 5А;59.959080;30.272651;osm-59.95908-30.27265;2025-10-25
Gastrogramm;Санкт-Петербург, Пискарёвский просп., 2 к2 литЩ;59.959077;30.406175;osm-59.95908-30.40618;2025-10-15
Столовая № 5;Санкт-Петербург, ул. Большая Разночинная, 14;59.959101;30.291166;osm-59.95910-30.29117;2024-10-28
Шаверма 24;Санкт-Петербург, Среднеохтинский просп., 51/13;59.959106;30.416322;osm-59.95911-30.41632;2026-08-27
Бали;Санкт-Петербург, ул. Малая Разночинная, 10 с1;59.959171;30.288870;osm-59.95917-30.28887;2024-04-12
Синичка;Санкт-Петербург, Каменноостровский просп., 14;59.959170;30.317690;osm-59.95917-30.31769;2026-04-23
ТЧК;Санкт-Петербург, Каменноостровский просп., 18/11 литБ;59.959200;30.316446;osm-59.95920-30.31645;2026-04-23
Дабл бабл ти;Санкт-Петербург, ул. Пионерская, 35;59.959226;30.288704;osm-59.95923-30.28870;2025-08-25
Слойка;Санкт-Петербург, ул. Кропоткина, 1;59.959240;30.311860;osm-59.95924-30.31186;2025-11-19
Барвинок;Санкт-Петербург, ул. Мира, 7;59.959245;30.315419;osm-59.95925-30.31542;2024-04-04
Сулико;Санкт-Петербург, Каменноостровский просп., 14;59.959271;30.317597;osm-59.95927-30.31760;2026-06-21
Shawafel;Санкт-Петербург, Малый просп. П.С., 42;59.959307;30.295720;osm-59.95931-30.29572;2026-09-09
Pan&Cake;Санкт-Петербург, ул. Мира, 7 литГ;59.959313;30.314536;osm-59.95931-30.31454;2026-09-03
Ламантин;Санкт-Петербург, Пискарёвский просп., 2 к3;59.959324;30.406293;osm-59.95932-30.40629;2025-10-15
Юи;Санкт-Петербург, ул. Стрельнинская, 2 литБ;59.959335;30.299869;osm-59.95934-30.29987;2024-09-17
КинZa;Санкт-Петербург, ул. Пионерская, 35;59.959361;30.288448;osm-59.95936-30.28845;2026-01-01
Мурманчане;Санкт-Петербург, Большая Зеленина, 2/42;59.959416;30.295541;osm-59.95942-30.29554;2024-02-08
Nothing Fancy;Санкт-Петербург, Большой просп. П.С., 35;59.959487;30.302996;osm-59.95949-30.30300;2024-03-24
Tweed & Eat;Санкт-Петербург, Большой просп. П.С., 46/1;59.959503;30.301571;osm-59.95950-30.30157;2025-08-12
Frank;Санкт-Петербург, Большой просп. П.С., 35В;59.959500;30.302276;osm-59.95950-30.30228;2026-09-09
Icecream&coffee;Санкт-Петербург, Чкаловский просп., 7;59.959530;30.289272;osm-59.95953-30.28927;2023-10-30
Gorilla;Санкт-Петербург, Большой просп. П.С., 35;59.959638;30.302497;osm-59.95964-30.30250;2026-09-30
Толстый фраер;Санкт-Петербург, Каменноостровский просп., 18/11;59.959722;30.316503;osm-59.95972-30.31650;2026-08-23
СушиСет;Санкт-Петербург, ул. Большая Зеленина, 3;59.959821;30.295203;osm-59.95982-30.29520;2024-02-05
Хумусия Циммес;Санкт-Петербург, Большая Зеленина, 6;59.959869;30.294618;osm-59.95987-30.29462;2026-09-09
Вкусно — и точка. Авто;Санкт-Петербург, Индустриальный просп., 47 к1 соор1;59.959866;30.464296;osm-59.95987-30.46430;2025-03-28
Невесомость;Санкт-Петербург, Большой просп. П.С., 37;59.959913;30.303156;osm-59.95991-30.30316;2023-10-29
Бригантина;Санкт-Петербург, Большая Зеленина, 8;59.959924;30.294480;osm-59.95992-30.29448;2026-09-09
Eda Veda;Санкт-Петербург, Петроградская наб., 20;59.959960;30.334390;osm-59.95996-30.33439;2023-10-26
Питстанция Лавашово;Санкт-Петербург, Большая Зеленина, 8;59.959977;30.294417;osm-59.95998-30.29442;2026-09-09
Doza;Санкт-Петербург, ул. Большая Зеленина, 5;59.959983;30.294888;osm-59.95998-30.29489;2024-02-05
Денисов;Санкт-Петербург, ул. Большая Пушкарская, 25;59.959990;30.305360;osm-59.95999-30.30536;2024-04-07
Lavanda Eclair;Санкт-Петербург, Большая Зеленина, 8;59.960010;30.294317;osm-59.96001-30.29432;2026-05-09
Unicorn coffee;Санкт-Петербург, ул. Кронверкская, 12;59.960029;30.311516;osm-59.96003-30.31152;2025-10-23
Ваше кафе;Санкт-Петербург, ул. Пионерская, 30 литВ;59.960052;30.283491;osm-59.96005-30.28349;2024-03-10
Coffee for you;Санкт-Петербург, Ириновский просп., 32;59.960071;30.481358;osm-59.96007-30.48136;2025-03-28
Мамахуху;Санкт-Петербург, ул. Большая Пушкарская, 34;59.960081;30.304610;osm-59.96008-30.30461;2024-09-16
La Moderna Prosciutteria;Санкт-Петербург, ул. Большая Пушкарская, 34;59.960108;30.304540;osm-59.96011-30.30454;2024-09-16
Хочу шашлык;Санкт-Петербург, ул. Большая Пушкарская, 27;59.960106;30.306034;osm-59.96011-30.30603;2024-04-20
True Crab;Санкт-Петербург, ул. Ропшинская, 30;59.960119;30.291430;osm-59.96012-30.29143;2024-10-16
ГлавПиво;Санкт-Петербург, ул. Ропшинская, 32;59.960227;30.291210;osm-59.96023-30.29121;2024-10-16
Asiatiq;Санкт-Петербург, ул. Большая Зеленина, 9;59.960298;30.294271;osm-59.96030-30.29427;2024-02-05
Царь-Пышка;Санкт-Петербург, Лесной просп., 1А;59.960321;30.354062;osm-59.96032-30.35406;2026-09-13
Dog's Drum;Санкт-Петербург, Большой просп. П.С., 41 литБ;59.960354;30.304576;osm-59.96035-30.30458;2024-01-12
Lobby Coffee;Санкт-Петербург, Петровский просп., 22 к2 с1;59.960373;30.262063;osm-59.96037-30.26206;2026-07-16
Lobby Bar;Санкт-Петербург, Петровский просп., 22 к2 с1;59.960380;30.262021;osm-59.96038-30.26202;2026-07-16
Must;Санкт-Петербург, ул. Гатчинская, 2/54;59.960439;30.302980;osm-59.96044-30.30298;2026-09-30
Столовая;Санкт-Петербург, Большой просп. П.С., 41;59.960440;30.303826;osm-59.96044-30.30383;2026-09-30
Кофеварим;Санкт-Петербург, Чкаловский просп., 11/32;59.960452;30.290660;osm-59.96045-30.29066;2024-10-16
Must;Санкт-Петербург, ул. Гатчинская, 2/54;59.960490;30.302907;osm-59.96049-30.30291;2026-09-30
MAD;Санкт-Петербург, ул. Пионерская, 32;59.960515;30.282130;osm-59.96052-30.28213;2025-08-28
Плюшкин дом;Санкт-Петербург, ул. Большая Зеленина, 11/1;59.960548;30.293800;osm-59.96055-30.29380;2024-02-05
Стейк кинг;Санкт-Петербург, ул. Шамшева, 10;59.960560;30.300284;osm-59.96056-30.30028;2024-03-24
Caffeine;Санкт-Петербург, Сахарный пер., 2/35;59.960565;30.344982;osm-59.96057-30.34498;2025-02-12
Шлопочная;Санкт-Петербург, ул. Большая Зеленина, 11/1;59.960616;30.293715;osm-59.96062-30.29371;2025-01-23
Слойка;Санкт-Петербург, ул. Красного Курсанта, 31;59.960626;30.278842;osm-59.96063-30.27884;2025-11-11
Литера G;Санкт-Петербург, ул. Гатчинская, 2/54;59.960640;30.302700;osm-59.96064-30.30270;2024-04-25
Станция Шашлычная;Санкт-Петербург, Большой просп. П.С., 43;59.960636;30.304116;osm-59.96064-30.30412;2026-09-30
Теремок-кондитерская;Санкт-Петербург, Чкаловский просп., 14;59.960658;30.290387;osm-59.96066-30.29039;2024-11-01
Carrot;Санкт-Петербург, Свердловская наб., 44 с1;59.960704;30.403998;osm-59.96070-30.40400;2026-04-03
#стейкдавай;Санкт-Петербург, Большой просп. П.С., 41;59.960763;30.303576;osm-59.96076-30.30358;2025-08-12
Муза;Санкт-Петербург, ул. Пионерская, 55;59.960776;30.282323;osm-59.96078-30.28232;2024-12-02
Ривва Долче;Санкт-Петербург, Свердловская наб., 44 с1;59.960802;30.404041;osm-59.96080-30.40404;2026-01-20
Ворлд;Санкт-Петербург, Каменноостровский просп., 17;59.960830;30.316640;osm-59.96083-30.31664;2025-08-12
Hookah Cravt;Санкт-Петербург, ул. Шамшева, 15Б;59.960839;30.300317;osm-59.96084-30.30032;2024-03-24
The Wall;Санкт-Петербург, ул. Большая Пушкарская, 42/16;59.960861;30.306792;osm-59.96086-30.30679;2025-11-03
Ватрушечная;Санкт-Петербург, ул. Большая Зеленина, 12;59.960872;30.292577;osm-59.96087-30.29258;2024-02-08
Ленинград;Санкт-Петербург, Каменноостровский просп., 22;59.960866;30.316069;osm-59.96087-30.31607;2025-08-11
Gastronomist;Санкт-Петербург, Петроградская наб., 24;59.960883;30.334340;osm-59.96088-30.33434;2023-10-26
Inter View;Санкт-Петербург, Петровский просп., 24 к1;59.961001;30.258554;osm-59.96100-30.25855;2024-05-01
Большой бар;Санкт-Петербург, Большой просп. П.С., 45;59.961007;30.304690;osm-59.96101-30.30469;2025-08-11
Pong;Санкт-Петербург, ул. Большая Пушкарская, 42/16;59.961024;30.307049;osm-59.96102-30.30705;2026-09-03
Italy;Санкт-Петербург, Большой просп. П.С., 58;59.961036;30.303768;osm-59.96104-30.30377;2024-06-24
Юг;Санкт-Петербург, ул. Колпинская, 27-29;59.961059;30.294059;osm-59.96106-30.29406;2024-04-11
Слойка;Санкт-Петербург, ул. Чапаева, 15;59.961063;30.331335;osm-59.96106-30.33133;2026-06-05
Гастроном;Санкт-Петербург, Петровский просп., 24 к1;59.961085;30.258030;osm-59.96108-30.25803;2024-08-31
Rostic`s Авто;Санкт-Петербург, ул. Жукова, 2А литБ;59.961084;30.406671;osm-59.96108-30.40667;2023-11-16
О, да!;Санкт-Петербург, Чкаловский просп., 18;59.961103;30.290950;osm-59.96110-30.29095;2025-08-25
Pho City;Санкт-Петербург, ул. Красного Курсанта, 25 литН;59.961112;30.279724;osm-59.96111-30.27972;2025-10-20
Бабило;Санкт-Петербург, ул. Большая Пушкарская, 42/16;59.961121;30.306784;osm-59.96112-30.30678;2026-09-03
Сидим едим;Санкт-Петербург, ул. Большая Монетная, 11;59.961117;30.315345;osm-59.96112-30.31535;2025-11-19
Taste&Learn;Санкт-Петербург, Свердловская наб., 44 с2;59.961127;30.404165;osm-59.96113-30.40416;2026-01-09
Carpaccio Coffee;Санкт-Петербург, ул. Кронверкская, 23П;59.961174;30.312060;osm-59.96117-30.31206;2024-05-06
Balagan;Санкт-Петербург, Малый просп. П.С., 54-56;59.961226;30.298169;osm-59.96123-30.29817;2026-02-21
1642;Санкт-Петербург, ул. Ленина, 18;59.961243;30.306479;osm-59.96124-30.30648;2025-11-03
Бражник бар;Санкт-Петербург, ул. Ленина, 18;59.961304;30.306392;osm-59.96130-30.30639;2026-09-03
Nomad;Санкт-Петербург, Большой просп. П.С., 49/18;59.961390;30.306159;osm-59.96139-30.30616;2024-10-24
Гастрономист;Санкт-Петербург, ул. Чапаева, 15;59.961424;30.331144;osm-59.96142-30.33114;2026-06-05
Osh;Санкт-Петербург, Малый просп. П.С., 54-56;59.961463;30.297853;osm-59.96146-30.29785;2026-08-26
Простая Еда;Санкт-Петербург, ул. Большая Разночинная, 25;59.961478;30.286852;osm-59.96148-30.28685;2024-10-09
Red;Санкт-Петербург, ул. Ленина, 9;59.961671;30.306311;osm-59.96167-30.30631;2026-09-03
OlinSoup;Санкт-Петербург, ул. Кронверкская, 27;59.961699;30.310613;osm-59.96170-30.31061;2024-01-31
Слойка;Санкт-Петербург, ул. Чапаева, 15 к2 литБ;59.961769;30.331926;osm-59.96177-30.33193;2023-10-26
Сквер;Санкт-Петербург, ул. Кронверкская, 27;59.961836;30.310421;osm-59.96184-30.31042;2024-01-31
Solids;Санкт-Петербург, ул. Гатчинская, 16;59.961853;30.299601;osm-59.96185-30.29960;2025-03-05
Дитай;Санкт-Петербург, Лесной просп., 4;59.961853;30.352221;osm-59.96185-30.35222;2026-09-10
Vinoterra;Санкт-Петербург, ул. Ленина, 20;59.961881;30.304143;osm-59.96188-30.30414;2024-12-13
Gaijin;Санкт-Петербург, ул. Большая Зеленина, 15;59.961905;30.291779;osm-59.96191-30.29178;2026-08-27
Ленина 20;Санкт-Петербург, ул. Ленина, 20;59.961907;30.304175;osm-59.96191-30.30418;2024-12-13
Карусель;Санкт-Петербург, ул. Гатчинская, 18;59.961937;30.299365;osm-59.96194-30.29937;2025-11-09
Мухаревъ;Санкт-Петербург, ул. Большая Монетная, 14А;59.962047;30.317603;osm-59.96205-30.31760;2024-12-17
Kiku;Санкт-Петербург, ул. Гатчинская, 17/60;59.962114;30.299642;osm-59.96211-30.29964;2024-04-11
Coffee-one;Санкт-Петербург, ул. Большая Монетная, 16 к30;59.962111;30.319206;osm-59.96211-30.31921;2024-12-14
Сквер;Санкт-Петербург, ул. Кронверкская, 29/37Б;59.962184;30.310063;osm-59.96218-30.31006;2024-01-29
Будем знакомы;Санкт-Петербург, ул. Гатчинская, 17/60;59.962188;30.299830;osm-59.96219-30.29983;2024-10-19
Renard;Санкт-Петербург, ул. Мира, 37;59.962223;30.328622;osm-59.96222-30.32862;2026-08-24
Ветки;Санкт-Петербург, ул. Гатчинская, 17;59.962230;30.299396;osm-59.96223-30.29940;2025-06-19
Мать Волчица;Санкт-Петербург, ул. Большая Зеленина, 19;59.962320;30.289909;osm-59.96232-30.28991;2026-09-03
Love Coffee;Санкт-Петербург, Чкаловский просп., 15;59.962372;30.293792;osm-59.96237-30.29379;2025-08-25
Porto 19;Санкт-Петербург, ул. Большая Зеленина, 19;59.962378;30.290320;osm-59.96238-30.29032;2026-05-29
Ripasso;Санкт-Петербург, ул. Большая Монетная, 16 к1 литВ;59.962375;30.320782;osm-59.96238-30.32078;2025-09-24
Казан кебаб;Санкт-Петербург, Чкаловский просп., 15;59.962431;30.293734;osm-59.96243-30.29373;2025-08-28
Crème;Санкт-Петербург, Каменноостровский просп., 26-28 литВ;59.962448;30.314498;osm-59.96245-30.31450;2025-08-11
Кебаб;Санкт-Петербург, ул. Большая Монетная, 20;59.962452;30.322930;osm-59.96245-30.32293;2025-11-26
The Corner;Санкт-Петербург, ул. Лахтинская, 16;59.962461;30.300528;osm-59.96246-30.30053;2024-10-25
Subzero;Санкт-Петербург, ул. Большая Зеленина, 19;59.962585;30.289918;osm-59.96258-30.28992;2026-09-03
Quokka Bar;Санкт-Петербург, ул. Большая Пушкарская, 50 литВ;59.962598;30.308840;osm-59.96260-30.30884;2024-03-15
Буана;Санкт-Петербург, ул. Корпусная, 9;59.962621;30.289197;osm-59.96262-30.28920;2026-09-16
Есть хинкали пить вино;Санкт-Петербург, ул. Большая Зеленина, 21;59.962666;30.289762;osm-59.96267-30.28976;2026-09-03
Столовая;Санкт-Петербург, ул. Большая Монетная, 20 литВ;59.962668;30.322429;osm-59.96267-30.32243;2024-12-14
Перемена;Санкт-Петербург, ул. Комиссара Смирнова, 9;59.962685;30.351147;osm-59.96269-30.35115;2026-09-10
Osaka;Санкт-Петербург, ул. Корпусная, 9;59.962698;30.287252;osm-59.96270-30.28725;2024-10-16
Dobro coffee Microroasters;Санкт-Петербург, ул. Комиссара Смирнова, 7/6;59.962718;30.351520;osm-59.96272-30.35152;2026-09-10
Sight;Санкт-Петербург, ул. Корпусная, 28Г;59.962767;30.286281;osm-59.96277-30.28628;2026-09-03
Султан;Санкт-Петербург, ул. Комиссара Смирнова, 5/7;59.962814;30.352650;osm-59.96281-30.35265;2026-09-08
Салют;Санкт-Петербург, ул. Мира, 36;59.962822;30.328298;osm-59.96282-30.32830;2026-08-24
Казан кебаб;Санкт-Петербург, Малый просп. П.С., 57;59.962826;30.301131;osm-59.96283-30.30113;2024-10-11
Генацвале;Санкт-Петербург, ул. Комиссара Смирнова, 5/2;59.962846;30.352968;osm-59.96285-30.35297;2026-09-08
Mini-bufet;Санкт-Петербург, ул. Средняя Колтовская, 8 литА;59.962863;30.278648;osm-59.96286-30.27865;2025-09-29
Tondo;Санкт-Петербург, ул. Корпусная, 9;59.962863;30.288733;osm-59.96286-30.28873;2026-09-09
le Smash;Санкт-Петербург, ул. Корпусная, 9;59.962891;30.288218;osm-59.96289-30.28822;2026-09-09
Проект ПС;Санкт-Петербург, ул. Ленина, 28;59.962896;30.302373;osm-59.96290-30.30237;2024-10-24
Красивая;Санкт-Петербург, Малый просп. П.С., 66/32;59.962988;30.301047;osm-59.96299-30.30105;2024-10-19
Сад;Санкт-Петербург, ул. Большая Зеленина, 23Б;59.963010;30.289156;osm-59.96301-30.28916;2026-08-02
Как раньше;Санкт-Петербург, Малый просп. П.С., 66/32;59.963062;30.301511;osm-59.96306-30.30151;2026-09-18
Лестр;Санкт-Петербург, ул. Ленина, 25;59.963119;30.302541;osm-59.96312-30.30254;2025-01-13
Капулетти;Санкт-Петербург, Большой просп. П.С., 59;59.963125;30.307387;osm-59.96312-30.30739;2026-09-30
Снежинка;Санкт-Петербург, Малый просп. П.С., 66/32;59.963163;30.301681;osm-59.96316-30.30168;2026-09-18
Taco L.V.;Санкт-Петербург, ул. Большая Пушкарская, 41;59.963188;30.310978;osm-59.96319-30.31098;2024-04-20
Старый Баку;Санкт-Петербург, ул. Гатчинская, 31-33;59.963196;30.296929;osm-59.96320-30.29693;2024-05-04
Солнечная долина;Санкт-Петербург, ул. Коммуны, 64;59.963200;30.486868;osm-59.96320-30.48687;2025-08-11
Georgian Family;Санкт-Петербург, Большой просп. П.С., 74;59.963265;30.306935;osm-59.96326-30.30693;2024-03-12
Хачапури & вино;Санкт-Петербург, Большой просп. П.С., 59;59.963299;30.307696;osm-59.96330-30.30770;2026-09-17
Солнечная долина;Санкт-Петербург, ул. Коммуны, 64;59.963323;30.486967;osm-59.96332-30.48697;2025-08-11
Шаверма;Санкт-Петербург, ул. Коммуны, 64;59.963373;30.486820;osm-59.96337-30.48682;2025-08-11
Panorama;Санкт-Петербург, ул. Большая Зеленина, 22;59.963409;30.287845;osm-59.96341-30.28785;2024-10-28
Круассан;Санкт-Петербург, ул. Большая Зеленина, 22;59.963481;30.287668;osm-59.96348-30.28767;2024-10-28
Colors;Санкт-Петербург, ул. Ленина, 27;59.963476;30.302312;osm-59.96348-30.30231;2025-01-22
Barmaley Bar;Санкт-Петербург, ул. Бармалеева, 4;59.963546;30.307432;osm-59.96355-30.30743;2024-04-12
Mundshtuk;Санкт-Петербург, ул. Большая Зеленина, 24А;59.963637;30.287299;osm-59.96364-30.28730;2026-09-09
Cuteam;Санкт-Петербург, Чкаловский просп., 32;59.963674;30.295226;osm-59.96367-30.29523;2025-09-16
Кварели;Санкт-Петербург, ул. Большая Пушкарская, 45;59.963690;30.311788;osm-59.96369-30.31179;2024-10-03
Smoke BBQ;Санкт-Петербург, ул. Лодейнопольская, 5;59.963696;30.289127;osm-59.96370-30.28913;2026-08-02
Бимба;Санкт-Петербург, ул. Большая Зеленина, 24А;59.963711;30.287053;osm-59.96371-30.28705;2026-09-09
Лукоморье;Санкт-Петербург, ул. Рентгена, 9 литГ;59.963719;30.321915;osm-59.96372-30.32192;2024-12-14
Алекс;Санкт-Петербург, Пироговская наб., 17;59.963715;30.338261;osm-59.96372-30.33826;2026-06-24
Ananda;Санкт-Петербург, ул. Большая Пушкарская, 45;59.963755;30.311891;osm-59.96375-30.31189;2024-10-03
Slurp;Санкт-Петербург, Большой просп. П.С., 63;59.963760;30.309032;osm-59.96376-30.30903;2026-09-18
Savor;Санкт-Петербург, Большой Сампсониевский просп., 28 к2 литД;59.963788;30.343519;osm-59.96379-30.34352;2024-11-20
Забыли сахар;Санкт-Петербург, наб. Адмирала Лазарева, 22;59.963931;30.277114;osm-59.96393-30.27711;2024-03-10
Красное море;Санкт-Петербург, Большой просп. П.С., 67;59.963961;30.309409;osm-59.96396-30.30941;2025-08-11
Frantsuza Bistrot;Санкт-Петербург, наб. Адмирала Лазарева, 22;59.964038;30.277057;osm-59.96404-30.27706;2025-08-06
Кручу верчу;Санкт-Петербург, Чкаловский просп., 34;59.964039;30.295725;osm-59.96404-30.29573;2026-09-17
Гарсон;Санкт-Петербург, ул. Лахтинская, 32;59.964061;30.296371;osm-59.96406-30.29637;2025-08-25
Feromon;Санкт-Петербург, Большой просп. П.С., 82;59.964076;30.309023;osm-59.96408-30.30902;2026-09-09
Пароварка;Санкт-Петербург, Большой просп. П.С., 67;59.964082;30.309588;osm-59.96408-30.30959;2026-09-30
Маслоу;Санкт-Петербург, ул. Лахтинская, 25 АЖ;59.964092;30.296893;osm-59.96409-30.29689;2026-09-03
Сербская таверна;Санкт-Петербург, Большой Сампсониевский просп., 21;59.964108;30.343974;osm-59.96411-30.34397;2024-03-01
Ист;Санкт-Петербург, ул. Большая Зеленина, 28;59.964141;30.286001;osm-59.96414-30.28600;2026-09-03
Панинаро;Санкт-Петербург, ул. Большая Зеленина, 28;59.964174;30.285911;osm-59.96417-30.28591;2026-09-03
Saro;Санкт-Петербург, наб. Адмирала Лазарева, 22;59.964199;30.276945;osm-59.96420-30.27695;2024-03-10
Paninaro;Санкт-Петербург, ул. Большая Зеленина, 28;59.964216;30.285812;osm-59.96422-30.28581;2026-08-23
Green 28;Санкт-Петербург, ул. Большая Зеленина, 28;59.964260;30.285694;osm-59.96426-30.28569;2026-09-03
Sakhli 29;Санкт-Петербург, ул. Большая Зеленина, 29;59.964271;30.286376;osm-59.96427-30.28638;2024-04-05
Monterey;Санкт-Петербург, Большой просп. П.С., 84;59.964299;30.309346;osm-59.96430-30.30935;2024-01-12
Шаверма от Шера;Санкт-Петербург, ул. Лахтинская, 25Б;59.964311;30.296742;osm-59.96431-30.29674;2026-09-03
jidai;Санкт-Петербург, наб. Адмирала Лазарева, 22;59.964319;30.276856;osm-59.96432-30.27686;2026-07-13
Балкон;Санкт-Петербург, Большой просп. П.С., 84;59.964321;30.309380;osm-59.96432-30.30938;2023-10-29
Кофейная Роща;Санкт-Петербург, ул. Рентгена, 15/31;59.964340;30.323659;osm-59.96434-30.32366;2025-11-16
Infuse;Санкт-Петербург, Большой просп. П.С., 84;59.964356;30.309334;osm-59.96436-30.30933;2026-08-13
Noto;Санкт-Петербург, наб. Адмирала Лазарева, 22;59.964373;30.276966;osm-59.96437-30.27697;2024-03-10
Vid Coffee;Санкт-Петербург, Чкаловский просп., 40;59.964444;30.296298;osm-59.96444-30.29630;2026-09-17
Волконский;Санкт-Петербург, наб. Адмирала Лазарева, 22 с1;59.964479;30.277682;osm-59.96448-30.27768;2024-03-10
Mere;Санкт-Петербург, ул. Лодейнопольская, 7;59.964510;30.290291;osm-59.96451-30.29029;2026-08-02
Сладко вкусно;Санкт-Петербург, ул. Большая Зеленина, 34;59.964541;30.283881;osm-59.96454-30.28388;2026-05-15
Sono Italiano;Санкт-Петербург, ул. Большая Зеленина, 34;59.964585;30.283756;osm-59.96458-30.28376;2026-05-15
Рэро;Санкт-Петербург, ул. Ленина, 42;59.964625;30.298479;osm-59.96462-30.29848;2026-09-17
Bar 76;Санкт-Петербург, ул. Подрезова, 17;59.964620;30.303591;osm-59.96462-30.30359;2024-04-15
Счастье;Санкт-Петербург, Большой просп. П.С., 88;59.964664;30.309988;osm-59.96466-30.30999;2026-09-17
Боржоми;Санкт-Петербург, ул. Ленина, 46/23;59.964680;30.297499;osm-59.96468-30.29750;2025-11-20
Pasta24;Санкт-Петербург, Большой просп. П.С., 86;59.964678;30.309596;osm-59.96468-30.30960;2024-04-07
Chang;Санкт-Петербург, Большой просп. П.С., 86;59.964697;30.309504;osm-59.96470-30.30950;2026-09-08
Civil;Санкт-Петербург, Большой просп. П.С., 71 литБ;59.964770;30.310707;osm-59.96477-30.31071;2025-08-11
Шаляпин;Санкт-Петербург, ул. Большая Зеленина, 32;59.964804;30.284387;osm-59.96480-30.28439;2026-05-15
МВП;Санкт-Петербург, Большой просп. П.С., 86;59.964797;30.309215;osm-59.96480-30.30921;2026-08-30
Коржов;Санкт-Петербург, Большой просп. П.С., 90;59.964880;30.310312;osm-59.96488-30.31031;2026-09-17
VAKH;Санкт-Петербург, ул. Большая Зеленина, 34;59.964989;30.283970;osm-59.96499-30.28397;2026-05-15
Территория кофе;Санкт-Петербург, ул. Льва Толстого, 1-3;59.965043;30.312621;osm-59.96504-30.31262;2026-07-23
Tea Room;Санкт-Петербург, Barochnaya Ulitsa, 6;59.965094;30.284650;osm-59.96509-30.28465;2026-05-11
No Regrets Gluten-free deli;Санкт-Петербург, ул. Большая Зеленина, 34;59.965098;30.283816;osm-59.96510-30.28382;2026-08-25
Roni's Donuts;Санкт-Петербург, Малый просп. П.С., 82;59.965135;30.304438;osm-59.96513-30.30444;2026-05-03
Futurist;Санкт-Петербург, ул. Барочная, 6;59.965154;30.284511;osm-59.96515-30.28451;2026-05-15
Addict;Санкт-Петербург, Малый просп. П.С., 82;59.965374;30.304485;osm-59.96537-30.30448;2023-11-06
Suki Sushi;Санкт-Петербург, ул. Лодейнопольская, 8;59.965400;30.291078;osm-59.96540-30.29108;2025-07-13
Habit;Санкт-Петербург, ул. Льва Толстого, 2;59.965482;30.313792;osm-59.96548-30.31379;2024-04-18
Wintea;Санкт-Петербург, ул. Льва Толстого, 2;59.965493;30.313547;osm-59.96549-30.31355;2024-04-18
Ketch Up;Санкт-Петербург, ул. Льва Толстого, 1-3;59.965530;30.312772;osm-59.96553-30.31277;2025-08-12
Portofino;Санкт-Петербург, Большой Сампсониевский просп., 29А;59.965751;30.343425;osm-59.96575-30.34342;2025-11-26
Mist;Санкт-Петербург, ул. Барочная, 7;59.965817;30.288228;osm-59.96582-30.28823;2026-08-23
Машита;Санкт-Петербург, Каменноостровский просп., 40 литТ;59.965904;30.310737;osm-59.96590-30.31074;2026-05-09
Plump;Санкт-Петербург, ул. Рентгена, 25;59.965912;30.329695;osm-59.96591-30.32970;2026-07-25
Кафе на Хлебозаводе;Санкт-Петербург, ул. Барочная, 4А;59.965996;30.284194;osm-59.96600-30.28419;2026-08-23
НевБар;Санкт-Петербург, ул. Большая Зеленина, 44/6;59.966091;30.281948;osm-59.96609-30.28195;2026-05-15
Book;Санкт-Петербург, Левашовский просп., 14;59.966123;30.290990;osm-59.96612-30.29099;2025-03-07
Approved;Санкт-Петербург, ул. Ординарная, 11/85;59.966135;30.306541;osm-59.96614-30.30654;2024-10-11
Своё место;Санкт-Петербург, Большой Сампсониевский просп., 29А;59.966212;30.343200;osm-59.96621-30.34320;2025-11-26
Maze;Санкт-Петербург, Большой просп. П.С., 77;59.966312;30.313368;osm-59.96631-30.31337;2024-04-20
свитер;Санкт-Петербург, ул. Бармалеева, 33;59.966404;30.301122;osm-59.96640-30.30112;2025-08-28
THE CHOCO;Санкт-Петербург, Каменноостровский просп., 42;59.966464;30.309470;osm-59.96646-30.30947;2024-01-12
Сикрет Гарден;Санкт-Петербург, Каменноостровский просп., 42;59.966484;30.309391;osm-59.96648-30.30939;2026-07-02
Момо;Санкт-Петербург, Каменноостровский просп., 40;59.966480;30.310536;osm-59.96648-30.31054;2024-09-17
Over Dose;Санкт-Петербург, Большой просп. П.С., 79;59.966570;30.313780;osm-59.96657-30.31378;2024-04-20
Чехов;Санкт-Петербург, ул. Петропавловская, 4;59.966567;30.314566;osm-59.96657-30.31457;2024-04-20
Хачо и Пури;Санкт-Петербург, Левашовский просп., 13;59.966687;30.286020;osm-59.96669-30.28602;2026-08-23
Goja;Санкт-Петербург, ул. Газовая, 10 литН;59.966733;30.293828;osm-59.96673-30.29383;2025-09-03
Столовая 5+;Санкт-Петербург, Большой просп. П.С., 102;59.966782;30.313248;osm-59.96678-30.31325;2024-04-01
Lav хаш;Санкт-Петербург, Лесной просп., 19 к4 литВ;59.966789;30.353366;osm-59.96679-30.35337;2026-04-09
Музыка Кофе & Вина;Санкт-Петербург, Большой просп. П.С., 81;59.966845;30.313853;osm-59.96684-30.31385;2024-04-20
Коммуна;Санкт-Петербург, ул. Петропавловская, 4;59.966881;30.314741;osm-59.96688-30.31474;2024-04-20
Рюмочка;Санкт-Петербург, ул. Ординарная, 18;59.966979;30.304930;osm-59.96698-30.30493;2025-01-23
Старт;Санкт-Петербург, ул. Газовая, 10 литД;59.967004;30.293349;osm-59.96700-30.29335;2026-09-16
Сообщество;Санкт-Петербург, ул. Ординарная, 18;59.966997;30.304827;osm-59.96700-30.30483;2026-02-01
Глагол;Санкт-Петербург, ул. Петропавловская, 6;59.967005;30.313942;osm-59.96701-30.31394;2026-06-29
FitFresh;Санкт-Петербург, просп. Динамо, 44;59.967039;30.265986;osm-59.96704-30.26599;2025-07-02
Френдс;Санкт-Петербург, Большой просп. П.С., 81;59.967044;30.313970;osm-59.96704-30.31397;2024-04-20
Арден;Санкт-Петербург, Чкаловский просп., 50Ж;59.967109;30.300385;osm-59.96711-30.30038;2025-09-16
Lovash;Санкт-Петербург, ул. Газовая, 10 литД;59.967188;30.293154;osm-59.96719-30.29315;2026-09-16
Mouse Tail;Санкт-Петербург, Каменноостровский просп., 42;59.967236;30.309805;osm-59.96724-30.30981;2024-09-17
Marseille coffee;Санкт-Петербург, ул. Газовая, 10 литЖ;59.967371;30.293416;osm-59.96737-30.29342;2024-04-21
Red Dragon;Санкт-Петербург, ул. Ординарная, 20;59.967378;30.304926;osm-59.96738-30.30493;2024-04-07
Шаверма от Шера;Санкт-Петербург, ул. Всеволода Вишневского, 7;59.967412;30.301552;osm-59.96741-30.30155;2025-06-24
to.be;Санкт-Петербург, Чкаловский просп., 50;59.967452;30.300904;osm-59.96745-30.30090;2025-09-16
Ciao!;Санкт-Петербург, ул. Ординарная, 19;59.967521;30.306190;osm-59.96752-30.30619;2026-09-26
Coffee Therapy;Санкт-Петербург, наб. реки Карповки, 10;59.967532;30.312281;osm-59.96753-30.31228;2024-06-07
Etlon;Санкт-Петербург, Каменноостровский просп., 42Б;59.967580;30.309161;osm-59.96758-30.30916;2024-09-17
Мечта;Санкт-Петербург, просп. Динамо, 44;59.967588;30.266137;osm-59.96759-30.26614;2025-07-02
Энди Кофе;Санкт-Петербург, Большой просп. П.С., 106;59.967638;30.313326;osm-59.96764-30.31333;2024-06-07
Pita's;Санкт-Петербург, наб. реки Карповки, 10;59.967786;30.312326;osm-59.96779-30.31233;2026-08-24
Блуждающий форвард;Санкт-Петербург, Каменноостровский просп., 42Б;59.967804;30.307687;osm-59.96780-30.30769;2026-08-11
Magnifique;Санкт-Петербург, Чкаловский просп., 50 литВ;59.967968;30.299589;osm-59.96797-30.29959;2024-02-09
Греча;Санкт-Петербург, Выборгская наб., 29;59.967976;30.338118;osm-59.96798-30.33812;2026-08-13
Пельменная №1;Санкт-Петербург, наб. реки Карповки, 7;59.968073;30.315964;osm-59.96807-30.31596;2025-09-01
Столовая;Санкт-Петербург, ул. Всеволода Вишневского, 12А;59.968215;30.298786;osm-59.96822-30.29879;2024-02-09
Russo italiano;Санкт-Петербург, ул. Газовая, 10 литЗ;59.968231;30.293440;osm-59.96823-30.29344;2026-08-24
Восточный цех;Санкт-Петербург, ул. Газовая, 10 литЗ;59.968274;30.292910;osm-59.96827-30.29291;2026-08-29
Eristov;Санкт-Петербург, наб. реки Карповки, 5 литП;59.968287;30.317616;osm-59.96829-30.31762;2025-09-01
Darmagi;Санкт-Петербург, Каменноостровский просп., 44Б;59.968459;30.308691;osm-59.96846-30.30869;2025-01-30
BBQ Shaverma;Санкт-Петербург, наб. реки Карповки, 9 к2 литА;59.968693;30.316011;osm-59.96869-30.31601;2025-09-01
Mouse Tail;Санкт-Петербург, наб. реки Карповки, 5 литЛ;59.968700;30.317049;osm-59.96870-30.31705;2024-04-23
Unity;Санкт-Петербург, наб. реки Карповки, 5 к17;59.968802;30.315185;osm-59.96880-30.31518;2025-09-01
Мастер и Маргарита;Санкт-Петербург, Аптекарский просп., 2 литЗ;59.968911;30.318185;osm-59.96891-30.31818;2025-09-01
British Bro;Санкт-Петербург, Каменноостровский просп., 47;59.969061;30.308684;osm-59.96906-30.30868;2025-09-16
Еда;Санкт-Петербург, Чкаловский просп., 60;59.969074;30.303302;osm-59.96907-30.30330;2024-04-15
BeefZavod;Санкт-Петербург, Аптекарский просп., 2 литЗ;59.969092;30.318262;osm-59.96909-30.31826;2025-09-01
Трапеза;Санкт-Петербург, ул. Всеволода Вишневского, 18А;59.969108;30.300179;osm-59.96911-30.30018;2024-02-09
Don Pepperon;Санкт-Петербург, наб. реки Карповки, 20;59.969142;30.305794;osm-59.96914-30.30579;2025-01-30
Дом культуры и отдыха Юи;Санкт-Петербург, наб. реки Карповки, 5 к26;59.969142;30.317320;osm-59.96914-30.31732;2026-08-30
Мона;Санкт-Петербург, Каменноостровский просп., 47;59.969313;30.308718;osm-59.96931-30.30872;2026-08-24
Брют;Санкт-Петербург, Выборгская наб., 33;59.969470;30.337075;osm-59.96947-30.33707;2026-06-24
Пельменная;Санкт-Петербург, Полюстровский просп., 47Б;59.969714;30.387547;osm-59.96971-30.38755;2023-11-02
Теплые края;Санкт-Петербург, просп. Медиков, 5 литВ;59.969744;30.314532;osm-59.96974-30.31453;2024-09-17
Coffee-3;Санкт-Петербург, просп. Медиков, 5 к7;59.969841;30.316745;osm-59.96984-30.31675;2025-12-13
Лак вьет;Санкт-Петербург, Полюстровский просп., 45;59.969924;30.388947;osm-59.96992-30.38895;2026-06-18
Бистротека;Санкт-Петербург, наб. реки Карповки, 39;59.970003;30.303484;osm-59.97000-30.30348;2026-08-31
Гараж;Санкт-Петербург, ул. Смолячкова, 3;59.970143;30.338528;osm-59.97014-30.33853;2026-05-13
Колхида;Санкт-Петербург, Большой Сампсониевский просп., 47;59.970579;30.342025;osm-59.97058-30.34202;2026-08-12
Зам зам;Санкт-Петербург, ул. Васенко, 3 к4;59.970642;30.389329;osm-59.97064-30.38933;2023-11-02
Кофе Импульс;Санкт-Петербург, просп. Медиков, 9;59.970780;30.316066;osm-59.97078-30.31607;2025-05-13
Чебуречная;Санкт-Петербург, Кондратьевский просп., 33;59.970775;30.388214;osm-59.97078-30.38821;2026-06-18
На углу;Санкт-Петербург, просп. Медиков, 9;59.970794;30.316230;osm-59.97079-30.31623;2025-05-13
Crispy Pizza;Санкт-Петербург, просп. Медиков, 9;59.970846;30.314831;osm-59.97085-30.31483;2024-06-11
Тихий;Санкт-Петербург, Каменноостровский просп., 52;59.970979;30.306508;osm-59.97098-30.30651;2026-08-23
Аль-карам;Санкт-Петербург, ул. Профессора Попова, 26;59.971075;30.305112;osm-59.97107-30.30511;2025-10-29
ToursCoffee;Санкт-Петербург, Большой Сампсониевский просп., 44;59.971067;30.340444;osm-59.97107-30.34044;2025-04-07
Бельгийский эль;Санкт-Петербург, Каменноостровский просп., 52;59.971101;30.306408;osm-59.97110-30.30641;2026-08-23
Луна;Санкт-Петербург, Батарейная дорога, 8 к1;59.971167;30.253898;osm-59.97117-30.25390;2026-01-25
Хочу Пури;Санкт-Петербург, ул. Профессора Попова, 23;59.971188;30.314077;osm-59.97119-30.31408;2026-01-01
Луна;Санкт-Петербург, Батарейная дорога, 8 к1;59.971212;30.254141;osm-59.97121-30.25414;2026-01-25
Time for Coffee;Санкт-Петербург, ул. Профессора Попова, 27 к3 литТ;59.971353;30.307747;osm-59.97135-30.30775;2024-09-17
Greenbox;Санкт-Петербург, ул. Профессора Попова, 37 литК;59.971381;30.298713;osm-59.97138-30.29871;2024-04-05
Greenbox;Санкт-Петербург, ул. Профессора Попова, 37 литК;59.971411;30.298649;osm-59.97141-30.29865;2024-04-05
Es'pressa;Санкт-Петербург, ул. Рюхина, 8;59.971536;30.259061;osm-59.97154-30.25906;2026-06-13
Шаверма;Санкт-Петербург, просп. Энергетиков, 70 литВ;59.971544;30.435047;osm-59.97154-30.43505;2025-09-04
ManGo;Санкт-Петербург, Каменноостровский просп., 55/29;59.971560;30.306764;osm-59.97156-30.30676;2024-02-04
Carrot;Санкт-Петербург, ул. Химиков, 28 литАС;59.972205;30.481272;osm-59.97221-30.48127;2026-07-28
Кебаб;Санкт-Петербург, Кондратьевский просп., 49;59.972312;30.388616;osm-59.97231-30.38862;2024-05-06
Секретер;Санкт-Петербург, Аптекарская наб., 6;59.972316;30.326716;osm-59.97232-30.32672;2023-12-12
Enjoy plov;Санкт-Петербург, Каменноостровский просп., 59;59.972369;30.305970;osm-59.97237-30.30597;2026-06-08
Пирога;Санкт-Петербург, Большой Сампсониевский просп., 59;59.972773;30.340226;osm-59.97277-30.34023;2024-12-18
Etlon;Санкт-Петербург, Аптекарский просп., 5 с1;59.972996;30.320680;osm-59.97300-30.32068;2024-06-11
Слойка;Санкт-Петербург, Большой Сампсониевский просп., 60 литЦ;59.973066;30.334280;osm-59.97307-30.33428;2026-06-24
Bullhouse;Санкт-Петербург, ул. Кемская, 1;59.973257;30.259064;osm-59.97326-30.25906;2024-05-29
avcd;Санкт-Петербург, Аптекарский просп., 5;59.973375;30.320828;osm-59.97337-30.32083;2024-06-11
Medici;Санкт-Петербург, просп. Медиков, 10 к1;59.973409;30.315237;osm-59.97341-30.31524;2024-04-24
Kos.Place;Санкт-Петербург, Аптекарский просп., 5;59.973474;30.320869;osm-59.97347-30.32087;2026-04-03
Холи френдс;Санкт-Петербург, просп. Медиков, 10 к1;59.973600;30.315689;osm-59.97360-30.31569;2025-09-27
Puberty;Санкт-Петербург, ул. Гельсингфорсская, 2;59.973642;30.333691;osm-59.97364-30.33369;2026-06-24
Lighthouse;Санкт-Петербург, ул. Рюхина, 3 литА;59.973757;30.256412;osm-59.97376-30.25641;2024-06-25
Поляна;Санкт-Петербург, ул. Рюхина, 3 литА;59.973823;30.256565;osm-59.97382-30.25656;2024-06-25
Lareve;Санкт-Петербург, Аптекарский просп., 5 стр. 1;59.973828;30.321355;osm-59.97383-30.32136;2024-06-11
Asian Box;Санкт-Петербург, Большой Сампсониевский просп., 60 литП;59.974044;30.337570;osm-59.97404-30.33757;2025-04-07
Happy;Санкт-Петербург, наб. Мартынова, 20;59.974289;30.258574;osm-59.97429-30.25857;2026-02-18
Мишка;Санкт-Петербург, Аптекарский просп., 18;59.974345;30.318510;osm-59.97434-30.31851;2026-04-23
Марсельеза;Санкт-Петербург, наб. Мартынова, 16;59.974370;30.261040;osm-59.97437-30.26104;2025-10-12
Yagoda;Санкт-Петербург, наб. Мартынова, 16;59.974522;30.260454;osm-59.97452-30.26045;2025-10-12
Фильтр;Санкт-Петербург, Аптекарский просп., 18 литА;59.975345;30.318030;osm-59.97534-30.31803;2024-06-10
Hitch;Санкт-Петербург, просп. Медиков, 10 к1;59.975494;30.316998;osm-59.97549-30.31700;2024-08-26
Renard;Санкт-Петербург, ул. Академика Павлова, 3 литБ;59.975989;30.318926;osm-59.97599-30.31893;2026-04-23
Привет, сосед!;Санкт-Петербург, просп. Металлистов, 117;59.975988;30.386538;osm-59.97599-30.38654;2026-06-18
Чин Чин;Санкт-Петербург, ул. Александра Матросова, 1;59.976415;30.330672;osm-59.97642-30.33067;2026-06-21
La Catrina;Санкт-Петербург, просп. Медиков, 10 к1;59.976657;30.316817;osm-59.97666-30.31682;2024-05-06
Куркультура;Санкт-Петербург, просп. Медиков, 10 к1;59.976701;30.316689;osm-59.97670-30.31669;2024-05-06
Столовая;Санкт-Петербург, ул. Академика Павлова, 12М;59.976720;30.309518;osm-59.97672-30.30952;2024-08-20
Кебаб;Санкт-Петербург, ул. Александра Матросова, 1;59.976763;30.330232;osm-59.97676-30.33023;2026-06-24
Хайп;Санкт-Петербург, Большой Сампсониевский просп., 66 литО;59.976786;30.334386;osm-59.97679-30.33439;2026-07-22
Пельмения;Санкт-Петербург, Большой Сампсониевский просп., 66 литО;59.976816;30.334543;osm-59.97682-30.33454;2025-11-09
Наш кофе;Санкт-Петербург, Большой Сампсониевский просп., 66 литО;59.976981;30.334904;osm-59.97698-30.33490;2024-06-19
Капля кофе;Санкт-Петербург, ул. Александра Матросова, 1;59.977078;30.331029;osm-59.97708-30.33103;2025-04-08
Кебаб;Санкт-Петербург, ул. Академика Павлова, 8 к1;59.977149;30.315249;osm-59.97715-30.31525;2024-05-06
Chorizo pizza;Санкт-Петербург, ул. Академика Павлова, 8 к1;59.977304;30.314557;osm-59.97730-30.31456;2024-05-06
Subzero;Санкт-Петербург, ул. Академика Павлова, 5 литВ;59.977648;30.318426;osm-59.97765-30.31843;2025-09-24
Кинг Авто;Санкт-Петербург, Выборгская наб., 57 к1;59.978195;30.326597;osm-59.97819-30.32660;2026-06-24
Холи хотдоггерс;Санкт-Петербург, ул. Александра Матросова, 3 с2;59.978242;30.334380;osm-59.97824-30.33438;2024-09-28
НаBeeRежная;Санкт-Петербург, Аптекарская наб., 20;59.978289;30.314697;osm-59.97829-30.31470;2023-10-29
Чабрец;Санкт-Петербург, Аптекарская наб., 20;59.978306;30.315401;osm-59.97831-30.31540;2024-09-20
Еда на огне;Санкт-Петербург, Екатерининский просп., 2;59.978463;30.436867;osm-59.97846-30.43687;2025-01-22
Alpaca coffee;Санкт-Петербург, ул. Александра Матросова, 3 с1;59.978709;30.335526;osm-59.97871-30.33553;2026-06-21
Бирвайн;Санкт-Петербург, ул. Александра Матросова, 3 с1;59.978789;30.335744;osm-59.97879-30.33574;2024-09-28
Кебаб 24;Санкт-Петербург, Пискарёвский просп., 39;59.979476;30.421828;osm-59.97948-30.42183;2025-05-02
Сад-огород;Санкт-Петербург, ул. Кантемировская, 2;59.980832;30.324924;osm-59.98083-30.32492;2026-06-24
Briosh;Санкт-Петербург, просп. Маршала Блюхера, 7 к1;59.980984;30.374464;osm-59.98098-30.37446;2024-06-20
Самарканд;Санкт-Петербург, Ржевская пл., 1 литА;59.981160;30.510417;osm-59.98116-30.51042;2026-07-20
Сказка востока 1001 ночь;Санкт-Петербург, Лесной просп., 48;59.981694;30.342098;osm-59.98169-30.34210;2026-06-03
Капля кофе;Санкт-Петербург, ул. Новолитовская, 10;59.981750;30.355614;osm-59.98175-30.35561;2024-02-25
Eday;Санкт-Петербург, Ушаковская наб., 3 к1;59.981780;30.314167;osm-59.98178-30.31417;2024-11-06
Кебаб;Санкт-Петербург, ул. Новолитовская, 10;59.981788;30.355836;osm-59.98179-30.35584;2024-05-06
Сказка востока 1001 ночь;Санкт-Петербург, Лесной просп., 48;59.981861;30.342193;osm-59.98186-30.34219;2026-06-03
Восток;Санкт-Петербург, ул. Новолитовская, 10;59.981865;30.356240;osm-59.98186-30.35624;2025-09-16
Keny;Санкт-Петербург, наб. Чёрной речки, 5;59.982387;30.319457;osm-59.98239-30.31946;2026-09-16
Суши-Пицца;Санкт-Петербург, ул. Замшина, 33;59.982523;30.409513;osm-59.98252-30.40951;2025-04-23
Hand;Санкт-Петербург, ул. Новолитовская, 10;59.982746;30.355100;osm-59.98275-30.35510;2024-02-12
Native;Санкт-Петербург, ул. Грибалёвой, 7 к1;59.982947;30.355254;osm-59.98295-30.35525;2024-02-12
Вкусная Сочная Шаверма 24;Санкт-Петербург, Большой Сампсониевский просп., 69 к3;59.982968;30.336603;osm-59.98297-30.33660;2026-09-04
Etlon Cofee;Санкт-Петербург, ул. Кантемировская, 7;59.983188;30.333005;osm-59.98319-30.33300;2026-06-24
Кактус;Санкт-Петербург, Большой Сампсониевский просп., 69 к3;59.983225;30.336502;osm-59.98322-30.33650;2026-09-04
8:am;Санкт-Петербург, Большой Сампсониевский просп., 69 к3;59.983339;30.336459;osm-59.98334-30.33646;2026-09-04
Оцнеба;Санкт-Петербург, ул. Грибалёвой, 7 к1;59.983514;30.353676;osm-59.98351-30.35368;2026-08-15
Проще;Санкт-Петербург, Большой Сампсониевский просп., 76;59.983553;30.333474;osm-59.98355-30.33347;2026-06-02
Кебаб;Санкт-Петербург, ул. Грибалёвой, 7 к1;59.983629;30.353631;osm-59.98363-30.35363;2025-09-17
Bali;Санкт-Петербург, ул. Савушкина, 98;59.983862;30.254726;osm-59.98386-30.25473;2024-04-13
Декор;Санкт-Петербург, ул. Савушкина, 68;59.983893;30.272711;osm-59.98389-30.27271;2026-08-23
coffeers;Санкт-Петербург, Липовая аллея, 2 к2;59.984053;30.255815;osm-59.98405-30.25581;2026-08-14
Enzo Bistro;Санкт-Петербург, ул. Белоостровская, 10 к2;59.984066;30.325770;osm-59.98407-30.32577;2026-08-02
Сушимаг;Санкт-Петербург, ул. Богословская, 4 к1;59.984335;30.380212;osm-59.98434-30.38021;2025-11-11
Русские традиции;Санкт-Петербург, наб. Чёрной речки, 15;59.984701;30.316688;osm-59.98470-30.31669;2026-08-26
Культура;Санкт-Петербург, ул. Богословская, 4к1;59.984897;30.380345;osm-59.98490-30.38034;2024-03-30
Кофейня;Санкт-Петербург, Шишмарёвский пер., 6/40;59.984913;30.285221;osm-59.98491-30.28522;2026-08-23
Тепло;Санкт-Петербург, ул. Белоостровская, 6;59.984968;30.328024;osm-59.98497-30.32802;2024-05-09
Бирвайн;Санкт-Петербург, ул. Белоостровская, 10;59.984989;30.327072;osm-59.98499-30.32707;2025-11-30
Веранда;Санкт-Петербург, просп. Маршала Блюхера, 6;59.985257;30.366646;osm-59.98526-30.36665;2026-07-28
Столовая;Санкт-Петербург, ул. Дибуновская, 65;59.985339;30.259003;osm-59.98534-30.25900;2024-08-20
Sand Cafe;Санкт-Петербург, ул. Белоостровская, 7;59.985464;30.329353;osm-59.98546-30.32935;2026-08-02
Веранда;Санкт-Петербург, просп. Маршала Блюхера, 6;59.985467;30.366472;osm-59.98547-30.36647;2026-07-28
Sagoev Family;Санкт-Петербург, ул. Савушкина, 20;59.985524;30.292847;osm-59.98552-30.29285;2025-11-18
RestoShawa;Санкт-Петербург, ул. Студенческая, 3;59.985521;30.330393;osm-59.98552-30.33039;2024-05-21
Green Garden;Санкт-Петербург, ул. Белоостровская, 7;59.985602;30.328609;osm-59.98560-30.32861;2025-11-30
Бабушкины пироги;Санкт-Петербург, ул. Кантемировская, 26 к2;59.985599;30.345879;osm-59.98560-30.34588;2025-02-11
Шикэ;Санкт-Петербург, ул. Савушкина, 17;59.985624;30.289633;osm-59.98562-30.28963;2026-08-23
Kebab-station;Санкт-Петербург, ул. Кантемировская, 33;59.985632;30.350003;osm-59.98563-30.35000;2026-04-18
Бистро;Санкт-Петербург, ул. Кантемировская, 26 к2;59.985649;30.346199;osm-59.98565-30.34620;2025-02-11
Ohaus;Санкт-Петербург, ул. Академика Крылова, 4А;59.985898;30.299402;osm-59.98590-30.29940;2026-09-14
Хачапурная;Санкт-Петербург, ул. Савушкина, 13;59.985912;30.293655;osm-59.98591-30.29366;2026-08-23
Причал;Санкт-Петербург, ул. Академика Крылова, 3 к2;59.985910;30.302852;osm-59.98591-30.30285;2025-12-07
Bellostro;Санкт-Петербург, ул. Белоостровская, 9 литМ;59.985959;30.327582;osm-59.98596-30.32758;2026-08-09
Мококо;Санкт-Петербург, наб. Чёрной речки, 51 литА;59.985975;30.304390;osm-59.98598-30.30439;2024-07-07
Beergarden;Санкт-Петербург, ул. Академика Крылова, 4;59.985991;30.300204;osm-59.98599-30.30020;2025-11-23
Beergarden;Санкт-Петербург, ул. Академика Крылова, 4;59.986005;30.300318;osm-59.98600-30.30032;2025-11-23
Причал;Санкт-Петербург, ул. Академика Крылова, 3 к2;59.986014;30.302832;osm-59.98601-30.30283;2025-12-07
Евро Кебаб;Санкт-Петербург, ул. Петровская, 5;59.986079;29.783815;osm-59.98608-29.78382;2025-06-15
Инженерное кафе;Санкт-Петербург, ул. Петровская, 8 к2;59.986295;29.777321;osm-59.98629-29.77732;2025-10-09
Дамаск Кебаб;Санкт-Петербург, ул. Савушкина, 7;59.986764;30.298213;osm-59.98676-30.29821;2024-02-10
Сад-огород;Санкт-Петербург, ул. Белоостровская, 17 к2;59.986834;30.320945;osm-59.98683-30.32094;2024-05-10
Томята;Санкт-Петербург, ул. Петровская, 10 к3;59.986921;29.774983;osm-59.98692-29.77498;2025-10-05
Вкусная пауза;Санкт-Петербург, ул. Белоостровская, 20;59.986924;30.318487;osm-59.98692-30.31849;2025-11-30
Фудзила;Санкт-Петербург, Липовая аллея, 15;59.987003;30.256744;osm-59.98700-30.25674;2026-08-14
Ели-Пили;Санкт-Петербург, ул. Школьная, 64;59.987007;30.263927;osm-59.98701-30.26393;2024-07-16
Морская шаверма;Санкт-Петербург, ул. Макаровская, 2А;59.987079;29.764194;osm-59.98708-29.76419;2025-06-15
Шаверма;Санкт-Петербург, ул. Репнинская, 2 к2;59.987085;30.425494;osm-59.98709-30.42549;2024-06-05
Электростанция;Санкт-Петербург, ул. Макаровская, 2А;59.987108;29.763452;osm-59.98711-29.76345;2025-07-27
Чинар;Санкт-Петербург, Липовая аллея, 12 к2 литА;59.987124;30.256005;osm-59.98712-30.25600;2026-08-14
Taco L. V.;Санкт-Петербург, ул. Савушкина, 1/2;59.987154;30.300886;osm-59.98715-30.30089;2025-12-04
Столовая №5;Санкт-Петербург, ул. Белоостровская, 25;59.987207;30.316183;osm-59.98721-30.31618;2025-11-30
Любимая пышка;Санкт-Петербург, ул. Макаровская, 2А литБ;59.987341;29.762414;osm-59.98734-29.76241;2025-07-27
Мама Пури;Санкт-Петербург, Большой Сампсониевский просп., 92;59.987558;30.333699;osm-59.98756-30.33370;2025-06-06
Наша столовая;Санкт-Петербург, ул. Сердобольская, 57/26;59.987572;30.313747;osm-59.98757-30.31375;2026-08-09
Granola;Санкт-Петербург, Кушелевская дорога, 3 к2;59.987738;30.369008;osm-59.98774-30.36901;2026-07-30
My Little Pub;Санкт-Петербург, Кушелевская дорога, 3 к2;59.987975;30.369427;osm-59.98797-30.36943;2026-07-30
Суши Тайм;Санкт-Петербург, ул. Ленинградская, 3;59.987997;29.789617;osm-59.98800-29.78962;2026-06-01
Sushi City;Санкт-Петербург, Кушелевская дорога, 3 к2;59.988069;30.369683;osm-59.98807-30.36968;2026-07-30
Berry Wood;Санкт-Петербург, Кушелевская дорога, 3 к2;59.988105;30.369810;osm-59.98810-30.36981;2026-07-30
Кофе с собой;Санкт-Петербург, Торфяная дорога, 2 к1;59.988163;30.255953;osm-59.98816-30.25595;2026-08-14
Чайка;Санкт-Петербург, ул. Петровская, 17;59.988407;29.772322;osm-59.98841-29.77232;2025-10-15
БлинОк;Санкт-Петербург, ул. Петровская, 19;59.988500;29.771872;osm-59.98850-29.77187;2025-10-15
Блин-арт;Санкт-Петербург, ул. Петровская, 19;59.988516;29.771770;osm-59.98852-29.77177;2025-10-15
Кофе с собой;Санкт-Петербург, Торфяная дорога, 2;59.988834;30.255916;osm-59.98883-30.25592;2025-07-12
Кофе и булочки Express;Санкт-Петербург, Торфяная дорога, 4;59.989224;30.255817;osm-59.98922-30.25582;2025-07-12
Мидийная история;Санкт-Петербург, Кушелевская дорога, 7 к1;59.989463;30.374580;osm-59.98946-30.37458;2025-02-21
Бакинский кебаб;Санкт-Петербург, Ланское ш., 5;59.989467;30.302385;osm-59.98947-30.30239;2026-08-22
Фарт;Санкт-Петербург, ул. Коммунистическая, 3;59.989729;29.770644;osm-59.98973-29.77064;2024-08-05
Извольте;Санкт-Петербург, Ланское ш., 5;59.989882;30.303356;osm-59.98988-30.30336;2026-06-01
Мыс доброй надежды;Санкт-Петербург, ул. Коммунистическая, 14;59.989930;29.771687;osm-59.98993-29.77169;2025-07-27
Свежая выпечка;Санкт-Петербург, Торфяная дорога, 6;59.989970;30.255002;osm-59.98997-30.25500;2024-03-13
Столовая;Санкт-Петербург, ул. Мебельная, 12 к1;59.990182;30.241891;osm-59.99018-30.24189;2024-05-15
Лиман;Санкт-Петербург, Ланское ш., 13;59.990461;30.305172;osm-59.99046-30.30517;2026-06-27
Шаверма;Санкт-Петербург, Торфяная дорога, 6;59.990509;30.254397;osm-59.99051-30.25440;2024-03-13
Кебаб;Санкт-Петербург, ул. Политехническая, 1 к5;59.990667;30.352744;osm-59.99067-30.35274;2024-05-06
Египетская шаверма;Санкт-Петербург, Ланское ш., 13;59.990708;30.306201;osm-59.99071-30.30620;2026-06-27
Кебаб;Санкт-Петербург, ул. Новосибирская, 10;59.990725;30.306360;osm-59.99072-30.30636;2026-09-14
Роб-Son;Санкт-Петербург, просп. Ленина, 53;59.991042;29.760947;osm-59.99104-29.76095;2025-10-15
Вкусно — и точка. Авто;Санкт-Петербург, ул. Карбышева, 9;59.992726;30.354181;osm-59.99273-30.35418;2025-03-28
Аттика;Санкт-Петербург, ул. Советская, 21А;59.992994;29.781035;osm-59.99299-29.78103;2025-11-07
Кебаб;Санкт-Петербург, ул. Карбышева, 6 с1;59.993114;30.356195;osm-59.99311-30.35619;2025-02-25
Суши Мастер;Санкт-Петербург, ул. Карбышева, 9;59.993159;30.353979;osm-59.99316-30.35398;2025-02-25
Базилик;Санкт-Петербург, просп. Непокорённых, 63Б;59.993263;30.407901;osm-59.99326-30.40790;2023-12-29
Пиf'ko;Санкт-Петербург, ул. Карбышева, 9;59.993321;30.353751;osm-59.99332-30.35375;2025-02-25
Лавка пекаря;Санкт-Петербург, ул. Советская, 31/33;59.993429;29.778574;osm-59.99343-29.77857;2025-10-08
Rabbit cafe;Санкт-Петербург, Ланское ш., 14 к1;59.993538;30.312027;osm-59.99354-30.31203;2024-07-06
Базилик;Санкт-Петербург, просп. Непокорённых, 63Б;59.993558;30.407700;osm-59.99356-30.40770;2023-10-16
Файнд-Кофе;Санкт-Петербург, ул. Карбышева, 6;59.993628;30.357403;osm-59.99363-30.35740;2026-04-03
Кручу Верчу;Санкт-Петербург, Торфяная дорога, 13;59.993681;30.256152;osm-59.99368-30.25615;2026-09-13
Лайка;Санкт-Петербург, ул. Карбышева, 6;59.993692;30.357312;osm-59.99369-30.35731;2025-02-25
Лесопилка;Санкт-Петербург, ул. Карбышева, 6;59.993893;30.357156;osm-59.99389-30.35716;2025-02-25
Шаверма;Санкт-Петербург, пл. Рошаля, 10;59.994013;29.778677;osm-59.99401-29.77868;2025-10-15
За Стеной;Санкт-Петербург, ул. Сердобольская, 2В литА;59.994089;30.330022;osm-59.99409-30.33002;2023-11-22
Олд Котлин;Санкт-Петербург, ул. Карла Либкнехта, 29;59.994230;29.778890;osm-59.99423-29.77889;2025-10-15
Кофе & булочка;Санкт-Петербург, просп. Непокорённых, 49;59.994401;30.387131;osm-59.99440-30.38713;2025-07-21
Миндаль;Санкт-Петербург, просп. Ленина, 33;59.994465;29.763828;osm-59.99446-29.76383;2025-10-07
Сказка;Санкт-Петербург, просп. Ленина, 31;59.994641;29.763968;osm-59.99464-29.76397;2025-06-15
Бирвайн;Санкт-Петербург, Торфяная дорога, 17 к1;59.995127;30.256099;osm-59.99513-30.25610;2026-09-13
Каштан;Санкт-Петербург, просп. Ленина, 25/2;59.995682;29.764422;osm-59.99568-29.76442;2024-08-24
Пивной кич;Санкт-Петербург, Ланское ш., 69;59.995937;30.322165;osm-59.99594-30.32216;2025-09-17
BEERstudia;Санкт-Петербург, просп. Непокорённых, 16;59.996248;30.382566;osm-59.99625-30.38257;2025-04-15
СтрекоZа;Санкт-Петербург, просп. Ленина, 16 литА;59.996318;29.767101;osm-59.99632-29.76710;2025-06-15
кафе-столовая «Гостиный»;Санкт-Петербург, просп. Ленина, 16 литА;59.996343;29.766975;osm-59.99634-29.76697;2026-02-24
Papa gril;Санкт-Петербург, просп. Ленина, 16 литА;59.996448;29.766412;osm-59.99645-29.76641;2025-06-15
Кебаб;Санкт-Петербург, ул. Полевая Сабировская, 47 к1;59.996753;30.273919;osm-59.99675-30.27392;2024-01-17
Элтон кофе;Санкт-Петербург, просп. Ленина, 16;59.997209;29.767902;osm-59.99721-29.76790;2025-06-15
Вольчек;Санкт-Петербург, просп. Ленина, 8;59.998549;29.768057;osm-59.99855-29.76806;2025-10-15
Вкус Кебаб;Санкт-Петербург, 2-й Муринский просп., 51;59.998550;30.360643;osm-59.99855-30.36064;2024-05-25
Крепкое хмельное;Санкт-Петербург, Коломяжский просп., 13 к2;59.998672;30.301739;osm-59.99867-30.30174;2025-09-17
Азиатская кухня;Санкт-Петербург, просп. Непокорённых, 2;59.998666;30.366573;osm-59.99867-30.36657;2025-01-23
Хороший повод;Санкт-Петербург, ул. Политехническая, 17 к2;59.999514;30.367066;osm-59.99951-30.36707;2023-11-09
Пиво & рыба;Санкт-Петербург, ул. Хлопина, 7 к4;59.999556;30.370024;osm-59.99956-30.37002;2025-02-09
Невская трапеза;Санкт-Петербург, ул. Гжатская, 9;59.999677;30.380628;osm-59.99968-30.38063;2024-05-21
WayCup;Санкт-Петербург, 2-й Муринский просп., 41;59.999748;30.352590;osm-59.99975-30.35259;2023-10-14
Кебаб;Санкт-Петербург, ул. Оптиков, 34 к1;59.999816;30.216053;osm-59.99982-30.21605;2024-05-06
O'Briens;Санкт-Петербург, Богатырский просп., 7 к8;59.999901;30.283582;osm-59.99990-30.28358;2023-10-28
Polly MacMolly;Санкт-Петербург, ул. Оптиков, 34 к1;59.999908;30.214947;osm-59.99991-30.21495;2026-07-08
Кебаб;Санкт-Петербург, Ипподромный пер., 3 к1;59.999925;30.309713;osm-59.99992-30.30971;2024-01-17
Etlon;Санкт-Петербург, ул. Оптиков, 34 к1;59.999951;30.214883;osm-59.99995-30.21488;2026-07-13
1914;Санкт-Петербург, просп. Тореза, 8;60.000041;30.362102;osm-60.00004-30.36210;2025-12-19
Сеньор Денёр;Санкт-Петербург, просп. Тореза, 9;60.000172;30.364483;osm-60.00017-30.36448;2024-02-07
Шеф кебаб;Санкт-Петербург, просп. Тореза, 9;60.000174;30.365154;osm-60.00017-30.36515;2025-04-25
Люди Любят Хлеб;Санкт-Петербург, Богатырский просп., 7 к9;60.000183;30.287088;osm-60.00018-30.28709;2024-07-23
Оливье Жиру;Санкт-Петербург, ул. Яхтенная, 28;60.000253;30.221372;osm-60.00025-30.22137;2024-05-03
Семь пятниц;Санкт-Петербург, Ипподромный пер., 1 к2;60.000364;30.306850;osm-60.00036-30.30685;2025-09-17
Рюмка;Санкт-Петербург, просп. Тореза, 9;60.000614;30.363054;osm-60.00061-30.36305;2025-01-22
Крылышки Джо;Санкт-Петербург, ул. Яхтенная, 28;60.000826;30.221533;osm-60.00083-30.22153;2024-03-27
Bona;Санкт-Петербург, Комендантский просп., 2;60.001301;30.265785;osm-60.00130-30.26579;2025-10-07
Rostic's Авто;Санкт-Петербург, ул. Гаккелевская, 23;60.001660;30.256678;osm-60.00166-30.25668;2025-10-26
Bo cafe;Санкт-Петербург, Коломяжский просп., 22;60.001706;30.296892;osm-60.00171-30.29689;2026-07-03
Кебаб;Санкт-Петербург, 2-й Муринский просп., 14;60.002205;30.339212;osm-60.00220-30.33921;2024-05-06
биркоф;Санкт-Петербург, Богатырский просп., 25 к1;60.002287;30.251674;osm-60.00229-30.25167;2023-11-16
Пшеница;Санкт-Петербург, ул. Оптиков, 45 к1;60.002782;30.204618;osm-60.00278-30.20462;2024-05-06
Вкусная и Сочная;Санкт-Петербург, 2-й Муринский просп., 10;60.002790;30.335135;osm-60.00279-30.33514;2025-06-28
Чача и вино;Санкт-Петербург, просп. Тореза, 21;60.003078;30.360142;osm-60.00308-30.36014;2026-03-16
Лапшичная У;Санкт-Петербург, ул. Оптиков, 47 к1;60.003219;30.201640;osm-60.00322-30.20164;2025-10-13
Восток;Санкт-Петербург, 2-й Муринский просп., 2 к1;60.003243;30.330880;osm-60.00324-30.33088;2025-02-23
Восток;Санкт-Петербург, 2-й Муринский просп., 2 к1;60.003271;30.330898;osm-60.00327-30.33090;2025-02-23
Mangal Grill;Санкт-Петербург, ул. Оптиков, 51 к1;60.003374;30.196828;osm-60.00337-30.19683;2025-12-14
Hochu Coffee;Санкт-Петербург, Коломяжский просп., 26Б;60.003549;30.298253;osm-60.00355-30.29825;2024-06-25
Вкусно — и точка. Авто;Санкт-Петербург, Богатырский просп., 42;60.003628;30.227944;osm-60.00363-30.22794;2025-03-28
Суши white;Санкт-Петербург, Богатырский просп., 35 к1;60.003637;30.242025;osm-60.00364-30.24203;2023-10-28
Аркадий Кур Крыло;Санкт-Петербург, Богатырский просп., 35 к1;60.003830;30.242334;osm-60.00383-30.24233;2023-10-28
1 Food Factory;Санкт-Петербург, ул. Туристская, 25;60.003978;30.211929;osm-60.00398-30.21193;2024-09-14
Бахрома;Санкт-Петербург, просп. Сизова, 9;60.004334;30.273048;osm-60.00433-30.27305;2026-07-28
Городские пекарни;Санкт-Петербург, просп. Испытателей, 7 к2;60.004352;30.294650;osm-60.00435-30.29465;2024-07-23
Коптильня;Санкт-Петербург, ул. Туристская, 28 к3;60.004448;30.205745;osm-60.00445-30.20575;2025-05-27
Роял Пицца;Санкт-Петербург, Шуваловский просп., 74 к1;60.004550;30.197266;osm-60.00455-30.19727;2025-05-18
Bonape;Санкт-Петербург, Шуваловский просп., 74 к1;60.004847;30.196961;osm-60.00485-30.19696;2025-07-27
Огородники;Санкт-Петербург, Институтский просп., 22 лит А;60.004858;30.348189;osm-60.00486-30.34819;2026-04-07
Кореана;Санкт-Петербург, Коломяжский просп., 17 к2;60.004893;30.300941;osm-60.00489-30.30094;2025-04-26
Фиорд;Санкт-Петербург, ул. Туристская, 30 к1;60.004902;30.210417;osm-60.00490-30.21042;2025-04-03
Italiani;Санкт-Петербург, Коломяжский просп., 17 к2;60.004911;30.301066;osm-60.00491-30.30107;2025-05-08
Кондитерская хорошего настроения;Санкт-Петербург, Коломяжский просп., 17 к2;60.004989;30.300800;osm-60.00499-30.30080;2025-05-08
Ёгурти;Санкт-Петербург, Коломяжский просп., 17 к2;60.005040;30.300956;osm-60.00504-30.30096;2025-05-08
Мамо;Санкт-Петербург, Коломяжский просп., 17 к2;60.005102;30.301331;osm-60.00510-30.30133;2025-05-08
Чу До;Санкт-Петербург, Коломяжский просп., 17 к2;60.005132;30.301246;osm-60.00513-30.30125;2025-05-08
Бабагануш;Санкт-Петербург, Коломяжский просп., 17 к2;60.005137;30.301380;osm-60.00514-30.30138;2026-05-09
Забыли сахар;Санкт-Петербург, Коломяжский просп., 17 к2;60.005225;30.301128;osm-60.00523-30.30113;2025-05-08
Tuk-tuk;Санкт-Петербург, Коломяжский просп., 17 к2;60.005248;30.301245;osm-60.00525-30.30125;2025-05-08
Hagao;Санкт-Петербург, Коломяжский просп., 17 к2;60.005284;30.300494;osm-60.00528-30.30049;2025-02-16
Californication;Санкт-Петербург, Коломяжский просп., 17 к2;60.005295;30.300610;osm-60.00529-30.30061;2025-02-16
Pizza 22;Санкт-Петербург, Коломяжский просп., 17 к2;60.005367;30.301327;osm-60.00537-30.30133;2025-05-08
Beer hut;Санкт-Петербург, ул. Бутлерова, 11 к4;60.005556;30.404172;osm-60.00556-30.40417;2024-05-11
Fleet Street;Санкт-Петербург, ул. Бутлерова, 11 к4;60.005765;30.404500;osm-60.00576-30.40450;2026-06-17
Суши-бар;Санкт-Петербург, ул. Бутлерова, 11 к3;60.005841;30.402491;osm-60.00584-30.40249;2024-03-06
Гурмэ Шаурмэ;Санкт-Петербург, Шуваловский просп., 72 к1;60.005882;30.197855;osm-60.00588-30.19786;2026-07-25
Кетчап Бургерс;Санкт-Петербург, Комендантская пл., 8;60.006085;30.259553;osm-60.00608-30.25955;2023-10-28
Дон Донер;Санкт-Петербург, Гражданский просп., 26;60.006589;30.389291;osm-60.00659-30.38929;2026-06-10
Taiga Coffee;Санкт-Петербург, Гражданский просп., 26;60.006601;30.389240;osm-60.00660-30.38924;2025-07-22
Molly;Санкт-Петербург, просп. Испытателей, 37;60.006707;30.264235;osm-60.00671-30.26423;2023-10-28
Фаsol;Санкт-Петербург, просп. Испытателей, 30 к1;60.006777;30.264794;osm-60.00678-30.26479;2023-11-27
Пивомания;Санкт-Петербург, Богатырский просп., 55 к1;60.007064;30.214256;osm-60.00706-30.21426;2026-07-25
Чайхона;Санкт-Петербург, Богатырский просп., 55 к1;60.007191;30.213532;osm-60.00719-30.21353;2026-08-12
Суши-гастроном Manga;Санкт-Петербург, просп. Испытателей, 29 к1;60.007223;30.272641;osm-60.00722-30.27264;2023-10-28
Добрый Грузин;Санкт-Петербург, Богатырский просп., 60 к1;60.007232;30.204257;osm-60.00723-30.20426;2026-01-19
Мишка;Санкт-Петербург, Светлановский просп., 8;60.007358;30.336854;osm-60.00736-30.33685;2025-12-14
Gaststatte;Санкт-Петербург, просп. Испытателей, 37;60.007387;30.264282;osm-60.00739-30.26428;2023-10-28
Delmar;Санкт-Петербург, ул. Туристская, 34;60.007566;30.211894;osm-60.00757-30.21189;2026-07-25
Южная ночь;Санкт-Петербург, ул. Курчатова, 9Б;60.007901;30.360409;osm-60.00790-30.36041;2024-04-15
Гуси-Лебеди;Санкт-Петербург, Коломяжский просп., 19 к2;60.007951;30.297552;osm-60.00795-30.29755;2023-10-28
КиО;Санкт-Петербург, Комендантский просп., 12;60.008015;30.257897;osm-60.00802-30.25790;2024-09-14
Karaoke One;Санкт-Петербург, просп. Испытателей, 35;60.008448;30.262601;osm-60.00845-30.26260;2026-08-03
Peperoni;Санкт-Петербург, ул. Обручевых, 2;60.009157;30.377163;osm-60.00916-30.37716;2025-01-29
PROPAGANDA;Санкт-Петербург, просп. Энгельса, 33 к1;60.010105;30.325952;osm-60.01011-30.32595;2023-10-27
Водопад;Санкт-Петербург, Тихорецкий просп., 2 к2 с1;60.010344;30.368487;osm-60.01034-30.36849;2025-12-21
Чайхона;Санкт-Петербург, Тихорецкий просп., 2 к2 с1;60.010408;30.368469;osm-60.01041-30.36847;2025-10-08
AJ кофе;Санкт-Петербург, ул. Манчестерская, 3;60.010775;30.329024;osm-60.01078-30.32902;2026-04-11
Китайская кухня;Санкт-Петербург, ул. Гжатская, 22 к2;60.010936;30.386626;osm-60.01094-30.38663;2025-07-08
Мясо&Хлеб;Санкт-Петербург, просп. Науки, 23 литА;60.010984;30.401694;osm-60.01098-30.40169;2026-04-02
Или;Санкт-Петербург, Комендантский просп., 17 к1;60.011200;30.257008;osm-60.01120-30.25701;2025-10-08
Чабриз;Санкт-Петербург, ул. Байконурская, 21;60.011244;30.279580;osm-60.01124-30.27958;2026-04-24
Добрый Грузин;Санкт-Петербург, Комендантский просп., 17 к1;60.011288;30.256771;osm-60.01129-30.25677;2025-04-30
Чабриз;Санкт-Петербург, ул. Байконурская, 21;60.011294;30.279410;osm-60.01129-30.27941;2026-04-24
Ростикс;Санкт-Петербург, ул. Байконурская, 22 с1;60.011370;30.277280;osm-60.01137-30.27728;2026-06-28
Контакт;Санкт-Петербург, просп. Науки, 23 к2;60.011497;30.402296;osm-60.01150-30.40230;2026-01-19
В двух шагах;Санкт-Петербург, просп. Королёва, 21;60.011751;30.279961;osm-60.01175-30.27996;2023-10-28
O'Briens;Санкт-Петербург, просп. Королёва, 21;60.011864;30.279041;osm-60.01186-30.27904;2023-10-28
Ларисуваннухочу;Санкт-Петербург, просп. Науки, 14 к1;60.011900;30.403961;osm-60.01190-30.40396;2025-01-21
Терияки;Санкт-Петербург, Гражданский просп., 41 к2;60.012117;30.398011;osm-60.01212-30.39801;2025-06-30
Ся&мынь;Санкт-Петербург, Гражданский просп., 41 к2;60.012146;30.397886;osm-60.01215-30.39789;2026-01-08
Pub Dublin;Санкт-Петербург, просп. Науки, 19 к2;60.012235;30.394921;osm-60.01223-30.39492;2024-04-15
Lounge beer burger;Санкт-Петербург, просп. Науки, 19/2;60.012269;30.395338;osm-60.01227-30.39534;2025-04-15
Double Bubble Tea;Санкт-Петербург, Гражданский просп., 41Б;60.012342;30.398095;osm-60.01234-30.39810;2026-01-08
Самое Время;Санкт-Петербург, Гражданский просп., 41 к2;60.012373;30.399396;osm-60.01237-30.39940;2025-06-30
Кукуруза;Санкт-Петербург, просп. Энгельса, 41;60.012684;30.324347;osm-60.01268-30.32435;2025-08-28
Кебаб;Санкт-Петербург, ул. Обручевых, 5;60.012727;30.379338;osm-60.01273-30.37934;2025-12-22
Поднебесная;Санкт-Петербург, ул. Уточкина, 7;60.012808;30.264931;osm-60.01281-30.26493;2023-10-28
Пиза;Санкт-Петербург, ул. Новоцентральная, 1/2;60.012820;30.011349;osm-60.01282-30.01135;2025-10-27
Тили-тесто;Санкт-Петербург, просп. Науки, 19 к1;60.012984;30.397155;osm-60.01298-30.39716;2024-05-13
Тили-тесто;Санкт-Петербург, просп. Науки, 19 к1;60.013009;30.397149;osm-60.01301-30.39715;2024-05-13
Docker;Санкт-Петербург, ул. Гжатская, 22 к4;60.013297;30.388721;osm-60.01330-30.38872;2024-12-06
Fairytale;Санкт-Петербург, Костромской просп., 10;60.013306;30.317793;osm-60.01331-30.31779;2026-03-09
Чайникофф;Санкт-Петербург, Гражданский просп., 43 к1;60.013440;30.399463;osm-60.01344-30.39946;2026-09-07
Xplace;Санкт-Петербург, ул. Гжатская, 22 к4;60.013585;30.388106;osm-60.01358-30.38811;2024-12-06
Чайхана Регистан;Санкт-Петербург, Гражданский просп., 1;60.013814;30.397974;osm-60.01381-30.39797;2026-09-01
Шаверма;Санкт-Петербург, Гражданский просп., 1;60.013876;30.397802;osm-60.01388-30.39780;2026-09-01
Персоны;Санкт-Петербург, Коломяжский просп., 33 к2;60.013984;30.296041;osm-60.01398-30.29604;2025-05-06
Чайхана Самарканд;Санкт-Петербург, Гражданский просп., 1;60.014020;30.398096;osm-60.01402-30.39810;2026-09-01
Рамен Шифу;Санкт-Петербург, просп. Науки, 17 к6;60.014126;30.391365;osm-60.01413-30.39137;2024-05-21
Столовая Ленинград;Санкт-Петербург, Коломяжский просп., 33;60.014769;30.294720;osm-60.01477-30.29472;2025-05-13
У тёти Оли;Санкт-Петербург, Тихорецкий просп., 9 к5;60.014930;30.371229;osm-60.01493-30.37123;2026-08-18
To go;Санкт-Петербург, Гражданский просп., 78;60.015077;30.398255;osm-60.01508-30.39825;2026-08-28
Рамен Шифу;Санкт-Петербург, просп. Науки, 17 к2;60.015101;30.385902;osm-60.01510-30.38590;2026-04-02
Black Shawerma;Санкт-Петербург, просп. Науки, 17к2;60.015104;30.386232;osm-60.01510-30.38623;2025-05-07
Чайка;Санкт-Петербург, просп. Науки, 8 к2;60.015873;30.389767;osm-60.01587-30.38977;2026-07-04
Грузинская кухня;Санкт-Петербург, ул. Парашютная, 10;60.015969;30.284894;osm-60.01597-30.28489;2025-01-31
Малина;Санкт-Петербург, Гражданский просп., 84;60.016047;30.398342;osm-60.01605-30.39834;2026-08-28
Чебуречная;Санкт-Петербург, Гражданский просп., 84;60.016046;30.398557;osm-60.01605-30.39856;2026-08-28
Хванчкара;Санкт-Петербург, Тихорецкий просп., 15;60.016098;30.368529;osm-60.01610-30.36853;2025-12-21
Огонь да мясо;Санкт-Петербург, Гражданский просп., 75 к7;60.017130;30.402781;osm-60.01713-30.40278;2026-09-07
КофеДэлИя;Санкт-Петербург, Гражданский просп., 75 к7;60.017285;30.402936;osm-60.01729-30.40294;2026-09-07
Вкусно — и точка. Авто;Санкт-Петербург, Ярославский просп., 45;60.017361;30.320273;osm-60.01736-30.32027;2025-03-28
Суворов;Санкт-Петербург, Тихорецкий просп., 26;60.017599;30.366870;osm-60.01760-30.36687;2024-05-21
Караван;Санкт-Петербург, ул. Планерная, 49 литБ;60.017706;30.229469;osm-60.01771-30.22947;2025-07-09
Мастер Кофейного Вкуса;Санкт-Петербург, ул. 1-я Никитинская, 30;60.017885;30.289024;osm-60.01788-30.28902;2025-01-08
Мацони;Санкт-Петербург, ул. Парашютная, 25 к1;60.019311;30.269958;osm-60.01931-30.26996;2023-10-28
Ферма Бенуа;Санкт-Петербург, Тихорецкий просп., 17 литГ;60.019503;30.370345;osm-60.01950-30.37035;2025-12-24
Мишка;Санкт-Петербург, ул. Парашютная, 27 к2;60.020149;30.268292;osm-60.02015-30.26829;2025-10-30
Шаверма 24;Санкт-Петербург, Гражданский просп., 92 к1;60.020478;30.404255;osm-60.02048-30.40425;2026-07-16
Wolf family pub;Санкт-Петербург, ул. Академика Константинова, 1 к1 с1;60.021834;30.382811;osm-60.02183-30.38281;2026-08-18
YuKi;Санкт-Петербург, ул. Планерная, 59;60.022269;30.225022;osm-60.02227-30.22502;2025-10-12
Шава кинг;Санкт-Петербург, Светлановский просп., 38 к5;60.022897;30.375917;osm-60.02290-30.37592;2025-04-10
Dequfo;Санкт-Петербург, просп. Тореза, 77 к1 с1;60.023341;30.327953;osm-60.02334-30.32795;2024-05-07
Tangiers Lounge Gothic;Санкт-Петербург, просп. Энгельса, 75А;60.023457;30.320474;osm-60.02346-30.32047;2026-07-02
Top Coffee;Санкт-Петербург, ул. Жака Дюкло, 20;60.025315;30.334329;osm-60.02531-30.33433;2024-02-08
Мясо и хлеб;Санкт-Петербург, Светлановский просп., 48 к4;60.025442;30.382605;osm-60.02544-30.38261;2024-11-16
Поляна;Санкт-Петербург, просп. Тореза, 89;60.025876;30.324815;osm-60.02588-30.32482;2024-09-23
Поляна;Санкт-Петербург, просп. Тореза, 89;60.026204;30.324823;osm-60.02620-30.32482;2024-09-23
23 этажа;Санкт-Петербург, ул. Есенина, 1 к1;60.028045;30.330151;osm-60.02804-30.33015;2026-05-09
Next Door;Санкт-Петербург, ул. Лиственная, 20;60.028375;30.338044;osm-60.02837-30.33804;2026-04-24
Pizza Roni;Санкт-Петербург, ул. Есенина, 1 к1;60.028764;30.330430;osm-60.02876-30.33043;2024-05-06
Помним-Любим;Санкт-Петербург, ул. Есенина, 1 к1;60.028869;30.330407;osm-60.02887-30.33041;2024-05-07
Мечта тут;Санкт-Петербург, ул. Есенина, 1 к1;60.028967;30.330385;osm-60.02897-30.33038;2024-05-06
Кебаб;Санкт-Петербург, просп. Королёва, 59 к4 с1;60.028991;30.248509;osm-60.02899-30.24851;2024-05-06
Городские пекарни;Санкт-Петербург, ул. Парашютная, 42 к2;60.029351;30.249521;osm-60.02935-30.24952;2026-02-15
Пивная библиотека;Санкт-Петербург, ул. Есенина, 1/1;60.029662;30.330232;osm-60.02966-30.33023;2024-05-06
Сегодня Вечером;Санкт-Петербург, ул. Есенина, 1/1;60.029857;30.331384;osm-60.02986-30.33138;2026-04-24
FatBoy;Санкт-Петербург, ул. Ивинская, 7;60.029888;30.132018;osm-60.02989-30.13202;2026-06-20
ZelenMelen;Санкт-Петербург, ул. Ивинская, 7;60.029965;30.132221;osm-60.02996-30.13222;2026-06-20
Pizzaroni;Санкт-Петербург, ул. Глухарская, 9;60.030028;30.218281;osm-60.03003-30.21828;2026-05-09
Шуваловъ;Санкт-Петербург, Шуваловский просп., 41 к1;60.030089;30.241870;osm-60.03009-30.24187;2023-12-26
Bona;Санкт-Петербург, ул. Есенина, 1/1;60.030149;30.331052;osm-60.03015-30.33105;2025-10-07
Чабрец;Санкт-Петербург, Тихорецкий просп., 43;60.031604;30.365969;osm-60.03160-30.36597;2025-01-19
Шава, пышка и хот-дог;Санкт-Петербург, ул. Ивинская, 17;60.031631;30.129151;osm-60.03163-30.12915;2026-01-23
Кофе-Да!;Санкт-Петербург, ул. Ивинская, 17;60.031697;30.129678;osm-60.03170-30.12968;2026-01-23
Чабрец;Санкт-Петербург, Тихорецкий просп., 43;60.031702;30.365967;osm-60.03170-30.36597;2025-01-19
Forest;Санкт-Петербург, ул. Планерная, 91 к1 с1;60.031742;30.198528;osm-60.03174-30.19853;2024-06-06
1 Food factory;Санкт-Петербург, просп. Культуры, 1;60.033096;30.367276;osm-60.03310-30.36728;2026-08-29
Челлентани;Санкт-Петербург, Комендантский просп., 58;60.033740;30.226753;osm-60.03374-30.22675;2025-10-10
Кореана;Санкт-Петербург, ул. Сикейроса, 11 к1;60.034026;30.329411;osm-60.03403-30.32941;2024-04-24
Кими;Санкт-Петербург, Комендантский просп., 61 с1;60.034153;30.229736;osm-60.03415-30.22974;2026-01-05
Любим сытно;Санкт-Петербург, ул. Плесецкая, 10 с1;60.034419;30.217713;osm-60.03442-30.21771;2024-02-05
Евро Кебаб;Санкт-Петербург, ул. Парашютная, 63 к1 с2;60.034845;30.249323;osm-60.03484-30.24932;2025-02-14
Peggy O`Neill`s;Санкт-Петербург, просп. Художников, 9 к1;60.034986;30.344446;osm-60.03499-30.34445;2025-04-13
Шаурма;Санкт-Петербург, ул. Сикейроса, 21 к1А;60.035056;30.343108;osm-60.03506-30.34311;2025-04-13
Кебаб;Санкт-Петербург, ул. Парашютная, 61 к1;60.035089;30.250259;osm-60.03509-30.25026;2024-05-06
Drive Cafe;Санкт-Петербург, просп. Культуры, 3а;60.035162;30.366035;osm-60.03516-30.36604;2025-01-19
33 пингвина;Санкт-Петербург, Комендантский просп., 63;60.035334;30.228703;osm-60.03533-30.22870;2026-07-10
Рандеву;Санкт-Петербург, просп. Культуры, 4 к5;60.035733;30.364621;osm-60.03573-30.36462;2026-05-03
Рандеву;Санкт-Петербург, просп. Культуры, 4 к5;60.035793;30.364636;osm-60.03579-30.36464;2026-05-03
Шаверма;Санкт-Петербург, просп. Луначарского, 76 к2;60.036482;30.365644;osm-60.03648-30.36564;2026-05-03
КультБар;Санкт-Петербург, просп. Луначарского, 76 к2;60.036850;30.364465;osm-60.03685-30.36446;2025-11-16
Лель;Санкт-Петербург, просп. Луначарского, 41;60.037062;30.357764;osm-60.03706-30.35776;2025-01-19
Бао;Санкт-Петербург, Комендантский просп., 62;60.037466;30.223180;osm-60.03747-30.22318;2026-06-02
Чёрное & Белое;Санкт-Петербург, просп. Энгельса, 113 к1;60.037900;30.324834;osm-60.03790-30.32483;2024-06-09
А когда не вкусно?!;Санкт-Петербург, просп. Энгельса, 113 к1;60.037919;30.324982;osm-60.03792-30.32498;2024-06-09
Суши-бург;Санкт-Петербург, ул. Плесецкая, 20 к2;60.037945;30.229053;osm-60.03795-30.22905;2024-03-27
Сытый Эд;Санкт-Петербург, просп. Энгельса, 113 к1 литА;60.038000;30.325516;osm-60.03800-30.32552;2024-05-21
Вкусно всегда;Санкт-Петербург, просп. Энгельса, 113 к1 литА;60.038013;30.325959;osm-60.03801-30.32596;2024-06-09
Я люблю шашлык;Санкт-Петербург, просп. Энгельса, 113 к1;60.038073;30.324941;osm-60.03807-30.32494;2024-06-09
Сытый Эд;Санкт-Петербург, просп. Энгельса, 115 к1;60.038197;30.324990;osm-60.03820-30.32499;2025-05-03
Мангал City;Санкт-Петербург, ул. Руднева, 1 к2;60.038591;30.360478;osm-60.03859-30.36048;2025-04-25
Шаверма от Души;Санкт-Петербург, ул. Есенина, 10 к1 с2;60.038916;30.331331;osm-60.03892-30.33133;2024-04-25
Шаверма Бар;Санкт-Петербург, ул. Есенина, 12 к1;60.039104;30.330412;osm-60.03910-30.33041;2024-05-21
Вкусно — и точка. Авто;Санкт-Петербург, ул. Парашютная, 73 к1;60.039415;30.243952;osm-60.03941-30.24395;2025-03-28
Кебаб;Санкт-Петербург, Комендантский просп., 69;60.039562;30.224055;osm-60.03956-30.22405;2024-05-06
Rostic`s Авто;Санкт-Петербург, ул. Парашютная, 75 к1;60.039706;30.243741;osm-60.03971-30.24374;2023-10-22
Frank;Санкт-Петербург, просп. Энгельса, 124 к1;60.039778;30.324147;osm-60.03978-30.32415;2025-11-24
Пиццарита;Санкт-Петербург, ул. Руднева, 6;60.039815;30.360372;osm-60.03981-30.36037;2025-01-20
Сеновал;Санкт-Петербург, Учебный пер., 2;60.039834;30.332735;osm-60.03983-30.33273;2025-01-27
Yami Yami;Санкт-Петербург, просп. Луначарского, 64;60.040121;30.349049;osm-60.04012-30.34905;2025-04-25
Smile;Санкт-Петербург, Выборгское ш., 34;60.040608;30.316011;osm-60.04061-30.31601;2024-06-05
Хлебчик;Санкт-Петербург, просп. Луначарского, 15 к1;60.041572;30.332807;osm-60.04157-30.33281;2024-02-26
Силуэт;Санкт-Петербург, просп. Луначарского, 60 к1;60.042016;30.341606;osm-60.04202-30.34161;2025-12-04
Шаверма;Санкт-Петербург, просп. Луначарского, 58 к1;60.042102;30.339322;osm-60.04210-30.33932;2024-03-30
Васаби;Санкт-Петербург, просп. Луначарского, 13/1;60.042462;30.332297;osm-60.04246-30.33230;2023-10-28
Family look;Санкт-Петербург, просп. Луначарского, 13 к1;60.042492;30.331506;osm-60.04249-30.33151;2024-07-19
Not Bad Антикафе;Санкт-Петербург, просп. Луначарского, 11 к1;60.042623;30.328462;osm-60.04262-30.32846;2024-03-08
Виктория;Санкт-Петербург, ул. Кустодиева, 3 к2;60.042914;30.359338;osm-60.04291-30.35934;2026-08-25
Вафли кофе;Санкт-Петербург, просп. Художников, 27 к1;60.043896;30.350917;osm-60.04390-30.35092;2024-05-07
Cockney;Санкт-Петербург, ул. Кустодиева, 5 к1;60.044071;30.359685;osm-60.04407-30.35968;2025-09-08
Sunpark Grill Bar;Санкт-Петербург, ул. Большая Озёрная, 59 литВ;60.044212;30.303796;osm-60.04421-30.30380;2025-01-16
Пиццерия & Шаверма;Санкт-Петербург, ул. Руднева, 18;60.044237;30.363732;osm-60.04424-30.36373;2025-11-16
Hookah Village;Санкт-Петербург, просп. Луначарского, 5 к3 литА;60.044250;30.322681;osm-60.04425-30.32268;2024-05-27
Толстый фраер;Санкт-Петербург, просп. Луначарского, 46;60.044356;30.327508;osm-60.04436-30.32751;2024-05-27
Шаурма;Санкт-Петербург, просп. Художников, 24 к1;60.044990;30.349856;osm-60.04499-30.34986;2024-05-07
Шашлычный дом;Санкт-Петербург, просп. Художников, 24 к1;60.045340;30.349672;osm-60.04534-30.34967;2024-05-07
Матрёшка;Санкт-Петербург, просп. Просвещения, 43;60.045619;30.362690;osm-60.04562-30.36269;2025-11-16
Дай Тай;Санкт-Петербург, просп. Просвещения, 43;60.045640;30.362591;osm-60.04564-30.36259;2025-11-16
Маленькая Грузия;Санкт-Петербург, просп. Просвещения, 43;60.045638;30.362769;osm-60.04564-30.36277;2025-11-16
Ramen King;Санкт-Петербург, просп. Просвещения, 43;60.045649;30.362543;osm-60.04565-30.36254;2025-11-16
Локанта;Санкт-Петербург, просп. Просвещения, 43;60.045668;30.362432;osm-60.04567-30.36243;2025-11-16
Kimi-san;Санкт-Петербург, просп. Просвещения, 43;60.045695;30.362295;osm-60.04570-30.36229;2025-11-16
Knightberg;Санкт-Петербург, просп. Просвещения, 43;60.045709;30.362484;osm-60.04571-30.36248;2025-11-16
YuKi;Санкт-Петербург, просп. Просвещения, 43;60.045731;30.362649;osm-60.04573-30.36265;2025-11-16
SB Burgers;Санкт-Петербург, просп. Просвещения, 43;60.045741;30.362215;osm-60.04574-30.36221;2025-11-16
Bratski;Санкт-Петербург, просп. Просвещения, 43;60.045790;30.362326;osm-60.04579-30.36233;2025-11-16
Exotic;Санкт-Петербург, ул. Большая Озёрная, 106 литВ;60.046027;30.298866;osm-60.04603-30.29887;2024-03-27
Вкусняшка;Санкт-Петербург, ул. Ивана Фомина, 7 к3;60.047125;30.348855;osm-60.04713-30.34886;2024-08-19
BROS;Санкт-Петербург, просп. Художников, 34;60.047429;30.353876;osm-60.04743-30.35388;2024-12-30
Хан Ленкон;Санкт-Петербург, просп. Просвещения, 54 к4;60.047935;30.360546;osm-60.04794-30.36055;2025-03-11
Шаверма;Санкт-Петербург, просп. Художников, 26 к1;60.048214;30.353032;osm-60.04821-30.35303;2024-08-19
TWIGGY;Санкт-Петербург, Выборгское ш., 13;60.048289;30.314023;osm-60.04829-30.31402;2026-08-09
Ташкент;Санкт-Петербург, просп. Просвещения, 37 к1;60.048322;30.354936;osm-60.04832-30.35494;2025-10-02
Уют;Санкт-Петербург, ул. Асафьева, 4 к4;60.048701;30.323842;osm-60.04870-30.32384;2026-02-16
1 Food Factory;Санкт-Петербург, Выборгское ш., 76;60.048935;30.311603;osm-60.04894-30.31160;2024-02-22
Ролл Кебаб;Санкт-Петербург, просп. Энгельса, 133 к1;60.049496;30.333316;osm-60.04950-30.33332;2024-12-30
Bahroma;Санкт-Петербург, просп. Просвещения, 48;60.049725;30.353556;osm-60.04973-30.35356;2025-08-23
Molly Malone;Санкт-Петербург, просп. Энгельса, 133 к1;60.049745;30.333672;osm-60.04975-30.33367;2023-10-28
Городские кондитерские №1;Санкт-Петербург, просп. Просвещения, 46 к1;60.049913;30.351823;osm-60.04991-30.35182;2025-02-12
Супер Кебаб;Санкт-Петербург, просп. Художников, 30 к1;60.050086;30.354699;osm-60.05009-30.35470;2025-05-03
Ты и Я;Санкт-Петербург, просп. Художников, 30 к1;60.050217;30.353787;osm-60.05022-30.35379;2024-08-19
Шаверма Хаус;Санкт-Петербург, просп. Просвещения, 33 к1;60.050343;30.344630;osm-60.05034-30.34463;2026-09-07
United Butchers;Санкт-Петербург, просп. Просвещения, 46 к1;60.050365;30.349479;osm-60.05036-30.34948;2024-08-19
Галата;Санкт-Петербург, просп. Просвещения, 33 к1;60.050607;30.343371;osm-60.05061-30.34337;2026-09-07
Текила-Бум;Санкт-Петербург, просп. Просвещения, 42 к3;60.050848;30.346346;osm-60.05085-30.34635;2025-05-05
Miko's Pizza;Санкт-Петербург, просп. Просвещения, 27;60.051288;30.340023;osm-60.05129-30.34002;2026-04-11
Joy's Pizza;Санкт-Петербург, просп. Просвещения, 25;60.051435;30.339253;osm-60.05143-30.33925;2026-09-07
Араз;Санкт-Петербург, просп. Просвещения, 23 к2;60.051574;30.338484;osm-60.05157-30.33848;2024-12-30
Важная рыба;Санкт-Петербург, ул. Композиторов, 12;60.051582;30.314858;osm-60.05158-30.31486;2024-08-24
Кебабхана;Санкт-Петербург, просп. Просвещения, 23 к2;60.051655;30.338103;osm-60.05165-30.33810;2026-09-07
Чайхана Халал;Санкт-Петербург, просп. Энгельса, 139/21;60.051841;30.336917;osm-60.05184-30.33692;2026-08-22
Главпиво;Санкт-Петербург, ул. Хошимина, 11 к2;60.051937;30.324154;osm-60.05194-30.32415;2024-05-02
Сушифокс;Санкт-Петербург, просп. Энгельса, 139/21;60.052086;30.335680;osm-60.05209-30.33568;2026-09-07
Taproom;Санкт-Петербург, ул. Композиторов, 12;60.052200;30.314892;osm-60.05220-30.31489;2024-02-26
Шаверма 24;Санкт-Петербург, просп. Энгельса, 139/21;60.052209;30.335876;osm-60.05221-30.33588;2024-12-23
Хочу кебаб;Санкт-Петербург, просп. Энгельса, 139/21;60.052245;30.335683;osm-60.05224-30.33568;2024-12-23
AzianA;Санкт-Петербург, Выборгское ш., 15;60.052310;30.311634;osm-60.05231-30.31163;2023-12-29
Roni's Donuts;Санкт-Петербург, Выборгское ш., 15;60.052369;30.312075;osm-60.05237-30.31208;2023-12-29
Eurospar;Санкт-Петербург, Выборгское ш., 15;60.052647;30.312332;osm-60.05265-30.31233;2023-12-25
Мясо & Хлеб;Санкт-Петербург, Выборгское ш., 15;60.052782;30.312112;osm-60.05278-30.31211;2023-12-29
Братец Кро;Санкт-Петербург, Выборгское ш., 15;60.053089;30.312899;osm-60.05309-30.31290;2023-12-05
Рюмочная у Гоши;Санкт-Петербург, просп. Просвещения, 34;60.053735;30.334134;osm-60.05374-30.33413;2026-09-07
Пивозавр;Санкт-Петербург, наб. реки Каменки, 17 к1 с1;60.054008;30.272424;osm-60.05401-30.27242;2024-07-11
Чайникофф;Санкт-Петербург, просп. Просвещения, 15;60.054117;30.326887;osm-60.05412-30.32689;2026-08-25
Smile;Санкт-Петербург, ул. Всеволода Боброва, 25;60.054134;29.999839;osm-60.05413-29.99984;2026-08-23
Pubthepub;Санкт-Петербург, Выборгское ш., 17 к1;60.054228;30.310434;osm-60.05423-30.31043;2025-04-06
Изумруд;Санкт-Петербург, Выборгское ш., 17 к1;60.054265;30.310409;osm-60.05427-30.31041;2025-07-18
Mr. Black;Санкт-Петербург, Орлово-Денисовский просп., 17 к1 с1;60.054538;30.267702;osm-60.05454-30.26770;2024-06-30
Место встречи;Санкт-Петербург, ул. Композиторов, 15 к2 литА;60.054629;30.315152;osm-60.05463-30.31515;2024-02-02
Сербская кухня;Санкт-Петербург, просп. Энгельса, 145 к1;60.055266;30.338014;osm-60.05527-30.33801;2025-06-24
Орлёнок;Санкт-Петербург, Орлово-Денисовский просп., 19 к3 с1;60.055456;30.269771;osm-60.05546-30.26977;2025-04-10
Хлебный цех;Санкт-Петербург, ул. Симонова, 1;60.055721;30.323142;osm-60.05572-30.32314;2026-08-25
Шаурпоинт;Санкт-Петербург, Орлово-Денисовский просп., 19 к4 с1;60.055729;30.270812;osm-60.05573-30.27081;2024-07-11
Fambly;Санкт-Петербург, Орлово-Денисовский просп., 19 к1;60.056264;30.268887;osm-60.05626-30.26889;2024-06-30
Lumen Coffee;Санкт-Петербург, просп. Просвещения, 20/25;60.057029;30.316730;osm-60.05703-30.31673;2024-04-14
Бирвайн;Санкт-Петербург, наб. реки Каменки, 11 к2;60.057146;30.275738;osm-60.05715-30.27574;2024-06-23
Оджах;Санкт-Петербург, Выборгское ш., 126;60.057157;30.306700;osm-60.05716-30.30670;2024-03-07
Ливанski;Санкт-Петербург, ул. Композиторов, 20 к5;60.057549;30.314246;osm-60.05755-30.31425;2024-09-30
Дорогая, здесь не ловит;Санкт-Петербург, Суздальское ш., 22 к4;60.057760;30.275703;osm-60.05776-30.27570;2024-06-23
Артин;Санкт-Петербург, Суздальское ш., 24 к3;60.057992;30.275144;osm-60.05799-30.27514;2025-01-23
Шаверма 5+;Санкт-Петербург, Суздальское ш., 24 к3;60.058178;30.275005;osm-60.05818-30.27501;2024-06-23
Marani;Санкт-Петербург, Приморское ш., 256;60.058252;29.974920;osm-60.05825-29.97492;2024-12-31
Molly Malone;Санкт-Петербург, просп. Энгельса, 154;60.058339;30.334221;osm-60.05834-30.33422;2023-10-28
Marani;Санкт-Петербург, Приморское ш., 256;60.058415;29.974968;osm-60.05841-29.97497;2024-12-31
Zelenmelen;Санкт-Петербург, Суздальское ш., 22 к2;60.058635;30.274486;osm-60.05864-30.27449;2024-06-28
Starcoff;Санкт-Петербург, Суздальское ш., 22 к2;60.058707;30.274930;osm-60.05871-30.27493;2024-06-28
Rogulevs';Санкт-Петербург, Суздальское ш., 22 к3;60.058793;30.275446;osm-60.05879-30.27545;2024-06-28
Чебурек и Пицца;Санкт-Петербург, Суздальское ш., 22 к2;60.058805;30.274949;osm-60.05880-30.27495;2024-06-28
Balagur;Санкт-Петербург, Суздальское ш., 22 к2;60.058966;30.274900;osm-60.05897-30.27490;2024-06-28
КидБург;Санкт-Петербург, просп. Энгельса, 154;60.059221;30.337612;osm-60.05922-30.33761;2024-04-29
Свиная Биржа;Санкт-Петербург, Приморское ш., 247;60.062114;29.972551;osm-60.06211-29.97255;2025-01-03
Свиная Биржа;Санкт-Петербург, Приморское ш., 247;60.062191;29.972682;osm-60.06219-29.97268;2025-01-03
Мясо и хлеб;Санкт-Петербург, Суздальский просп., 7;60.066648;30.308566;osm-60.06665-30.30857;2024-11-16
Es'Pressa;Санкт-Петербург, ул. Михаила Дудина, 19;60.068071;30.335008;osm-60.06807-30.33501;2026-09-18
Shako Kebab;Санкт-Петербург, ул. Архитектора Белова, 9;60.068701;30.316019;osm-60.06870-30.31602;2026-09-02
Bros;Санкт-Петербург, ул. Брюлловская, 5;60.068923;30.313882;osm-60.06892-30.31388;2026-09-02
Сушими;Санкт-Петербург, ул. Брюлловская, 3;60.069211;30.311500;osm-60.06921-30.31150;2026-09-02
Woodpecker;Санкт-Петербург, ул. Михаила Дудина, 10;60.069903;30.326177;osm-60.06990-30.32618;2023-11-06
Журавли;Санкт-Петербург, ул. Михаила Дудина, 10;60.070144;30.326074;osm-60.07014-30.32607;2026-03-30
День сурка;Санкт-Петербург, ул. Михаила Дудина, 25 к1;60.070539;30.327230;osm-60.07054-30.32723;2023-11-06
Take&Wake coffee;Санкт-Петербург, ул. Архитектора Белова, 6к2;60.070931;30.320389;osm-60.07093-30.32039;2024-07-31
Malina;Санкт-Петербург, ул. Архитектора Белова, 6 к1;60.071064;30.319574;osm-60.07106-30.31957;2026-09-02
Столовая;Санкт-Петербург, Толубеевский пр., 8 к2;60.071183;30.343303;osm-60.07118-30.34330;2026-07-31
КингАвто;Санкт-Петербург, Приморское ш., 251;60.071402;29.969711;osm-60.07140-29.96971;2026-05-28
Лесной кофе;Санкт-Петербург, ул. Меркурьева, 6;60.071805;30.340550;osm-60.07180-30.34055;2026-09-23
Шаверма 24/7;Санкт-Петербург, ул. Заречная, 17;60.072139;30.317947;osm-60.07214-30.31795;2026-03-19
Вкусно — и точка. Авто;Санкт-Петербург, ул. Меркурьева, 3;60.072662;30.344013;osm-60.07266-30.34401;2026-08-24
Санам;Санкт-Петербург, ул. Меркурьева, 5;60.072899;30.342803;osm-60.07290-30.34280;2026-09-06
Самарканд №1;Санкт-Петербург, ул. Меркурьева, 5;60.073003;30.343355;osm-60.07300-30.34335;2026-09-16
Джентльмен;Санкт-Петербург, ул. Фёдора Абрамова, 8;60.073090;30.338280;osm-60.07309-30.33828;2026-09-01
Столовая;Санкт-Петербург, ул. Первого Мая, 109;60.073651;30.232937;osm-60.07365-30.23294;2025-11-08
Abramov;Санкт-Петербург, ул. Фёдора Абрамова, 8;60.074901;30.339198;osm-60.07490-30.33920;2023-11-06
КручуВерчу;Санкт-Петербург, ул. Валерия Гаврилина, 5;60.074996;30.334620;osm-60.07500-30.33462;2026-09-03
The craft;Санкт-Петербург, ул. Николая Рубцова, 5;60.075992;30.343739;osm-60.07599-30.34374;2023-11-06
Грелка-гуделка;Санкт-Петербург, ул. Вологдина, 1А литА;60.078233;30.319956;osm-60.07823-30.31996;2026-08-25
Мята;Санкт-Петербург, ул. Валерия Гаврилина, 11 к1;60.078426;30.335779;osm-60.07843-30.33578;2024-11-11
Я Есть Суши;Санкт-Петербург, ул. Валерия Гаврилина, 11 к1;60.078722;30.337505;osm-60.07872-30.33751;2026-09-04
Fern;Санкт-Петербург, ул. Фёдора Абрамова, 19 к1;60.078838;30.344856;osm-60.07884-30.34486;2026-08-18
Шалаш;Санкт-Петербург, дорога к шалашу Ленина, 1;60.079093;30.028689;osm-60.07909-30.02869;2024-05-05
Old whale;Санкт-Петербург, ул. Фёдора Абрамова, 21 к1;60.079769;30.344074;osm-60.07977-30.34407;2026-09-08
Кебаб;Санкт-Петербург, ул. Фёдора Абрамова, 18 к1;60.080043;30.341906;osm-60.08004-30.34191;2026-09-08
Giros;Санкт-Петербург, ул. Заречная, 33;60.080238;30.332491;osm-60.08024-30.33249;2026-08-25
Griva;Санкт-Петербург, ул. Заречная, 35 к1;60.081648;30.335338;osm-60.08165-30.33534;2023-11-06
Добрый эль;Санкт-Петербург, ул. Заречная, 56;60.083458;30.354250;osm-60.08346-30.35425;2026-08-31
Коржов;Санкт-Петербург, ул. Заречная, 38 к1;60.083603;30.344439;osm-60.08360-30.34444;2025-04-02
Бирвайн;Санкт-Петербург, ул. Заречная, 44 к1;60.084051;30.347906;osm-60.08405-30.34791;2026-09-08
Донат Марка;Санкт-Петербург, ул. Шишкина, 299;60.085428;30.348037;osm-60.08543-30.34804;2026-09-08
Жаркoff;Санкт-Петербург, Толубеевский пр., 38 к1;60.085975;30.356923;osm-60.08597-30.35692;2024-04-10
На берегу;Санкт-Петербург, ул. Мосина, 12;60.091281;29.965285;osm-60.09128-29.96529;2025-08-28
Fusion;Санкт-Петербург, ул. Мосина, 8;60.091737;29.965514;osm-60.09174-29.96551;2025-08-28
Smile;Санкт-Петербург, ул. Мосина, 4Б;60.092212;29.965850;osm-60.09221-29.96585;2024-06-26
Шааерленд;Санкт-Петербург, Дубковское ш., 1;60.092621;29.957324;osm-60.09262-29.95732;2024-01-07
Царь пышка;Санкт-Петербург, Дубковское ш., 2А;60.093348;29.958011;osm-60.09335-29.95801;2024-01-27
Moss inn;Санкт-Петербург, ул. Воскова, 10А;60.094622;29.961107;osm-60.09462-29.96111;2025-04-15
Бельэтаж;Санкт-Петербург, ул. Володарского, 4/2;60.096192;29.972290;osm-60.09619-29.97229;2025-11-12
Муравейник;Санкт-Петербург, ул. Володарского, 48;60.104479;29.973823;osm-60.10448-29.97382;2026-06-22
Toscana.47;Санкт-Петербург, Ленинградское ш., 81А;60.110424;30.299279;osm-60.11042-30.29928;2023-11-15
Gostь;Санкт-Петербург, Заречная дорога, 19 литО;60.121415;29.973337;osm-60.12141-29.97334;2024-06-26
Gostь;Санкт-Петербург, Заречная дорога, 19 литО;60.121563;29.973358;osm-60.12156-29.97336;2024-06-26
Рыба на Даче;Санкт-Петербург, Приморское ш., 319А;60.124908;29.984309;osm-60.12491-29.98431;2023-10-17
Рыба на Даче;Санкт-Петербург, Приморское ш., 319А;60.124990;29.984367;osm-60.12499-29.98437;2023-10-17
Бистрономия;Санкт-Петербург, ул. Шоссейная, 21;60.140656;30.210053;osm-60.14066-30.21005;2023-10-17
Суши тайм;Санкт-Петербург, Восточно-Выборгское ш., 25;60.141889;30.208209;osm-60.14189-30.20821;2023-10-17
Smile;Санкт-Петербург, ул. Молодцова, 6 к2;60.143257;30.216110;osm-60.14326-30.21611;2024-06-05
Атлантис;Санкт-Петербург, ул. Дачная, 1;60.144480;29.929544;osm-60.14448-29.92954;2026-07-18
Атлантис;Санкт-Петербург, ул. Дачная, 1;60.144600;29.929509;osm-60.14460-29.92951;2026-07-18
Асканели;Санкт-Петербург, Приморское ш., 364Д;60.148227;29.933583;osm-60.14823-29.93358;2024-11-11
Асканели;Санкт-Петербург, Приморское ш., 364Д;60.148376;29.933579;osm-60.14838-29.93358;2024-11-11
ZaLive;Санкт-Петербург, Приморское ш., 422Б;60.163479;29.860683;osm-60.16348-29.86068;2026-03-03
Братцы Кебабцы;Санкт-Петербург, Приморское ш., 441А;60.164660;29.859327;osm-60.16466-29.85933;2026-09-30
Мясорубка;Санкт-Петербург, Приморское ш., 412В;60.166244;29.866342;osm-60.16624-29.86634;2024-08-26
Шаляпин;Санкт-Петербург, ул. Нагорная, 1;60.171280;29.871403;osm-60.17128-29.87140;2025-11-16
Мустанг;Санкт-Петербург, ул. Отдыха, 4;60.179521;29.821797;osm-60.17952-29.82180;2026-09-02
Flamand Rose;Санкт-Петербург, ул. Отдыха, 2А;60.180821;29.821887;osm-60.18082-29.82189;2026-08-18
Сельский паб;Санкт-Петербург, ул. 2-я Дачная, 3Б;60.185104;29.810908;osm-60.18510-29.81091;2026-08-18
Шайба в игре;Санкт-Петербург, ул. Привокзальная, 24 литА;60.185486;29.807036;osm-60.18549-29.80704;2026-05-16
Свежая выпечка;Санкт-Петербург, ул. Вокзальная, 7;60.205346;29.702849;osm-60.20535-29.70285;2024-07-26
Свежая выпечка;Санкт-Петербург, ул. Вокзальная, 7;60.205358;29.702830;osm-60.20536-29.70283;2024-07-26
Stefano`s;Санкт-Петербург, ул. Вокзальная, 7;60.205771;29.703733;osm-60.20577-29.70373;2025-01-01
Шаверма;Санкт-Петербург, ул. Вокзальная, 9 к1;60.206313;29.701646;osm-60.20631-29.70165;2024-03-09
Шаверма;Санкт-Петербург, ул. Вокзальная, 9 к1;60.206353;29.701591;osm-60.20635-29.70159;2024-03-09
