name;address;lat;lon;external_id
Блинная Масленица, Пушкинская;Страстной бульвар, 4;55.766;37.607;blinnaya-01
Блинная Масленица, Курская;ул. Покровка, 31;55.759;37.655;blinnaya-02
Блинная Масленица, Китай-город;ул. Маросейка, 6;55.7568;37.6338;blinnaya-03
Блинная Масленица, Москва-Сити;Пресненская наб., 6;55.7489;37.541;blinnaya-04
Блинная Масленица, Серебряные Пруды, Ленина;Серебряные Пруды, ул. Ленина, 44А;54.468925;38.713261;blinnaya-osm-00001
Блинная Масленица, Зарайск, Красноармейская;Зарайск, ул. Красноармейская, 44;54.759750;38.875470;blinnaya-osm-00002
Блинная Масленица, Зарайск, Ленинская;Зарайск, ул. Ленинская, 18;54.760839;38.879927;blinnaya-osm-00003
Блинная Масленица, Кашира, Привокзальная;Кашира, ул. Привокзальная, 6;54.801336;38.273385;blinnaya-osm-00004
Блинная Масленица, Пущино, Науки;Пущино, просп. Науки, 1;54.831877;37.623416;blinnaya-osm-00005
Блинная Масленица, Кашира, Садовая;Кашира, ул. Садовая, 27;54.843193;38.246058;blinnaya-osm-00006
Блинная Масленица, Озёры, Ленина;Озёры, ул. Ленина, 47В;54.854025;38.556196;blinnaya-osm-00007
Блинная Масленица, Протвино, Победы;Протвино, ул. Победы, 7;54.865537;37.213775;blinnaya-osm-00008
Блинная Масленица, Протвино, Ленина;Протвино, ул. Ленина, 13;54.871325;37.217558;blinnaya-osm-00009
Блинная Масленица, Протвино, Ленина, 22;Протвино, ул. Ленина, 22;54.873495;37.220620;blinnaya-osm-00010
Блинная Масленица, Ступино, Андропова;Ступино, ул. Андропова, 41/9;54.886209;38.081253;blinnaya-osm-00011
Блинная Масленица, Ступино, Победы;Ступино, просп. Победы, 63А;54.897911;38.079367;blinnaya-osm-00012
Блинная Масленица, Большевик, Бригадная;Большевик, ул. Бригадная, 13;54.898739;37.393577;blinnaya-osm-00013
Блинная Масленица, Большевик, Чернышевского;Большевик, ул. Чернышевского, 29Б;54.910498;37.388867;blinnaya-osm-00014
Блинная Масленица, Серпухов, Мишина;Серпухов, пр. Мишина, 2/7;54.917518;37.425280;blinnaya-osm-00015
Блинная Масленица, Серпухов, Борисовское;Серпухов, Борисовское ш., 1;54.917681;37.426541;blinnaya-osm-00016
Блинная Масленица, Серпухов, Мишина, 12А;Серпухов, пр. Мишина, 12А;54.920004;37.420765;blinnaya-osm-00017
Блинная Масленица, Серпухов, Ворошилова;Серпухов, ул. Ворошилова, 139;54.923821;37.441719;blinnaya-osm-00018
Блинная Масленица, Серпухов, Советская;Серпухов, ул. Советская, 97;54.931242;37.444498;blinnaya-osm-00019
Блинная Масленица, Серпухов, Московское;Серпухов, Московское ш., 55 к1;54.940634;37.404688;blinnaya-osm-00020
Блинная Масленица, Серпухов, Московское, 116;Серпухов, Московское ш., 116;54.950607;37.410080;blinnaya-osm-00021
Блинная Масленица, Луховицы, Куйбышева;Луховицы, ул. Куйбышева, 67;54.965876;39.025874;blinnaya-osm-00022
Блинная Масленица, Коломна, Астахова;Коломна, ул. Астахова, 4 к3;55.065655;38.748082;blinnaya-osm-00023
Блинная Масленица, Коломна, Пирочинское;Коломна, Пирочинское ш., 25 к4;55.071694;38.896578;blinnaya-osm-00024
Блинная Масленица, Коломна, Окский;Коломна, Окский просп., 18;55.078012;38.801161;blinnaya-osm-00025
Блинная Масленица, Коломна, Фрунзе;Коломна, ул. Фрунзе, 45;55.082471;38.773480;blinnaya-osm-00026
Блинная Масленица, Коломна, Ленина;Коломна, ул. Ленина, 69;55.084059;38.777734;blinnaya-osm-00027
Блинная Масленица, Коломна, Октябрьской Революции;Коломна, ул. Октябрьской Революции, 301;55.086874;38.795243;blinnaya-osm-00028
Блинная Масленица, Коломна, Советская;Коломна, Советская пл., 8;55.096170;38.763909;blinnaya-osm-00029
Блинная Масленица, Коломна, Левшина;Коломна, ул. Левшина, 25;55.101140;38.770078;blinnaya-osm-00030
Блинная Масленица, Коломна, Зайцева;Коломна, ул. Зайцева, 9;55.105343;38.763960;blinnaya-osm-00031
Блинная Масленица, Михнево, Кооперативная;Михнево, ул. Кооперативная, 25;55.112349;38.176343;blinnaya-osm-00032
Блинная Масленица, Михнево, Советская;Михнево, ул. Советская, 6;55.121045;37.957519;blinnaya-osm-00033
Блинная Масленица, Коломна, Московская;Коломна, ул. Московская, 16;55.132464;38.726273;blinnaya-osm-00034
Блинная Масленица, Чехов, Московская;Чехов, ул. Московская, 45А;55.144658;37.453794;blinnaya-osm-00035
Блинная Масленица, Чехов, Московская, 96;Чехов, ул. Московская, 96;55.153034;37.459543;blinnaya-osm-00036
Блинная Масленица, Михнево, Шоссейная;Михнево, ул. Шоссейная, 1;55.154630;37.958959;blinnaya-osm-00037
Блинная Масленица, Воскресенск, Советская;Воскресенск, ул. Советская, 12;55.214413;38.771180;blinnaya-osm-00038
Блинная Масленица, Столбовая, Парковая;Столбовая, ул. Парковая, с10/2;55.249381;37.495022;blinnaya-osm-00039
Блинная Масленица, Крутовская;ул. Крутовская, 27;55.278098;37.114549;blinnaya-osm-00040
Блинная Масленица, Столбовая, Горького;Столбовая, ул. Горького, 16;55.312366;37.515957;blinnaya-osm-00041
Блинная Масленица, Воскресенск, Ленина;Воскресенск, пл. Ленина, 5;55.321541;38.672659;blinnaya-osm-00042
Блинная Масленица, Воскресенск, Советская, 13В;Воскресенск, ул. Советская, 13В;55.325635;38.680834;blinnaya-osm-00043
Блинная Масленица, Воскресенск, Советская, 7в;Воскресенск, ул. Советская, 7в;55.351926;38.671118;blinnaya-osm-00044
Блинная Масленица, Столбовая, Победы;Столбовая, ул. Победы, 2/18;55.359337;37.520018;blinnaya-osm-00045
Блинная Масленица, 50 лет Октября;просп. 50 лет Октября, 21А;55.369926;37.537672;blinnaya-osm-00046
Блинная Масленица, Егорьевск, Ленина;Егорьевск, просп. Ленина, 2;55.373251;39.051829;blinnaya-osm-00047
Блинная Масленица, Егорьевск, Советская;Егорьевск, ул. Советская, 153;55.378280;39.043423;blinnaya-osm-00048
Блинная Масленица, Заводская;ул. Заводская, 7А;55.379626;37.542329;blinnaya-osm-00049
Блинная Масленица, Егорьевск, Советская, 100;Егорьевск, ул. Советская, 100;55.382322;39.035776;blinnaya-osm-00050
Блинная Масленица, Заводская, 24А;ул. Заводская, 24А;55.382358;37.539843;blinnaya-osm-00051
Блинная Масленица, Наро-Фоминск, Полубоярова;Наро-Фоминск, ул. Полубоярова, 22;55.383773;36.749881;blinnaya-osm-00052
Блинная Масленица, Егорьевск, Советская, 46;Егорьевск, ул. Советская, 46;55.386167;39.030759;blinnaya-osm-00053
Блинная Масленица, Молодёжная;ул. Молодёжная, 15;55.387422;37.548174;blinnaya-osm-00054
Блинная Масленица, Наро-Фоминск, Курзенкова;Наро-Фоминск, ул. Курзенкова, 1;55.388925;36.745815;blinnaya-osm-00055
Блинная Масленица, Домодедово, трасса М-2 Крым 42-й километр;Домодедово, трасса М-2 Крым 42-й километр, 1 с1;55.393339;37.602183;blinnaya-osm-00056
Блинная Масленица, Домодедово, трасса М-2 Крым 42-й километр, 2 соор1;Домодедово, трасса М-2 Крым 42-й километр, 2 соор1;55.394296;37.606413;blinnaya-osm-00057
Блинная Масленица, Домодедово, трасса М-2 Крым 41-й километр;Домодедово, трасса М-2 Крым 41-й километр, 1/3;55.399894;37.604221;blinnaya-osm-00058
Блинная Масленица, Наро-Фоминск, Кубинское;Наро-Фоминск, Кубинское ш., 22;55.413695;36.713047;blinnaya-osm-00059
Блинная Масленица, Академика Доллежаля;ул. Академика Доллежаля, 39К6;55.414193;37.488339;blinnaya-osm-00060
Блинная Масленица, Генерала Варенникова;ул. Генерала Варенникова, 4;55.417577;37.488496;blinnaya-osm-00061
Блинная Масленица, Домодедово, Лунная;Домодедово, ул. Лунная, 29;55.417956;37.758832;blinnaya-osm-00062
Блинная Масленица, Домодедово, территория а/п Домодедово;Домодедово, территория а/п Домодедово, 6/1;55.419028;37.896267;blinnaya-osm-00063
Блинная Масленица, Октябрьский;Октябрьский просп., 1Б;55.420486;37.509044;blinnaya-osm-00064
Блинная Масленица, Домодедово, Рабочая;Домодедово, ул. Рабочая, 55А;55.422666;37.766407;blinnaya-osm-00065
Блинная Масленица, Бронницы, Красная;Бронницы, ул. Красная, 26;55.424740;38.269957;blinnaya-osm-00066
Блинная Масленица, Домодедово, Лунная, 9 к2;Домодедово, ул. Лунная, 9 к2;55.426195;37.757835;blinnaya-osm-00067
Блинная Масленица, Комсомольская;ул. Комсомольская, 24;55.427725;37.558893;blinnaya-osm-00068
Блинная Масленица, Калужское шоссе, 45-й километр;Калужское шоссе, 45-й километр, 4В;55.427885;37.273550;blinnaya-osm-00069
Блинная Масленица, Вокзальная;Вокзальная пл., 4А;55.431691;37.563916;blinnaya-osm-00070
Блинная Масленица, Ленина;просп. Ленина, 154;55.432383;37.546579;blinnaya-osm-00071
Блинная Масленица, Домодедовское;Домодедовское ш., 20А;55.434647;37.594442;blinnaya-osm-00072
Блинная Масленица, Домодедово, Корнеева;Домодедово, ул. Корнеева, 1;55.436631;37.773371;blinnaya-osm-00073
Блинная Масленица, Домодедово, Каширское;Домодедово, Каширское ш., 34;55.440685;37.765445;blinnaya-osm-00074
Блинная Масленица, Домодедово, Симферопольское (дублёр);Домодедово, Симферопольское ш. (дублёр), 23-й км.;55.445285;37.618515;blinnaya-osm-00075
Блинная Масленица, Домодедово, Каширское, 3А;Домодедово, Каширское ш., 3А;55.452584;37.762826;blinnaya-osm-00076
Блинная Масленица, Белоозёрский, Российская;Белоозёрский, ул. Российская, 2А;55.458725;38.438246;blinnaya-osm-00077
Блинная Масленица, Бронницы, Центральная;Бронницы, ул. Центральная, 1В;55.462588;38.334082;blinnaya-osm-00078
Блинная Масленица, Домодедово, А-105, 38-й километр;Домодедово, А-105, 38-й километр, с5;55.466628;37.852083;blinnaya-osm-00079
Блинная Масленица, Тепличная;ул. Тепличная, 9Г;55.468572;37.550818;blinnaya-osm-00080
Блинная Масленица, Уточкина;ул. Уточкина, 5 к1;55.474079;37.527537;blinnaya-osm-00081
Блинная Масленица, Юных Ленинцев;просп. Юных Ленинцев, 82;55.483830;37.566479;blinnaya-osm-00082
Блинная Масленица, Сапроново, Почтовая;Сапроново, ул. Почтовая, 24;55.485694;37.753114;blinnaya-osm-00083
Блинная Масленица, Полковника Милиции Курочкина;ул. Полковника Милиции Курочкина, 11;55.487989;37.297994;blinnaya-osm-00084
Блинная Масленица, Можайск, 1-я Железнодорожная;Можайск, ул. 1-я Железнодорожная, 46Г;55.495734;36.030278;blinnaya-osm-00085
Блинная Масленица, Можайск, 1-я Железнодорожная, 46Г;Можайск, ул. 1-я Железнодорожная, 46Г;55.495935;36.029636;blinnaya-osm-00086
Блинная Масленица, Можайск, Полевая;Можайск, ул. Полевая, 29;55.498836;36.039667;blinnaya-osm-00087
Блинная Масленица, Сапроново, Центральная;Сапроново, ул. Центральная, 1В;55.501905;37.672532;blinnaya-osm-00088
Блинная Масленица, Симферопольское;Симферопольское ш., 7 с2;55.502227;37.572297;blinnaya-osm-00089
Блинная Масленица, Барышевская Роща;ул. Барышевская Роща, 20;55.503631;37.536934;blinnaya-osm-00090
Блинная Масленица, Симферопольское, 6/10;Симферопольское ш., 6/10;55.505449;37.572585;blinnaya-osm-00091
Блинная Масленица, Остафьевское;Остафьевское ш., 1;55.508334;37.560677;blinnaya-osm-00092
Блинная Масленица, Пушкинская, 2;ул. Пушкинская, 2;55.510633;37.564033;blinnaya-osm-00093
Блинная Масленица, Больничная;ул. Больничная, 10А;55.512374;36.975523;blinnaya-osm-00094
Блинная Масленица, 5-я Нововатутинская;ул. 5-я Нововатутинская, 9;55.516314;37.347377;blinnaya-osm-00095
Блинная Масленица, 3-я Нововатутинская;ул. 3-я Нововатутинская, 2;55.521120;37.354594;blinnaya-osm-00096
Блинная Масленица, Мисайлово, Взлётная;Мисайлово, ул. Взлётная, 3;55.527044;37.823304;blinnaya-osm-00097
Блинная Масленица, Апрелевка, Декабристов;Апрелевка, ул. Декабристов, 2А;55.527555;37.029798;blinnaya-osm-00098
Блинная Масленица, Бунинская аллея;ул. Южнобутовская, 117;55.532188;37.519376;blinnaya-osm-00099
Блинная Масленица, Крымская;ул. Крымская, 5;55.536080;37.613724;blinnaya-osm-00100
Блинная Масленица, Лесная;ул. Лесная, 12;55.537820;37.620023;blinnaya-osm-00101
Блинная Масленица, Апрелевка, Рабочая;Апрелевка, ул. Рабочая, 15с1;55.539275;37.154291;blinnaya-osm-00102
Блинная Масленица, Джанкойская;ул. Джанкойская, 1 с4;55.540472;37.572947;blinnaya-osm-00103
Блинная Масленица, Тучково, Московская;Тучково, ул. Московская, 8;55.541866;36.377873;blinnaya-osm-00104
Блинная Масленица, Александры Монаховой;ул. Александры Монаховой, 92 к2;55.543221;37.485913;blinnaya-osm-00105
Блинная Масленица, Александры Монаховой, 93А;ул. Александры Монаховой, 93А;55.543292;37.490147;blinnaya-osm-00106
Блинная Масленица, Куприна;просп. Куприна, 24 к1;55.544640;37.480580;blinnaya-osm-00107
Блинная Масленица, Расторгуевское;Расторгуевское ш., 8/22;55.546167;37.586639;blinnaya-osm-00108
Блинная Масленица, Видное, Ленинского Комсомола;Видное, просп. Ленинского Комсомола, 9 к3;55.546290;37.710269;blinnaya-osm-00109
Блинная Масленица, Видное, Ленинского Комсомола, 3;Видное, просп. Ленинского Комсомола, 3;55.547677;37.713490;blinnaya-osm-00110
Блинная Масленица, Потапово;ул. Александры Монаховой, 87 к6;55.549367;37.488433;blinnaya-osm-00111
Блинная Масленица, Улица Скобелевская;ул. Скобелевская, 4;55.550832;37.554336;blinnaya-osm-00112
Блинная Масленица, Видное, Советская;Видное, ул. Советская, 1;55.552543;37.703814;blinnaya-osm-00113
Блинная Масленица, Эдварда Грига;ул. Эдварда Грига, 17;55.555609;37.507658;blinnaya-osm-00114
Блинная Масленица, Поляны;ул. Поляны, 5;55.556694;37.554351;blinnaya-osm-00115
Блинная Масленица, Мисайлово, Литературный;Мисайлово, Литературный бул., 5;55.559201;37.812225;blinnaya-osm-00116
Блинная Масленица, Жуковский, Наркомвод;Жуковский, ул. Наркомвод, 8;55.559227;38.111361;blinnaya-osm-00117
Блинная Масленица, Видное, Зелёные аллеи;Видное, бул. Зелёные аллеи, 14;55.561522;37.703128;blinnaya-osm-00118
Блинная Масленица, Поляны, 8;ул. Поляны, 8;55.565394;37.556157;blinnaya-osm-00119
Блинная Масленица, Раменское, Вокзальная;Раменское, ул. Вокзальная, 4Б;55.566188;38.226391;blinnaya-osm-00120
Блинная Масленица, Тучково, Новая;Тучково, ул. Новая, 2;55.567075;36.512385;blinnaya-osm-00121
Блинная Масленица, Видное, Старо-Нагорная;Видное, ул. Старо-Нагорная, 20;55.567317;37.691135;blinnaya-osm-00122
Блинная Масленица, Ясная;ул. Ясная, 2;55.568324;37.474942;blinnaya-osm-00123
Блинная Масленица, Раменское, Карла Маркса;Раменское, ул. Карла Маркса, 5 с3;55.569423;38.222947;blinnaya-osm-00124
Блинная Масленица, Раменское, Народное Имение;Раменское, Народное Имение, 1А;55.572131;38.231844;blinnaya-osm-00125
Блинная Масленица, МКАД, 32-й километр;МКАД, 32-й километр, с2Б;55.574155;37.619288;blinnaya-osm-00126
Блинная Масленица, Куровское, Вокзальная;Куровское, ул. Вокзальная, 15;55.574298;38.923581;blinnaya-osm-00127
Блинная Масленица, Куровское, Вокзальная, 8;Куровское, ул. Вокзальная, 8;55.576781;38.922031;blinnaya-osm-00128
Блинная Масленица, Шатура, Жарова;Шатура, ул. Жарова, 9;55.577569;39.534797;blinnaya-osm-00129
Блинная Масленица, Кубинка, Наро-Фоминское;Кубинка, Наро-Фоминское ш., 10/3;55.578341;36.690220;blinnaya-osm-00130
Блинная Масленица, Лыткарино, Ленина;Лыткарино, ул. Ленина, 12;55.578342;37.900697;blinnaya-osm-00131
Блинная Масленица, Жуковский, Гарнаева;Жуковский, ул. Гарнаева, вл1;55.579554;38.127026;blinnaya-osm-00132
Блинная Масленица, Раменское, Северное;Раменское, Северное ш., 18;55.579685;38.214810;blinnaya-osm-00133
Блинная Масленица, посёлок Совхоза имени Ленина, МКАД, 27-й километр;посёлок Совхоза имени Ленина, МКАД, 27-й километр, вл9;55.580819;37.703179;blinnaya-osm-00134
Блинная Масленица, Шатура, Строителей;Шатура, ул. Строителей, 4;55.581723;39.517683;blinnaya-osm-00135
Блинная Масленица, посёлок Совхоза имени Ленина, МКАД, 26-й километр;посёлок Совхоза имени Ленина, МКАД, 26-й километр, с9;55.582242;37.706783;blinnaya-osm-00136
Блинная Масленица, Аннино;Варшавское ш., 160;55.582839;37.595585;blinnaya-osm-00137
Блинная Масленица, Варшавское;Варшавское ш., 143А;55.583650;37.599021;blinnaya-osm-00138
Блинная Масленица, Лыткарино, Первомайская;Лыткарино, ул. Первомайская, с30;55.585236;37.901865;blinnaya-osm-00139
Блинная Масленица, Лебедянская;ул. Лебедянская, 19 к1;55.586989;37.673649;blinnaya-osm-00140
Блинная Масленица, Дорожная;ул. Дорожная, 40;55.588843;37.613541;blinnaya-osm-00141
Блинная Масленица, Островцы, Центральная;Островцы, ул. Центральная, 50/1;55.590087;38.003841;blinnaya-osm-00142
Блинная Масленица, Веласкеса;бул. Веласкеса, 2 с1;55.591645;37.454406;blinnaya-osm-00143
Блинная Масленица, Прокшино;Прокшинский просп., 9;55.591724;37.430229;blinnaya-osm-00144
Блинная Масленица, Веласкеса, 5 к2;бул. Веласкеса, 5 к2;55.592734;37.458425;blinnaya-osm-00145
Блинная Масленица, Развилка, проектируемый № 5538;Развилка, проектируемый пр. № 5538, вл3;55.593699;37.747576;blinnaya-osm-00146
Блинная Масленица, Бирюлёвская;ул. Бирюлёвская, 26А;55.594733;37.662435;blinnaya-osm-00147
Блинная Масленица, Улица Академика Янгеля;ул. Академика Янгеля, 1А;55.595863;37.599319;blinnaya-osm-00148
Блинная Масленица, Чертановская;ул. Чертановская, 66 к3;55.596460;37.584202;blinnaya-osm-00149
Блинная Масленица, Каширское;Каширское ш., 142 к3;55.597351;37.720194;blinnaya-osm-00150
Блинная Масленица, Каширское, 142 к1А;Каширское ш., 142 к1А;55.597472;37.723070;blinnaya-osm-00151
Блинная Масленица, Жуковский, Гагарина;Жуковский, ул. Гагарина, 2А;55.597932;38.113081;blinnaya-osm-00152
Блинная Масленица, Паустовского;ул. Паустовского, 8 к1;55.599126;37.538457;blinnaya-osm-00153
Блинная Масленица, Паустовского, 6А;ул. Паустовского, 6А;55.599659;37.539221;blinnaya-osm-00154
Блинная Масленица, Кировоградская;ул. Кировоградская, 23А;55.600290;37.599351;blinnaya-osm-00155
Блинная Масленица, Развилка, Цветочная;Развилка, ул. Цветочная, 1А;55.601034;37.796482;blinnaya-osm-00156
Блинная Масленица, Краснознаменск, Молодежная;Краснознаменск, ул. Молодежная, 2/1;55.601634;37.044155;blinnaya-osm-00157
Блинная Масленица, Тучково, Москворецкая;Тучково, ул. Москворецкая, 1А;55.602572;36.482436;blinnaya-osm-00158
Блинная Масленица, Филатов Луг;Малое Понизовье, 6;55.603292;37.413605;blinnaya-osm-00159
Блинная Масленица, Ясеневая;ул. Ясеневая, 19 к1;55.603501;37.730913;blinnaya-osm-00160
Блинная Масленица, Чертановская, 47 к2;ул. Чертановская, 47 к2;55.604403;37.592850;blinnaya-osm-00161
Блинная Масленица, Шипиловский;Шипиловский пр., 59 к2 с2;55.604638;37.707246;blinnaya-osm-00162
Блинная Масленица, Ясеневая, 31 к1;ул. Ясеневая, 31 к1;55.605107;37.737992;blinnaya-osm-00163
Блинная Масленица, Ильинский, Баженова;Ильинский, ул. Баженова, 11;55.605606;38.074145;blinnaya-osm-00164
Блинная Масленица, Зябликово;ул. Ясеневая, 39;55.606470;37.742299;blinnaya-osm-00165
Блинная Масленица, Октябрьский, Ленина;Октябрьский, ул. Ленина, вл40;55.607609;37.978012;blinnaya-osm-00166
Блинная Масленица, Ильинский, Келдыша;Ильинский, ул. Келдыша, 33А;55.607902;38.068095;blinnaya-osm-00167
Блинная Масленица, Подольских Курсантов;ул. Подольских Курсантов, 7А;55.608396;37.622339;blinnaya-osm-00168
Блинная Масленица, Ясенево;Новоясеневский просп., 9;55.609107;37.536649;blinnaya-osm-00169
Блинная Масленица, ​20 километр;​20 километр, 2;55.610042;37.487977;blinnaya-osm-00170
Блинная Масленица, Домодедовская;Ореховый бул., 14 с3Б;55.610456;37.722285;blinnaya-osm-00171
Блинная Масленица, Пражская;ул. Красного Маяка, 2Б;55.611024;37.606561;blinnaya-osm-00172
Блинная Масленица, Красного Маяка;ул. Красного Маяка, 2;55.611562;37.601857;blinnaya-osm-00173
Блинная Масленица, Октябрьский, Ленина, 4А;Октябрьский, ул. Ленина, 4А;55.612004;37.973335;blinnaya-osm-00174
Блинная Масленица, Ореховый;Ореховый бул., вл15А;55.612080;37.721412;blinnaya-osm-00175
Блинная Масленица, Дольская;ул. Дольская, 1 с15;55.612288;37.681820;blinnaya-osm-00176
Блинная Масленица, Кировоградская, 13А;ул. Кировоградская, 13А;55.612384;37.605989;blinnaya-osm-00177
Блинная Масленица, Быково, Жуковское;Быково, Жуковское ш., 6;55.613469;38.058648;blinnaya-osm-00178
Блинная Масленица, Красногвардейская;Ореховый бул., 45;55.614499;37.742641;blinnaya-osm-00179
Блинная Масленица, Ореховый, 47/33;Ореховый бул., 47/33;55.614541;37.746982;blinnaya-osm-00180
Блинная Масленица, Каширское, 96 к1;Каширское ш., 96 к1;55.614991;37.711973;blinnaya-osm-00181
Блинная Масленица, Кустанайская;ул. Кустанайская, 10 к3;55.617209;37.752473;blinnaya-osm-00182
Блинная Масленица, Царицыно;ул. Каспийская, 37 с1;55.617982;37.667636;blinnaya-osm-00183
Блинная Масленица, Тёплый Стан;ул. Профсоюзная, 129А;55.618160;37.507609;blinnaya-osm-00184
Блинная Масленица, Профсоюзная;ул. Профсоюзная, 129А;55.618995;37.507049;blinnaya-osm-00185
Блинная Масленица, Мирный, Рязанская;Мирный, ул. Рязанская, 2;55.619158;37.947582;blinnaya-osm-00186
Блинная Масленица, Шипиловская;ул. Кустанайская, 6;55.619639;37.751784;blinnaya-osm-00187
Блинная Масленица, Весёлая;ул. Весёлая, 2;55.621101;37.667820;blinnaya-osm-00188
Блинная Масленица, Каширское, 61 с2;Каширское ш., 61 с2;55.622108;37.713565;blinnaya-osm-00189
Блинная Масленица, Шипиловская, 53 к2;ул. Шипиловская, 53 к2;55.622384;37.746225;blinnaya-osm-00190
Блинная Масленица, Лесной Городок, проектируемый № 304;Лесной Городок, проектируемый пр. № 304, вл1 с1;55.622439;37.270596;blinnaya-osm-00191
Блинная Масленица, Солнечная;ул. Солнечная, 6;55.622916;37.666582;blinnaya-osm-00192
Блинная Масленица, Саларьево;23-й км Киевского ш., 1;55.623636;37.422365;blinnaya-osm-00193
Блинная Масленица, Мирный, Крымская;Мирный, ул. Крымская, 12/11;55.624356;37.949626;blinnaya-osm-00194
Блинная Масленица, Удельная, Михнёвское;Удельная, Михнёвское ш., 3;55.624935;38.017127;blinnaya-osm-00195
Блинная Масленица, Пыхтино;ул. Лётчика Ульянина, 5;55.625837;37.306432;blinnaya-osm-00196
Блинная Масленица, МКАД, 43-й километр;МКАД, 43-й километр, вл2;55.626122;37.473539;blinnaya-osm-00197
Блинная Масленица, Мусы Джалиля;ул. Мусы Джалиля, 13А;55.626468;37.743623;blinnaya-osm-00198
Блинная Масленица, Большие Вязёмы, Можайское;Большие Вязёмы, Можайское ш., 58;55.630034;36.994470;blinnaya-osm-00199
Блинная Масленица, Коньково;ул. Профсоюзная, 126 к3;55.630383;37.516982;blinnaya-osm-00200
Блинная Масленица, Мирный, Быковское;Мирный, Быковское ш., 88;55.631031;37.978437;blinnaya-osm-00201
Блинная Масленица, Кантемировская;Пролетарский просп., 26А;55.631200;37.660055;blinnaya-osm-00202
Блинная Масленица, Лесной Городок, Центральная;Лесной Городок, ул. Центральная, 19А;55.632003;37.210875;blinnaya-osm-00203
Блинная Масленица, Профсоюзная, 109в с2;ул. Профсоюзная, 109в с2;55.632877;37.520991;blinnaya-osm-00204
Блинная Масленица, Варшавское, 97;Варшавское ш., 97;55.633543;37.623777;blinnaya-osm-00205
Блинная Масленица, Рассказовка;ул. Корнея Чуковского, 2А с1;55.634604;37.335864;blinnaya-osm-00206
Блинная Масленица, Алма-Атинская;ул. Братеевская, 31;55.635393;37.764056;blinnaya-osm-00207
Блинная Масленица, Профсоюзная, 118;ул. Профсоюзная, 118;55.635994;37.520823;blinnaya-osm-00208
Блинная Масленица, Пролетарский;Пролетарский просп., 14/49 к3;55.636945;37.652754;blinnaya-osm-00209
Блинная Масленица, Кантемировская, 47;ул. Кантемировская, 47;55.637548;37.656776;blinnaya-osm-00210
Блинная Масленица, Каширское, 57 к4;Каширское ш., 57 к4;55.638289;37.696152;blinnaya-osm-00211
Блинная Масленица, Дзержинский, Ленина;Дзержинский, ул. Ленина, 2Б;55.638859;37.841117;blinnaya-osm-00212
Блинная Масленица, Дзержинский, Энергетиков;Дзержинский, ул. Энергетиков, 14А;55.639168;37.824789;blinnaya-osm-00213
Блинная Масленица, Чертановская, 1Г;ул. Чертановская, 1Г;55.639966;37.606979;blinnaya-osm-00214
Блинная Масленица, Дзержинский, Угрешский;Дзержинский, Угрешский пр., 2А;55.640431;37.845592;blinnaya-osm-00215
Блинная Масленица, Чертановская, 2 соор1;ул. Чертановская, 2 соор1;55.640823;37.605017;blinnaya-osm-00216
Блинная Масленица, Юлиана Семёнова;ул. Юлиана Семёнова, 6;55.642260;37.394740;blinnaya-osm-00217
Блинная Масленица, Дзержинский, Энергетиков, 18;Дзержинский, ул. Энергетиков, 18;55.642534;37.830076;blinnaya-osm-00218
Блинная Масленица, Беляево;ул. Профсоюзная, 102 с1;55.643455;37.526296;blinnaya-osm-00219
Блинная Масленица, Миклухо-Маклая;ул. Миклухо-Маклая, 47А;55.643555;37.524541;blinnaya-osm-00220
Блинная Масленица, Миклухо-Маклая, 47А;ул. Миклухо-Маклая, 47А;55.643962;37.524465;blinnaya-osm-00221
Блинная Масленица, Профсоюзная, 83А;ул. Профсоюзная, 83А;55.645307;37.529971;blinnaya-osm-00222
Блинная Масленица, Марьино;ул. Люблинская, 175;55.646372;37.747171;blinnaya-osm-00223
Блинная Масленица, Новочеркасский;Новочеркасский бул., 13А;55.647412;37.724715;blinnaya-osm-00224
Блинная Масленица, Пролетарский, 2А;Пролетарский просп., 2А;55.648639;37.656422;blinnaya-osm-00225
Блинная Масленица, Профсоюзная, 69;ул. Профсоюзная, 69;55.649191;37.533845;blinnaya-osm-00226
Блинная Масленица, Севастопольская;ул. Азовская, 24 к2 с3;55.649756;37.596931;blinnaya-osm-00227
Блинная Масленица, Люблинская;ул. Люблинская, 112А с2;55.650934;37.742633;blinnaya-osm-00228
Блинная Масленица, Новомарьинская;ул. Новомарьинская, 4;55.651105;37.748532;blinnaya-osm-00229
Блинная Масленица, Симферопольский;Симферопольский бул., 17 с2;55.651631;37.606057;blinnaya-osm-00230
Блинная Масленица, 50 лет Октября, 2Б с2;ул. 50 лет Октября, 2Б с2;55.652690;37.415481;blinnaya-osm-00231
Блинная Масленица, Каховская;Чонгарский бул., 19;55.652853;37.606719;blinnaya-osm-00232
Блинная Масленица, Котельники, 1-й Покровский;Котельники, 1-й Покровский пр., 4;55.653225;37.846746;blinnaya-osm-00233
Блинная Масленица, Котельники, 1-й Покровский, 4;Котельники, 1-й Покровский пр., 4;55.653331;37.847428;blinnaya-osm-00234
Блинная Масленица, Варшавская;Варшавское ш., 78/2;55.653622;37.618699;blinnaya-osm-00235
Блинная Масленица, Котельники, 1-й Покровский, 5;Котельники, 1-й Покровский пр., 5;55.653982;37.843740;blinnaya-osm-00236
Блинная Масленица, Главмосстроя;ул. Главмосстроя, 7;55.654315;37.406455;blinnaya-osm-00237
Блинная Масленица, Научный;Научный пр., 8 с12;55.655205;37.553019;blinnaya-osm-00238
Блинная Масленица, Одинцово, Внуковская;Одинцово, ул. Внуковская, 13 с6;55.655605;37.286455;blinnaya-osm-00239
Блинная Масленица, Каширская;Каширское ш., 25Б;55.655714;37.648581;blinnaya-osm-00240
Блинная Масленица, Академика Волгина;ул. Академика Волгина, 2;55.656109;37.523405;blinnaya-osm-00241
Блинная Масленица, Научный, 12;Научный пр., 12;55.656390;37.554232;blinnaya-osm-00242
Блинная Масленица, Одинцово, Рябиновая;Одинцово, ул. Рябиновая, 5;55.656767;37.263152;blinnaya-osm-00243
Блинная Масленица, Симферопольский, 12 к1;Симферопольский бул., 12 к1;55.656772;37.604817;blinnaya-osm-00244
Блинная Масленица, Калужская;ул. Профсоюзная, 59 к1;55.657650;37.544354;blinnaya-osm-00245
Блинная Масленица, Котельники, Новорязанское;Котельники, Новорязанское ш., 11;55.658276;37.885821;blinnaya-osm-00246
Блинная Масленица, Братиславская;ул. Братиславская, 16 к2;55.658482;37.757640;blinnaya-osm-00247
Блинная Масленица, Обручева;ул. Обручева, 16 к1;55.658866;37.513706;blinnaya-osm-00248
Блинная Масленица, Говорово;Боровское ш., с20 пав63;55.659251;37.428135;blinnaya-osm-00249
Блинная Масленица, ВНИИССОК, Кленовая;ВНИИССОК, ул. Кленовая, 1;55.659279;37.199059;blinnaya-osm-00250
Блинная Масленица, ВНИИССОК, Кленовая, 1;ВНИИССОК, ул. Кленовая, 1;55.659609;37.199594;blinnaya-osm-00251
Блинная Масленица, Боровское;Боровское ш., с20 пав63;55.659668;37.428650;blinnaya-osm-00252
Блинная Масленица, Новоивановское, Говорово;Новоивановское, Боровское ш., вл2;55.660193;37.407660;blinnaya-osm-00253
Блинная Масленица, Марьинский Парк;ул. Марьинский Парк, 12;55.660745;37.781082;blinnaya-osm-00254
Блинная Масленица, Иловайская;ул. Иловайская, 16;55.661042;37.720951;blinnaya-osm-00255
Блинная Масленица, Юго-Западная;просп. Вернадского, 86Б;55.661786;37.481512;blinnaya-osm-00256
Блинная Масленица, Ленинский;Ленинский просп., 111/2;55.662162;37.508648;blinnaya-osm-00257
Блинная Масленица, Томилино, 1-й Панковский;Томилино, 1-й Панковский пр., 3;55.662309;37.919668;blinnaya-osm-00258
Блинная Масленица, Воронцовская;ул. Академика Челомея, 2А;55.662770;37.534877;blinnaya-osm-00259
Блинная Масленица, Новаторов;ул. Новаторов, 40 к16;55.663118;37.518868;blinnaya-osm-00260
Блинная Масленица, Вернадского;просп. Вернадского, 105 к3;55.663588;37.485444;blinnaya-osm-00261
Блинная Масленица, Красково, Егорьевское;Красково, Егорьевское ш., 1 к1;55.664010;37.997777;blinnaya-osm-00262
Блинная Масленица, Каширское, 14;Каширское ш., 14;55.664517;37.627513;blinnaya-osm-00263
Блинная Масленица, Каширское, 12А;Каширское ш., 12А;55.665767;37.628732;blinnaya-osm-00264
Блинная Масленица, Одинцово, Солнечная;Одинцово, ул. Солнечная, 17;55.665802;37.287168;blinnaya-osm-00265
Блинная Масленица, Новые Черёмушки;ул. Профсоюзная, 45;55.666733;37.552424;blinnaya-osm-00266
Блинная Масленица, Перерва;ул. Перерва, 65 с2;55.667344;37.766047;blinnaya-osm-00267
Блинная Масленица, Нахимовский;Нахимовский просп., 25А;55.667935;37.590207;blinnaya-osm-00268
Блинная Масленица, Новый Городок, Красная Горка;Новый Городок, ул. Красная Горка, 1;55.668511;36.538160;blinnaya-osm-00269
Блинная Масленица, Лобачевского;ул. Лобачевского, 42 с3;55.669827;37.501378;blinnaya-osm-00270
Блинная Масленица, Котельники, Новорязанское, 7 к1;Котельники, Новорязанское ш., 7 к1;55.670101;37.870477;blinnaya-osm-00271
Блинная Масленица, Штатная;ул. Штатная, 19;55.670235;37.665623;blinnaya-osm-00272
Блинная Масленица, Хлебозаводский;Хлебозаводский пр., 7 с10;55.670668;37.634188;blinnaya-osm-00273
Блинная Масленица, Андропова;просп. Андропова, 39 с26;55.671336;37.668726;blinnaya-osm-00274
Блинная Масленица, Одинцово, Привокзальная;Одинцово, Привокзальная пл., 2;55.671625;37.280541;blinnaya-osm-00275
Блинная Масленица, Гарибальди;ул. Гарибальди, 21;55.672236;37.550506;blinnaya-osm-00276
Блинная Масленица, Профсоюзная, 52;ул. Профсоюзная, 52;55.672615;37.556030;blinnaya-osm-00277
Блинная Масленица, Одинцово, Свободы;Одинцово, ул. Свободы, 2А;55.672997;37.281264;blinnaya-osm-00278
Блинная Масленица, Нагорная;Электролитный пр., 5Б с8;55.673100;37.613975;blinnaya-osm-00279
Блинная Масленица, Гарибальди, 17;ул. Гарибальди, 17;55.673659;37.546799;blinnaya-osm-00280
Блинная Масленица, Московская;ул. Московская, 59;55.673896;37.422837;blinnaya-osm-00281
Блинная Масленица, Мичуринский Проспект;ул. Мичуринский Проспект, 4А;55.674403;37.472430;blinnaya-osm-00282
Блинная Масленица, Люблино;ул. Совхозная, 41;55.674624;37.760619;blinnaya-osm-00283
Блинная Масленица, Нагорная, 27;ул. Нагорная, 27;55.675225;37.598293;blinnaya-osm-00284
Блинная Масленица, Нагорная, 30 к1;ул. Нагорная, 30 к1;55.675597;37.596843;blinnaya-osm-00285
Блинная Масленица, Котельники, Котельники;Котельники, ул. Лётчика Ларюшина, 6;55.676043;37.865311;blinnaya-osm-00286
Блинная Масленица, Кржижановского;ул. Кржижановского, 24/35 к4;55.676369;37.577426;blinnaya-osm-00287
Блинная Масленица, Проспект Вернадского;просп. Вернадского, 14;55.676754;37.504739;blinnaya-osm-00288
Блинная Масленица, Котельники, Привольная;Котельники, ул. Привольная, 70 к2;55.677124;37.855790;blinnaya-osm-00289
Блинная Масленица, Краснодарская;ул. Краснодарская, 34А с1;55.677393;37.756740;blinnaya-osm-00290
Блинная Масленица, Нахимовский, 40;Нахимовский просп., 40;55.677429;37.565530;blinnaya-osm-00291
Блинная Масленица, Коломенская;просп. Андропова, 25А с3;55.677551;37.664167;blinnaya-osm-00292
Блинная Масленица, Краснодарская, 47;ул. Краснодарская, 47;55.677793;37.764668;blinnaya-osm-00293
Блинная Масленица, Лобачевского, 19;ул. Лобачевского, 19;55.678132;37.482305;blinnaya-osm-00294
Блинная Масленица, Одинцово, Маршала Неделина;Одинцово, ул. Маршала Неделина, 6;55.678343;37.267945;blinnaya-osm-00295
Блинная Масленица, Вавилова;ул. Вавилова, 91 к2;55.678636;37.547001;blinnaya-osm-00296
Блинная Масленица, Одинцово, Будённовское;Одинцово, Будённовское ш., 25;55.679125;37.323175;blinnaya-osm-00297
Блинная Масленица, Судостроительная;ул. Судостроительная, 1А;55.679414;37.666449;blinnaya-osm-00298
Блинная Масленица, Шоссейная;ул. Шоссейная, 33;55.679662;37.724698;blinnaya-osm-00299
Блинная Масленица, Люберцы, Волковская;Люберцы, ул. Волковская, 11;55.680750;37.896859;blinnaya-osm-00300
Блинная Масленица, Кржижановского, 13 к2;ул. Кржижановского, 13 к2;55.680903;37.569961;blinnaya-osm-00301
Блинная Масленица, Одинцово, Маршала Жукова;Одинцово, ул. Маршала Жукова, 41А;55.681285;37.265529;blinnaya-osm-00302
Блинная Масленица, Севастопольский;Севастопольский просп., 20Б;55.681677;37.597007;blinnaya-osm-00303
Блинная Масленица, Ставропольская;ул. Ставропольская, 23 с1;55.681843;37.762022;blinnaya-osm-00304
Блинная Масленица, Вернадского, 29;просп. Вернадского, 29;55.682059;37.516822;blinnaya-osm-00305
Блинная Масленица, Шоссейная, 29 к1;ул. Шоссейная, 29 к1;55.682145;37.724729;blinnaya-osm-00306
Блинная Масленица, Вавиловская;ул. Вавилова, 66;55.682762;37.549515;blinnaya-osm-00307
Блинная Масленица, Люберцы, Жулебино;Люберцы, 3-е Почтовое отделение, 65;55.683018;37.865668;blinnaya-osm-00308
Блинная Масленица, Удальцова;ул. Удальцова, 40А;55.683230;37.492306;blinnaya-osm-00309
Блинная Масленица, Академическая;ул. Кедрова, 14 к1;55.683419;37.572034;blinnaya-osm-00310
Блинная Масленица, Нагатинская;Варшавское ш., 26 с6;55.683799;37.621614;blinnaya-osm-00311
Блинная Масленица, Люберцы, Генерала Кузнецова;Люберцы, ул. Генерала Кузнецова, 19 к1;55.684199;37.857295;blinnaya-osm-00312
Блинная Масленица, Мичуринский проспект;ул. Лобачевского, 98 к1;55.684252;37.482613;blinnaya-osm-00313
Блинная Масленица, Люблинская, 42;ул. Люблинская, 42;55.685107;37.736375;blinnaya-osm-00314
Блинная Масленица, Люберцы, Октябрьский;Люберцы, Октябрьский просп., 112 к1;55.685423;37.877048;blinnaya-osm-00315
Блинная Масленица, Профсоюзная, 3;ул. Профсоюзная, 3;55.685991;37.572634;blinnaya-osm-00316
Блинная Масленица, Люберцы, Авиаконструктора Миля;Люберцы, ул. Авиаконструктора Миля, 4А;55.686331;37.850336;blinnaya-osm-00317
Блинная Масленица, Одинцово, Можайское;Одинцово, Можайское ш., 134;55.686888;37.310632;blinnaya-osm-00318
Блинная Масленица, Лобачевского, 37 с1;ул. Лобачевского, 37 с1;55.687672;37.474521;blinnaya-osm-00319
Блинная Масленица, Ленинский, 73/8;Ленинский просп., 73/8;55.688381;37.547171;blinnaya-osm-00320
Блинная Масленица, Ленинский, 68/10;Ленинский просп., 68/10;55.688948;37.545653;blinnaya-osm-00321
Блинная Масленица, Большая Черёмушкинская;ул. Большая Черёмушкинская, 1;55.689319;37.602196;blinnaya-osm-00322
Блинная Масленица, Нагорный;Нагорный пр., 2Б;55.689622;37.618544;blinnaya-osm-00323
Блинная Масленица, Шверника;ул. Шверника, 19 к3;55.690368;37.595207;blinnaya-osm-00324
Блинная Масленица, Печатники;ул. Шоссейная, 1 к2;55.690716;37.727404;blinnaya-osm-00325
Блинная Масленица, Технопарк;просп. Лихачёва, 10 к4;55.690800;37.655900;blinnaya-osm-00326
Блинная Масленица, Варшавское, 33 с13;Варшавское ш., 33 с13;55.691398;37.622929;blinnaya-osm-00327
Блинная Масленица, Университет;Ломоносовский просп., 23А с1;55.691648;37.535667;blinnaya-osm-00328
Блинная Масленица, Ломоносовский;Ломоносовский просп., 23 с2;55.691980;37.536184;blinnaya-osm-00329
Блинная Масленица, Джавахарлала Неру;пл. Джавахарлала Неру, 1;55.692941;37.534318;blinnaya-osm-00330
Блинная Масленица, Родники, Ясная поляна;Родники, ул. Ясная поляна, 104;55.693229;38.071524;blinnaya-osm-00331
Блинная Масленица, Джавахарлала Неру, 1;пл. Джавахарлала Неру, 1;55.693591;37.534116;blinnaya-osm-00332
Блинная Масленица, Новоивановское, Большой;Новоивановское, Большой бул., 40;55.694680;37.346887;blinnaya-osm-00333
Блинная Масленица, Люберцы, Воинов-Интернационалистов;Люберцы, ул. Воинов-Интернационалистов, 13;55.695468;37.907059;blinnaya-osm-00334
Блинная Масленица, Новоивановское, Чистяковой;Новоивановское, ул. Чистяковой, 2;55.695733;37.332621;blinnaya-osm-00335
Блинная Масленица, Люберцы, 8 Марта;Люберцы, ул. 8 Марта, 4А;55.696445;37.874190;blinnaya-osm-00336
Блинная Масленица, Раменки;Мичуринский просп., 27;55.697446;37.500498;blinnaya-osm-00337
Блинная Масленица, Люберцы, Лермонтовский проспект;Люберцы, Октябрьский просп., 5;55.697542;37.859498;blinnaya-osm-00338
Блинная Масленица, 60-летия Октября;просп. 60-летия Октября, 11;55.698051;37.579042;blinnaya-osm-00339
Блинная Масленица, ЗИЛ;бул. Братьев Весниных, 2;55.698586;37.638855;blinnaya-osm-00340
Блинная Масленица, Архитектора Щусева;ул. Архитектора Щусева, 3;55.699236;37.637374;blinnaya-osm-00341
Блинная Масленица, Юных Ленинцев, 12;ул. Юных Ленинцев, 12;55.699513;37.741170;blinnaya-osm-00342
Блинная Масленица, Люберцы, 8 Марта, 14 к2;Люберцы, ул. 8 Марта, 14 к2;55.699775;37.880331;blinnaya-osm-00343
Блинная Масленица, Кузьминки;ул. Юных Ленинцев, 54c2;55.699892;37.766122;blinnaya-osm-00344
Блинная Масленица, Автозаводская;ул. Автозаводская, 23Б к2;55.700002;37.649967;blinnaya-osm-00345
Блинная Масленица, Люберцы, Некрасовка;Люберцы, ул. Рождественская, 34;55.700445;37.925560;blinnaya-osm-00346
Блинная Масленица, Люберцы, 8 Марта, 22;Люберцы, ул. 8 Марта, 22;55.701227;37.882639;blinnaya-osm-00347
Блинная Масленица, Люблинская, 10 с4;ул. Люблинская, 10 с4;55.701441;37.731991;blinnaya-osm-00348
Блинная Масленица, Рябиновая;ул. Рябиновая, 41А с4;55.701521;37.422787;blinnaya-osm-00349
Блинная Масленица, Новоивановское, Кутузовская;Новоивановское, ул. Кутузовская, 3;55.701703;37.323389;blinnaya-osm-00350
Блинная Масленица, Люберцы, Юности;Люберцы, ул. Юности, 5;55.701893;37.910261;blinnaya-osm-00351
Блинная Масленица, Ленинский проспект;ул. Вавилова, 15;55.702517;37.581662;blinnaya-osm-00352
Блинная Масленица, Кожуховская;ул. Трофимова, 32 к1;55.702931;37.684653;blinnaya-osm-00353
Блинная Масленица, 2-й Южнопортовый;2-й Южнопортовый пр., 16 с8;55.703494;37.691496;blinnaya-osm-00354
Блинная Масленица, Автозаводская, 19 к1;ул. Автозаводская, 19 к1;55.703708;37.652343;blinnaya-osm-00355
Блинная Масленица, 5-й Донской;5-й Донской пр., 19 с2;55.704301;37.595596;blinnaya-osm-00356
Блинная Масленица, Волгоградский;Волгоградский просп., 88;55.704444;37.769420;blinnaya-osm-00357
Блинная Масленица, Тульская;Духовской пер., 17 с7;55.704567;37.616241;blinnaya-osm-00358
Блинная Масленица, Волгоградский, 82/37;Волгоградский просп., 82/37;55.704621;37.767100;blinnaya-osm-00359
Блинная Масленица, Ломоносовский проспект;Ломоносовский просп., 28;55.705158;37.516552;blinnaya-osm-00360
Блинная Масленица, Автозаводская, 18;ул. Автозаводская, 18;55.705223;37.640345;blinnaya-osm-00361
Блинная Масленица, Марусино, Некрасовка;Марусино, ул. Липчанского, 3;55.705352;37.935551;blinnaya-osm-00362
Блинная Масленица, Вавилова, 3;ул. Вавилова, 3;55.705801;37.593825;blinnaya-osm-00363
Блинная Масленица, Южнопортовая;ул. Южнопортовая, 18;55.706345;37.684784;blinnaya-osm-00364
Блинная Масленица, Рублёво-Успенское шоссе, 25-й километр;Рублёво-Успенское шоссе, 25-й километр, 4;55.706552;37.019573;blinnaya-osm-00365
Блинная Масленица, МКАД, 54-й километр;МКАД, 54-й километр, 110;55.706963;37.385419;blinnaya-osm-00366
Блинная Масленица, Аминьевское;Аминьевское ш., 6;55.707158;37.456722;blinnaya-osm-00367
Блинная Масленица, Юго-Восточная;ул. Ферганская, 14/13;55.707306;37.810079;blinnaya-osm-00368
Блинная Масленица, Южнопортовая, 5 с1;ул. Южнопортовая, 5 с1;55.707618;37.688467;blinnaya-osm-00369
Блинная Масленица, Руза, Федеративная;Руза, ул. Федеративная, 21/2;55.708044;36.199964;blinnaya-osm-00370
Блинная Масленица, Мастеркова;ул. Мастеркова, 3;55.708188;37.659189;blinnaya-osm-00371
Блинная Масленица, Мастеркова, 4;ул. Мастеркова, 4;55.708619;37.657040;blinnaya-osm-00372
Блинная Масленица, Мастеркова, 3;ул. Мастеркова, 3;55.708906;37.658420;blinnaya-osm-00373
Блинная Масленица, Ленинская Слобода;ул. Ленинская Слобода, 26;55.709151;37.652925;blinnaya-osm-00374
Блинная Масленица, Новоивановское, Западная;Новоивановское, ул. Западная, 18;55.709165;37.362222;blinnaya-osm-00375
Блинная Масленица, Текстильщики;Волгоградский просп., 69 с2;55.709426;37.737863;blinnaya-osm-00376
Блинная Масленица, Большая Тульская;ул. Большая Тульская, 2;55.710043;37.620553;blinnaya-osm-00377
Блинная Масленица, 7-я Кожуховская;ул. 7-я Кожуховская, 9;55.710209;37.675299;blinnaya-osm-00378
Блинная Масленица, 7-я Кожуховская, 9;ул. 7-я Кожуховская, 9;55.710523;37.674517;blinnaya-osm-00379
Блинная Масленица, Люберцы, Новоухтомское;Люберцы, Новоухтомское ш., 2А с2;55.710757;37.849691;blinnaya-osm-00380
Блинная Масленица, Серпуховский Вал;ул. Серпуховский Вал, 3;55.711106;37.619125;blinnaya-osm-00381
Блинная Масленица, Ленинская Слобода, 26 с5;ул. Ленинская Слобода, 26 с5;55.711338;37.653033;blinnaya-osm-00382
Блинная Масленица, Люберцы, Улица Дмитриевского;Люберцы, ул. Татьяны Макаровой, 6;55.711873;37.886381;blinnaya-osm-00383
Блинная Масленица, Мытная;ул. Мытная, 74;55.711909;37.620663;blinnaya-osm-00384
Блинная Масленица, Шаболовка;ул. Шаболовка, 56;55.712167;37.605913;blinnaya-osm-00385
Блинная Масленица, Можайское;Можайское ш., 17/1;55.712275;37.380213;blinnaya-osm-00386
Блинная Масленица, Марусино, Маршала Ерёменко;Марусино, ул. Маршала Ерёменко, 5 к1;55.712427;37.949050;blinnaya-osm-00387
Блинная Масленица, Люберцы, Оренбургская;Люберцы, ул. Оренбургская, 18;55.712503;37.862729;blinnaya-osm-00388
Блинная Масленица, Люберцы, Новоухтомское, 2А;Люберцы, Новоухтомское ш., 2А;55.712893;37.843891;blinnaya-osm-00389
Блинная Масленица, Люберцы, Наташи Качуевской;Люберцы, ул. Наташи Качуевской, 5;55.713332;37.878212;blinnaya-osm-00390
Блинная Масленица, Саратовская;ул. Саратовская, 1 к1;55.713922;37.729796;blinnaya-osm-00391
Блинная Масленица, Дубровка;ул. Шарикоподшипниковская, 40;55.713959;37.678119;blinnaya-osm-00392
Блинная Масленица, 1-я Машиностроения;1-я ул. Машиностроения, 4 к1;55.714211;37.669816;blinnaya-osm-00393
Блинная Масленица, Люберцы, Лухмановская;Люберцы, ул. Лухмановская, 8;55.714529;37.899748;blinnaya-osm-00394
Блинная Масленица, Можайское, 58;Можайское ш., 58;55.715472;37.396050;blinnaya-osm-00395
Блинная Масленица, Выхино;ул. Хлобыстова, 7;55.715976;37.815398;blinnaya-osm-00396
Блинная Масленица, Электроугли, Школьная;Электроугли, ул. Школьная, 12;55.715985;38.214672;blinnaya-osm-00397
Блинная Масленица, Рязанский проспект;Рязанский просп., 48;55.716618;37.793537;blinnaya-osm-00398
Блинная Масленица, Можайское, 43/1;Можайское ш., 43/1;55.716641;37.409272;blinnaya-osm-00399
Блинная Масленица, Шарикоподшипниковская;ул. Шарикоподшипниковская, 13А;55.716962;37.678093;blinnaya-osm-00400
Блинная Масленица, Велозаводская;ул. Велозаводская, 3/2;55.717607;37.664368;blinnaya-osm-00401
Блинная Масленица, Рязанский;Рязанский просп., 75 с1;55.717682;37.792518;blinnaya-osm-00402
Блинная Масленица, Шарикоподшипниковская, 11 с5;ул. Шарикоподшипниковская, 11 с5;55.718690;37.676803;blinnaya-osm-00403
Блинная Масленица, Грайвороновская;ул. Грайвороновская, 12 к1;55.719389;37.731997;blinnaya-osm-00404
Блинная Масленица, Большая Косинская;ул. Большая Косинская, 41А;55.719681;37.858008;blinnaya-osm-00405
Блинная Масленица, Ликино-Дулёво, Октябрьская;Ликино-Дулёво, ул. Октябрьская, 8А;55.719831;38.958439;blinnaya-osm-00406
Блинная Масленица, Шаболовская;ул. Академика Петровского, 31;55.720024;37.605700;blinnaya-osm-00407
Блинная Масленица, Хорошёвский;Хорошёвский пр., 14;55.720266;37.378841;blinnaya-osm-00408
Блинная Масленица, Окская;Рязанский просп., 24 к2;55.720658;37.774082;blinnaya-osm-00409
Блинная Масленица, Вешняковская;ул. Вешняковская, 20Б;55.721068;37.823054;blinnaya-osm-00410
Блинная Масленица, Рязанский, 61 к4;Рязанский просп., 61 к4;55.721075;37.776928;blinnaya-osm-00411
Блинная Масленица, Шаболовка, 20;ул. Шаболовка, 20;55.721622;37.609704;blinnaya-osm-00412
Блинная Масленица, Шаболовка, 29 к2;ул. Шаболовка, 29 к2;55.721897;37.610654;blinnaya-osm-00413
Блинная Масленица, Давыдковская;ул. Давыдковская, 8 к1;55.722248;37.474418;blinnaya-osm-00414
Блинная Масленица, Спортивная;ул. Усачёва, 33 с4;55.722657;37.561878;blinnaya-osm-00415
Блинная Масленица, Марусино, Романычева;Марусино, ул. Романычева, 3;55.722851;37.971325;blinnaya-osm-00416
Блинная Масленица, Доватора;ул. Доватора, 11 к1;55.723271;37.567768;blinnaya-osm-00417
Блинная Масленица, Марусино, Косинское;Марусино, Косинское ш., 6;55.723502;37.973921;blinnaya-osm-00418
Блинная Масленица, Усачёва;ул. Усачёва, 29 к3;55.723775;37.564929;blinnaya-osm-00419
Блинная Масленица, Вешняковская, 29;ул. Вешняковская, 29;55.723951;37.828029;blinnaya-osm-00420
Блинная Масленица, Новохохловская;ул. Новохохловская, 49;55.724210;37.715732;blinnaya-osm-00421
Блинная Масленица, Марусино, Пригородная;Марусино, ул. Пригородная, 90;55.724536;37.994336;blinnaya-osm-00422
Блинная Масленица, 10-летия Октября;ул. 10-летия Октября, 13;55.724661;37.564523;blinnaya-osm-00423
Блинная Масленица, Серпуховская;ул. Щипок, 12 с1;55.725098;37.632167;blinnaya-osm-00424
Блинная Масленица, Павелецкая;ул. Летниковская, 10 с2;55.725487;37.643015;blinnaya-osm-00425
Блинная Масленица, Пролетарская;ул. Мельникова, 16А;55.725659;37.667486;blinnaya-osm-00426
Блинная Масленица, Большая Серпуховская;ул. Большая Серпуховская, 24/21А с2;55.726082;37.623863;blinnaya-osm-00427
Блинная Масленица, Щипок;ул. Щипок, 2;55.726358;37.628595;blinnaya-osm-00428
Блинная Масленица, Крымский Вал;ул. Крымский Вал, 9 с25;55.726741;37.597844;blinnaya-osm-00429
Блинная Масленица, Электроугли, Банный;Электроугли, Банный пер., 1;55.726974;38.204711;blinnaya-osm-00430
Блинная Масленица, Фрунзенская;Комсомольский просп., 28;55.727362;37.580671;blinnaya-osm-00431
Блинная Масленица, Славянский бульвар;Славянский бул., 5 к1 с3;55.727392;37.472665;blinnaya-osm-00432
Блинная Масленица, Стремянный;Стремянный пер., 26;55.727590;37.630495;blinnaya-osm-00433
Блинная Масленица, Кунцевская;ул. Ивана Франко, 8;55.727964;37.449372;blinnaya-osm-00434
Блинная Масленица, Кожевническая;ул. Кожевническая, 14 с5;55.728153;37.645956;blinnaya-osm-00435
Блинная Масленица, Звенигород, Московская;Звенигород, ул. Московская, 30;55.728289;36.862737;blinnaya-osm-00436
Блинная Масленица, Стахановская;ул. Михайлова, 8 к1;55.728497;37.763590;blinnaya-osm-00437
Блинная Масленица, Кожевническая, 14;ул. Кожевническая, 14;55.728571;37.645613;blinnaya-osm-00438
Блинная Масленица, Партизанская;ул. Партизанская, 3;55.728995;37.411563;blinnaya-osm-00439
Блинная Масленица, Волгоградский, 15;Волгоградский просп., 15;55.729078;37.677742;blinnaya-osm-00440
Блинная Масленица, Рязанский, 37;Рязанский просп., 37;55.729308;37.753828;blinnaya-osm-00441
Блинная Масленица, Звенигород, Василия Фабричнова;Звенигород, ул. Василия Фабричнова, 1А;55.729539;36.855957;blinnaya-osm-00442
Блинная Масленица, Звенигород, Ленина;Звенигород, ул. Ленина, 9;55.729645;36.855001;blinnaya-osm-00443
Блинная Масленица, Крестьянская Застава;Волгоградский просп., 10 с2;55.729750;37.674731;blinnaya-osm-00444
Блинная Масленица, Нижегородская;Рязанский просп., 2 к2;55.729845;37.730562;blinnaya-osm-00445
Блинная Масленица, Кожевнический;Кожевнический пр., 4/5 с5;55.730353;37.644810;blinnaya-osm-00446
Блинная Масленица, Звенигород, Московская, 5;Звенигород, ул. Московская, 5;55.730627;36.852007;blinnaya-osm-00447
Блинная Масленица, Октябрьская;ул. Крымский Вал, 6;55.730910;37.610023;blinnaya-osm-00448
Блинная Масленица, Скотопрогонная;ул. Скотопрогонная, 29/1;55.731052;37.695360;blinnaya-osm-00449
Блинная Масленица, Новохохловская, 12 с1;ул. Новохохловская, 12 с1;55.731191;37.710063;blinnaya-osm-00450
Блинная Масленица, Парк Культуры;Комсомольский просп., 14/1 к2;55.731338;37.590014;blinnaya-osm-00451
Блинная Масленица, Ликино-Дулёво, Калинина;Ликино-Дулёво, ул. Калинина, 11;55.731673;38.949976;blinnaya-osm-00452
Блинная Масленица, Звенигород, Чехова;Звенигород, ул. Чехова, 5А;55.731960;36.850787;blinnaya-osm-00453
Блинная Масленица, Коновалова;ул. Коновалова, 16А;55.732166;37.764314;blinnaya-osm-00454
Блинная Масленица, Большой Саввинский;Большой Саввинский пер., 14 с7;55.732330;37.564721;blinnaya-osm-00455
Блинная Масленица, Бережковская;Бережковская наб., 20Б;55.732626;37.550691;blinnaya-osm-00456
Блинная Масленица, Комсомольский;Комсомольский просп., 4;55.732832;37.592142;blinnaya-osm-00457
Блинная Масленица, Зацепский Вал;ул. Зацепский Вал, 4 с2;55.733062;37.639968;blinnaya-osm-00458
Блинная Масленица, Салтыковская;ул. Салтыковская, 7Г;55.733433;37.861765;blinnaya-osm-00459
Блинная Масленица, Нижегородская, 70 к1;ул. Нижегородская, 70 к1;55.733706;37.708801;blinnaya-osm-00460
Блинная Масленица, Марксистская;ул. Марксистская, 34 к10;55.733789;37.664191;blinnaya-osm-00461
Блинная Масленица, Марксистская, 34 к10;ул. Марксистская, 34 к10;55.734083;37.664845;blinnaya-osm-00462
Блинная Масленица, Воронцовская, 36 с1;ул. Воронцовская, 36 с1;55.734377;37.661678;blinnaya-osm-00463
Блинная Масленица, Марксистская, 34 к8;ул. Марксистская, 34 к8;55.734717;37.665210;blinnaya-osm-00464
Блинная Масленица, Парк Победы;ул. Генерала Ермолова, 4;55.735036;37.517815;blinnaya-osm-00465
Блинная Масленица, Пионерская;ул. Пивченкова, 7;55.735133;37.476248;blinnaya-osm-00466
Блинная Масленица, Полянка;ул. Большая Полянка, 28 к1;55.735187;37.619094;blinnaya-osm-00467
Блинная Масленица, Нижегородская, 50;ул. Нижегородская, 50;55.735578;37.701550;blinnaya-osm-00468
Блинная Масленица, Льва Толстого;ул. Льва Толстого, 23/7/3;55.735711;37.584107;blinnaya-osm-00469
Блинная Масленица, Садовническая;ул. Садовническая, 73 с1;55.735940;37.642352;blinnaya-osm-00470
Блинная Масленица, Большая Якиманка;ул. Большая Якиманка, 26;55.736160;37.613384;blinnaya-osm-00471
Блинная Масленица, Марусино, Струве;Марусино, ул. Струве, 11;55.736463;37.995812;blinnaya-osm-00472
Блинная Масленица, Смирновская;ул. Смирновская, 19;55.736511;37.710426;blinnaya-osm-00473
Блинная Масленица, Третьяковская;ул. Малая Ордынка, 19;55.736716;37.625840;blinnaya-osm-00474
Блинная Масленица, Василисы Кожиной;ул. Василисы Кожиной, 1;55.737146;37.505175;blinnaya-osm-00475
Блинная Масленица, Зубовский;Зубовский бул., 29;55.737183;37.588372;blinnaya-osm-00476
Блинная Масленица, Филёвский парк;ул. Минская, 14 к1;55.737462;37.486078;blinnaya-osm-00477
Блинная Масленица, Таганская;ул. Большие Каменщики, 4;55.737501;37.653931;blinnaya-osm-00478
Блинная Масленица, Малая Филёвская;ул. Малая Филёвская, 14А;55.737719;37.470803;blinnaya-osm-00479
Блинная Масленица, Марусино, Керамическая;Марусино, ул. Керамическая, с3 в5;55.737796;37.967734;blinnaya-osm-00480
Блинная Масленица, Талалихина;ул. Талалихина, 2/1 к1;55.737985;37.673020;blinnaya-osm-00481
Блинная Масленица, Большие Каменщики;ул. Большие Каменщики, 9 сГ;55.738168;37.655577;blinnaya-osm-00482
Блинная Масленица, Пречистенка;ул. Пречистенка, 37 с8;55.738373;37.587929;blinnaya-osm-00483
Блинная Масленица, Таганская, 40 с2;ул. Таганская, 40 с2;55.738506;37.667154;blinnaya-osm-00484
Блинная Масленица, Кусковская;ул. Кусковская, 1;55.738562;37.763796;blinnaya-osm-00485
Блинная Масленица, 3-й Голутвинский;3-й Голутвинский пер., 10 с1;55.738832;37.610568;blinnaya-osm-00486
Блинная Масленица, Марксистская, 16;ул. Марксистская, 16;55.738842;37.659141;blinnaya-osm-00487
Блинная Масленица, Студенческая;ул. Студенческая, 33 к5;55.739219;37.542376;blinnaya-osm-00488
Блинная Масленица, Барклая;ул. Барклая, 6 с3;55.739262;37.507036;blinnaya-osm-00489
Блинная Масленица, Минская;ул. Минская, 14А;55.739411;37.483784;blinnaya-osm-00490
Блинная Масленица, Таганская, 43 с3;ул. Таганская, 43 с3;55.739571;37.668595;blinnaya-osm-00491
Блинная Масленица, Барклая, 6 с9;ул. Барклая, 6 с9;55.739829;37.508370;blinnaya-osm-00492
Блинная Масленица, Кутузовская;Кутузовский просп., 36 с3;55.739986;37.526178;blinnaya-osm-00493
Блинная Масленица, Новокузнецкая;ул. Новокузнецкая, 1 с2;55.740133;37.630018;blinnaya-osm-00494
Блинная Масленица, Кутузовский;Кутузовский просп., 35/30;55.740261;37.537263;blinnaya-osm-00495
Блинная Масленица, Багратионовская;ул. Барклая, 6;55.740489;37.504097;blinnaya-osm-00496
Блинная Масленица, Большая Татарская;ул. Большая Татарская, 11С;55.740510;37.634473;blinnaya-osm-00497
Блинная Масленица, Таганская, 2;ул. Таганская, 2;55.740749;37.657254;blinnaya-osm-00498
Блинная Масленица, Таганская, 88 с2;Таганская пл., 88 с2;55.740919;37.652475;blinnaya-osm-00499
Блинная Масленица, Ярцевская;ул. Ярцевская, 25А;55.740965;37.415873;blinnaya-osm-00500
Блинная Масленица, Ярцевская, 25;ул. Ярцевская, 25;55.741105;37.413718;blinnaya-osm-00501
Блинная Масленица, Кутузовский, 32/1;Кутузовский просп., 32/1;55.741238;37.531950;blinnaya-osm-00502
Блинная Масленица, Лаврушинский;Лаврушинский пер., 15 с1;55.741524;37.621475;blinnaya-osm-00503
Блинная Масленица, Ярцевская, 25 к3;ул. Ярцевская, 25 к3;55.741685;37.414507;blinnaya-osm-00504
Блинная Масленица, Старомонетный;Старомонетный пер., 6;55.741859;37.617341;blinnaya-osm-00505
Блинная Масленица, Багратионовский;Багратионовский пр., 7 к2;55.741934;37.500988;blinnaya-osm-00506
Блинная Масленица, Кропоткинская;2-й Обыденский пер., 8/8;55.742307;37.603221;blinnaya-osm-00507
Блинная Масленица, Павловская Слобода, Дмитровская;Павловская Слобода, ул. Дмитровская, 33;55.742367;37.059314;blinnaya-osm-00508
Блинная Масленица, Барклая, 10А;ул. Барклая, 10А;55.742630;37.499664;blinnaya-osm-00509
Блинная Масленица, Римская;ул. Рогожский Вал, 6 к2;55.742648;37.674228;blinnaya-osm-00510
Блинная Масленица, Марусино, Граничная;Марусино, ул. Граничная, 34;55.742984;37.985200;blinnaya-osm-00511
Блинная Масленица, Барклая, 10;Барклая, 10;55.743017;37.499172;blinnaya-osm-00512
Блинная Масленица, Плеханова;ул. Плеханова, 20;55.743256;37.766358;blinnaya-osm-00513
Блинная Масленица, Рублёвское;Рублёвское ш., 22 к2;55.743564;37.429567;blinnaya-osm-00514
Блинная Масленица, Фили;Багратионовский пр., 5;55.743649;37.508054;blinnaya-osm-00515
Блинная Масленица, Кутузовский, 27;Кутузовский просп., 27;55.743709;37.545768;blinnaya-osm-00516
Блинная Масленица, Новокосино;ул. Городецкая, 3;55.744099;37.866384;blinnaya-osm-00517
Блинная Масленица, Рогожский Вал;ул. Рогожский Вал, 5 с9;55.744194;37.678956;blinnaya-osm-00518
Блинная Масленица, Перовская;ул. Перовская, 66 к4;55.744413;37.799405;blinnaya-osm-00519
Блинная Масленица, Большая Ордынка;ул. Большая Ордынка, 9/4 с1;55.744520;37.624899;blinnaya-osm-00520
Блинная Масленица, Барклая, 12;ул. Барклая, 12;55.744708;37.498611;blinnaya-osm-00521
Блинная Масленица, Киевская;ул. Брянская, 2;55.744776;37.564272;blinnaya-osm-00522
Блинная Масленица, Гоголевский;Гоголевский бул., 3;55.744968;37.600669;blinnaya-osm-00523
Блинная Масленица, Перовская, 61А;ул. Перовская, 61А;55.745169;37.798376;blinnaya-osm-00524
Блинная Масленица, Рабочая;ул. Рабочая, 3/5;55.745401;37.681746;blinnaya-osm-00525
Блинная Масленица, Носовихинское;Носовихинское ш., 3;55.745403;37.856867;blinnaya-osm-00526
Блинная Масленица, Носовихинское, 11;Носовихинское ш., 11;55.745518;37.861029;blinnaya-osm-00527
Блинная Масленица, Большая Дорогомиловская;ул. Большая Дорогомиловская, 8А;55.745909;37.566261;blinnaya-osm-00528
Блинная Масленица, Энтузиастов;бул. Энтузиастов, 2;55.746082;37.682017;blinnaya-osm-00529
Блинная Масленица, Большая Дорогомиловская, 10;ул. Большая Дорогомиловская, 10;55.746247;37.562686;blinnaya-osm-00530
Блинная Масленица, Энтузиастов, 2;бул. Энтузиастов, 2;55.746439;37.682339;blinnaya-osm-00531
Блинная Масленица, Марусино, Маяковского;Марусино, ул. Маяковского, 14А;55.746498;38.000776;blinnaya-osm-00532
Блинная Масленица, Юбилейный;Юбилейный просп., 2 к1;55.746659;37.854376;blinnaya-osm-00533
Блинная Масленица, Смоленская;пер. Сивцев Вражек, 29/16;55.746755;37.591599;blinnaya-osm-00534
Блинная Масленица, Яузская;ул. Яузская, 8 с2;55.746994;37.647045;blinnaya-osm-00535
Блинная Масленица, Садовническая, 13 с12;ул. Садовническая, 13 с12;55.747168;37.631405;blinnaya-osm-00536
Блинная Масленица, Пресненская;Пресненская наб., 10 с2;55.747284;37.534778;blinnaya-osm-00537
Блинная Масленица, Николоямская;ул. Николоямская, 15;55.747511;37.652212;blinnaya-osm-00538
Блинная Масленица, Площадь Ильича;Гжельский пер., 19 с2;55.747662;37.680504;blinnaya-osm-00539
Блинная Масленица, Котельническая;Котельническая наб., 1/15 кВ;55.747747;37.644630;blinnaya-osm-00540
Блинная Масленица, Энтузиастов, 12 к2;ш. Энтузиастов, 12 к2;55.747920;37.704995;blinnaya-osm-00541
Блинная Масленица, Деловой центр;Пресненская наб., 6 с2;55.748136;37.540643;blinnaya-osm-00542
Блинная Масленица, Авиамоторная;ул. 2-я Кабельная, 6 с3;55.748186;37.716805;blinnaya-osm-00543
Блинная Масленица, Плеханова, 17 с7;ул. Плеханова, 17 с7;55.748428;37.764102;blinnaya-osm-00544
Блинная Масленица, Золоторожский Вал;ул. Золоторожский Вал, 11 с1;55.748652;37.682556;blinnaya-osm-00545
Блинная Масленица, Смоленская, 6;Смоленская пл., 6;55.748738;37.583187;blinnaya-osm-00546
Блинная Масленица, Пресненская, 2;Пресненская наб., 2;55.748916;37.538859;blinnaya-osm-00547
Блинная Масленица, Реутов, Новокосино;Реутов, Носовихинское ш., 16Б;55.749114;37.870450;blinnaya-osm-00548
Блинная Масленица, Реутов, Академика Челомея;Реутов, ул. Академика Челомея, 10;55.749298;37.877782;blinnaya-osm-00549
Блинная Масленица, Зелёный;Зелёный просп., 5/12 с1;55.749593;37.775077;blinnaya-osm-00550
Блинная Масленица, 1-й Красногвардейский;1-й Красногвардейский пр., 21 с1;55.749596;37.533774;blinnaya-osm-00551
Блинная Масленица, Марусино, Некрасова;Марусино, ул. Некрасова, 2А;55.749741;37.996293;blinnaya-osm-00552
Блинная Масленица, Балашиха, Носовихинское;Балашиха, Носовихинское ш., 25/1;55.749947;37.967264;blinnaya-osm-00553
Блинная Масленица, Реутов, Юбилейный;Реутов, Юбилейный просп., 58А;55.750142;37.876585;blinnaya-osm-00554
Блинная Масленица, Арбат;ул. Арбат, 22/2 с4;55.750226;37.593496;blinnaya-osm-00555
Блинная Масленица, Энтузиастов, 18;ш. Энтузиастов, 18;55.750484;37.713833;blinnaya-osm-00556
Блинная Масленица, Перово;Зелёный просп., 24 с6;55.750541;37.790751;blinnaya-osm-00557
Блинная Масленица, Завода Серп и Молот;пр. Завода Серп и Молот, 5Б;55.750775;37.708391;blinnaya-osm-00558
Блинная Масленица, Новогиреево;Зелёный просп., 62;55.750920;37.820054;blinnaya-osm-00559
Блинная Масленица, Балашиха, Носовихинское, 54;Балашиха, Носовихинское ш., 54;55.750947;37.970160;blinnaya-osm-00560
Блинная Масленица, Балашиха, Центральная;Балашиха, ул. Центральная, 26 с3;55.751067;37.957289;blinnaya-osm-00561
Блинная Масленица, Свободный;Свободный просп., 20А;55.751209;37.816222;blinnaya-osm-00562
Блинная Масленица, Балашиха, Некрасова;Балашиха, ул. Некрасова, 6;55.751403;37.995030;blinnaya-osm-00563
Блинная Масленица, Старая Купавна, Вокзальная;Старая Купавна, ул. Вокзальная, 2А;55.751458;38.123832;blinnaya-osm-00564
Блинная Масленица, Марусино, Советская;Марусино, ул. Советская, 9;55.751529;38.012865;blinnaya-osm-00565
Блинная Масленица, Реутов, Носовихинское;Реутов, Носовихинское ш., 45;55.751751;37.887050;blinnaya-osm-00566
Блинная Масленица, Марусино, Привокзальная;Марусино, Привокзальная пл., 1Б;55.751752;38.006602;blinnaya-osm-00567
Блинная Масленица, Реутов, Юбилейный, 41;Реутов, Юбилейный просп., 41;55.751961;37.873282;blinnaya-osm-00568
Блинная Масленица, Новый Арбат;ул. Новый Арбат, 15;55.752067;37.591701;blinnaya-osm-00569
Блинная Масленица, Шоссе Энтузиастов;ул. Электродная, 8 с4;55.752140;37.753838;blinnaya-osm-00570
Блинная Масленица, Свободный, 33А с4;Свободный просп., 33А с4;55.752341;37.818209;blinnaya-osm-00571
Блинная Масленица, Невельского;пр. Невельского, 6 к2;55.752448;37.700826;blinnaya-osm-00572
Блинная Масленица, Реутов, Юбилейный, 47;Реутов, Юбилейный просп., 47;55.752527;37.876364;blinnaya-osm-00573
Блинная Масленица, Балашиха, Чаплыгина;Балашиха, ул. Чаплыгина, 7Б;55.752636;37.955955;blinnaya-osm-00574
Блинная Масленица, Реутов, Юбилейный, 55;Реутов, Юбилейный просп., 55;55.752959;37.881154;blinnaya-osm-00575
Блинная Масленица, Авиамоторная, 41Б;ул. Авиамоторная, 41Б;55.753097;37.717401;blinnaya-osm-00576
Блинная Масленица, Нижняя Сыромятническая;ул. Нижняя Сыромятническая, 10 с11;55.753157;37.666765;blinnaya-osm-00577
Блинная Масленица, Реутов, Дзержинского;Реутов, ул. Дзержинского, 20В;55.753170;37.860141;blinnaya-osm-00578
Блинная Масленица, Старая Купавна, Озеро;Старая Купавна, ул. Озеро, 48;55.753356;38.122330;blinnaya-osm-00579
Блинная Масленица, 2-й Сыромятнический;2-й Сыромятнический пер., 11;55.753754;37.662650;blinnaya-osm-00580
Блинная Масленица, Солянка;ул. Солянка, 2;55.753966;37.636381;blinnaya-osm-00581
Блинная Масленица, Калинина;ул. Калинина, 8;55.754089;37.857803;blinnaya-osm-00582
Блинная Масленица, Сталеваров;ул. Сталеваров, 22 к2;55.754193;37.838519;blinnaya-osm-00583
Блинная Масленица, Солянка, 1/2 с1;ул. Солянка, 1/2 с1;55.754201;37.637238;blinnaya-osm-00584
Блинная Масленица, Красноказарменная;ул. Красноказарменная, 14 к3;55.754378;37.706801;blinnaya-osm-00585
Блинная Масленица, Верхняя Сыромятническая;ул. Верхняя Сыромятническая, 7 с1;55.754613;37.661216;blinnaya-osm-00586
Блинная Масленица, Реутов, Октября;Реутов, ул. Октября, 38;55.754695;37.877662;blinnaya-osm-00587
Блинная Масленица, Береговой;Береговой пр., 5А к7;55.754801;37.509472;blinnaya-osm-00588
Блинная Масленица, Чкаловская;ул. Земляной Вал, 38-40;55.754986;37.656536;blinnaya-osm-00589
Блинная Масленица, Борисоглебский;Борисоглебский пер., 12;55.755015;37.591196;blinnaya-osm-00590
Блинная Масленица, 4-й Сыромятнический;4-й Сыромятнический пер., 1 с3;55.755278;37.665474;blinnaya-osm-00591
Блинная Масленица, Охотный ряд;Манежная пл., 1 с2;55.755364;37.614817;blinnaya-osm-00592
Блинная Масленица, Площадь Революции;ул. Никольская, 5/1 с3;55.755632;37.620248;blinnaya-osm-00593
Блинная Масленица, Краснопресненская;Краснопресненская наб., 12;55.755796;37.557132;blinnaya-osm-00594
Блинная Масленица, Береговой, 5 к1;Береговой пр., 5 к1;55.755929;37.506425;blinnaya-osm-00595
Блинная Масленица, Арбатская;Малый Кисловский пер., 9 с1;55.756095;37.602534;blinnaya-osm-00596
Блинная Масленица, Рочдельская;ул. Рочдельская, 11/5;55.756221;37.570954;blinnaya-osm-00597
Блинная Масленица, 4-й Сыромятнический, 1 с6;4-й Сыромятнический пер., 1 с6;55.756465;37.665235;blinnaya-osm-00598
Блинная Масленица, Земляной Вал;ул. Земляной Вал, 35;55.756542;37.659202;blinnaya-osm-00599
Блинная Масленица, Крылатское;Осенний бул., 5 к1;55.756638;37.407258;blinnaya-osm-00600
Блинная Масленица, Самокатная;ул. Самокатная, 4 с55;55.756716;37.678806;blinnaya-osm-00601
Блинная Масленица, Рочдельская, 15 с1;ул. Рочдельская, 15 с1;55.756851;37.566110;blinnaya-osm-00602
Блинная Масленица, Реутов, Транспортная;Реутов, ул. Транспортная, 27;55.757068;37.887821;blinnaya-osm-00603
Блинная Масленица, Осенний;Осенний бул., 10 к1;55.757121;37.408926;blinnaya-osm-00604
Блинная Масленица, Земляной Вал, 33;ул. Земляной Вал, 33;55.757203;37.658536;blinnaya-osm-00605
Блинная Масленица, Маросейка;ул. Маросейка, 6-8 с4;55.757392;37.635317;blinnaya-osm-00606
Блинная Масленица, Сталеваров, вл3Л;ул. Сталеваров, вл3Л;55.757563;37.841771;blinnaya-osm-00607
Блинная Масленица, Лялин;Лялин пер., 22;55.757669;37.652730;blinnaya-osm-00608
Блинная Масленица, Капранова;пер. Капранова, 3;55.757893;37.572594;blinnaya-osm-00609
Блинная Масленица, Тверская;ул. Тверская, 5/6;55.757994;37.612481;blinnaya-osm-00610
Блинная Масленица, Буракова;ул. Буракова, 14;55.758101;37.733566;blinnaya-osm-00611
Блинная Масленица, Никольская;ул. Никольская, 10;55.758226;37.624517;blinnaya-osm-00612
Блинная Масленица, Земляной Вал, 29;ул. Земляной Вал, 29;55.758317;37.660415;blinnaya-osm-00613
Блинная Масленица, Старая Купавна, Маршала Батицкого;Старая Купавна, ул. Маршала Батицкого, 12;55.758445;38.081531;blinnaya-osm-00614
Блинная Масленица, Земляной Вал, 24/30 с1;ул. Земляной Вал, 24/30 с1;55.758588;37.657220;blinnaya-osm-00615
Блинная Масленица, Лубянка;Лубянский пр., 5 с1;55.758643;37.629507;blinnaya-osm-00616
Блинная Масленица, Никольская, 12/1/2 с1;ул. Никольская, 12/1/2 с1;55.758921;37.625147;blinnaya-osm-00617
Блинная Масленица, Малый Златоустинский;Малый Златоустинский пер., 10 с7;55.758983;37.635248;blinnaya-osm-00618
Блинная Масленица, Лефортово;ул. Авиамоторная, 2;55.758991;37.709899;blinnaya-osm-00619
Блинная Масленица, Электросталь, посёлок Случайный;Электросталь, посёлок Случайный, 1 с2;55.759182;38.434593;blinnaya-osm-00620
Блинная Масленица, Шмитовский;Шмитовский пр., 10/7;55.759441;37.552749;blinnaya-osm-00621
Блинная Масленица, Покровка;ул. Покровка, 19;55.759546;37.646376;blinnaya-osm-00622
Блинная Масленица, Кузнецкий Мост;Театральный пр., 5 с1;55.759815;37.624659;blinnaya-osm-00623
Блинная Масленица, Реутов, 1-я Железнодорожная;Реутов, ул. 1-я Железнодорожная, 13/1;55.759860;37.895946;blinnaya-osm-00624
Блинная Масленица, Театральный;Театральный пр., 5 с1;55.759983;37.625540;blinnaya-osm-00625
Блинная Масленица, Реутов, Победы;Реутов, ул. Победы, 7;55.760171;37.859240;blinnaya-osm-00626
Блинная Масленица, Баррикадная;ул. Баррикадная, 19 с1;55.760354;37.580343;blinnaya-osm-00627
Блинная Масленица, Земляной Вал, 21/2 с1;ул. Земляной Вал, 21/2 с1;55.760580;37.658130;blinnaya-osm-00628
Блинная Масленица, Лялин, 3 с2;Лялин пер., 3 с2;55.760608;37.651846;blinnaya-osm-00629
Блинная Масленица, Мясницкая;ул. Мясницкая, 7 с6;55.760841;37.630238;blinnaya-osm-00630
Блинная Масленица, Земляной Вал, 14-16/11 с1;ул. Земляной Вал, 14-16/11 с1;55.760888;37.657010;blinnaya-osm-00631
Блинная Масленица, Чистые пруды;Сверчков пер., 5;55.760990;37.639723;blinnaya-osm-00632
Блинная Масленица, Большая Грузинская;ул. Большая Грузинская, 1 с1;55.761079;37.577686;blinnaya-osm-00633
Блинная Масленица, Красная Пресня;ул. Красная Пресня, 4;55.761208;37.576110;blinnaya-osm-00634
Блинная Масленица, Тверской;Тверской бул., 19;55.761445;37.601730;blinnaya-osm-00635
Блинная Масленица, Чистопрудный;Чистопрудный бул., 12 к4;55.761558;37.642981;blinnaya-osm-00636
Блинная Масленица, Нижний Сусальный;Нижний Сусальный пер., 3 с3;55.761652;37.663188;blinnaya-osm-00637
Блинная Масленица, Кривоколенный;Кривоколенный пер., 5 с4;55.761781;37.634187;blinnaya-osm-00638
Блинная Масленица, Покровка, 38 с5;ул. Покровка, 38 с5;55.761958;37.652193;blinnaya-osm-00639
Блинная Масленица, Рождественка;ул. Рождественка, 8/15 с3;55.761998;37.624047;blinnaya-osm-00640
Блинная Масленица, 3-я Владимирская;ул. 3-я Владимирская, 6;55.762239;37.785065;blinnaya-osm-00641
Блинная Масленица, Улица 1905 года;ул. Красная Пресня, 32-34;55.762334;37.567721;blinnaya-osm-00642
Блинная Масленица, Земляной Вал, 6 с1;ул. Земляной Вал, 6 с1;55.762360;37.656710;blinnaya-osm-00643
Блинная Масленица, Реутов, Мира;Реутов, просп. Мира, вл4В;55.762475;37.863262;blinnaya-osm-00644
Блинная Масленица, Малая Грузинская;ул. Малая Грузинская, 3-9;55.762598;37.571066;blinnaya-osm-00645
Блинная Масленица, Звенигородская;Шелепихинская наб., 34 к2;55.762682;37.509130;blinnaya-osm-00646
Блинная Масленица, Мясницкая, 13 с11;ул. Мясницкая, 13 с11;55.762805;37.633160;blinnaya-osm-00647
Блинная Масленица, Сергея Макеева;ул. Сергея Макеева, 11/9 с10;55.762833;37.551335;blinnaya-osm-00648
Блинная Масленица, Большая Грузинская, 1 с102;ул. Большая Грузинская, 1 с102;55.762949;37.578056;blinnaya-osm-00649
Блинная Масленица, Мясницкая, 17 с1;ул. Мясницкая, 17 с1;55.763283;37.635254;blinnaya-osm-00650
Блинная Масленица, Чистопрудный, 7/2;Чистопрудный бул., 7/2;55.763465;37.642894;blinnaya-osm-00651
Блинная Масленица, Гороховский;Гороховский пер., 4 с4;55.763486;37.660165;blinnaya-osm-00652
Блинная Масленица, Покровка, 50/2 с1;ул. Покровка, 50/2 с1;55.763570;37.655341;blinnaya-osm-00653
Блинная Масленица, Большая Грузинская, 8 с10;ул. Большая Грузинская, 8 с10;55.763726;37.583607;blinnaya-osm-00654
Блинная Масленица, Солдатская;ул. Солдатская, 10 к2;55.764021;37.703804;blinnaya-osm-00655
Блинная Масленица, Большая Грузинская, 3 с1;ул. Большая Грузинская, 3 с1;55.764214;37.577317;blinnaya-osm-00656
Блинная Масленица, Реутов, МКАД, 2-й километр;Реутов, МКАД, 2-й километр, 2;55.764403;37.844851;blinnaya-osm-00657
Блинная Масленица, Реутов, Победы, 18А;Реутов, ул. Победы, 18А;55.764606;37.853943;blinnaya-osm-00658
Блинная Масленица, Большая Бронная;ул. Большая Бронная, 29;55.764622;37.603133;blinnaya-osm-00659
Блинная Масленица, Буракова, 6 с12;ул. Буракова, 6 с12;55.764903;37.727249;blinnaya-osm-00660
Блинная Масленица, Трёхпрудный;Трёхпрудный пер., 5;55.765091;37.597563;blinnaya-osm-00661
Блинная Масленица, Старая Купавна, Центральная;Старая Купавна, ул. Центральная, 15Б;55.765252;38.213006;blinnaya-osm-00662
Блинная Масленица, Маяковская;ул. Садовая-Кудринская, 21А;55.765266;37.589204;blinnaya-osm-00663
Блинная Масленица, Тверская, 19 с2;ул. Тверская, 19 с2;55.765423;37.602867;blinnaya-osm-00664
Блинная Масленица, Большая Грузинская, 13 с1;ул. Большая Грузинская, 13 с1;55.765662;37.577016;blinnaya-osm-00665
Блинная Масленица, Старая Басманная;ул. Старая Басманная, 15 с3;55.765825;37.660296;blinnaya-osm-00666
Блинная Масленица, Павловский Посад, Кузьмина;Павловский Посад, ул. Кузьмина, 32;55.766071;38.671523;blinnaya-osm-00667
Блинная Масленица, Реутов, Победы, 29А;Реутов, ул. Победы, 29А;55.766112;37.848925;blinnaya-osm-00668
Блинная Масленица, Рублёвское, 62;Рублёвское ш., 62;55.766386;37.381244;blinnaya-osm-00669
Блинная Масленица, 1-й Магистральный;1-й Магистральный туп., 11 с1;55.766398;37.526376;blinnaya-osm-00670
Блинная Масленица, Реутов, Победы, 22;Реутов, ул. Победы, 22;55.766776;37.849411;blinnaya-osm-00671
Блинная Масленица, Тургеневская;Сретенский бул., 7;55.766808;37.634485;blinnaya-osm-00672
Блинная Масленица, МКАД, 60-й километр;МКАД, 60-й километр, вл4А;55.767013;37.371675;blinnaya-osm-00673
Блинная Масленица, Саянская;ул. Саянская, 10А;55.767142;37.830028;blinnaya-osm-00674
Блинная Масленица, Красные Ворота;Басманный туп., 6А с1;55.767150;37.657394;blinnaya-osm-00675
Блинная Масленица, Красина;ул. Красина, 9;55.767427;37.587876;blinnaya-osm-00676
Блинная Масленица, Сталеваров, 8/22А;ул. Сталеваров, 8/22А;55.767440;37.838895;blinnaya-osm-00677
Блинная Масленица, Электросталь, Ялагина;Электросталь, ул. Ялагина, 3;55.767623;38.432799;blinnaya-osm-00678
Блинная Масленица, Осенняя;ул. Осенняя, 23Б;55.767706;37.404750;blinnaya-osm-00679
Блинная Масленица, Реутов, Мира, 43;Реутов, просп. Мира, 43;55.767933;37.864157;blinnaya-osm-00680
Блинная Масленица, Малая Грузинская, 38;ул. Малая Грузинская, 38;55.768130;37.572659;blinnaya-osm-00681
Блинная Масленица, Гашека;ул. Гашека, 2 с1;55.768142;37.588839;blinnaya-osm-00682
Блинная Масленица, Реутов, Победы, 34В;Реутов, ул. Победы, 34В;55.768268;37.846678;blinnaya-osm-00683
Блинная Масленица, Тверская, 27 с2;ул. Тверская, 27 с2;55.768526;37.597748;blinnaya-osm-00684
Блинная Масленица, Цветной бульвар;1-й Колобовский пер., 4;55.768929;37.614068;blinnaya-osm-00685
Блинная Масленица, Успенский;Успенский пер., 4 с5А;55.769050;37.607151;blinnaya-osm-00686
Блинная Масленица, Большой Тишинский;Большой Тишинский пер., 30;55.769394;37.572802;blinnaya-osm-00687
Блинная Масленица, Садовая-Спасская;ул. Садовая-Спасская, 19 к1;55.769394;37.647926;blinnaya-osm-00688
Блинная Масленица, Электросталь, Ялагина, 6;Электросталь, ул. Ялагина, 6;55.769614;38.434319;blinnaya-osm-00689
Блинная Масленица, Красногорск, Центральная;Красногорск, ул. Центральная, 46 с3;55.769731;37.252771;blinnaya-osm-00690
Блинная Масленица, Сухаревская;Селивёрстов пер., 4 с1;55.770025;37.633445;blinnaya-osm-00691
Блинная Масленица, Новая Басманная;ул. Новая Басманная, 31 с1;55.770043;37.665554;blinnaya-osm-00692
Блинная Масленица, Крылатская;ул. Крылатская, 17 к1;55.770437;37.423907;blinnaya-osm-00693
Блинная Масленица, Хорошёвская;ул. 1-я Магистральная, 23;55.770465;37.519692;blinnaya-osm-00694
Блинная Масленица, Энтузиастов, 98Г;ш. Энтузиастов, 98Г;55.770638;37.832857;blinnaya-osm-00695
Блинная Масленица, Малая Дмитровка;ул. Малая Дмитровка, 23/15;55.770703;37.604959;blinnaya-osm-00696
Блинная Масленица, Карамышевская;Карамышевская наб., 44;55.770823;37.465631;blinnaya-osm-00697
Блинная Масленица, 2-я Тверская-Ямская;ул. 2-я Тверская-Ямская, 6 с2;55.771081;37.595817;blinnaya-osm-00698
Блинная Масленица, Большая Сухаревская;Большая Сухаревская пл., 16/18 с1;55.771171;37.637007;blinnaya-osm-00699
Блинная Масленица, Реутов, Реутовских Ополченцев;Реутов, ул. Реутовских Ополченцев, 2;55.771332;37.846567;blinnaya-osm-00700
Блинная Масленица, Новорязанская;ул. Новорязанская, 2/7;55.771393;37.654996;blinnaya-osm-00701
Блинная Масленица, Орликов;Орликов пер., 8;55.771623;37.649546;blinnaya-osm-00702
Блинная Масленица, 2-я Тверская-Ямская, 18;ул. 2-я Тверская-Ямская, 18;55.771770;37.594639;blinnaya-osm-00703
Блинная Масленица, Цветной;Цветной бул., 21 с1;55.771842;37.620645;blinnaya-osm-00704
Блинная Масленица, Малая Дмитровка, 20;ул. Малая Дмитровка, 20;55.771986;37.604868;blinnaya-osm-00705
Блинная Масленица, Бауманская;ул. Фридриха Энгельса, 3/5 с6;55.772138;37.680198;blinnaya-osm-00706
Блинная Масленица, Волховский;Волховский пер., 2 с2;55.772303;37.684263;blinnaya-osm-00707
Блинная Масленица, Нахабино, Александра Невского;Нахабино, пр. Александра Невского, 1А;55.772459;37.216369;blinnaya-osm-00708
Блинная Масленица, Бауманская, 33/2 с1;ул. Бауманская, 33/2 с1;55.772666;37.678691;blinnaya-osm-00709
Блинная Масленица, Цветной, 25 с1;Цветной бул., 25 с1;55.772797;37.620713;blinnaya-osm-00710
Блинная Масленица, Госпитальный Вал;ул. Госпитальный Вал, 16/2;55.772921;37.710079;blinnaya-osm-00711
Блинная Масленица, 1-й Тверской-Ямской;1-й Тверской-Ямской пер., 11;55.773070;37.597165;blinnaya-osm-00712
Блинная Масленица, Павловский Посад, Мишутинское;Павловский Посад, Мишутинское ш., 2/2;55.773150;38.686852;blinnaya-osm-00713
Блинная Масленица, Садовая-Самотёчная;ул. Садовая-Самотёчная, 24/27;55.773377;37.620776;blinnaya-osm-00714
Блинная Масленица, Мира;просп. Мира, 6;55.773398;37.632618;blinnaya-osm-00715
Блинная Масленица, Белорусская;ул. Большая Грузинская, 76;55.773740;37.587092;blinnaya-osm-00716
Блинная Масленица, Комсомольская, 2;Комсомольская пл., 2;55.773813;37.655787;blinnaya-osm-00717
Блинная Масленица, Маши Порываевой;ул. Маши Порываевой, 38 с1;55.774080;37.650676;blinnaya-osm-00718
Блинная Масленица, 4-я Магистральная;ул. 4-я Магистральная, 5;55.774300;37.520270;blinnaya-osm-00719
Блинная Масленица, Красногорск, Заповедная;Красногорск, ул. Заповедная, 9А;55.774334;37.238244;blinnaya-osm-00720
Блинная Масленица, Новослободская;ул. Краснопролетарская, 4;55.774519;37.608526;blinnaya-osm-00721
Блинная Масленица, Реутов, 12-я Линия;Реутов, ул. 12-я Линия, 2А;55.775025;37.893499;blinnaya-osm-00722
Блинная Масленица, Нижняя Красносельская;ул. Нижняя Красносельская, 35 с48;55.775135;37.672625;blinnaya-osm-00723
Блинная Масленица, Комсомольская, 1А с4;Комсомольская пл., 1А с4;55.775252;37.652373;blinnaya-osm-00724
Блинная Масленица, Фадеева;ул. Фадеева, 5 с7;55.775293;37.597935;blinnaya-osm-00725
Блинная Масленица, Бакунинская;ул. Бакунинская, 23/41;55.775467;37.683912;blinnaya-osm-00726
Блинная Масленица, Энтузиастов, 63 с1;ш. Энтузиастов, 63 с1;55.775855;37.835751;blinnaya-osm-00727
Блинная Масленица, Спартаковская;Спартаковская пл., 16/15 с2;55.776091;37.678993;blinnaya-osm-00728
Блинная Масленица, Бауманская, 11 с10;ул. Бауманская, 11 с10;55.776354;37.677335;blinnaya-osm-00729
Блинная Масленица, Хорошёвское;Хорошёвское ш., 27;55.776516;37.524051;blinnaya-osm-00730
Блинная Масленица, Маршала Жукова;просп. Маршала Жукова, 38 к1;55.776576;37.472110;blinnaya-osm-00731
Блинная Масленица, Каланчёвская;ул. Каланчёвская, 14А с1;55.776789;37.649113;blinnaya-osm-00732
Блинная Масленица, Достоевская;1-й Самотёчный пер., 2 с2;55.777005;37.616109;blinnaya-osm-00733
Блинная Масленица, Самотёчная;ул. Самотёчная, 13;55.777411;37.617756;blinnaya-osm-00734
Блинная Масленица, Вольная;ул. Вольная, 25 с4;55.777582;37.733109;blinnaya-osm-00735
Блинная Масленица, Комсомольская, 5 c2;Комсомольская пл., 5 c2;55.777612;37.655086;blinnaya-osm-00736
Блинная Масленица, Ленинградский;Ленинградский просп., 1;55.777729;37.580632;blinnaya-osm-00737
Блинная Масленица, Маршала Жукова, 60;просп. Маршала Жукова, 60;55.778090;37.461593;blinnaya-osm-00738
Блинная Масленица, Красносельская;ул. Краснопрудная, 22-24 с1;55.778275;37.665725;blinnaya-osm-00739
Блинная Масленица, Ленинградский, 2;Ленинградский просп., 2;55.778476;37.582571;blinnaya-osm-00740
Блинная Масленица, Павловский Посад, Каляева;Павловский Посад, ул. Каляева, 3;55.778698;38.677542;blinnaya-osm-00741
Блинная Масленица, Спартаковская, 1/7 с10;Спартаковская пл., 1/7 с10;55.778778;37.676400;blinnaya-osm-00742
Блинная Масленица, Полежаевская;Хорошёвское ш., 96;55.778781;37.511058;blinnaya-osm-00743
Блинная Масленица, Бакунинская, 82 с1;ул. Бакунинская, 82 с1;55.779159;37.692094;blinnaya-osm-00744
Блинная Масленица, Проспект Мира;просп. Мира, 36 с1;55.779423;37.633361;blinnaya-osm-00745
Блинная Масленица, Щепкина;ул. Щепкина, 32 с1;55.779638;37.629461;blinnaya-osm-00746
Блинная Масленица, Электросталь, Николаева;Электросталь, ул. Николаева, 35;55.779747;38.442056;blinnaya-osm-00747
Блинная Масленица, Менделеевская;ул. Новослободская, 11 с1;55.779872;37.600097;blinnaya-osm-00748
Блинная Масленица, Новослободская, 4;ул. Новослободская, 4;55.779911;37.601338;blinnaya-osm-00749
Блинная Масленица, Павловский Посад, Герцена;Павловский Посад, ул. Герцена, 15;55.780040;38.671880;blinnaya-osm-00750
Блинная Масленица, 2-й Боткинский;2-й Боткинский пр., 5 к3;55.780459;37.552666;blinnaya-osm-00751
Блинная Масленица, Маршала Жукова, 78;просп. Маршала Жукова, 78;55.780695;37.449289;blinnaya-osm-00752
Блинная Масленица, Бульвар Генерала Карбышева;бул. Генерала Карбышева, 13 к1;55.780862;37.469534;blinnaya-osm-00753
Блинная Масленица, Электрозаводская;Семёновская наб., 3/1 c1;55.781021;37.705098;blinnaya-osm-00754
Блинная Масленица, 2-й Боткинский, 5 к28;2-й Боткинский пр., 5 к28;55.781243;37.548467;blinnaya-osm-00755
Блинная Масленица, Щепкина, 47 с1;ул. Щепкина, 47 с1;55.781412;37.629180;blinnaya-osm-00756
Блинная Масленица, Комсомольская, 3/30;Комсомольская пл., 3/30;55.781666;37.653329;blinnaya-osm-00757
Блинная Масленица, 3-я Ямского Поля;3-я ул. Ямского Поля, 2 к26;55.781902;37.582368;blinnaya-osm-00758
Блинная Масленица, Народный;Народный просп., 17 к1 с5;55.782044;37.752259;blinnaya-osm-00759
Блинная Масленица, Чечулина;ул. Чечулина, 26;55.782097;37.834706;blinnaya-osm-00760
Блинная Масленица, Большая Семёновская;ул. Большая Семёновская, 10 с13;55.782404;37.701978;blinnaya-osm-00761
Блинная Масленица, 3-я Ямского Поля, 20 с1;3-я ул. Ямского Поля, 20 с1;55.782711;37.580317;blinnaya-osm-00762
Блинная Масленица, Семёновская;Семёновский пер., 15;55.782857;37.715661;blinnaya-osm-00763
Блинная Масленица, Комсомольская, 3/39;Комсомольская пл., 3/39;55.783214;37.651430;blinnaya-osm-00764
Блинная Масленица, Семёновская, 7;Семёновская пл., 7;55.783429;37.719625;blinnaya-osm-00765
Блинная Масленица, Динамо;Ленинградский просп., 31А с1;55.783723;37.560053;blinnaya-osm-00766
Блинная Масленица, Реутов, Реутовская;Реутов, ул. Реутовская, 12;55.783842;37.851503;blinnaya-osm-00767
Блинная Масленица, Щепкина, 51/4 с2;ул. Щепкина, 51/4 с2;55.783916;37.628918;blinnaya-osm-00768
Блинная Масленица, Малая Семёновская;ул. Малая Семёновская, 28 с19;55.784352;37.714881;blinnaya-osm-00769
Блинная Масленица, Верхняя Красносельская;ул. Верхняя Красносельская, 8 к3;55.784604;37.660674;blinnaya-osm-00770
Блинная Масленица, Малая Семёновская, 5 с1;ул. Малая Семёновская, 5 с1;55.784747;37.707815;blinnaya-osm-00771
Блинная Масленица, Вельяминовская;ул. Вельяминовская, 34;55.784893;37.722449;blinnaya-osm-00772
Блинная Масленица, Ленинградский, 29 к2;Ленинградский просп., 29 к2;55.785261;37.560341;blinnaya-osm-00773
Блинная Масленица, Красногорск, Тенистый;Красногорск, Тенистый пер., 3;55.785505;37.304312;blinnaya-osm-00774
Блинная Масленица, Сокольники;ул. Русаковская, 23;55.785777;37.675875;blinnaya-osm-00775
Блинная Масленица, 1-й Красносельский;1-й Красносельский пер., 11А;55.785854;37.667324;blinnaya-osm-00776
Блинная Масленица, Правды;ул. Правды, 24 с8;55.786261;37.583680;blinnaya-osm-00777
Блинная Масленица, Русаковская;ул. Русаковская, 25 с1;55.786519;37.676689;blinnaya-osm-00778
Блинная Масленица, Савёловская;ул. Правды, 24 с7;55.786804;37.584148;blinnaya-osm-00779
Блинная Масленица, Правды, 17/19;ул. Правды, 17/19;55.787185;37.579922;blinnaya-osm-00780
Блинная Масленица, Образцова;ул. Образцова, 12;55.787410;37.609515;blinnaya-osm-00781
Блинная Масленица, Новослободская, 52;ул. Новослободская, 52;55.787791;37.593565;blinnaya-osm-00782
Блинная Масленица, Правды, 24 с3;ул. Правды, 24 с3;55.787975;37.583924;blinnaya-osm-00783
Блинная Масленица, Измайловская;Измайловский просп., 53А с1;55.788215;37.779398;blinnaya-osm-00784
Блинная Масленица, 5-я Парковая;ул. 5-я Парковая, 5 к2;55.788392;37.788137;blinnaya-osm-00785
Блинная Масленица, Русаковская, 31;ул. Русаковская, 31;55.788455;37.679181;blinnaya-osm-00786
Блинная Масленица, 3-я Парковая;ул. 3-я Парковая, 4;55.788953;37.784625;blinnaya-osm-00787
Блинная Масленица, Рижская;просп. Мира, 73;55.789180;37.634346;blinnaya-osm-00788
Блинная Масленица, Старая Купавна, Бисеровское;Старая Купавна, Бисеровское ш., 2А;55.789442;38.135970;blinnaya-osm-00789
Блинная Масленица, Октябрьское Поле;ул. Маршала Бирюзова, 1 с1;55.789650;37.499967;blinnaya-osm-00790
Блинная Масленица, Маршала Прошлякова;ул. Маршала Прошлякова, 30;55.789859;37.380387;blinnaya-osm-00791
Блинная Масленица, Сокольническая;Сокольническая пл., 4 к1-2;55.789883;37.678104;blinnaya-osm-00792
Блинная Масленица, 12-я Парковая;ул. 12-я Парковая, 7;55.790230;37.810154;blinnaya-osm-00793
Блинная Масленица, Трифоновская;ул. Трифоновская, 61 к1;55.790522;37.633039;blinnaya-osm-00794
Блинная Масленица, Ленинградский, 39 с57;Ленинградский просп., 39 с57;55.790696;37.542161;blinnaya-osm-00795
Блинная Масленица, Сокольническая, 9А;Сокольническая пл., 9А;55.790720;37.679522;blinnaya-osm-00796
Блинная Масленица, Ходынский;Ходынский бул., 20А;55.790859;37.523291;blinnaya-osm-00797
Блинная Масленица, Балашиха, Объездное;Балашиха, Объездное ш., 2;55.791283;37.895436;blinnaya-osm-00798
Блинная Масленица, Матросская Тишина;ул. Матросская Тишина, 15/17 с7;55.791294;37.692355;blinnaya-osm-00799
Блинная Масленица, Восточный, Горенский;Восточный, Горенский бул., 1;55.791540;37.884903;blinnaya-osm-00800
Блинная Масленица, Ленинградский, 37А к14;Ленинградский просп., 37А к14;55.791777;37.541275;blinnaya-osm-00801
Блинная Масленица, Верхняя Масловка;ул. Верхняя Масловка, 2;55.792072;37.569087;blinnaya-osm-00802
Блинная Масленица, Сущёвский Вал;ул. Сущёвский Вал, 14/22 к7;55.792305;37.600499;blinnaya-osm-00803
Блинная Масленица, Сущёвский Вал, 3/5;ул. Сущёвский Вал, 3/5;55.792530;37.590131;blinnaya-osm-00804
Блинная Масленица, 15-я Парковая;ул. 15-я Парковая, 10;55.792811;37.819470;blinnaya-osm-00805
Блинная Масленица, Балашиха, Первомайская;Балашиха, ул. Первомайская, 1;55.793001;37.933725;blinnaya-osm-00806
Блинная Масленица, Первомайская;ул. 12-я Парковая, 13/96;55.793190;37.809978;blinnaya-osm-00807
Блинная Масленица, Народного Ополчения;ул. Народного Ополчения, 47 к1с1;55.793298;37.492390;blinnaya-osm-00808
Блинная Масленица, Марьина Роща;ул. Сущёвский Вал, 53;55.793542;37.613444;blinnaya-osm-00809
Блинная Масленица, Сущёвский Вал, 59;ул. Сущёвский Вал, 59;55.793561;37.615387;blinnaya-osm-00810
Блинная Масленица, Сущёвский Вал, 43;ул. Сущёвский Вал, 43;55.793684;37.610303;blinnaya-osm-00811
Блинная Масленица, Преображенская площадь;ул. Суворовская, 51;55.794028;37.711592;blinnaya-osm-00812
Блинная Масленица, Электрозаводская, 37;ул. Электрозаводская, 37;55.794087;37.708159;blinnaya-osm-00813
Блинная Масленица, Бутырская;ул. Бутырская, 2/18;55.794240;37.586632;blinnaya-osm-00814
Блинная Масленица, Народного Ополчения, 49 к1;ул. Народного Ополчения, 49 к1;55.794357;37.494104;blinnaya-osm-00815
Блинная Масленица, Балашиха, Некрасова, 6;Балашиха, ул. Некрасова, 6;55.794468;37.969601;blinnaya-osm-00816
Блинная Масленица, Преображенская;Преображенская пл., 6;55.794631;37.711751;blinnaya-osm-00817
Блинная Масленица, 3-я Парковая, 24;ул. 3-я Парковая, 24;55.794748;37.782985;blinnaya-osm-00818
Блинная Масленица, Новопесчаная;ул. Новопесчаная, 19 к1;55.795019;37.512200;blinnaya-osm-00819
Блинная Масленица, 5-я Парковая, 25;ул. 5-я Парковая, 25;55.795474;37.787889;blinnaya-osm-00820
Блинная Масленица, Стрелецкая;ул. Стрелецкая, 10;55.795636;37.603616;blinnaya-osm-00821
Блинная Масленица, Петровский парк;ул. Верхняя Масловка, 21;55.795814;37.560660;blinnaya-osm-00822
Блинная Масленица, Сущёвский Вал, 5 с12;ул. Сущёвский Вал, 5 с12;55.796021;37.592498;blinnaya-osm-00823
Блинная Масленица, Верхняя Масловка, 22;ул. Верхняя Масловка, 22;55.796369;37.562057;blinnaya-osm-00824
Блинная Масленица, 15-я Парковая, 18 к1;ул. 15-я Парковая, 18 к1;55.796593;37.819408;blinnaya-osm-00825
Блинная Масленица, Вятская;ул. Вятская, 27 с12;55.796954;37.581087;blinnaya-osm-00826
Блинная Масленица, Орехово-Зуево, Ленина;Орехово-Зуево, ул. Ленина, 15;55.797150;38.974193;blinnaya-osm-00827
Блинная Масленица, 5-й Лучевой просек;5-й Лучевой просек, 1;55.797442;37.676054;blinnaya-osm-00828
Блинная Масленица, Балашиха, Ленина;Балашиха, просп. Ленина, 25;55.797612;37.938359;blinnaya-osm-00829
Блинная Масленица, Электросталь, Спортивная;Электросталь, ул. Спортивная, 25А;55.797998;38.472518;blinnaya-osm-00830
Блинная Масленица, Липовой Рощи;ул. Липовой Рощи, 2;55.798122;37.376494;blinnaya-osm-00831
Блинная Масленица, Октябрьская, 70 с1;ул. Октябрьская, 70 с1;55.798510;37.613724;blinnaya-osm-00832
Блинная Масленица, Красногорск, М-9 Балтия, 23-й километр;Красногорск, М-9 Балтия, 23-й километр, 2;55.798820;37.272920;blinnaya-osm-00833
Блинная Масленица, Складочная;ул. Складочная, 1 с15;55.798868;37.594633;blinnaya-osm-00834
Блинная Масленица, Аэропорт;Ленинградский просп., 58 с2;55.799174;37.536525;blinnaya-osm-00835
Блинная Масленица, Ленинградский, 47 с19;Ленинградский просп., 47 с19;55.799384;37.532837;blinnaya-osm-00836
Блинная Масленица, Старый Петровско-Разумовский;Старый Петровско-Разумовский пр., 15-17;55.799459;37.558745;blinnaya-osm-00837
Блинная Масленица, Ленинградский, 47 с4;Ленинградский просп., 47 с4;55.799687;37.532129;blinnaya-osm-00838
Блинная Масленица, Балашиха, Советская;Балашиха, ул. Советская, 10А;55.799858;37.936932;blinnaya-osm-00839
Блинная Масленица, Старый Петровско-Разумовский, 5-13;Старый Петровско-Разумовский пр., 5-13;55.800062;37.560784;blinnaya-osm-00840
Блинная Масленица, 16-я Парковая;ул. 16-я Парковая, 21А;55.800239;37.825737;blinnaya-osm-00841
Блинная Масленица, Краснобогатырская;ул. Краснобогатырская, 90 с2;55.800862;37.710678;blinnaya-osm-00842
Блинная Масленица, Ленинградский, 62;Ленинградский просп., 62;55.801148;37.532139;blinnaya-osm-00843
Блинная Масленица, Балашиха, Ленина, 76;Балашиха, просп. Ленина, 76;55.801233;37.987314;blinnaya-osm-00844
Блинная Масленица, 9-й Марьиной Рощи;9-й пр. Марьиной Рощи, 6;55.801593;37.614013;blinnaya-osm-00845
Блинная Масленица, Ленинградский, 62А;Ленинградский просп., 62А;55.801918;37.531694;blinnaya-osm-00846
Блинная Масленица, Дмитровская;ул. Бутырская, 67 с1;55.802308;37.582921;blinnaya-osm-00847
Блинная Масленица, 9-я Парковая;ул. 9-я Парковая, 54 к1;55.802480;37.799819;blinnaya-osm-00848
Блинная Масленица, Старая Купавна, Кирова;Старая Купавна, ул. Кирова, 19;55.802801;38.182052;blinnaya-osm-00849
Блинная Масленица, Большая Новодмитровская;ул. Большая Новодмитровская, 23 с6;55.802980;37.584612;blinnaya-osm-00850
Блинная Масленица, Черняховского;ул. Черняховского, 4А;55.803083;37.534046;blinnaya-osm-00851
Блинная Масленица, Петровско-Разумовский;Петровско-Разумовский пр., 24 к4;55.803180;37.563516;blinnaya-osm-00852
Блинная Масленица, Черкизовская;Окружной пр., 2А c1;55.803504;37.744674;blinnaya-osm-00853
Блинная Масленица, 1-й Волоколамский;1-й Волоколамский пр., 10 с16;55.803919;37.490114;blinnaya-osm-00854
Блинная Масленица, Краснобогатырская, 72 с2;ул. Краснобогатырская, 72 с2;55.803949;37.706743;blinnaya-osm-00855
Блинная Масленица, 8 Марта;ул. 8 Марта, 12;55.804221;37.552041;blinnaya-osm-00856
Блинная Масленица, Кулаков;Кулаков пер., 17;55.804442;37.650998;blinnaya-osm-00857
Блинная Масленица, Шереметьевская;ул. Шереметьевская, 22А;55.804581;37.616426;blinnaya-osm-00858
Блинная Масленица, Сокол;Ленинградский просп., 75 к1;55.804924;37.512692;blinnaya-osm-00859
Блинная Масленица, Строгино;Строгинский бул., 7 к1;55.805363;37.400687;blinnaya-osm-00860
Блинная Масленица, Ленинградский, 72;Ленинградский просп., 72;55.805396;37.519963;blinnaya-osm-00861
Блинная Масленица, Строгинский;Строгинский бул., 7 к1;55.805538;37.399842;blinnaya-osm-00862
Блинная Масленица, Годовикова;ул. Годовикова, 9 с4;55.805684;37.627377;blinnaya-osm-00863
Блинная Масленица, Усиевича;ул. Усиевича, 12;55.805896;37.528121;blinnaya-osm-00864
Блинная Масленица, Просторная;ул. Просторная, 9;55.806079;37.718464;blinnaya-osm-00865
Блинная Масленица, 8 Марта, 14;ул. 8 Марта, 14;55.806473;37.549497;blinnaya-osm-00866
Блинная Масленица, Новодмитровская;ул. Новодмитровская, 5А с1;55.806547;37.588251;blinnaya-osm-00867
Блинная Масленица, Щёлковская;ул. Константина Федина, 11;55.806844;37.801071;blinnaya-osm-00868
Блинная Масленица, Красногорск, Строительная;Красногорск, ул. Строительная, 1А;55.806991;37.330091;blinnaya-osm-00869
Блинная Масленица, Старая Купавна, Владимирская;Старая Купавна, ул. Владимирская, 114;55.807181;38.060305;blinnaya-osm-00870
Блинная Масленица, Вучетича;ул. Вучетича, 5;55.807417;37.559987;blinnaya-osm-00871
Блинная Масленица, Волоколамское;Волоколамское ш., 2;55.807560;37.505331;blinnaya-osm-00872
Блинная Масленица, Черняховского, 17А;ул. Черняховского, 17А;55.807890;37.538973;blinnaya-osm-00873
Блинная Масленица, Часовая;ул. Часовая, 11 с2;55.808129;37.530154;blinnaya-osm-00874
Блинная Масленица, 16-я Парковая, 45;ул. 16-я Парковая, 45;55.808319;37.829029;blinnaya-osm-00875
Блинная Масленица, 9-я Парковая, 59 к3;ул. 9-я Парковая, 59 к3;55.808505;37.798134;blinnaya-osm-00876
Блинная Масленица, Орехово-Зуево, Ленина, 99;Орехово-Зуево, ул. Ленина, 99;55.808914;38.987195;blinnaya-osm-00877
Блинная Масленица, Краснобогатырская, 38 с2;ул. Краснобогатырская, 38 с2;55.809134;37.704829;blinnaya-osm-00878
Блинная Масленица, Щукинская;ул. Щукинская, 42;55.809266;37.464641;blinnaya-osm-00879
Блинная Масленица, Щёлковское;Щёлковское ш., 30;55.809411;37.784066;blinnaya-osm-00880
Блинная Масленица, Волоколамское, 4 к26;Волоколамское ш., 4 к26;55.809690;37.498735;blinnaya-osm-00881
Блинная Масленица, Годовикова, 11 к4;ул. Годовикова, 11 к4;55.809802;37.624834;blinnaya-osm-00882
Блинная Масленица, Щёлковское, 72;Щёлковское ш., 72;55.810169;37.809379;blinnaya-osm-00883
Блинная Масленица, МКАД, 66-й километр;МКАД, 66-й километр, 1;55.810326;37.383752;blinnaya-osm-00884
Блинная Масленица, Красногорск, Вокзальная;Красногорск, ул. Вокзальная, 15 к4;55.810583;37.338479;blinnaya-osm-00885
Блинная Масленица, Павловская Слобода, Центральная;Павловская Слобода, ул. Центральная, 14А;55.810773;37.003721;blinnaya-osm-00886
Блинная Масленица, Дубосековская;ул. Дубосековская, 7;55.811019;37.497733;blinnaya-osm-00887
Блинная Масленица, Орехово-Зуево, Ленина, 90;Орехово-Зуево, ул. Ленина, 90;55.811298;38.994563;blinnaya-osm-00888
Блинная Масленица, Волоколамское, 4 к10;Волоколамское ш., 4 к10;55.811557;37.500034;blinnaya-osm-00889
Блинная Масленица, Уральская;ул. Уральская, 1;55.811754;37.798011;blinnaya-osm-00890
Блинная Масленица, Бульвар Рокоссовского;Тюменский пр., 3 к3;55.811958;37.741682;blinnaya-osm-00891
Блинная Масленица, Маломосковская;ул. Маломосковская, 22 с6;55.812495;37.652052;blinnaya-osm-00892
Блинная Масленица, Электросталь, Ленина;Электросталь, просп. Ленина, 010;55.812669;38.429628;blinnaya-osm-00893
Блинная Масленица, Константина Царёва;ул. Константина Царёва, 16;55.812754;37.496804;blinnaya-osm-00894
Блинная Масленица, Алексеевская;просп. Мира, 122;55.813077;37.638736;blinnaya-osm-00895
Блинная Масленица, Уральская, 5А;ул. Уральская, 5А;55.813599;37.797726;blinnaya-osm-00896
Блинная Масленица, Павла Корчагина;ул. Павла Корчагина, 3 с1;55.813845;37.656586;blinnaya-osm-00897
Блинная Масленица, Павловская Слобода, Ленина;Павловская Слобода, ул. Ленина, 73/1;55.814408;37.070694;blinnaya-osm-00898
Блинная Масленица, Красногорск, 50 лет Октября;Красногорск, ул. 50 лет Октября, 2 с1;55.814718;37.305585;blinnaya-osm-00899
Блинная Масленица, Красногорск, Павшинский;Красногорск, Павшинский бул., 20;55.814851;37.368297;blinnaya-osm-00900
Блинная Масленица, Балашиха, Советская, 33;Балашиха, ул. Советская, 33;55.815443;37.952422;blinnaya-osm-00901
Блинная Масленица, Красногорск, Железнодорожный;Красногорск, Железнодорожный пер., 10;55.815548;37.341539;blinnaya-osm-00902
Блинная Масленица, Красногорск, Жуковского;Красногорск, ул. Жуковского, 7;55.815764;37.325229;blinnaya-osm-00903
Блинная Масленица, Тимирязевская;ул. Тимирязевская, 18 к2;55.816161;37.565557;blinnaya-osm-00904
Блинная Масленица, Уральская, 8;ул. Уральская, 8;55.816210;37.799348;blinnaya-osm-00905
Блинная Масленица, Красногорск, Железнодорожный, 1А;Красногорск, Железнодорожный пер., 1А;55.816520;37.340637;blinnaya-osm-00906
Блинная Масленица, Константинова;ул. Константинова, 11А;55.816908;37.655361;blinnaya-osm-00907
Блинная Масленица, Павловская Слобода, Новорижское шоссе, 43-й километр;Павловская Слобода, Новорижское шоссе, 43-й километр, вл1;55.816943;37.017590;blinnaya-osm-00908
Блинная Масленица, Восточный, Хабаровская;Восточный, ул. Хабаровская, 7/50;55.817279;37.826019;blinnaya-osm-00909
Блинная Масленица, Тагильская;ул. Тагильская, 4А;55.818036;37.753060;blinnaya-osm-00910
Блинная Масленица, Старая Купавна, 35-й км;Старая Купавна, 35-й км, 9;55.818228;38.145969;blinnaya-osm-00911
Блинная Масленица, 5-й Войковский;5-й Войковский пр., 2 с2;55.818673;37.484156;blinnaya-osm-00912
Блинная Масленица, Яблочкова;ул. Яблочкова, 21 с3;55.818916;37.577399;blinnaya-osm-00913
Блинная Масленица, Павловская Слобода, М-9 Балтия, 46-й километр;Павловская Слобода, М-9 Балтия, 46-й километр, 1;55.819133;36.962452;blinnaya-osm-00914
Блинная Масленица, Мякинино;ул. Международная, 8;55.819402;37.387360;blinnaya-osm-00915
Блинная Масленица, ВДНХ;ул. Ярославская, 13А;55.819556;37.643251;blinnaya-osm-00916
Блинная Масленица, Восточный, Хабаровская, 8;Восточный, ул. Хабаровская, 8;55.819831;37.827353;blinnaya-osm-00917
Блинная Масленица, Войковская;пл. Ганецкого, 1Б;55.820341;37.499326;blinnaya-osm-00918
Блинная Масленица, Ленинградское;Ленинградское ш., 14 с1;55.820596;37.498217;blinnaya-osm-00919
Блинная Масленица, Мира, 146;просп. Мира, 146;55.820837;37.642221;blinnaya-osm-00920
Блинная Масленица, Иркутская;ул. Иркутская, 12/14;55.821052;37.786206;blinnaya-osm-00921
Блинная Масленица, Балашиха, Звёздная;Балашиха, ул. Звёздная, 2В;55.821750;37.953997;blinnaya-osm-00922
Блинная Масленица, Зои и Александра Космодемьянских;ул. Зои и Александра Космодемьянских, 11-15 с1А;55.822311;37.514108;blinnaya-osm-00923
Блинная Масленица, Зои и Александра Космодемьянских, 26/21 с1;ул. Зои и Александра Космодемьянских, 26/21 с1;55.822479;37.518104;blinnaya-osm-00924
Блинная Масленица, Восточный, Щёлковское;Восточный, Щёлковское ш., вл2А;55.822527;37.874262;blinnaya-osm-00925
Блинная Масленица, Ленинградское, 16А с4;Ленинградское ш., 16А с4;55.822845;37.497459;blinnaya-osm-00926
Блинная Масленица, Красногорск, Опалиха;Красногорск, ул. Опалиха, 2;55.822984;37.248527;blinnaya-osm-00927
Блинная Масленица, Балашиха, Свердлова;Балашиха, ул. Свердлова, 19А;55.823393;37.969846;blinnaya-osm-00928
Блинная Масленица, Восточный, Уссурийская;Восточный, ул. Уссурийская, 7;55.823647;37.817357;blinnaya-osm-00929
Блинная Масленица, Старопетровский;Старопетровский пр., 11 к1;55.823980;37.504256;blinnaya-osm-00930
Блинная Масленица, 1-я Останкинская;ул. 1-я Останкинская, 55;55.824304;37.635288;blinnaya-osm-00931
Блинная Масленица, Красногорск, Павшинский, 1Б;Красногорск, Павшинский бул., 1Б;55.825077;37.364882;blinnaya-osm-00932
Блинная Масленица, Тушинская;Волоколамское ш., 92 к3;55.825551;37.435517;blinnaya-osm-00933
Блинная Масленица, Волоколамское, 92 к1;Волоколамское ш., 92 к1;55.825931;37.435709;blinnaya-osm-00934
Блинная Масленица, Стратонавтов;пр. Стратонавтов, 7 к2;55.826526;37.437823;blinnaya-osm-00935
Блинная Масленица, Тушинская, 8;ул. Тушинская, 8;55.826921;37.450453;blinnaya-osm-00936
Блинная Масленица, Мира, 119 с288;просп. Мира, 119 с288;55.827340;37.637374;blinnaya-osm-00937
Блинная Масленица, Тушинская, 16 с2;ул. Тушинская, 16 с2;55.827490;37.443371;blinnaya-osm-00938
Блинная Масленица, Стратонавтов, 12 с1;пр. Стратонавтов, 12 с1;55.827828;37.435273;blinnaya-osm-00939
Блинная Масленица, Мира, 119 с547;просп. Мира, 119 с547;55.828536;37.637763;blinnaya-osm-00940
Блинная Масленица, Обухово, Молодёжная;Обухово, ул. Молодёжная, 7А;55.828750;38.260578;blinnaya-osm-00941
Блинная Масленица, Красногорск, Ленина;Красногорск, ул. Ленина, 16;55.829340;37.305854;blinnaya-osm-00942
Блинная Масленица, Мира, 119 с71;просп. Мира, 119 с71;55.829920;37.634364;blinnaya-osm-00943
Блинная Масленица, Мира, 119 с306;просп. Мира, 119 с306;55.830659;37.614865;blinnaya-osm-00944
Блинная Масленица, Красногорск, Ленина, 26А;Красногорск, ул. Ленина, 26А;55.831291;37.302328;blinnaya-osm-00945
Блинная Масленица, Адмирала Макарова;ул. Адмирала Макарова, 23 к2;55.831607;37.491179;blinnaya-osm-00946
Блинная Масленица, Балашиха, Щёлковское;Балашиха, Щёлковское ш., 87;55.832088;37.932292;blinnaya-osm-00947
Блинная Масленица, Красногорск, Ленина, 39В;Красногорск, ул. Ленина, 39В;55.832370;37.302649;blinnaya-osm-00948
Блинная Масленица, Красногорск, Успенская;Красногорск, ул. Успенская, 3;55.833238;37.291726;blinnaya-osm-00949
Блинная Масленица, Балашиха, Лукино;Балашиха, ул. Лукино, 54;55.833383;37.932886;blinnaya-osm-00950
Блинная Масленица, Балашиха, Дмитриева;Балашиха, ул. Дмитриева, 6;55.834231;37.924844;blinnaya-osm-00951
Блинная Масленица, Красногорск, Ленина, 40;Красногорск, ул. Ленина, 40;55.834541;37.297426;blinnaya-osm-00952
Блинная Масленица, Красногорск, Игоря Мерлушкина;Красногорск, ул. Игоря Мерлушкина, 5;55.835001;37.266558;blinnaya-osm-00953
Блинная Масленица, Красногорск, Игоря Мерлушкина, 5 с1;Красногорск, ул. Игоря Мерлушкина, 5 с1;55.835392;37.267301;blinnaya-osm-00954
Блинная Масленица, Балашиха, Лукино, 57А;Балашиха, ул. Лукино, 57А;55.835544;37.935431;blinnaya-osm-00955
Блинная Масленица, Балашиха, Трубецкая;Балашиха, ул. Трубецкая, 18А;55.835767;37.955590;blinnaya-osm-00956
Блинная Масленица, Красногорск, Народного Ополчения;Красногорск, ул. Народного Ополчения, 2А;55.836006;37.316975;blinnaya-osm-00957
Блинная Масленица, Мира, 119 с172;просп. Мира, 119 с172;55.836566;37.626957;blinnaya-osm-00958
Блинная Масленица, Красногорск, Ново-Никольская;Красногорск, ул. Ново-Никольская, 13;55.837092;37.259921;blinnaya-osm-00959
Блинная Масленица, Путилково, Волоколамская;Путилково, Новотушинский пр., 6 к1;55.837113;37.382952;blinnaya-osm-00960
Блинная Масленица, Головинское;Головинское ш., 10Б;55.837488;37.497266;blinnaya-osm-00961
Блинная Масленица, Нахабино, Панфилова;Нахабино, ул. Панфилова, 5 с1;55.838426;37.174449;blinnaya-osm-00962
Блинная Масленица, Балашиха, Щёлковское, 185;Балашиха, Щёлковское ш., 185;55.838692;37.946962;blinnaya-osm-00963
Блинная Масленица, Водный стадион;Головинское ш., 4;55.839064;37.489134;blinnaya-osm-00964
Блинная Масленица, Сабурово, Ново-Никольская;Сабурово, ул. Ново-Никольская, 48;55.839257;37.253287;blinnaya-osm-00965
Блинная Масленица, Кронштадтский;Кронштадтский бул., 3 с3;55.840095;37.486086;blinnaya-osm-00966
Блинная Масленица, Мира, 119 с44;просп. Мира, 119 с44;55.840622;37.624600;blinnaya-osm-00967
Блинная Масленица, Кронштадтский, 7Б с2;Кронштадтский бул., 7Б с2;55.841015;37.488315;blinnaya-osm-00968
Блинная Масленица, Нахабино, Институтская;Нахабино, ул. Институтская, 26;55.841417;37.183488;blinnaya-osm-00969
Блинная Масленица, Нахабино, Институтская, 27;Нахабино, ул. Институтская, 27;55.841522;37.182532;blinnaya-osm-00970
Блинная Масленица, Нахабино, Станционная;Нахабино, ул. Станционная, 1А;55.842100;37.185423;blinnaya-osm-00971
Блинная Масленица, Нахабино, 1-я Лесопарковая;Нахабино, ул. 1-я Лесопарковая, 4А;55.842189;37.210591;blinnaya-osm-00972
Блинная Масленица, Фабрициуса;ул. Фабрициуса, 22 с1;55.843493;37.443626;blinnaya-osm-00973
Блинная Масленица, Нахабино, Вокзальная;Нахабино, ул. Вокзальная, 11А;55.843646;37.182084;blinnaya-osm-00974
Блинная Масленица, Ботанический сад;ул. Вильгельма Пика, 14 с3;55.843821;37.634466;blinnaya-osm-00975
Блинная Масленица, Путилково, Пятницкое;Путилково, Пятницкое ш., 18;55.844334;37.383633;blinnaya-osm-00976
Блинная Масленица, Нахабино, Советская;Нахабино, ул. Советская, 101;55.845080;37.200031;blinnaya-osm-00977
Блинная Масленица, Мира, 211 к2;просп. Мира, 211 к2;55.845464;37.661008;blinnaya-osm-00978
Блинная Масленица, Окружная;Дмитровское ш., 50 к1;55.845830;37.569108;blinnaya-osm-00979
Блинная Масленица, 3-й Нижнелихоборский;3-й Нижнелихоборский пр., 3 c3;55.846007;37.565357;blinnaya-osm-00980
Блинная Масленица, Ногинск, Поселковая;Ногинск, ул. Поселковая, 72;55.846409;38.457498;blinnaya-osm-00981
Блинная Масленица, Сельскохозяйственная;ул. Сельскохозяйственная, 38 к2;55.847163;37.631651;blinnaya-osm-00982
Блинная Масленица, Путилково, Митино;Путилково, Пятницкое ш., 21;55.847664;37.370848;blinnaya-osm-00983
Блинная Масленица, Нахабино, Красноармейская;Нахабино, ул. Красноармейская, 44А;55.847681;37.175385;blinnaya-osm-00984
Блинная Масленица, Дмитровское;Дмитровское ш., 56 к1 с2;55.848639;37.568700;blinnaya-osm-00985
Блинная Масленица, Владыкино;Сигнальный пр., 16 с14;55.849242;37.597512;blinnaya-osm-00986
Блинная Масленица, Свиблово;пр. Нансена, 3Б;55.849402;37.653218;blinnaya-osm-00987
Блинная Масленица, Сходненская;ул. Сходненская, 56;55.850069;37.443612;blinnaya-osm-00988
Блинная Масленица, Сигнальный;Сигнальный пр., 17;55.850526;37.597483;blinnaya-osm-00989
Блинная Масленица, Сигнальный, 17;Сигнальный пр., 17;55.850883;37.597183;blinnaya-osm-00990
Блинная Масленица, Путилково, Пятницкое шоссе;Путилково, Ангелов пер., 9;55.851762;37.346756;blinnaya-osm-00991
Блинная Масленица, Кронштадтский, 47;Кронштадтский бул., 47;55.852024;37.511976;blinnaya-osm-00992
Блинная Масленица, Снежная;ул. Снежная, 13 к3;55.852195;37.645110;blinnaya-osm-00993
Блинная Масленица, Берёзовая аллея;Берёзовая аллея, 5;55.852802;37.609198;blinnaya-osm-00994
Блинная Масленица, Путилково, Митинская;Путилково, ул. Митинская, 53;55.853228;37.351655;blinnaya-osm-00995
Блинная Масленица, Олонецкая;ул. Олонецкая, 4А;55.854269;37.620454;blinnaya-osm-00996
Блинная Масленица, Речной вокзал;ул. Фестивальная, 2А;55.854390;37.476749;blinnaya-osm-00997
Блинная Масленица, Ногинск, 3-го Интернационала;Ногинск, ул. 3-го Интернационала, 69;55.854869;38.439043;blinnaya-osm-00998
Блинная Масленица, Путилково, Пятницкое, 39;Путилково, Пятницкое ш., 39;55.855172;37.355665;blinnaya-osm-00999
Блинная Масленица, Снежная, 27;ул. Снежная, 27;55.856497;37.653269;blinnaya-osm-01000
Блинная Масленица, Ярославское;Ярославское ш., 26 с17;55.856736;37.690090;blinnaya-osm-01001
Блинная Масленица, Ногинск, Тихвинская;Ногинск, ул. Тихвинская, 2;55.857050;38.444781;blinnaya-osm-01002
Блинная Масленица, Верхние Лихоборы;Дмитровское ш., 66;55.857922;37.560294;blinnaya-osm-01003
Блинная Масленица, Фестивальная;ул. Фестивальная, 8А;55.858781;37.491172;blinnaya-osm-01004
Блинная Масленица, Беломорская;ул. Смольная, 24Г с6;55.860756;37.482691;blinnaya-osm-01005
Блинная Масленица, Ярославское, 51 с1;Ярославское ш., 51 с1;55.861205;37.689433;blinnaya-osm-01006
Блинная Масленица, Дубнинская;ул. Дубнинская, 10 к1;55.861967;37.567823;blinnaya-osm-01007
Блинная Масленица, Путилково, Муравская;Путилково, ул. Муравская, 38Б к4;55.862382;37.374692;blinnaya-osm-01008
Блинная Масленица, Беломорская, 16А;ул. Беломорская, 16А;55.862663;37.471464;blinnaya-osm-01009
Блинная Масленица, Вилиса Лациса;ул. Вилиса Лациса, 23 к1;55.862864;37.420483;blinnaya-osm-01010
Блинная Масленица, Анадырский;Анадырский пр., 8;55.863236;37.682493;blinnaya-osm-01011
Блинная Масленица, Анадырский, 17;Анадырский пр., 17;55.863813;37.682246;blinnaya-osm-01012
Блинная Масленица, Путилково, МКАД, 71-й километр;Путилково, МКАД, 71-й километр, 1;55.864569;37.396511;blinnaya-osm-01013
Блинная Масленица, Планерная;ул. Вилиса Лациса, 1;55.864822;37.432568;blinnaya-osm-01014
Блинная Масленица, Дедовск, Космонавта Комарова;Дедовск, ул. Космонавта Комарова, 7;55.865362;37.122958;blinnaya-osm-01015
Блинная Масленица, Бабушкинская;ул. Ленская, 15 с7;55.865915;37.665041;blinnaya-osm-01016
Блинная Масленица, Селигерская;Коровинское ш., 2;55.866384;37.544800;blinnaya-osm-01017
Блинная Масленица, Ярославское, 114;Ярославское ш., 114;55.866653;37.706660;blinnaya-osm-01018
Блинная Масленица, Путилково, С11;Путилково, С11, к11;55.867267;37.402444;blinnaya-osm-01019
Блинная Масленица, Клинская;ул. Клинская, 8 с1;55.868543;37.496942;blinnaya-osm-01020
Блинная Масленица, Менжинского;ул. Менжинского, 32 к3;55.869824;37.665876;blinnaya-osm-01021
Блинная Масленица, Менжинского, 36;ул. Менжинского, 36;55.870259;37.663199;blinnaya-osm-01022
Блинная Масленица, Путилково, Вольная;Путилково, ул. Вольная, 5 с1;55.870735;37.399489;blinnaya-osm-01023
Блинная Масленица, Лётчика Бабушкина;ул. Лётчика Бабушкина, 33А;55.871944;37.671916;blinnaya-osm-01024
Блинная Масленица, Отрадное, Молодёжная;Отрадное, ул. Молодёжная, 5;55.872562;37.311173;blinnaya-osm-01025
Блинная Масленица, Дедовск, 1-я Волоколамская;Дедовск, ул. 1-я Волоколамская, 47;55.874051;37.122588;blinnaya-osm-01026
Блинная Масленица, Мытищи, Проходчиков;Мытищи, ул. Проходчиков, 4 с2;55.874725;37.720331;blinnaya-osm-01027
Блинная Масленица, Левобережная;ул. Левобережная, 7;55.875317;37.469942;blinnaya-osm-01028
Блинная Масленица, Путилково, МКАД, 73-й километр;Путилково, МКАД, 73-й километр, вл4;55.876184;37.424530;blinnaya-osm-01029
Блинная Масленица, Софьи Ковалевской;ул. Софьи Ковалевской, 2 к1;55.876557;37.534547;blinnaya-osm-01030
Блинная Масленица, Дубнинская, 30;ул. Дубнинская, 30;55.877145;37.558785;blinnaya-osm-01031
Блинная Масленица, Дубнинская, 71 к1;ул. Дубнинская, 71 к1;55.877955;37.556648;blinnaya-osm-01032
Блинная Масленица, Ховрино;ул. Дыбенко, 7/1;55.878743;37.479325;blinnaya-osm-01033
Блинная Масленица, Путилково, Молодёжная;Путилково, ул. Молодёжная, 4;55.879299;37.421821;blinnaya-osm-01034
Блинная Масленица, Снегири, Железнодорожная;Снегири, ул. Железнодорожная, 2;55.879611;37.039500;blinnaya-osm-01035
Блинная Масленица, Софьи Ковалевской, 1;ул. Софьи Ковалевской, 1;55.880100;37.532805;blinnaya-osm-01036
Блинная Масленица, Софьи Ковалевской, 1 с2;ул. Софьи Ковалевской, 1 с2;55.880398;37.531557;blinnaya-osm-01037
Блинная Масленица, Путилково, Молодёжная, 8А;Путилково, ул. Молодёжная, 8А;55.881872;37.418175;blinnaya-osm-01038
Блинная Масленица, Ногинск, Текстилей;Ногинск, ул. Текстилей, 1;55.883681;38.450502;blinnaya-osm-01039
Блинная Масленица, Клязьминская;ул. Клязьминская, 4;55.883887;37.520096;blinnaya-osm-01040
Блинная Масленица, Московская, 37;ул. Московская, 37;55.885230;37.441016;blinnaya-osm-01041
Блинная Масленица, Медведково;ул. Грекова, 3 к3;55.885799;37.660157;blinnaya-osm-01042
Блинная Масленица, Бусиновская Горка;ул. Бусиновская Горка, 2;55.885867;37.493394;blinnaya-osm-01043
Блинная Масленица, Калинина, 2;ул. Калинина, 2;55.886390;37.451764;blinnaya-osm-01044
Блинная Масленица, Широкая;ул. Широкая, 14 к1;55.886910;37.661399;blinnaya-osm-01045
Блинная Масленица, Чапаева;ул. Чапаева, 6;55.887525;37.449160;blinnaya-osm-01046
Блинная Масленица, Широкая, 13А;ул. Широкая, 13А;55.887939;37.662726;blinnaya-osm-01047
Блинная Масленица, Ленинградское, вл5;Ленинградское ш., вл5;55.888300;37.433510;blinnaya-osm-01048
Блинная Масленица, Мытищи, 4-я Парковая;Мытищи, ул. 4-я Парковая, 1;55.888466;37.758619;blinnaya-osm-01049
Блинная Масленица, Полярная;ул. Полярная, 31В;55.889571;37.633866;blinnaya-osm-01050
Блинная Масленица, Дедовск, Артековская;Дедовск, ул. Артековская, 2 с3;55.889969;37.183354;blinnaya-osm-01051
Блинная Масленица, Мытищи, Селезнёва;Мытищи, ул. Селезнёва, 37Г;55.890685;37.726592;blinnaya-osm-01052
Блинная Масленица, Мытищи, Коммунистическая;Мытищи, ул. Коммунистическая, 10/1;55.891349;37.744492;blinnaya-osm-01053
Блинная Масленица, Абрамцевская;ул. Абрамцевская, 1;55.891964;37.573341;blinnaya-osm-01054
Блинная Масленица, Мытищи, Семашко;Мытищи, ул. Семашко, 23 к1;55.892710;37.727801;blinnaya-osm-01055
Блинная Масленица, Мытищи, Веры Волошиной;Мытищи, ул. Веры Волошиной, 9Б;55.893195;37.723605;blinnaya-osm-01056
Блинная Масленица, Путилково, Железнодорожная;Путилково, ул. Железнодорожная, 21;55.893731;37.451942;blinnaya-osm-01057
Блинная Масленица, Лескова;ул. Лескова, 19А с2;55.894037;37.616658;blinnaya-osm-01058
Блинная Масленица, Алтуфьево;Алтуфьевское ш., 80;55.894505;37.588001;blinnaya-osm-01059
Блинная Масленица, Путилково, Соловьиная Роща;Путилково, ул. Соловьиная Роща, 9;55.895432;37.397583;blinnaya-osm-01060
Блинная Масленица, Долгопрудный, Лианозово;Долгопрудный, Лианозовский пр., 1А;55.896808;37.555151;blinnaya-osm-01061
Блинная Масленица, Мытищи, Осташковское;Мытищи, Осташковское ш., 1;55.897824;37.666219;blinnaya-osm-01062
Блинная Масленица, Долгопрудный, Лианозовский;Долгопрудный, Лианозовский пр., вл1Б;55.898088;37.551829;blinnaya-osm-01063
Блинная Масленица, Долгопрудный, Дмитровское;Долгопрудный, Дмитровское ш., 157;55.898480;37.542565;blinnaya-osm-01064
Блинная Масленица, Мытищи, Осташковское, 1;Мытищи, Осташковское ш., 1;55.899042;37.668268;blinnaya-osm-01065
Блинная Масленица, Долгопрудный, Мира;Долгопрудный, просп. Мира, 11;55.899201;37.452269;blinnaya-osm-01066
Блинная Масленица, Сабурово, Сабуровская;Сабурово, ул. Сабуровская, 1;55.899599;37.269258;blinnaya-osm-01067
Блинная Масленица, Звёздный городок, Институтская;Звёздный городок, ул. Институтская, 27А;55.900894;38.062027;blinnaya-osm-01068
Блинная Масленица, Мытищи, Селезнёва, 21с4;Мытищи, ул. Селезнёва, 21с4;55.901553;37.742933;blinnaya-osm-01069
Блинная Масленица, Свердловский, Берёзовая;Свердловский, ул. Берёзовая, 8;55.902697;38.155442;blinnaya-osm-01070
Блинная Масленица, Мытищи, Липкинское;Мытищи, Липкинское ш., 7/1;55.903055;37.624851;blinnaya-osm-01071
Блинная Масленица, Мытищи, Троицкая;Мытищи, ул. Троицкая, 9;55.904483;37.699264;blinnaya-osm-01072
Блинная Масленица, Сабурово, Пятницкое;Сабурово, Пятницкое ш., 2 с1;55.905051;37.254168;blinnaya-osm-01073
Блинная Масленица, Заводская, 21;ул. Заводская, 21;55.905675;37.428887;blinnaya-osm-01074
Блинная Масленица, Марии Рубцовой;ул. Марии Рубцовой, 3А;55.907567;37.403934;blinnaya-osm-01075
Блинная Масленица, Свердловский, Центральная;Свердловский, ул. Центральная, 32;55.907822;38.102090;blinnaya-osm-01076
Блинная Масленица, Ленинградское, к36;Ленинградское ш., к36;55.908925;37.407643;blinnaya-osm-01077
Блинная Масленица, Долгопрудный, Дмитровское, 163А к1;Долгопрудный, Дмитровское ш., 163А к1;55.909433;37.540881;blinnaya-osm-01078
Блинная Масленица, Мытищи, Лётная;Мытищи, ул. Лётная, 21;55.910035;37.723381;blinnaya-osm-01079
Блинная Масленица, Истра, Ленина;Истра, ул. Ленина, 14;55.910489;36.860876;blinnaya-osm-01080
Блинная Масленица, Истра, Босова;Истра, ул. Босова, 17;55.910598;36.865182;blinnaya-osm-01081
Блинная Масленица, Истра, 9-й Гвардейской Дивизии;Истра, ул. 9-й Гвардейской Дивизии, 48;55.911484;36.869433;blinnaya-osm-01082
Блинная Масленица, Ленинградское, 1;Ленинградское ш., 1;55.912469;37.396260;blinnaya-osm-01083
Блинная Масленица, Королёв, Дзержинского;Королёв, ул. Дзержинского, 23/2;55.912625;37.856808;blinnaya-osm-01084
Блинная Масленица, Щёлково, Советская;Щёлково, ул. Советская, 16 с1;55.912982;37.994164;blinnaya-osm-01085
Блинная Масленица, Королёв, Калининградская;Королёв, ул. Калининградская, 11;55.913328;37.845672;blinnaya-osm-01086
Блинная Масленица, Королёв, Пионерская;Королёв, ул. Пионерская, 1;55.914510;37.797482;blinnaya-osm-01087
Блинная Масленица, Загорянский, Космонавтов;Загорянский, просп. Космонавтов, 20А;55.914901;37.867033;blinnaya-osm-01088
Блинная Масленица, Мытищи, Шараповский;Мытищи, Шараповский пр., с9;55.915293;37.759483;blinnaya-osm-01089
Блинная Масленица, Загорянский, Космонавтов, 23А;Загорянский, просп. Космонавтов, 23А;55.915850;37.868431;blinnaya-osm-01090
Блинная Масленица, Щёлково, Фабричная;Щёлково, ул. Фабричная, 1А;55.916365;38.010534;blinnaya-osm-01091
Блинная Масленица, Королёв, Октябрьский;Королёв, Октябрьский бул., 10;55.917109;37.825390;blinnaya-osm-01092
Блинная Масленица, Щёлково, Пролетарский;Щёлково, Пролетарский просп., 6Б;55.918611;37.997761;blinnaya-osm-01093
Блинная Масленица, Щёлково, Советская, 52;Щёлково, ул. Советская, 52;55.919300;37.993255;blinnaya-osm-01094
Блинная Масленица, Щёлково, Комарова;Щёлково, ул. Комарова, 1А;55.919308;37.992584;blinnaya-osm-01095
Блинная Масленица, Мытищи, Мира;Мытищи, ул. Мира, с51;55.919759;37.707787;blinnaya-osm-01096
Блинная Масленица, Щёлково, Советская, 54;Щёлково, ул. Советская, 54;55.920433;37.992648;blinnaya-osm-01097
Блинная Масленица, Королёв, Королёва;Королёв, просп. Королёва, 1;55.920869;37.834242;blinnaya-osm-01098
Блинная Масленица, Королёв, Королёва, 20;Королёв, просп. Королёва, 20;55.921272;37.847711;blinnaya-osm-01099
Блинная Масленица, Королёв, Королёва, 5Д;Королёв, просп. Королёва, 5Д;55.921869;37.843743;blinnaya-osm-01100
Блинная Масленица, Щёлково, Пушкина;Щёлково, ул. Пушкина, 14;55.922902;37.977884;blinnaya-osm-01101
Блинная Масленица, Королёв, Калинина;Королёв, ул. Калинина, 3;55.923594;37.816262;blinnaya-osm-01102
Блинная Масленица, Щёлково, Пролетарский, 9/1;Щёлково, Пролетарский просп., 9/1;55.924510;37.999044;blinnaya-osm-01103
Блинная Масленица, Королёв, Карла Маркса;Королёв, ул. Карла Маркса, 3Д;55.924693;37.820147;blinnaya-osm-01104
Блинная Масленица, Мытищи, Олимпийский;Мытищи, Олимпийский просп., 38Б;55.925827;37.755270;blinnaya-osm-01105
Блинная Масленица, Королёв, Грабина;Королёв, ул. Грабина, 10;55.925892;37.815720;blinnaya-osm-01106
Блинная Масленица, Мытищи, Астрахова;Мытищи, просп. Астрахова, 14А;55.926554;37.730946;blinnaya-osm-01107
Блинная Масленица, Щёлково, Сиреневая;Щёлково, ул. Сиреневая, 23;55.927393;37.986082;blinnaya-osm-01108
Блинная Масленица, Мытищи, Астрахова, 5А к4;Мытищи, просп. Астрахова, 5А к4;55.928403;37.727218;blinnaya-osm-01109
Блинная Масленица, Долгопрудный, Дмитровское, 169 к6;Долгопрудный, Дмитровское ш., 169 к6;55.928961;37.541358;blinnaya-osm-01110
Блинная Масленица, Долгопрудный, Первомайская;Долгопрудный, ул. Первомайская, 7А;55.930536;37.520940;blinnaya-osm-01111
Блинная Масленица, Мытищи, Олимпийский, 33 с2;Мытищи, Олимпийский просп., 33 с2;55.932960;37.748417;blinnaya-osm-01112
Блинная Масленица, Королёв, Лесная;Королёв, ул. Лесная, 20;55.934519;37.846630;blinnaya-osm-01113
Блинная Масленица, Долгопрудный, Ракетостроителей;Долгопрудный, просп. Ракетостроителей, 4 с6;55.935798;37.511897;blinnaya-osm-01114
Блинная Масленица, Отрадное, Шоссейная;Отрадное, ул. Шоссейная, 3;55.937830;37.321649;blinnaya-osm-01115
Блинная Масленица, Долгопрудный, Академика Лаврентьева;Долгопрудный, ул. Академика Лаврентьева, 25;55.939686;37.504725;blinnaya-osm-01116
Блинная Масленица, Долгопрудный, Международное;Долгопрудный, Международное ш., 14;55.940879;37.407676;blinnaya-osm-01117
Блинная Масленица, Сабурово, Некрасова;Сабурово, ул. Некрасова, 2К с1;55.942558;37.278674;blinnaya-osm-01118
Блинная Масленица, Отрадное, Ленинградское;Отрадное, Ленинградское ш., 300А с44;55.943239;37.362152;blinnaya-osm-01119
Блинная Масленица, Сабурово, Новокурганная;Сабурово, ул. Новокурганная, 7;55.944297;37.305780;blinnaya-osm-01120
Блинная Масленица, Отрадное, Овражная;Отрадное, ул. Овражная, 12;55.946038;37.329867;blinnaya-osm-01121
Блинная Масленица, Долгопрудный, Парковая;Долгопрудный, ул. Парковая, 50;55.948029;37.483314;blinnaya-osm-01122
Блинная Масленица, Сабурово, Октябрьская;Сабурово, ул. Октябрьская, 4А;55.949224;37.298428;blinnaya-osm-01123
Блинная Масленица, Фрязино, Мира;Фрязино, просп. Мира, 5А;55.950041;38.047969;blinnaya-osm-01124
Блинная Масленица, Фрязино, Мира, 8;Фрязино, просп. Мира, 8;55.951809;38.052461;blinnaya-osm-01125
Блинная Масленица, Фрязино, Барские Пруды;Фрязино, ул. Барские Пруды, 2;55.952363;38.065696;blinnaya-osm-01126
Блинная Масленица, Фрязино, Московская;Фрязино, ул. Московская, 1А к1;55.955198;38.053411;blinnaya-osm-01127
Блинная Масленица, Фрязино, Школьная;Фрязино, ул. Школьная, 1;55.955360;38.051502;blinnaya-osm-01128
Блинная Масленица, Долгопрудный, Флотская;Долгопрудный, ул. Флотская, 2А;55.958612;37.508083;blinnaya-osm-01129
Блинная Масленица, Долгопрудный, Дмитровское, 48;Долгопрудный, Дмитровское ш., 48;55.961267;37.533495;blinnaya-osm-01130
Блинная Масленица, Долгопрудный, Старое Дмитровское;Долгопрудный, Старое Дмитровское ш., 8А;55.961715;37.531946;blinnaya-osm-01131
Блинная Масленица, Лобня, Международное;Лобня, Международное ш., 1А;55.963346;37.414199;blinnaya-osm-01132
Блинная Масленица, Лобня, Международное, 1А;Лобня, Международное ш., 1А;55.963817;37.415674;blinnaya-osm-01133
Блинная Масленица, Ивантеевка, Новая Слобода;Ивантеевка, ул. Новая Слобода, 4;55.968522;37.914206;blinnaya-osm-01134
Блинная Масленица, Ивантеевка, Новая Слобода, 1;Ивантеевка, ул. Новая Слобода, 1;55.968877;37.913028;blinnaya-osm-01135
Блинная Масленица, Андреевка, Андреевка;Андреевка, ул. Андреевка, вл31А;55.973273;37.148645;blinnaya-osm-01136
Блинная Масленица, Андреевка, Андреевка, с3;Андреевка, ул. Андреевка, с3;55.976245;37.147082;blinnaya-osm-01137
Блинная Масленица, Черкизово, Мытищинская;Черкизово, ул. Мытищинская, 3;55.976312;37.743137;blinnaya-osm-01138
Блинная Масленица, Голубое, Тверецкий;Голубое, Тверецкий пр., 17А;55.979353;37.097794;blinnaya-osm-01139
Блинная Масленица, Андреевка, Привокзальная;Андреевка, Привокзальная пл., 1 с2;55.979395;37.171164;blinnaya-osm-01140
Блинная Масленица, Голубое, Трёхсвятская;Голубое, ул. Трёхсвятская, с3М;55.980969;37.103585;blinnaya-osm-01141
Блинная Масленица, Голубое, Трёхсвятская, 2М;Голубое, ул. Трёхсвятская, 2М;55.981400;37.104050;blinnaya-osm-01142
Блинная Масленица, Андреевка, Жилинская;Андреевка, ул. Жилинская, 1/5;55.983463;37.144746;blinnaya-osm-01143
Блинная Масленица, Черкизово, Центральная;Черкизово, ул. Центральная, 100А;55.988267;37.727759;blinnaya-osm-01144
Блинная Масленица, Лобня, Гаражная;Лобня, ул. Гаражная, с1;55.994420;37.338200;blinnaya-osm-01145
Блинная Масленица, Лобня, Дмитровское;Лобня, Дмитровское ш., с4;55.995777;37.536777;blinnaya-osm-01146
Блинная Масленица, Пушкино, Ярославское;Пушкино, Ярославское ш., 6;55.995882;37.867505;blinnaya-osm-01147
Блинная Масленица, Пушкино, Центральная;Пушкино, ул. Центральная, 2А;55.999374;37.809747;blinnaya-osm-01148
Блинная Масленица, Ленинградское шоссе, 38-й километр;Ленинградское шоссе, 38-й километр, 1 с1;56.004272;37.235525;blinnaya-osm-01149
Блинная Масленица, Пушкино, Ярославское, 180А;Пушкино, Ярославское ш., 180А;56.005684;37.874091;blinnaya-osm-01150
Блинная Масленица, Черноголовка, Центральная;Черноголовка, ул. Центральная, 17;56.007640;38.371447;blinnaya-osm-01151
Блинная Масленица, Лобня, Краснополянский;Лобня, Краснополянский пр., 2;56.008465;37.440880;blinnaya-osm-01152
Блинная Масленица, Черноголовка, 1-я;Черноголовка, ул. 1-я, 7;56.009040;38.384452;blinnaya-osm-01153
Блинная Масленица, Лобня, Ленина;Лобня, ул. Ленина, 61А;56.009215;37.454251;blinnaya-osm-01154
Блинная Масленица, Черноголовка, Строителей;Черноголовка, пр. Строителей, 1Б;56.011533;38.377781;blinnaya-osm-01155
Блинная Масленица, Академика Валиева;ул. Академика Валиева, 6 с6А;56.012385;37.195471;blinnaya-osm-01156
Блинная Масленица, Пушкино, Тургенева;Пушкино, ул. Тургенева, 1;56.013282;37.843377;blinnaya-osm-01157
Блинная Масленица, Пушкино, Красноармейское;Пушкино, Красноармейское ш., 104;56.017042;37.885534;blinnaya-osm-01158
Блинная Масленица, Пушкино, Красноармейское, 91;Пушкино, Красноармейское ш., 91;56.019390;37.882598;blinnaya-osm-01159
Блинная Масленица, Пушкино, Сретенская;Пушкино, ул. Сретенская, 2;56.025811;37.861963;blinnaya-osm-01160
Блинная Масленица, Волоколамск, Панфилова;Волоколамск, ул. Панфилова, 26Б;56.030098;35.959168;blinnaya-osm-01161
Блинная Масленица, Лобня, Дмитровское, 2А/6;Лобня, Дмитровское ш., 2А/6;56.041674;37.542099;blinnaya-osm-01162
Блинная Масленица, Некрасовский, Шоссейная;Некрасовский, ул. Шоссейная, 28/2;56.051724;37.536068;blinnaya-osm-01163
Блинная Масленица, Лобня, Полевая;Лобня, ул. Полевая, 57;56.058154;37.366285;blinnaya-osm-01164
Блинная Масленица, Некрасовский, Дмитровское;Некрасовский, Дмитровское ш., 20;56.077212;37.521245;blinnaya-osm-01165
Блинная Масленица, Красноармейск, Испытателей;Красноармейск, просп. Испытателей, 2А;56.113085;38.147893;blinnaya-osm-01166
Блинная Масленица, Софрино, Шоссейная;Софрино, ул. Шоссейная, 2А;56.137571;37.865774;blinnaya-osm-01167
Блинная Масленица, Некрасовский, Центральная;Некрасовский, ул. Центральная, 40 с1;56.148569;37.491261;blinnaya-osm-01168
Блинная Масленица, Некрасовский, Центральная, 16А с1;Некрасовский, ул. Центральная, 16А с1;56.153086;37.487685;blinnaya-osm-01169
Блинная Масленица, Солнечногорск, Тамойкина;Солнечногорск, ул. Тамойкина, 1А пав 8;56.179344;36.992179;blinnaya-osm-01170
Блинная Масленица, Солнечногорск, Обуховская;Солнечногорск, ул. Обуховская, 1А;56.183988;36.969403;blinnaya-osm-01171
Блинная Масленица, Солнечногорск, Баранова;Солнечногорск, ул. Баранова, 12А;56.185445;36.985934;blinnaya-osm-01172
Блинная Масленица, Солнечногорск, Дзержинского;Солнечногорск, ул. Дзержинского, 15А;56.187497;36.982470;blinnaya-osm-01173
Блинная Масленица, Солнечногорск, Красная;Солнечногорск, ул. Красная, 109;56.190505;36.971989;blinnaya-osm-01174
Блинная Масленица, Деденево, Вокзальная;Деденево, ул. Вокзальная, 21Б;56.241570;37.513683;blinnaya-osm-01175
Блинная Масленица, Хотьково, Академика Королёва;Хотьково, ул. Академика Королёва, 9;56.256133;37.982923;blinnaya-osm-01176
Блинная Масленица, Хотьково, 1-я Больничная;Хотьково, ул. 1-я Больничная, 12А;56.257146;37.995320;blinnaya-osm-01177
Блинная Масленица, Яхрома, Генерала Кузнецова;Яхрома, пл. Генерала Кузнецова, 1А;56.289808;37.483125;blinnaya-osm-01178
Блинная Масленица, Сергиев Посад, 1-я Рыбная;Сергиев Посад, ул. 1-я Рыбная, 18А;56.303595;38.137182;blinnaya-osm-01179
Блинная Масленица, Сергиев Посад, Вифанская;Сергиев Посад, ул. Вифанская, 12;56.309889;38.141506;blinnaya-osm-01180
Блинная Масленица, Сергиев Посад, Красной Армии;Сергиев Посад, просп. Красной Армии, 142/1;56.312605;38.135131;blinnaya-osm-01181
Блинная Масленица, Сергиев Посад, Красной Армии, 148;Сергиев Посад, просп. Красной Армии, 148;56.313281;38.135022;blinnaya-osm-01182
Блинная Масленица, Сергиев Посад, Красной Армии, 185А;Сергиев Посад, просп. Красной Армии, 185А;56.317449;38.138086;blinnaya-osm-01183
Блинная Масленица, Клин, Чайковского;Клин, ул. Чайковского, 91 с1;56.322113;36.760812;blinnaya-osm-01184
Блинная Масленица, Клин, Миши Балакирева;Клин, ул. Миши Балакирева, 19/4;56.325598;36.720983;blinnaya-osm-01185
Блинная Масленица, Клин, 2-я Окружная;Клин, ул. 2-я Окружная, 31А;56.326096;36.703704;blinnaya-osm-01186
Блинная Масленица, Дмитров, Веретенникова;Дмитров, ул. Веретенникова, 13А;56.330658;37.511186;blinnaya-osm-01187
Блинная Масленица, Дмитров, Московская;Дмитров, ул. Московская, 27А;56.334740;37.511272;blinnaya-osm-01188
Блинная Масленица, Дмитров, Инженерная;Дмитров, ул. Инженерная, 21;56.336798;37.532585;blinnaya-osm-01189
Блинная Масленица, Дмитров, Московская, 8;Дмитров, ул. Московская, 8;56.338862;37.515095;blinnaya-osm-01190
Блинная Масленица, Дмитров, Советская;Дмитров, ул. Советская, 3;56.344362;37.517324;blinnaya-osm-01191
Блинная Масленица, Дмитров, Профессиональная;Дмитров, ул. Профессиональная, 34;56.357432;37.528905;blinnaya-osm-01192
Блинная Масленица, Дмитров, Профессиональная, 34;Дмитров, ул. Профессиональная, 34;56.358078;37.528187;blinnaya-osm-01193
Блинная Масленица, Краснозаводск, Ярославское;Краснозаводск, Ярославское ш., 2;56.468099;38.368139;blinnaya-osm-01194
Блинная Масленица, Талдом, Советская;Талдом, ул. Советская, 23;56.723273;37.537706;blinnaya-osm-01195
Блинная Масленица, Дубна, Вернова;Дубна, ул. Вернова, 7;56.734998;37.163042;blinnaya-osm-01196
Блинная Масленица, Дубна, Боголюбова;Дубна, просп. Боголюбова, 19;56.735706;37.160616;blinnaya-osm-01197
Блинная Масленица, Дубна, Боголюбова, 15Б;Дубна, просп. Боголюбова, 15Б;56.738084;37.167170;blinnaya-osm-01198
Блинная Масленица, Дубна, Понтекорво;Дубна, ул. Понтекорво, 7;56.741284;37.169835;blinnaya-osm-01199
Блинная Масленица, Дубна, Инженерная;Дубна, ул. Инженерная, 29;56.745577;37.198727;blinnaya-osm-01200
Блинная Масленица, Санкт-Петербург, Чудская;Санкт-Петербург, ул. Чудская, 20;59.607941;30.345758;blinnaya-osm-01201
Блинная Масленица, Санкт-Петербург, Фабричная;Санкт-Петербург, ул. Фабричная, 9;59.621803;30.395505;blinnaya-osm-01202
Блинная Масленица, Санкт-Петербург, Солнечная аллея;Санкт-Петербург, Солнечная аллея, 2;59.668571;30.524474;blinnaya-osm-01203
Блинная Масленица, Санкт-Петербург, Красного Курсанта;Санкт-Петербург, ул. Красного Курсанта, 2;59.685264;30.460002;blinnaya-osm-01204
Блинная Масленица, Санкт-Петербург, Садовая;Санкт-Петербург, ул. Садовая, 20 литД;59.687762;30.446278;blinnaya-osm-01205
Блинная Масленица, Санкт-Петербург, Слуцкая;Санкт-Петербург, ул. Слуцкая, 3;59.691051;30.430482;blinnaya-osm-01206
Блинная Масленица, Санкт-Петербург, Гусарская;Санкт-Петербург, ул. Гусарская, 4 литЦ;59.705258;30.390358;blinnaya-osm-01207
Блинная Масленица, Санкт-Петербург, Радищева;Санкт-Петербург, ул. Радищева, 16;59.708244;30.408878;blinnaya-osm-01208
Блинная Масленица, Санкт-Петербург, Екатерининский парк;Санкт-Петербург, Екатерининский парк, лит Е;59.714624;30.404524;blinnaya-osm-01209
Блинная Масленица, Санкт-Петербург, Оранжерейная;Санкт-Петербург, ул. Оранжерейная, 13/52;59.717678;30.406493;blinnaya-osm-01210
Блинная Масленица, Санкт-Петербург, Оранжерейная, 14/50;Санкт-Петербург, ул. Оранжерейная, 14/50;59.718283;30.406349;blinnaya-osm-01211
Блинная Масленица, Санкт-Петербург, Удаловская;Санкт-Петербург, ул. Удаловская, 19А;59.719716;30.434357;blinnaya-osm-01212
Блинная Масленица, Санкт-Петербург, Конюшенная;Санкт-Петербург, ул. Конюшенная, 39/39;59.721467;30.416637;blinnaya-osm-01213
Блинная Масленица, Санкт-Петербург, Московская;Санкт-Петербург, ул. Московская, 5;59.721901;30.398985;blinnaya-osm-01214
Блинная Масленица, Санкт-Петербург, Привокзальная;Санкт-Петербург, Привокзальная пл., 1В;59.722362;30.428734;blinnaya-osm-01215
Блинная Масленица, Санкт-Петербург, Восстановления;Санкт-Петербург, ул. Восстановления, 66 к1;59.727171;30.066149;blinnaya-osm-01216
Блинная Масленица, Санкт-Петербург, Ленинградская;Санкт-Петербург, ул. Ленинградская, 65;59.729545;30.410072;blinnaya-osm-01217
Блинная Масленица, Санкт-Петербург, Юных Пионеров;Санкт-Петербург, ул. Юных Пионеров, 38 литБ;59.732393;30.072129;blinnaya-osm-01218
Блинная Масленица, Санкт-Петербург, Лермонтова;Санкт-Петербург, ул. Лермонтова, 21А;59.733840;30.081187;blinnaya-osm-01219
Блинная Масленица, Санкт-Петербург, Муромская;Санкт-Петербург, ул. Муромская, 2;59.733964;30.473829;blinnaya-osm-01220
Блинная Масленица, Санкт-Петербург, Колпинское;Санкт-Петербург, Колпинское ш., 32;59.735708;30.471000;blinnaya-osm-01221
Блинная Масленица, Санкт-Петербург, Ижорского Батальона;Санкт-Петербург, ул. Ижорского Батальона, 13;59.736315;30.617466;blinnaya-osm-01222
Блинная Масленица, Санкт-Петербург, Ленина;Санкт-Петербург, просп. Ленина, 59;59.738129;30.088842;blinnaya-osm-01223
Блинная Масленица, Санкт-Петербург, Тверская;Санкт-Петербург, ул. Тверская, 36 к3;59.739947;30.610979;blinnaya-osm-01224
Блинная Масленица, Санкт-Петербург, Ростовская;Санкт-Петербург, ул. Ростовская, 20;59.742748;30.472780;blinnaya-osm-01225
Блинная Масленица, Санкт-Петербург, Танкистов;Санкт-Петербург, ул. Танкистов, 3;59.748424;30.561277;blinnaya-osm-01226
Блинная Масленица, Санкт-Петербург, Образцовая;Санкт-Петербург, ул. Образцовая, 2;59.749345;30.366093;blinnaya-osm-01227
Блинная Масленица, Санкт-Петербург, Ленина, 18/12;Санкт-Петербург, просп. Ленина, 18/12;59.749372;30.585002;blinnaya-osm-01228
Блинная Масленица, Санкт-Петербург, Ленина, 23А;Санкт-Петербург, просп. Ленина, 23А;59.751331;30.580304;blinnaya-osm-01229
Блинная Масленица, Санкт-Петербург, Московское;Санкт-Петербург, Московское ш., 295;59.758239;30.481406;blinnaya-osm-01230
Блинная Масленица, Санкт-Петербург, Георгия Гречко;Санкт-Петербург, ул. Георгия Гречко, 3;59.759200;30.320262;blinnaya-osm-01231
Блинная Масленица, Санкт-Петербург, Красносельское;Санкт-Петербург, Красносельское ш., 1 к3 литА;59.768308;30.117648;blinnaya-osm-01232
Блинная Масленица, Санкт-Петербург, Московское, 90;Санкт-Петербург, Московское ш., 90;59.778231;30.440235;blinnaya-osm-01233
Блинная Масленица, Санкт-Петербург, Аннинское;Санкт-Петербург, Аннинское ш., 43;59.784000;30.113320;blinnaya-osm-01234
Блинная Масленица, Санкт-Петербург, Современников;Санкт-Петербург, ул. Современников, 17/2;59.787549;30.162025;blinnaya-osm-01235
Блинная Масленица, Санкт-Петербург, десантника Вадима Чугунова;Санкт-Петербург, бул. десантника Вадима Чугунова, 1 к2;59.791138;30.166800;blinnaya-osm-01236
Блинная Масленица, Санкт-Петербург, Таллинское;Санкт-Петербург, Таллинское ш., 27;59.795233;30.147213;blinnaya-osm-01237
Блинная Масленица, Санкт-Петербург, Московское, 16 к2;Санкт-Петербург, Московское ш., 16 к2;59.799791;30.400042;blinnaya-osm-01238
Блинная Масленица, Санкт-Петербург, Красносельское, 28А;Санкт-Петербург, Красносельское ш., 28А;59.805174;30.078464;blinnaya-osm-01239
Блинная Масленица, Санкт-Петербург, Максима Горького;Санкт-Петербург, ул. Максима Горького, 1;59.806438;30.583867;blinnaya-osm-01240
Блинная Масленица, Санкт-Петербург, Вишерская;Санкт-Петербург, ул. Вишерская, 10;59.807612;30.374051;blinnaya-osm-01241
Блинная Масленица, Санкт-Петербург, Красносельское, 9;Санкт-Петербург, Красносельское ш., 9;59.808574;30.076563;blinnaya-osm-01242
Блинная Масленица, Санкт-Петербург, Шереметьевская;Санкт-Петербург, ул. Шереметьевская, 33;59.809120;30.320899;blinnaya-osm-01243
Блинная Масленица, Санкт-Петербург, Красносельское, 6;Санкт-Петербург, Красносельское ш., 6;59.810173;30.078453;blinnaya-osm-01244
Блинная Масленица, Санкт-Петербург, Новгородский;Санкт-Петербург, Новгородский просп., 3 с2;59.811228;30.365021;blinnaya-osm-01245
Блинная Масленица, Санкт-Петербург, Ленина, 2В;Санкт-Петербург, ул. Ленина, 2В;59.812031;30.394484;blinnaya-osm-01246
Блинная Масленица, Санкт-Петербург, Полевая;Санкт-Петербург, ул. Полевая, 12;59.814094;30.564929;blinnaya-osm-01247
Блинная Масленица, Санкт-Петербург, Пулковское;Санкт-Петербург, Пулковское ш., 25 к1;59.819965;30.316670;blinnaya-osm-01248
Блинная Масленица, Санкт-Петербург, Московское, 38 к6 литТ;Санкт-Петербург, Московское ш., 38 к6 литТ;59.821415;30.336078;blinnaya-osm-01249
Блинная Масленица, Санкт-Петербург, Советский;Санкт-Петербург, Советский просп., 36 к1;59.825701;30.553966;blinnaya-osm-01250
Блинная Масленица, Санкт-Петербург, Пулковское, 17 к2;Санкт-Петербург, Пулковское ш., 17 к2;59.827401;30.316717;blinnaya-osm-01251
Блинная Масленица, Санкт-Петербург, Олеко Дундича;Санкт-Петербург, ул. Олеко Дундича, 21;59.829238;30.405222;blinnaya-osm-01252
Блинная Масленица, Санкт-Петербург, Партизана Германа;Санкт-Петербург, ул. Партизана Германа, 22 к4;59.829266;30.177293;blinnaya-osm-01253
Блинная Масленица, Санкт-Петербург, Звёздная;Санкт-Петербург, Дунайский просп., 21 с1;59.830752;30.349462;blinnaya-osm-01254
Блинная Масленица, Санкт-Петербург, Рыбацкое;Санкт-Петербург, ул. Тепловозная, 31;59.831918;30.500798;blinnaya-osm-01255
Блинная Масленица, Санкт-Петербург, Ленсовета;Санкт-Петербург, ул. Ленсовета, 97;59.832187;30.347140;blinnaya-osm-01256
Блинная Масленица, Санкт-Петербург, Солдата Корзуна;Санкт-Петербург, ул. Солдата Корзуна, 34;59.832246;30.219567;blinnaya-osm-01257
Блинная Масленица, Санкт-Петербург, Прибрежная;Санкт-Петербург, ул. Прибрежная, 20;59.832598;30.505870;blinnaya-osm-01258
Блинная Масленица, Санкт-Петербург, Ярослава Гашека;Санкт-Петербург, ул. Ярослава Гашека, 6 литА;59.832951;30.390450;blinnaya-osm-01259
Блинная Масленица, Санкт-Петербург, Ветеранов;Санкт-Петербург, просп. Ветеранов, 78;59.832977;30.216319;blinnaya-osm-01260
Блинная Масленица, Санкт-Петербург, Ярослава Гашека, 6 к2;Санкт-Петербург, ул. Ярослава Гашека, 6 к2;59.833417;30.391705;blinnaya-osm-01261
Блинная Масленица, Санкт-Петербург, Звёздная, 8;Санкт-Петербург, ул. Звёздная, 8;59.833894;30.349089;blinnaya-osm-01262
Блинная Масленица, Санкт-Петербург, Ветеранов, 188/1;Санкт-Петербург, просп. Ветеранов, 188/1;59.834777;30.121081;blinnaya-osm-01263
Блинная Масленица, Санкт-Петербург, Шлиссельбургский;Санкт-Петербург, Шлиссельбургский просп., 26 к1;59.835072;30.512333;blinnaya-osm-01264
Блинная Масленица, Санкт-Петербург, Звёздная, 14;Санкт-Петербург, ул. Звёздная, 14;59.835207;30.363741;blinnaya-osm-01265
Блинная Масленица, Санкт-Петербург, Пулковская;Санкт-Петербург, ул. Пулковская, 10 к1;59.836591;30.350825;blinnaya-osm-01266
Блинная Масленица, Санкт-Петербург, Шлиссельбургский, 20 к1;Санкт-Петербург, Шлиссельбургский просп., 20 к1;59.837154;30.506536;blinnaya-osm-01267
Блинная Масленица, Санкт-Петербург, Ленсовета, 75;Санкт-Петербург, ул. Ленсовета, 75;59.838375;30.338185;blinnaya-osm-01268
Блинная Масленица, Санкт-Петербург, Ветеранов, 181;Санкт-Петербург, просп. Ветеранов, 181;59.839143;30.100940;blinnaya-osm-01269
Блинная Масленица, Санкт-Петербург, Ветеранов, 55;Санкт-Петербург, просп. Ветеранов, 55;59.839666;30.235703;blinnaya-osm-01270
Блинная Масленица, Санкт-Петербург, Будапештская;Санкт-Петербург, ул. Будапештская, 92;59.839805;30.396099;blinnaya-osm-01271
Блинная Масленица, Санкт-Петербург, Нижняя Колония;Санкт-Петербург, ул. Нижняя Колония, 24 с1;59.840990;30.035518;blinnaya-osm-01272
Блинная Масленица, Санкт-Петербург, Ветеранов, 185 к2 с1;Санкт-Петербург, просп. Ветеранов, 185 к2 с1;59.841120;30.097803;blinnaya-osm-01273
Блинная Масленица, Санкт-Петербург, Проспект Ветеранов;Санкт-Петербург, бул. Новаторов, 98 литВ;59.841384;30.252948;blinnaya-osm-01274
Блинная Масленица, Санкт-Петербург, Ветеранов, 169 к6 с1;Санкт-Петербург, просп. Ветеранов, 169 к6 с1;59.841964;30.114121;blinnaya-osm-01275
Блинная Масленица, Санкт-Петербург, Новаторов;Санкт-Петербург, бул. Новаторов, 83;59.842551;30.246649;blinnaya-osm-01276
Блинная Масленица, Санкт-Петербург, Партизана Германа, 2;Санкт-Петербург, ул. Партизана Германа, 2;59.843726;30.178573;blinnaya-osm-01277
Блинная Масленица, Санкт-Петербург, Народного Ополчения;Санкт-Петербург, просп. Народного Ополчения, 22 литН;59.844192;30.279994;blinnaya-osm-01278
Блинная Масленица, Санкт-Петербург, Ленсовета, 44;Санкт-Петербург, ул. Ленсовета, 44;59.844853;30.330670;blinnaya-osm-01279
Блинная Масленица, Санкт-Петербург, Димитрова;Санкт-Петербург, ул. Димитрова, 2;59.845693;30.372960;blinnaya-osm-01280
Блинная Масленица, Санкт-Петербург, Бухарестская;Санкт-Петербург, ул. Бухарестская, 118 к1;59.846884;30.405725;blinnaya-osm-01281
Блинная Масленица, Санкт-Петербург, Будапештская, 67/11;Санкт-Петербург, ул. Будапештская, 67/11;59.847678;30.386415;blinnaya-osm-01282
Блинная Масленица, Санкт-Петербург, Петергофское;Санкт-Петербург, Петергофское ш., 51А;59.848190;30.146311;blinnaya-osm-01283
Блинная Масленица, Санкт-Петербург, Обухово;Санкт-Петербург, ул. Грибакиных, 27В;59.849016;30.456964;blinnaya-osm-01284
Блинная Масленица, Санкт-Петербург, Московский;Санкт-Петербург, Московский просп., 195А;59.849272;30.321048;blinnaya-osm-01285
Блинная Масленица, Санкт-Петербург, Маршала Захарова;Санкт-Петербург, ул. Маршала Захарова, 33 к1;59.850215;30.207788;blinnaya-osm-01286
Блинная Масленица, Санкт-Петербург, Петергофское, 27;Санкт-Петербург, Петергофское ш., 27;59.850622;30.173808;blinnaya-osm-01287
Блинная Масленица, Санкт-Петербург, Конституции;Санкт-Петербург, пл. Конституции, 7;59.850828;30.308170;blinnaya-osm-01288
Блинная Масленица, Санкт-Петербург, Рихарда Зорге;Санкт-Петербург, ул. Рихарда Зорге, 4 к1;59.850934;30.180158;blinnaya-osm-01289
Блинная Масленица, Санкт-Петербург, Ленинский проспект;Санкт-Петербург, Ленинский просп., 127;59.851428;30.266554;blinnaya-osm-01290
Блинная Масленица, Санкт-Петербург, Адмирала Черокова;Санкт-Петербург, ул. Адмирала Черокова, 18 к3;59.852017;30.143333;blinnaya-osm-01291
Блинная Масленица, Санкт-Петербург, Ленинский;Санкт-Петербург, Ленинский просп., 116;59.852298;30.247239;blinnaya-osm-01292
Блинная Масленица, Санкт-Петербург, Ленинский, 128, корп. 2;Санкт-Петербург, Ленинский просп., 128, корп. 2;59.852306;30.268707;blinnaya-osm-01293
Блинная Масленица, Санкт-Петербург, Краснопутиловская;Санкт-Петербург, ул. Краснопутиловская, 86 литА;59.852487;30.305280;blinnaya-osm-01294
Блинная Масленица, Санкт-Петербург, Типанова;Санкт-Петербург, ул. Типанова, 3;59.853282;30.324728;blinnaya-osm-01295
Блинная Масленица, Санкт-Петербург, Проспект Славы;Санкт-Петербург, Альпийский пер., 30 к3 с1;59.854405;30.388269;blinnaya-osm-01296
Блинная Масленица, Санкт-Петербург, Ленсовета, 16;Санкт-Петербург, ул. Ленсовета, 16;59.854858;30.330235;blinnaya-osm-01297
Блинная Масленица, Санкт-Петербург, Славы;Санкт-Петербург, просп. Славы, 12;59.856434;30.378173;blinnaya-osm-01298
Блинная Масленица, Санкт-Петербург, Парковая;Санкт-Петербург, ул. Парковая, 22к2;59.856713;29.935992;blinnaya-osm-01299
Блинная Масленица, Санкт-Петербург, Юго-Западная;Санкт-Петербург, просп. Маршала Жукова, 28 к1;59.857527;30.230813;blinnaya-osm-01300
Блинная Масленица, Санкт-Петербург, Доблести;Санкт-Петербург, ул. Доблести, 19;59.858164;30.175093;blinnaya-osm-01301
Блинная Масленица, Санкт-Петербург, Маршала Жукова;Санкт-Петербург, просп. Маршала Жукова, 31 к1;59.858668;30.229466;blinnaya-osm-01302
Блинная Масленица, Санкт-Петербург, Маршала Казакова;Санкт-Петербург, ул. Маршала Казакова, 1 к1 литА;59.859992;30.248244;blinnaya-osm-01303
Блинная Масленица, Санкт-Петербург, Ленинский, 61;Санкт-Петербург, Ленинский просп., 61;59.860725;30.178210;blinnaya-osm-01304
Блинная Масленица, Санкт-Петербург, Героев;Санкт-Петербург, просп. Героев, 27 к1;59.861016;30.159054;blinnaya-osm-01305
Блинная Масленица, Санкт-Петербург, Ленинский, 49;Санкт-Петербург, Ленинский просп., 49;59.863594;30.166069;blinnaya-osm-01306
Блинная Масленица, Санкт-Петербург, Бассейная;Санкт-Петербург, ул. Бассейная, 65;59.864242;30.337977;blinnaya-osm-01307
Блинная Масленица, Санкт-Петербург, Пролетарская;Санкт-Петербург, просп. Обуховской Обороны, 225;59.865100;30.468140;blinnaya-osm-01308
Блинная Масленица, Санкт-Петербург, Ленинский, 45 к1 с1;Санкт-Петербург, Ленинский просп., 45 к1 с1;59.865405;30.159021;blinnaya-osm-01309
Блинная Масленица, Санкт-Петербург, Новоизмайловский;Санкт-Петербург, Новоизмайловский просп., 16 к11;59.866287;30.307008;blinnaya-osm-01310
Блинная Масленица, Санкт-Петербург, Обуховской Обороны;Санкт-Петербург, просп. Обуховской Обороны, 110А;59.866677;30.466957;blinnaya-osm-01311
Блинная Масленица, Санкт-Петербург, Парк Победы;Санкт-Петербург, Новоизмайловский просп., 16 к10;59.866923;30.309651;blinnaya-osm-01312
Блинная Масленица, Санкт-Петербург, Автово;Санкт-Петербург, ул. Автовская, 15;59.867755;30.268354;blinnaya-osm-01313
Блинная Масленица, Санкт-Петербург, Седова;Санкт-Петербург, ул. Седова, 106 литМ;59.868608;30.442143;blinnaya-osm-01314
Блинная Масленица, Санкт-Петербург, Новоизмайловский, 16 к4;Санкт-Петербург, Новоизмайловский просп., 16 к4;59.869481;30.309152;blinnaya-osm-01315
Блинная Масленица, Санкт-Петербург, Международная;Санкт-Петербург, ул. Белы Куна, 3;59.870151;30.378557;blinnaya-osm-01316
Блинная Масленица, Санкт-Петербург, Чичеринская;Санкт-Петербург, ул. Чичеринская, 2А;59.870379;29.847843;blinnaya-osm-01317
Блинная Масленица, Санкт-Петербург, Кузнецовская;Санкт-Петербург, ул. Кузнецовская, 23;59.871492;30.318671;blinnaya-osm-01318
Блинная Масленица, Санкт-Петербург, Кузнецовская, 58 к1;Санкт-Петербург, ул. Кузнецовская, 58 к1;59.873058;30.349368;blinnaya-osm-01319
Блинная Масленица, Санкт-Петербург, Ботаническая;Санкт-Петербург, ул. Ботаническая, 68;59.873516;29.827492;blinnaya-osm-01320
Блинная Масленица, Санкт-Петербург, Кировский завод;Санкт-Петербург, ул. Корабельная, 4 литК;59.875514;30.249523;blinnaya-osm-01321
Блинная Масленица, Санкт-Петербург, Благодатная;Санкт-Петербург, ул. Благодатная, 12;59.876057;30.309275;blinnaya-osm-01322
Блинная Масленица, Санкт-Петербург, Благодатная, 50 с1;Санкт-Петербург, ул. Благодатная, 50 с1;59.876851;30.339852;blinnaya-osm-01323
Блинная Масленица, Санкт-Петербург, Корабельная;Санкт-Петербург, ул. Корабельная, 9 с1;59.877332;30.246907;blinnaya-osm-01324
Блинная Масленица, Санкт-Петербург, Электросила;Санкт-Петербург, ул. Решетникова, 15;59.878002;30.330075;blinnaya-osm-01325
Блинная Масленица, Санкт-Петербург, Варшавская;Санкт-Петербург, ул. Варшавская, 6 к2;59.878696;30.316492;blinnaya-osm-01326
Блинная Масленица, Санкт-Петербург, Решетникова;Санкт-Петербург, ул. Решетникова, 5;59.878742;30.322872;blinnaya-osm-01327
Блинная Масленица, Санкт-Петербург, Решетникова, 12;Санкт-Петербург, ул. Решетникова, 12;59.879233;30.324027;blinnaya-osm-01328
Блинная Масленица, Санкт-Петербург, Путиловская;Санкт-Петербург, ул. Васи Алексеева, 4;59.879877;30.264357;blinnaya-osm-01329
Блинная Масленица, Санкт-Петербург, Народная;Санкт-Петербург, ул. Народная, 41;59.880393;30.462416;blinnaya-osm-01330
Блинная Масленица, Санкт-Петербург, Мастеровой;Санкт-Петербург, Мастеровой пер., 3 литА;59.880426;29.893952;blinnaya-osm-01331
Блинная Масленица, Санкт-Петербург, Московский, 137 литБ;Санкт-Петербург, Московский просп., 137 литБ;59.881050;30.318228;blinnaya-osm-01332
Блинная Масленица, Санкт-Петербург, Возрождения;Санкт-Петербург, ул. Возрождения, 20;59.881825;30.273000;blinnaya-osm-01333
Блинная Масленица, Санкт-Петербург, Университетский;Санкт-Петербург, Университетский просп., 35;59.882263;29.831189;blinnaya-osm-01334
Блинная Масленица, Санкт-Петербург, Ломоносовская;Санкт-Петербург, ул. Бабушкина, 55 к1;59.882329;30.434436;blinnaya-osm-01335
Блинная Масленица, Санкт-Петербург, Бухарестская, 32;Санкт-Петербург, ул. Бухарестская, 32;59.883273;30.370500;blinnaya-osm-01336
Блинная Масленица, Санкт-Петербург, Стачек;Санкт-Петербург, просп. Стачек, 47 литАВ;59.883733;30.246775;blinnaya-osm-01337
Блинная Масленица, Санкт-Петербург, Салова;Санкт-Петербург, ул. Салова, 61;59.884617;30.367896;blinnaya-osm-01338
Блинная Масленица, Санкт-Петербург, Большевиков;Санкт-Петербург, просп. Большевиков, 100;59.885545;30.489936;blinnaya-osm-01339
Блинная Масленица, Санкт-Петербург, Цветочная;Санкт-Петербург, ул. Цветочная, 25А;59.885734;30.329533;blinnaya-osm-01340
Блинная Масленица, Санкт-Петербург, Московские ворота;Санкт-Петербург, ул. Заставская, 44;59.888486;30.317108;blinnaya-osm-01341
Блинная Масленица, Санкт-Петербург, Московский, 130;Санкт-Петербург, Московский просп., 130;59.888656;30.320646;blinnaya-osm-01342
Блинная Масленица, Санкт-Петербург, Трефолева;Санкт-Петербург, ул. Трефолева, 6;59.889392;30.275221;blinnaya-osm-01343
Блинная Масленица, Санкт-Петербург, Старопутиловский вал;Санкт-Петербург, Старопутиловский вал, 7 к2 литА;59.891350;30.405137;blinnaya-osm-01344
Блинная Масленица, Санкт-Петербург, Московский, 103 литА;Санкт-Петербург, Московский просп., 103 литА;59.891717;30.318366;blinnaya-osm-01345
Блинная Масленица, Санкт-Петербург, Обуховской Обороны, 86;Санкт-Петербург, просп. Обуховской Обороны, 86;59.893859;30.438362;blinnaya-osm-01346
Блинная Масленица, Санкт-Петербург, Дальневосточный;Санкт-Петербург, Дальневосточный просп., 42 к2;59.894062;30.463598;blinnaya-osm-01347
Блинная Масленица, Санкт-Петербург, Салова, 36;Санкт-Петербург, ул. Салова, 36;59.895884;30.379170;blinnaya-osm-01348
Блинная Масленица, Санкт-Петербург, Елизаровская;Санкт-Петербург, просп. Елизарова, 12/12;59.896026;30.424609;blinnaya-osm-01349
Блинная Масленица, Санкт-Петербург, Бабушкина;Санкт-Петербург, ул. Бабушкина, 11;59.896701;30.422309;blinnaya-osm-01350
Блинная Масленица, Санкт-Петербург, Елизарова;Санкт-Петербург, просп. Елизарова, 10;59.896966;30.425790;blinnaya-osm-01351
Блинная Масленица, Санкт-Петербург, Нарвская;Санкт-Петербург, ул. Промышленная, 17А;59.897916;30.263527;blinnaya-osm-01352
Блинная Масленица, Санкт-Петербург, Европейский;Санкт-Петербург, Европейский просп., 3;59.897969;30.511821;blinnaya-osm-01353
Блинная Масленица, Санкт-Петербург, Европейский, 5;Санкт-Петербург, Европейский просп., 5;59.899256;30.511053;blinnaya-osm-01354
Блинная Масленица, Санкт-Петербург, ул. Промышленная;Санкт-Петербург, ул. Промышленная, 6;59.899467;30.273953;blinnaya-osm-01355
Блинная Масленица, Санкт-Петербург, Стачек, 9в;Санкт-Петербург, пл. Стачек, 9в;59.900414;30.273495;blinnaya-osm-01356
Блинная Масленица, Санкт-Петербург, Митрофаньевское;Санкт-Петербург, Митрофаньевское ш., 4-6-8;59.900797;30.300139;blinnaya-osm-01357
Блинная Масленица, Санкт-Петербург, Европейский, 9 к1;Санкт-Петербург, Европейский просп., 9 к1;59.901587;30.511703;blinnaya-osm-01358
Блинная Масленица, Санкт-Петербург, Европейский, 9 к2;Санкт-Петербург, Европейский просп., 9 к2;59.902075;30.511909;blinnaya-osm-01359
Блинная Масленица, Санкт-Петербург, Австрийская;Санкт-Петербург, ул. Австрийская, 4 к1;59.902460;30.510865;blinnaya-osm-01360
Блинная Масленица, Санкт-Петербург, Киевская;Санкт-Петербург, ул. Киевская, 5 к6;59.902984;30.325762;blinnaya-osm-01361
Блинная Масленица, Санкт-Петербург, Старо-Петергофский;Санкт-Петербург, Старо-Петергофский просп., 35Б;59.903470;30.277706;blinnaya-osm-01362
Блинная Масленица, Санкт-Петербург, Нарвский;Санкт-Петербург, Нарвский просп., 13;59.904348;30.273771;blinnaya-osm-01363
Блинная Масленица, Санкт-Петербург, Швейцарская;Санкт-Петербург, ул. Швейцарская, 4;59.904598;29.779604;blinnaya-osm-01364
Блинная Масленица, Санкт-Петербург, Европейский, 13 к5;Санкт-Петербург, Европейский просп., 13 к5;59.905667;30.512365;blinnaya-osm-01365
Блинная Масленица, Санкт-Петербург, Московский, 71 к3;Санкт-Петербург, Московский просп., 71 к3;59.905688;30.315537;blinnaya-osm-01366
Блинная Масленица, Санкт-Петербург, Балтийская;Санкт-Петербург, наб. Обводного канала, 120 литД;59.906264;30.299408;blinnaya-osm-01367
Блинная Масленица, Санкт-Петербург, Московский, 70;Санкт-Петербург, Московский просп., 70;59.906782;30.318859;blinnaya-osm-01368
Блинная Масленица, Санкт-Петербург, Шотландская;Санкт-Петербург, ул. Шотландская, 3 литБ;59.906794;30.244246;blinnaya-osm-01369
Блинная Масленица, Санкт-Петербург, Обводного канала;Санкт-Петербург, наб. Обводного канала, 118 литС;59.907182;30.307384;blinnaya-osm-01370
Блинная Масленица, Санкт-Петербург, Смоляная;Санкт-Петербург, ул. Смоляная, 11;59.907665;30.394035;blinnaya-osm-01371
Блинная Масленица, Санкт-Петербург, Дальневосточный, 16 к2;Санкт-Петербург, Дальневосточный просп., 16 к2;59.908100;30.450937;blinnaya-osm-01372
Блинная Масленица, Санкт-Петербург, Обводный канал;Санкт-Петербург, Лиговский просп., 210;59.908581;30.346684;blinnaya-osm-01373
Блинная Масленица, Санкт-Петербург, Двинская;Санкт-Петербург, ул. Двинская, 3;59.909268;30.256109;blinnaya-osm-01374
Блинная Масленица, Санкт-Петербург, Верхний парк;Санкт-Петербург, Верхний парк, 4 литА;59.910047;29.745684;blinnaya-osm-01375
Блинная Масленица, Санкт-Петербург, Александровская;Санкт-Петербург, ул. Александровская, 32В;59.910814;29.775633;blinnaya-osm-01376
Блинная Масленица, Санкт-Петербург, Курляндская;Санкт-Петербург, ул. Курляндская, 8 к2;59.911420;30.289914;blinnaya-osm-01377
Блинная Масленица, Санкт-Петербург, Коллонтай;Санкт-Петербург, ул. Коллонтай, 3Б;59.911471;30.445909;blinnaya-osm-01378
Блинная Масленица, Санкт-Петербург, Коллонтай, 3Б;Санкт-Петербург, ул. Коллонтай, 3Б;59.912000;30.447611;blinnaya-osm-01379
Блинная Масленица, Санкт-Петербург, Улица Дыбенко;Санкт-Петербург, просп. Большевиков, 10 к1 литА;59.912254;30.479917;blinnaya-osm-01380
Блинная Масленица, Санкт-Петербург, Коллонтай, 5/1;Санкт-Петербург, ул. Коллонтай, 5/1;59.912538;30.450126;blinnaya-osm-01381
Блинная Масленица, Санкт-Петербург, Коллонтай, 3;Санкт-Петербург, ул. Коллонтай, 3;59.912830;30.446739;blinnaya-osm-01382
Блинная Масленица, Санкт-Петербург, Дворцовый;Санкт-Петербург, Дворцовый просп., 9;59.913289;29.783984;blinnaya-osm-01383
Блинная Масленица, Санкт-Петербург, Дальневосточный, 12 к2;Санкт-Петербург, Дальневосточный просп., 12 к2;59.913498;30.438968;blinnaya-osm-01384
Блинная Масленица, Санкт-Петербург, Рижский;Санкт-Петербург, Рижский просп., 4-6;59.913807;30.296281;blinnaya-osm-01385
Блинная Масленица, Санкт-Петербург, Иликовский;Санкт-Петербург, Иликовский просп., 1;59.914135;29.762333;blinnaya-osm-01386
Блинная Масленица, Санкт-Петербург, Технологический институт 1;Санкт-Петербург, ул. 3-я Красноармейская, 8;59.914483;30.314573;blinnaya-osm-01387
Блинная Масленица, Санкт-Петербург, Технологический институт 2;Санкт-Петербург, ул. Бронницкая, 18;59.914697;30.322836;blinnaya-osm-01388
Блинная Масленица, Санкт-Петербург, 2-я Красноармейская;Санкт-Петербург, ул. 2-я Красноармейская, 2/27;59.915233;30.317075;blinnaya-osm-01389
Блинная Масленица, Санкт-Петербург, 2-я Красноармейская, 3;Санкт-Петербург, ул. 2-я Красноармейская, 3;59.915444;30.316353;blinnaya-osm-01390
Блинная Масленица, Санкт-Петербург, 1-я Красноармейская;Санкт-Петербург, ул. 1-я Красноармейская, 18;59.915892;30.311924;blinnaya-osm-01391
Блинная Масленица, Санкт-Петербург, Петербургская;Санкт-Петербург, ул. Петербургская, 6;59.916148;29.768752;blinnaya-osm-01392
Блинная Масленица, Санкт-Петербург, Екатерининский;Санкт-Петербург, Екатерининский пер., 15;59.916316;29.765321;blinnaya-osm-01393
Блинная Масленица, Санкт-Петербург, Обуховской Обороны, 17;Санкт-Петербург, просп. Обуховской Обороны, 17;59.916833;30.401030;blinnaya-osm-01394
Блинная Масленица, Санкт-Петербург, Кронштадтская;Санкт-Петербург, ул. Кронштадтская, 2А;59.916837;29.771714;blinnaya-osm-01395
Блинная Масленица, Санкт-Петербург, Привокзальная, 1Б;Санкт-Петербург, ул. Привокзальная, 1Б;59.917564;29.770708;blinnaya-osm-01396
Блинная Масленица, Санкт-Петербург, Лермонтовский;Санкт-Петербург, Лермонтовский просп., 30;59.917609;30.297338;blinnaya-osm-01397
Блинная Масленица, Санкт-Петербург, Пушкинская;Санкт-Петербург, ул. Звенигородская, 22;59.918626;30.341279;blinnaya-osm-01398
Блинная Масленица, Санкт-Петербург, Лиговский проспект;Санкт-Петербург, Лиговский просп., 119;59.918804;30.352413;blinnaya-osm-01399
Блинная Масленица, Санкт-Петербург, Проспект Большевиков;Санкт-Петербург, просп. Большевиков, 1;59.919024;30.470045;blinnaya-osm-01400
Блинная Масленица, Санкт-Петербург, Пятилеток;Санкт-Петербург, просп. Пятилеток, 2;59.919615;30.465219;blinnaya-osm-01401
Блинная Масленица, Санкт-Петербург, Коллонтай, 20;Санкт-Петербург, ул. Коллонтай, 20;59.919948;30.466891;blinnaya-osm-01402
Блинная Масленица, Санкт-Петербург, Лиговский;Санкт-Петербург, Лиговский просп., 100-104;59.919973;30.354021;blinnaya-osm-01403
Блинная Масленица, Санкт-Петербург, Вознесенский;Санкт-Петербург, Вознесенский просп., 53;59.920548;30.307692;blinnaya-osm-01404
Блинная Масленица, Санкт-Петербург, Транспортный;Санкт-Петербург, Транспортный пер., 1;59.920590;30.356883;blinnaya-osm-01405
Блинная Масленица, Санкт-Петербург, Лиговский, 84/2 литБ;Санкт-Петербург, Лиговский просп., 84/2 литБ;59.921121;30.355725;blinnaya-osm-01406
Блинная Масленица, Санкт-Петербург, Солидарности;Санкт-Петербург, просп. Солидарности, 9 к4;59.921438;30.491510;blinnaya-osm-01407
Блинная Масленица, Санкт-Петербург, Разъезжая;Санкт-Петербург, ул. Разъезжая, 43;59.921592;30.352465;blinnaya-osm-01408
Блинная Масленица, Санкт-Петербург, Кожевенная линия;Санкт-Петербург, Кожевенная линия, 32 к2 литК;59.921923;30.249284;blinnaya-osm-01409
Блинная Масленица, Санкт-Петербург, Площадь Александра Невского 2;Санкт-Петербург, наб. реки Монастырки, 1;59.922103;30.387333;blinnaya-osm-01410
Блинная Масленица, Санкт-Петербург, Ворошилова;Санкт-Петербург, ул. Ворошилова, 3 к1;59.922285;30.444096;blinnaya-osm-01411
Блинная Масленица, Санкт-Петербург, Владимирская;Санкт-Петербург, ул. Разъезжая, 31;59.922446;30.350565;blinnaya-osm-01412
Блинная Масленица, Санкт-Петербург, Ворошилова, 2 литА;Санкт-Петербург, ул. Ворошилова, 2 литА;59.922783;30.442557;blinnaya-osm-01413
Блинная Масленица, Санкт-Петербург, Звенигородская;Санкт-Петербург, ул. Гороховая, 65;59.923141;30.329706;blinnaya-osm-01414
Блинная Масленица, Санкт-Петербург, Загородный;Санкт-Петербург, Загородный просп., 42 литВ;59.923199;30.336947;blinnaya-osm-01415
Блинная Масленица, Санкт-Петербург, Разъезжая, 23;Санкт-Петербург, ул. Разъезжая, 23;59.923515;30.348533;blinnaya-osm-01416
Блинная Масленица, Санкт-Петербург, Коломенская;Санкт-Петербург, ул. Коломенская, 23;59.923726;30.353149;blinnaya-osm-01417
Блинная Масленица, Санкт-Петербург, Сенная площадь;Санкт-Петербург, наб. реки Фонтанки, 96;59.923849;30.325105;blinnaya-osm-01418
Блинная Масленица, Санкт-Петербург, Крюкова канала;Санкт-Петербург, наб. Крюкова канала, 7/2;59.924023;30.294900;blinnaya-osm-01419
Блинная Масленица, Санкт-Петербург, Площадь Александра Невского 1;Санкт-Петербург, Невский просп., 173;59.924230;30.382889;blinnaya-osm-01420
Блинная Масленица, Санкт-Петербург, Большая Подьяческая;Санкт-Петербург, ул. Большая Подьяческая, 19;59.924337;30.304859;blinnaya-osm-01421
Блинная Масленица, Санкт-Петербург, Достоевского;Санкт-Петербург, ул. Достоевского, 26;59.924404;30.348920;blinnaya-osm-01422
Блинная Масленица, Санкт-Петербург, Декабристов;Санкт-Петербург, ул. Декабристов, 43-45;59.924555;30.286692;blinnaya-osm-01423
Блинная Масленица, Санкт-Петербург, Чудновского;Санкт-Петербург, ул. Чудновского, 10;59.924589;30.475540;blinnaya-osm-01424
Блинная Масленица, Санкт-Петербург, Лиговский, 50 литЗ;Санкт-Петербург, Лиговский просп., 50 литЗ;59.924757;30.360256;blinnaya-osm-01425
Блинная Масленица, Санкт-Петербург, Лиговский, 52 литА;Санкт-Петербург, Лиговский просп., 52 литА;59.924978;30.359285;blinnaya-osm-01426
Блинная Масленица, Санкт-Петербург, Чудновского, 10;Санкт-Петербург, ул. Чудновского, 10;59.925047;30.476594;blinnaya-osm-01427
Блинная Масленица, Санкт-Петербург, Ефимова;Санкт-Петербург, ул. Ефимова, 3;59.925409;30.319453;blinnaya-osm-01428
Блинная Масленица, Санкт-Петербург, Новочеркасская;Санкт-Петербург, Новочеркасский просп., 40;59.925438;30.416050;blinnaya-osm-01429
Блинная Масленица, Санкт-Петербург, Декабристов, 36/1;Санкт-Петербург, ул. Декабристов, 36/1;59.925568;30.292649;blinnaya-osm-01430
Блинная Масленица, Санкт-Петербург, Площадь Восстания;Санкт-Петербург, Лиговский просп., 46 литА;59.925885;30.358223;blinnaya-osm-01431
Блинная Масленица, Санкт-Петербург, Спасская;Санкт-Петербург, ул. Садовая, 43;59.925893;30.315327;blinnaya-osm-01432
Блинная Масленица, Санкт-Петербург, Сенная;Санкт-Петербург, Сенная пл., 6;59.926054;30.317828;blinnaya-osm-01433
Блинная Масленица, Санкт-Петербург, Лиговский, 44 литБ;Санкт-Петербург, Лиговский просп., 44 литБ;59.926472;30.358775;blinnaya-osm-01434
Блинная Масленица, Санкт-Петербург, канала Грибоедова;Санкт-Петербург, наб. канала Грибоедова, 54;59.926671;30.315739;blinnaya-osm-01435
Блинная Масленица, Санкт-Петербург, Декабристов, 27;Санкт-Петербург, ул. Декабристов, 27;59.926770;30.296555;blinnaya-osm-01436
Блинная Масленица, Санкт-Петербург, Новочеркасский;Санкт-Петербург, Новочеркасский просп., 47 к1;59.926836;30.413497;blinnaya-osm-01437
Блинная Масленица, Санкт-Петербург, Исполкомская;Санкт-Петербург, ул. Исполкомская, 5;59.926934;30.379461;blinnaya-osm-01438
Блинная Масленица, Санкт-Петербург, Херсонская;Санкт-Петербург, ул. Херсонская, 39;59.927166;30.383665;blinnaya-osm-01439
Блинная Масленица, Санкт-Петербург, Полтавская;Санкт-Петербург, ул. Полтавская, 14;59.927289;30.369981;blinnaya-osm-01440
Блинная Масленица, Санкт-Петербург, Лиговский, 63;Санкт-Петербург, Лиговский просп., 63;59.927474;30.358351;blinnaya-osm-01441
Блинная Масленица, Санкт-Петербург, Заневский;Санкт-Петербург, Заневский просп., 7/7;59.927662;30.406985;blinnaya-osm-01442
Блинная Масленица, Санкт-Петербург, реки Фонтанки;Санкт-Петербург, наб. реки Фонтанки, 59;59.927711;30.332331;blinnaya-osm-01443
Блинная Масленица, Санкт-Петербург, Столярный;Санкт-Петербург, Столярный пер., 8;59.927859;30.311486;blinnaya-osm-01444
Блинная Масленица, Санкт-Петербург, Декабристов, 20;Санкт-Петербург, ул. Декабристов, 20;59.927961;30.302613;blinnaya-osm-01445
Блинная Масленица, Санкт-Петербург, Казанская;Санкт-Петербург, ул. Казанская, 54;59.927963;30.307242;blinnaya-osm-01446
Блинная Масленица, Санкт-Петербург, Новочеркасский, 43/17;Санкт-Петербург, Новочеркасский просп., 43/17;59.928188;30.411712;blinnaya-osm-01447
Блинная Масленица, Санкт-Петербург, Невский;Санкт-Петербург, Невский просп., 150 литК;59.928482;30.373643;blinnaya-osm-01448
Блинная Масленица, Санкт-Петербург, Пирогова;Санкт-Петербург, пер. Пирогова, 14;59.928624;30.301879;blinnaya-osm-01449
Блинная Масленица, Санкт-Петербург, Заневский, 10;Санкт-Петербург, Заневский просп., 10;59.928628;30.408845;blinnaya-osm-01450
Блинная Масленица, Санкт-Петербург, Садовая, 32/1 литБ;Санкт-Петербург, ул. Садовая, 32/1 литБ;59.928906;30.323409;blinnaya-osm-01451
Блинная Масленица, Санкт-Петербург, Новочеркасский, 28/19;Санкт-Петербург, Новочеркасский просп., 28/19;59.929120;30.413702;blinnaya-osm-01452
Блинная Масленица, Санкт-Петербург, Гривцова;Санкт-Петербург, пер. Гривцова, 9;59.929124;30.314902;blinnaya-osm-01453
Блинная Масленица, Санкт-Петербург, Лиговский, 51;Санкт-Петербург, Лиговский просп., 51;59.929425;30.359544;blinnaya-osm-01454
Блинная Масленица, Санкт-Петербург, Горный институт;Санкт-Петербург, Косая линия, 10;59.929483;30.259330;blinnaya-osm-01455
Блинная Масленица, Санкт-Петербург, Невский, 105;Санкт-Петербург, Невский просп., 105;59.929581;30.368222;blinnaya-osm-01456
Блинная Масленица, Санкт-Петербург, Гривцова, 5;Санкт-Петербург, пер. Гривцова, 5;59.929706;30.313738;blinnaya-osm-01457
Блинная Масленица, Санкт-Петербург, Новочеркасский, 39 к2;Санкт-Петербург, Новочеркасский просп., 39 к2;59.929856;30.410092;blinnaya-osm-01458
Блинная Масленица, Санкт-Петербург, Новочеркасский, 22/15;Санкт-Петербург, Новочеркасский просп., 22/15;59.930029;30.411589;blinnaya-osm-01459
Блинная Масленица, Санкт-Петербург, Маяковская;Санкт-Петербург, ул. Пушкинская, 6;59.930109;30.357622;blinnaya-osm-01460
Блинная Масленица, Санкт-Петербург, Невский, 91;Санкт-Петербург, Невский просп., 91;59.930286;30.365859;blinnaya-osm-01461
Блинная Масленица, Санкт-Петербург, Лиговский, 43-45 литВ;Санкт-Петербург, Лиговский просп., 43-45 литВ;59.930413;30.360160;blinnaya-osm-01462
Блинная Масленица, Санкт-Петербург, Банковский;Санкт-Петербург, Банковский пер., 4;59.930529;30.324477;blinnaya-osm-01463
Блинная Масленица, Санкт-Петербург, Галерная;Санкт-Петербург, ул. Галерная, 75;59.930668;30.284881;blinnaya-osm-01464
Блинная Масленица, Санкт-Петербург, Гривцова, 6 литА;Санкт-Петербург, пер. Гривцова, 6 литА;59.930769;30.313695;blinnaya-osm-01465
Блинная Масленица, Санкт-Петербург, Достоевская;Санкт-Петербург, ул. Стремянная, 1/6;59.930969;30.348075;blinnaya-osm-01466
Блинная Масленица, Санкт-Петербург, Казанская, 17-19;Санкт-Петербург, ул. Казанская, 17-19;59.931016;30.319317;blinnaya-osm-01467
Блинная Масленица, Санкт-Петербург, Труда;Санкт-Петербург, пл. Труда, 6;59.931204;30.293973;blinnaya-osm-01468
Блинная Масленица, Санкт-Петербург, Казанская, 11;Санкт-Петербург, ул. Казанская, 11;59.931364;30.319854;blinnaya-osm-01469
Блинная Масленица, Санкт-Петербург, Ладожская;Санкт-Петербург, ул. Латышских Стрелков, 19;59.931546;30.451054;blinnaya-osm-01470
Блинная Масленица, Санкт-Петербург, 1-я Советская;Санкт-Петербург, ул. 1-я Советская, 4;59.931613;30.362008;blinnaya-osm-01471
Блинная Масленица, Санкт-Петербург, 1-я Советская, 4;Санкт-Петербург, ул. 1-я Советская, 4;59.931770;30.362929;blinnaya-osm-01472
Блинная Масленица, Санкт-Петербург, Заневский, 73;Санкт-Петербург, Заневский просп., 73;59.932027;30.440029;blinnaya-osm-01473
Блинная Масленица, Санкт-Петербург, Уткин;Санкт-Петербург, Уткин пер., 13 к15;59.932037;30.437940;blinnaya-osm-01474
Блинная Масленица, Санкт-Петербург, Большой В.О.;Санкт-Петербург, Большой просп. В.О., 66;59.932131;30.260548;blinnaya-osm-01475
Блинная Масленица, Санкт-Петербург, Почтамтская;Санкт-Петербург, ул. Почтамтская, 7;59.932344;30.302085;blinnaya-osm-01476
Блинная Масленица, Санкт-Петербург, Невский, 112;Санкт-Петербург, Невский просп., 112;59.932398;30.359122;blinnaya-osm-01477
Блинная Масленица, Санкт-Петербург, Старорусская;Санкт-Петербург, ул. Старорусская, 3;59.932522;30.382926;blinnaya-osm-01478
Блинная Масленица, Санкт-Петербург, 26-я линия В.О.;Санкт-Петербург, 26-я линия В.О., 15 литБ;59.932674;30.256326;blinnaya-osm-01479
Блинная Масленица, Санкт-Петербург, Заневский, 65 к5;Санкт-Петербург, Заневский просп., 65 к5;59.932754;30.434471;blinnaya-osm-01480
Блинная Масленица, Санкт-Петербург, Большой В.О., 64;Санкт-Петербург, Большой просп. В.О., 64;59.932935;30.263741;blinnaya-osm-01481
Блинная Масленица, Санкт-Петербург, Маяковского;Санкт-Петербург, ул. Маяковского, 6;59.933084;30.354055;blinnaya-osm-01482
Блинная Масленица, Санкт-Петербург, Заневский, 67 к2;Санкт-Петербург, Заневский просп., 67 к2;59.933299;30.437566;blinnaya-osm-01483
Блинная Масленица, Санкт-Петербург, Гостиный двор;Санкт-Петербург, ул. Садовая, 17;59.933361;30.332734;blinnaya-osm-01484
Блинная Масленица, Санкт-Петербург, Большой В.О., 60/10;Санкт-Петербург, Большой просп. В.О., 60/10;59.933588;30.265418;blinnaya-osm-01485
Блинная Масленица, Санкт-Петербург, Маяковского, 10;Санкт-Петербург, ул. Маяковского, 10;59.933696;30.354348;blinnaya-osm-01486
Блинная Масленица, Санкт-Петербург, Садовая, 16;Санкт-Петербург, ул. Садовая, 16;59.933965;30.334014;blinnaya-osm-01487
Блинная Масленица, Санкт-Петербург, 19-я линия В.О.;Санкт-Петербург, 19-я линия В.О., 14/54;59.934008;30.268520;blinnaya-osm-01488
Блинная Масленица, Санкт-Петербург, Заневский, 42;Санкт-Петербург, Заневский просп., 42;59.934243;30.434590;blinnaya-osm-01489
Блинная Масленица, Санкт-Петербург, Ульяны Громовой;Санкт-Петербург, пер. Ульяны Громовой, 8 литБ;59.934261;30.362632;blinnaya-osm-01490
Блинная Масленица, Санкт-Петербург, Шаумяна;Санкт-Петербург, просп. Шаумяна, 14;59.934390;30.416241;blinnaya-osm-01491
Блинная Масленица, Санкт-Петербург, 13-я линии В.О.;Санкт-Петербург, 13-я линии В.О., 2/19;59.934486;30.278088;blinnaya-osm-01492
Блинная Масленица, Санкт-Петербург, Адмиралтейская;Санкт-Петербург, ул. Малая Морская, 21;59.934578;30.310451;blinnaya-osm-01493
Блинная Масленица, Санкт-Петербург, Большой В.О., 50;Санкт-Петербург, Большой просп. В.О., 50;59.934809;30.269623;blinnaya-osm-01494
Блинная Масленица, Санкт-Петербург, Карла Фаберже;Санкт-Петербург, пл. Карла Фаберже, 8 литЕ;59.934987;30.440422;blinnaya-osm-01495
Блинная Масленица, Санкт-Петербург, 7-я Советская;Санкт-Петербург, ул. 7-я Советская, 30;59.935231;30.375013;blinnaya-osm-01496
Блинная Масленица, Санкт-Петербург, Карла Фаберже, 8 литБ;Санкт-Петербург, пл. Карла Фаберже, 8 литБ;59.935411;30.435924;blinnaya-osm-01497
Блинная Масленица, Санкт-Петербург, Белорусская;Санкт-Петербург, ул. Белорусская, 4;59.935653;30.499815;blinnaya-osm-01498
Блинная Масленица, Санкт-Петербург, Жуковского;Санкт-Петербург, ул. Жуковского, 33;59.935786;30.356199;blinnaya-osm-01499
Блинная Масленица, Санкт-Петербург, Жуковского, 5;Санкт-Петербург, ул. Жуковского, 5;59.935888;30.350929;blinnaya-osm-01500
Блинная Масленица, Санкт-Петербург, Малая Морская;Санкт-Петербург, ул. Малая Морская, 6;59.935956;30.314138;blinnaya-osm-01501
Блинная Масленица, Санкт-Петербург, Невский проспект;Санкт-Петербург, наб. канала Грибоедова, 14;59.936057;30.327135;blinnaya-osm-01502
Блинная Масленица, Санкт-Петербург, 7-я Советская, 18/21;Санкт-Петербург, ул. 7-я Советская, 18/21;59.936058;30.372716;blinnaya-osm-01503
Блинная Масленица, Санкт-Петербург, 10-я Советская;Санкт-Петербург, ул. 10-я Советская, 17;59.936183;30.381628;blinnaya-osm-01504
Блинная Масленица, Санкт-Петербург, Невский, 11/2;Санкт-Петербург, Невский просп., 11/2;59.936432;30.316386;blinnaya-osm-01505
Блинная Масленица, Санкт-Петербург, Средний В.О.;Санкт-Петербург, Средний просп. В.О., 83 с1;59.936558;30.255386;blinnaya-osm-01506
Блинная Масленица, Санкт-Петербург, Невский, 5;Санкт-Петербург, Невский просп., 5;59.936781;30.313361;blinnaya-osm-01507
Блинная Масленица, Санкт-Петербург, Лиговский, 11;Санкт-Петербург, Лиговский просп., 11;59.936882;30.364164;blinnaya-osm-01508
Блинная Масленица, Санкт-Петербург, Василеостровская;Санкт-Петербург, Большой просп. В.О., 32/12;59.937106;30.278505;blinnaya-osm-01509
Блинная Масленица, Санкт-Петербург, Наличная;Санкт-Петербург, ул. Наличная, 25/84;59.937283;30.234467;blinnaya-osm-01510
Блинная Масленица, Санкт-Петербург, Большая Морская;Санкт-Петербург, ул. Большая Морская, 3-5;59.937449;30.317303;blinnaya-osm-01511
Блинная Масленица, Санкт-Петербург, Моисеенко;Санкт-Петербург, ул. Моисеенко, 24 литА;59.937608;30.389919;blinnaya-osm-01512
Блинная Масленица, Санкт-Петербург, Гаванская;Санкт-Петербург, ул. Гаванская, 42;59.937621;30.237399;blinnaya-osm-01513
Блинная Масленица, Санкт-Петербург, Энергетиков;Санкт-Петербург, просп. Энергетиков, 9 к1;59.937760;30.436099;blinnaya-osm-01514
Блинная Масленица, Санкт-Петербург, 7-я линия В.О.;Санкт-Петербург, 7-я линия В.О., 12;59.937958;30.284328;blinnaya-osm-01515
Блинная Масленица, Санкт-Петербург, Малый В.О.;Санкт-Петербург, Малый просп. В.О., 88;59.938434;30.230518;blinnaya-osm-01516
Блинная Масленица, Санкт-Петербург, Малый В.О., 65 к1;Санкт-Петербург, Малый просп. В.О., 65 к1;59.938508;30.242310;blinnaya-osm-01517
Блинная Масленица, Санкт-Петербург, Литейный;Санкт-Петербург, Литейный просп., 45/8;59.938721;30.347999;blinnaya-osm-01518
Блинная Масленица, Санкт-Петербург, Малый В.О., 88 к2;Санкт-Петербург, Малый просп. В.О., 88 к2;59.938756;30.229447;blinnaya-osm-01519
Блинная Масленица, Санкт-Петербург, Чернышевская;Санкт-Петербург, ул. 9-я Советская, 1;59.938931;30.369769;blinnaya-osm-01520
Блинная Масленица, Санкт-Петербург, Басков;Санкт-Петербург, Басков пер., 13-15;59.939068;30.355341;blinnaya-osm-01521
Блинная Масленица, Санкт-Петербург, Литейный, 43;Санкт-Петербург, Литейный просп., 43;59.939193;30.348028;blinnaya-osm-01522
Блинная Масленица, Санкт-Петербург, Брантовская дорога;Санкт-Петербург, Брантовская дорога, 3;59.939341;30.418404;blinnaya-osm-01523
Блинная Масленица, Санкт-Петербург, Басков, 7;Санкт-Петербург, Басков пер., 7;59.939499;30.353714;blinnaya-osm-01524
Блинная Масленица, Санкт-Петербург, Моховая;Санкт-Петербург, ул. Моховая, 39;59.939625;30.344888;blinnaya-osm-01525
Блинная Масленица, Санкт-Петербург, Средний В.О., 65;Санкт-Петербург, Средний просп. В.О., 65;59.939793;30.266585;blinnaya-osm-01526
Блинная Масленица, Санкт-Петербург, Ленская;Санкт-Петербург, ул. Ленская, 18;59.940000;30.497912;blinnaya-osm-01527
Блинная Масленица, Санкт-Петербург, Средний В.О., 56;Санкт-Петербург, Средний просп. В.О., 56;59.940123;30.268914;blinnaya-osm-01528
Блинная Масленица, Санкт-Петербург, Красного Текстильщика;Санкт-Петербург, ул. Красного Текстильщика, 10-12 литО;59.940375;30.396594;blinnaya-osm-01529
Блинная Масленица, Санкт-Петербург, 9-я линия В.О.;Санкт-Петербург, 9-я линия В.О., 28;59.940529;30.277907;blinnaya-osm-01530
Блинная Масленица, Санкт-Петербург, реки Фонтанки, 18 литВ;Санкт-Петербург, наб. реки Фонтанки, 18 литВ;59.940797;30.341943;blinnaya-osm-01531
Блинная Масленица, Санкт-Петербург, 11-я линия В.О.;Санкт-Петербург, 11-я линия В.О., 30;59.940908;30.274085;blinnaya-osm-01532
Блинная Масленица, Санкт-Петербург, Таможенный;Санкт-Петербург, Таможенный пер., 2;59.941099;30.303565;blinnaya-osm-01533
Блинная Масленица, Санкт-Петербург, 3-я линия В.О.;Санкт-Петербург, 3-я линия В.О., 8;59.941411;30.287050;blinnaya-osm-01534
Блинная Масленица, Санкт-Петербург, 7-я линия В.О., 40 литБ;Санкт-Петербург, 7-я линия В.О., 40 литБ;59.941454;30.279097;blinnaya-osm-01535
Блинная Масленица, Санкт-Петербург, реки Мойки;Санкт-Петербург, наб. реки Мойки, 27;59.941641;30.320656;blinnaya-osm-01536
Блинная Масленица, Санкт-Петербург, Средний В.О., 38 к1;Санкт-Петербург, Средний просп. В.О., 38 к1;59.941913;30.275338;blinnaya-osm-01537
Блинная Масленица, Санкт-Петербург, Университетская;Санкт-Петербург, Университетская наб., 1-3 литГ;59.941952;30.305240;blinnaya-osm-01538
Блинная Масленица, Санкт-Петербург, Рылеева;Санкт-Петербург, ул. Рылеева, 27;59.942327;30.358957;blinnaya-osm-01539
Блинная Масленица, Санкт-Петербург, 11-я линия В.О., 40;Санкт-Петербург, 11-я линия В.О., 40;59.942548;30.272212;blinnaya-osm-01540
Блинная Масленица, Санкт-Петербург, Новгородская;Санкт-Петербург, ул. Новгородская, 28/11;59.942663;30.391861;blinnaya-osm-01541
Блинная Масленица, Санкт-Петербург, 5-я линия В.О.;Санкт-Петербург, 5-я линия В.О., 36 к2;59.942790;30.281973;blinnaya-osm-01542
Блинная Масленица, Санкт-Петербург, Литейный, 22;Санкт-Петербург, Литейный просп., 22;59.943062;30.348885;blinnaya-osm-01543
Блинная Масленица, Санкт-Петербург, Кавалергардская;Санкт-Петербург, ул. Кавалергардская, 4;59.943066;30.382368;blinnaya-osm-01544
Блинная Масленица, Санкт-Петербург, Смольный;Санкт-Петербург, Смольный просп., 7 литБ;59.943249;30.393343;blinnaya-osm-01545
Блинная Масленица, Санкт-Петербург, Тульская;Санкт-Петербург, ул. Тульская, 8;59.943617;30.390258;blinnaya-osm-01546
Блинная Масленица, Санкт-Петербург, 17-я линия В.О.;Санкт-Петербург, 17-я линия В.О., 52 к2;59.943662;30.260526;blinnaya-osm-01547
Блинная Масленица, Санкт-Петербург, Наличная, 32 к1;Санкт-Петербург, ул. Наличная, 32 к1;59.943864;30.227346;blinnaya-osm-01548
Блинная Масленица, Санкт-Петербург, 10-я линия В.О.;Санкт-Петербург, 10-я линия В.О., 41;59.944055;30.271135;blinnaya-osm-01549
Блинная Масленица, Санкт-Петербург, Кирочная;Санкт-Петербург, ул. Кирочная, 8;59.944134;30.352929;blinnaya-osm-01550
Блинная Масленица, Санкт-Петербург, 2-я линия В.О.;Санкт-Петербург, 2-я линия В.О., 39/16;59.944636;30.284419;blinnaya-osm-01551
Блинная Масленица, Санкт-Петербург, Косыгина;Санкт-Петербург, просп. Косыгина, 27;59.944902;30.496362;blinnaya-osm-01552
Блинная Масленица, Санкт-Петербург, Косыгина, 31 к1;Санкт-Петербург, просп. Косыгина, 31 к1;59.944943;30.497638;blinnaya-osm-01553
Блинная Масленица, Санкт-Петербург, Спортивная;Санкт-Петербург, Кадетская линия В.О., 25;59.945193;30.286718;blinnaya-osm-01554
Блинная Масленица, Санкт-Петербург, 16-я линия В.О.;Санкт-Петербург, 16-я линия В.О., 1312;59.945391;30.259148;blinnaya-osm-01555
Блинная Масленица, Санкт-Петербург, Индустриальный;Санкт-Петербург, Индустриальный просп., 22;59.945630;30.476151;blinnaya-osm-01556
Блинная Масленица, Санкт-Петербург, Косыгина, 30;Санкт-Петербург, просп. Косыгина, 30;59.945649;30.496817;blinnaya-osm-01557
Блинная Масленица, Санкт-Петербург, Индустриальный, 24;Санкт-Петербург, Индустриальный просп., 24;59.945931;30.474382;blinnaya-osm-01558
Блинная Масленица, Санкт-Петербург, Потёмкинская;Санкт-Петербург, ул. Потёмкинская, 7;59.946206;30.367351;blinnaya-osm-01559
Блинная Масленица, Санкт-Петербург, Чайковского;Санкт-Петербург, ул. Чайковского, 47;59.946339;30.355829;blinnaya-osm-01560
Блинная Масленица, Санкт-Петербург, Индустриальный, 25;Санкт-Петербург, Индустриальный просп., 25;59.946533;30.477578;blinnaya-osm-01561
Блинная Масленица, Санкт-Петербург, Чайковского, 54;Санкт-Петербург, ул. Чайковского, 54;59.946556;30.364142;blinnaya-osm-01562
Блинная Масленица, Санкт-Петербург, Чернышевского;Санкт-Петербург, просп. Чернышевского, 9;59.946803;30.359032;blinnaya-osm-01563
Блинная Масленица, Санкт-Петербург, реки Смоленки;Санкт-Петербург, наб. реки Смоленки, 33;59.947138;30.255165;blinnaya-osm-01564
Блинная Масленица, Санкт-Петербург, Захарьевская;Санкт-Петербург, ул. Захарьевская, 16;59.947949;30.359897;blinnaya-osm-01565
Блинная Масленица, Санкт-Петербург, Индустриальный, 27;Санкт-Петербург, Индустриальный просп., 27;59.948100;30.476096;blinnaya-osm-01566
Блинная Масленица, Санкт-Петербург, реки Смоленки, 29В;Санкт-Петербург, наб. реки Смоленки, 29В;59.948249;30.252381;blinnaya-osm-01567
Блинная Масленица, Санкт-Петербург, Чернышевского, 3 литБ;Санкт-Петербург, просп. Чернышевского, 3 литБ;59.948543;30.359106;blinnaya-osm-01568
Блинная Масленица, Санкт-Петербург, 6-я линия В.О.;Санкт-Петербург, 6-я линия В.О., 63;59.949528;30.271473;blinnaya-osm-01569
Блинная Масленица, Санкт-Петербург, Наставников;Санкт-Петербург, просп. Наставников, 35;59.949675;30.488512;blinnaya-osm-01570
Блинная Масленица, Санкт-Петербург, Приморская;Санкт-Петербург, просп. КИМа, 6 литБ;59.950403;30.246593;blinnaya-osm-01571
Блинная Масленица, Санкт-Петербург, Кронверкский;Санкт-Петербург, Кронверкский просп., 73/39;59.951128;30.305724;blinnaya-osm-01572
Блинная Масленица, Санкт-Петербург, Наличная, 44;Санкт-Петербург, ул. Наличная, 44;59.951756;30.232975;blinnaya-osm-01573
Блинная Масленица, Санкт-Петербург, Ударников;Санкт-Петербург, просп. Ударников, 30 к1;59.951850;30.472439;blinnaya-osm-01574
Блинная Масленица, Санкт-Петербург, Блохина;Санкт-Петербург, ул. Блохина, 33;59.953005;30.291588;blinnaya-osm-01575
Блинная Масленица, Санкт-Петербург, Горьковская;Санкт-Петербург, Троицкая пл. П.С., 3;59.953370;30.327318;blinnaya-osm-01576
Блинная Масленица, Санкт-Петербург, Кораблестроителей;Санкт-Петербург, ул. Кораблестроителей, 33 к1 литБ;59.953915;30.220710;blinnaya-osm-01577
Блинная Масленица, Санкт-Петербург, Среднеохтинский;Санкт-Петербург, Среднеохтинский просп., 36;59.954355;30.414423;blinnaya-osm-01578
Блинная Масленица, Санкт-Петербург, Кораблестроителей, 31 к6 литА;Санкт-Петербург, ул. Кораблестроителей, 31 к6 литА;59.954571;30.219748;blinnaya-osm-01579
Блинная Масленица, Санкт-Петербург, Ударников, 46;Санкт-Петербург, просп. Ударников, 46;59.954885;30.483984;blinnaya-osm-01580
Блинная Масленица, Санкт-Петербург, Куйбышева;Санкт-Петербург, ул. Куйбышева, 9/8;59.955121;30.328114;blinnaya-osm-01581
Блинная Масленица, Санкт-Петербург, Площадь Ленина;Санкт-Петербург, ул. Комсомола, 35;59.955415;30.357717;blinnaya-osm-01582
Блинная Масленица, Санкт-Петербург, Кораблестроителей, 48 к2 литБ;Санкт-Петербург, ул. Кораблестроителей, 48 к2 литБ;59.955742;30.235045;blinnaya-osm-01583
Блинная Масленица, Санкт-Петербург, Маркина;Санкт-Петербург, ул. Маркина, 6;59.955755;30.307402;blinnaya-osm-01584
Блинная Масленица, Санкт-Петербург, Уральская;Санкт-Петербург, ул. Уральская, 29 к1;59.956167;30.245279;blinnaya-osm-01585
Блинная Масленица, Санкт-Петербург, Ленина, 6;Санкт-Петербург, пл. Ленина, 6;59.956404;30.356127;blinnaya-osm-01586
Блинная Масленица, Санкт-Петербург, Кронверкский, 49;Санкт-Петербург, Кронверкский просп., 49;59.956706;30.308585;blinnaya-osm-01587
Блинная Масленица, Санкт-Петербург, Ленина, 8/8;Санкт-Петербург, пл. Ленина, 8/8;59.957003;30.355218;blinnaya-osm-01588
Блинная Масленица, Санкт-Петербург, Финляндский;Санкт-Петербург, Финляндский просп., 4;59.957131;30.342142;blinnaya-osm-01589
Блинная Масленица, Санкт-Петербург, Чкаловская;Санкт-Петербург, ул. Пионерская, 21;59.957775;30.290505;blinnaya-osm-01590
Блинная Масленица, Санкт-Петербург, Сытнинская;Санкт-Петербург, ул. Сытнинская, 16;59.957987;30.310188;blinnaya-osm-01591
Блинная Масленица, Санкт-Петербург, Боткинская;Санкт-Петербург, ул. Боткинская, 3 к1;59.958033;30.354532;blinnaya-osm-01592
Блинная Масленица, Санкт-Петербург, Среднеохтинский, 51/13;Санкт-Петербург, Среднеохтинский просп., 51/13;59.958569;30.415871;blinnaya-osm-01593
Блинная Масленица, Санкт-Петербург, Мира;Санкт-Петербург, ул. Мира, 3;59.958805;30.313857;blinnaya-osm-01594
Блинная Масленица, Санкт-Петербург, Боткинская, 15 литА;Санкт-Петербург, ул. Боткинская, 15 литА;59.959042;30.349995;blinnaya-osm-01595
Блинная Масленица, Санкт-Петербург, Малый П.С.;Санкт-Петербург, Малый просп. П.С., 42;59.959307;30.295720;blinnaya-osm-01596
Блинная Масленица, Санкт-Петербург, Революции;Санкт-Петербург, ш. Революции, 41/39;59.959521;30.439856;blinnaya-osm-01597
Блинная Масленица, Санкт-Петербург, Индустриальный, 47 к1 соор1;Санкт-Петербург, Индустриальный просп., 47 к1 соор1;59.959762;30.464258;blinnaya-osm-01598
Блинная Масленица, Санкт-Петербург, Революции, 41/39;Санкт-Петербург, ш. Революции, 41/39;59.959888;30.439254;blinnaya-osm-01599
Блинная Масленица, Санкт-Петербург, Чапаева;Санкт-Петербург, ул. Чапаева, 11/4;59.960211;30.331700;blinnaya-osm-01600
Блинная Масленица, Санкт-Петербург, Сахарный;Санкт-Петербург, Сахарный пер., 2/35;59.960565;30.344982;blinnaya-osm-01601
Блинная Масленица, Санкт-Петербург, Чапаева, 15;Санкт-Петербург, ул. Чапаева, 15;59.960812;30.331616;blinnaya-osm-01602
Блинная Масленица, Санкт-Петербург, Пинский;Санкт-Петербург, Пинский пер., 2;59.960866;30.333586;blinnaya-osm-01603
Блинная Масленица, Санкт-Петербург, Петровский;Санкт-Петербург, Петровский просп., 26;59.961321;30.256590;blinnaya-osm-01604
Блинная Масленица, Санкт-Петербург, Чапаева, 15 к2 литБ;Санкт-Петербург, ул. Чапаева, 15 к2 литБ;59.961769;30.331926;blinnaya-osm-01605
Блинная Масленица, Санкт-Петербург, Чкаловский;Санкт-Петербург, Чкаловский просп., 22;59.962129;30.292688;blinnaya-osm-01606
Блинная Масленица, Санкт-Петербург, Чкаловский, 15;Санкт-Петербург, Чкаловский просп., 15;59.962372;30.293792;blinnaya-osm-01607
Блинная Масленица, Санкт-Петербург, Маршала Тухачевского;Санкт-Петербург, ул. Маршала Тухачевского, 5 к1;59.962819;30.431809;blinnaya-osm-01608
Блинная Масленица, Санкт-Петербург, Средняя Колтовская;Санкт-Петербург, ул. Средняя Колтовская, 8 литА;59.962863;30.278648;blinnaya-osm-01609
Блинная Масленица, Санкт-Петербург, Петроградская;Санкт-Петербург, ул. Ленина, 27;59.963476;30.302312;blinnaya-osm-01610
Блинная Масленица, Санкт-Петербург, Пироговская;Санкт-Петербург, Пироговская наб., 17;59.963715;30.338261;blinnaya-osm-01611
Блинная Масленица, Санкт-Петербург, Большая Монетная;Санкт-Петербург, ул. Большая Монетная, 34;59.964019;30.328734;blinnaya-osm-01612
Блинная Масленица, Санкт-Петербург, Чкаловский, 40;Санкт-Петербург, Чкаловский просп., 40;59.964444;30.296298;blinnaya-osm-01613
Блинная Масленица, Санкт-Петербург, Большая Зеленина;Санкт-Петербург, ул. Большая Зеленина, 32;59.964804;30.284387;blinnaya-osm-01614
Блинная Масленица, Санкт-Петербург, Кондратьевский;Санкт-Петербург, Кондратьевский просп., 15 к3;59.964865;30.382369;blinnaya-osm-01615
Блинная Масленица, Санкт-Петербург, Льва Толстого;Санкт-Петербург, ул. Льва Толстого, 6-8 литС;59.965851;30.321608;blinnaya-osm-01616
Блинная Масленица, Санкт-Петербург, Химиков;Санкт-Петербург, ул. Химиков, 4 литА;59.966070;30.469404;blinnaya-osm-01617
Блинная Масленица, Санкт-Петербург, Каменноостровский;Санкт-Петербург, Каменноостровский просп., 42;59.966464;30.309470;blinnaya-osm-01618
Блинная Масленица, Санкт-Петербург, Каменноостровский, 37 литД;Санкт-Петербург, Каменноостровский просп., 37 литД;59.966808;30.311029;blinnaya-osm-01619
Блинная Масленица, Санкт-Петербург, Левашовский;Санкт-Петербург, Левашовский просп., 11/7 с4;59.967342;30.289032;blinnaya-osm-01620
Блинная Масленица, Санкт-Петербург, Большой П.С.;Санкт-Петербург, Большой просп. П.С., 83;59.967663;30.314275;blinnaya-osm-01621
Блинная Масленица, Санкт-Петербург, Стасовой;Санкт-Петербург, ул. Стасовой, 1;59.968158;30.429133;blinnaya-osm-01622
Блинная Масленица, Санкт-Петербург, реки Карповки;Санкт-Петербург, наб. реки Карповки, 5 литЛ;59.968700;30.317049;blinnaya-osm-01623
Блинная Масленица, Санкт-Петербург, Медиков;Санкт-Петербург, просп. Медиков, 5;59.969167;30.314671;blinnaya-osm-01624
Блинная Масленица, Санкт-Петербург, Выборгская;Санкт-Петербург, Большой Сампсониевский просп., 38;59.970045;30.340872;blinnaya-osm-01625
Блинная Масленица, Санкт-Петербург, Медиков, 9;Санкт-Петербург, просп. Медиков, 9;59.970780;30.316066;blinnaya-osm-01626
Блинная Масленица, Санкт-Петербург, Большой Сампсониевский;Санкт-Петербург, Большой Сампсониевский просп., 44;59.971067;30.340444;blinnaya-osm-01627
Блинная Масленица, Санкт-Петербург, Каменноостровский, 55/29;Санкт-Петербург, Каменноостровский просп., 55/29;59.971371;30.306985;blinnaya-osm-01628
Блинная Масленица, Санкт-Петербург, Пискарёвский;Санкт-Петербург, Пискарёвский просп., 27 к1;59.971686;30.413982;blinnaya-osm-01629
Блинная Масленица, Санкт-Петербург, Каменноостровский, 59;Санкт-Петербург, Каменноостровский просп., 59;59.972369;30.305970;blinnaya-osm-01630
Блинная Масленица, Санкт-Петербург, Кондратьевский, 51 к4;Санкт-Петербург, Кондратьевский просп., 51 к4;59.972582;30.388885;blinnaya-osm-01631
Блинная Масленица, Санкт-Петербург, Большой Сампсониевский, 60 литБ;Санкт-Петербург, Большой Сампсониевский просп., 60 литБ;59.974111;30.339013;blinnaya-osm-01632
Блинная Масленица, Санкт-Петербург, Инструментальная;Санкт-Петербург, ул. Инструментальная, 3;59.974957;30.321679;blinnaya-osm-01633
Блинная Масленица, Санкт-Петербург, Полюстровский;Санкт-Петербург, Полюстровский просп., 59 литЖ;59.976349;30.382784;blinnaya-osm-01634
Блинная Масленица, Санкт-Петербург, Академика Павлова;Санкт-Петербург, ул. Академика Павлова, 8 к1;59.977149;30.315249;blinnaya-osm-01635
Блинная Масленица, Санкт-Петербург, Выборгская, 57 к1;Санкт-Петербург, Выборгская наб., 57 к1;59.978169;30.326707;blinnaya-osm-01636
Блинная Масленица, Санкт-Петербург, Маршала Блюхера;Санкт-Петербург, просп. Маршала Блюхера, 9 к1 с1;59.980095;30.377026;blinnaya-osm-01637
Блинная Масленица, Санкт-Петербург, Кантемировская;Санкт-Петербург, ул. Кантемировская, 3 к1;59.980209;30.326699;blinnaya-osm-01638
Блинная Масленица, Санкт-Петербург, Лесная;Санкт-Петербург, ул. Новолитовская, 10;59.982746;30.355100;blinnaya-osm-01639
Блинная Масленица, Санкт-Петербург, Большой Сампсониевский, 76;Санкт-Петербург, Большой Сампсониевский просп., 76;59.983553;30.333474;blinnaya-osm-01640
Блинная Масленица, Санкт-Петербург, Богословская;Санкт-Петербург, ул. Богословская, 4 к1;59.984227;30.380046;blinnaya-osm-01641
Блинная Масленица, Санкт-Петербург, Кондратьевский, 68 к4;Санкт-Петербург, Кондратьевский просп., 68 к4;59.984781;30.392205;blinnaya-osm-01642
Блинная Масленица, Санкт-Петербург, Старая Деревня;Санкт-Петербург, ул. Дибуновская, 65;59.985339;30.259003;blinnaya-osm-01643
Блинная Масленица, Санкт-Петербург, Кантемировская, 33;Санкт-Петербург, ул. Кантемировская, 33;59.985632;30.350003;blinnaya-osm-01644
Блинная Масленица, Санкт-Петербург, Чёрная речка;Санкт-Петербург, ул. Савушкина, 10 к2;59.985950;30.297562;blinnaya-osm-01645
Блинная Масленица, Санкт-Петербург, Брюсовская;Санкт-Петербург, ул. Брюсовская, 1;59.986311;30.426165;blinnaya-osm-01646
Блинная Масленица, Санкт-Петербург, Липовая аллея;Санкт-Петербург, Липовая аллея, 12 к2 литА;59.986776;30.256022;blinnaya-osm-01647
Блинная Масленица, Санкт-Петербург, Репнинская;Санкт-Петербург, ул. Репнинская, 2 к2;59.987085;30.425494;blinnaya-osm-01648
Блинная Масленица, Санкт-Петербург, Сердобольская;Санкт-Петербург, ул. Сердобольская, 64;59.987150;30.314731;blinnaya-osm-01649
Блинная Масленица, Санкт-Петербург, Лесной;Санкт-Петербург, Лесной просп., 77;59.988643;30.340970;blinnaya-osm-01650
Блинная Масленица, Санкт-Петербург, Кушелевская дорога;Санкт-Петербург, Кушелевская дорога, 7 к1;59.989327;30.374220;blinnaya-osm-01651
Блинная Масленица, Санкт-Петербург, Чёрной речки;Санкт-Петербург, наб. Чёрной речки, 2;59.990108;30.301508;blinnaya-osm-01652
Блинная Масленица, Санкт-Петербург, Ланское;Санкт-Петербург, Ланское ш., 13;59.990708;30.306201;blinnaya-osm-01653
Блинная Масленица, Санкт-Петербург, Ленина, 53;Санкт-Петербург, просп. Ленина, 53;59.991042;29.760947;blinnaya-osm-01654
Блинная Масленица, Санкт-Петербург, Ленина, 28;Санкт-Петербург, просп. Ленина, 28;59.992893;29.763146;blinnaya-osm-01655
Блинная Масленица, Санкт-Петербург, Торфяная дорога;Санкт-Петербург, Торфяная дорога, 13;59.993681;30.256152;blinnaya-osm-01656
Блинная Масленица, Санкт-Петербург, Ленина, 16 литА;Санкт-Петербург, просп. Ленина, 16 литА;59.996318;29.767101;blinnaya-osm-01657
Блинная Масленица, Санкт-Петербург, Ленина, 15;Санкт-Петербург, просп. Ленина, 15;59.997410;29.766138;blinnaya-osm-01658
Блинная Масленица, Санкт-Петербург, Флотская;Санкт-Петербург, ул. Флотская, 27;59.997980;29.769522;blinnaya-osm-01659
Блинная Масленица, Санкт-Петербург, Площадь Мужества;Санкт-Петербург, ул. Политехническая, 17 к2;59.999375;30.367040;blinnaya-osm-01660
Блинная Масленица, Санкт-Петербург, Богатырский;Санкт-Петербург, Богатырский просп., 18 к2;59.999739;30.258701;blinnaya-osm-01661
Блинная Масленица, Санкт-Петербург, Оптиков;Санкт-Петербург, ул. Оптиков, 34 к1;59.999781;30.216423;blinnaya-osm-01662
Блинная Масленица, Санкт-Петербург, Ипподромный;Санкт-Петербург, Ипподромный пер., 3 к1;59.999925;30.309713;blinnaya-osm-01663
Блинная Масленица, Санкт-Петербург, Яхтенная;Санкт-Петербург, ул. Яхтенная, 28;60.000826;30.221533;blinnaya-osm-01664
Блинная Масленица, Санкт-Петербург, Байконурская;Санкт-Петербург, ул. Байконурская, 14А;60.001954;30.272726;blinnaya-osm-01665
Блинная Масленица, Санкт-Петербург, 2-й Муринский;Санкт-Петербург, 2-й Муринский просп., 14;60.002205;30.339212;blinnaya-osm-01666
Блинная Масленица, Санкт-Петербург, Пионерская;Санкт-Петербург, Коломяжский просп., 24;60.002429;30.297497;blinnaya-osm-01667
Блинная Масленица, Санкт-Петербург, 2-й Муринский, 2 к1;Санкт-Петербург, 2-й Муринский просп., 2 к1;60.003243;30.330880;blinnaya-osm-01668
Блинная Масленица, Санкт-Петербург, Богатырский, 35 к1;Санкт-Петербург, Богатырский просп., 35 к1;60.003552;30.241148;blinnaya-osm-01669
Блинная Масленица, Санкт-Петербург, Яхтенная, 34;Санкт-Петербург, ул. Яхтенная, 34;60.004267;30.223324;blinnaya-osm-01670
Блинная Масленица, Санкт-Петербург, Шуваловский;Санкт-Петербург, Шуваловский просп., 72 к1;60.005882;30.197855;blinnaya-osm-01671
Блинная Масленица, Санкт-Петербург, аллея Поликарпова;Санкт-Петербург, аллея Поликарпова, 2;60.006103;30.295875;blinnaya-osm-01672
Блинная Масленица, Санкт-Петербург, Комендантский проспект;Санкт-Петербург, Комендантская пл., 1А;60.007338;30.259849;blinnaya-osm-01673
Блинная Масленица, Санкт-Петербург, Комендантский;Санкт-Петербург, Комендантский просп., 12;60.008015;30.257897;blinnaya-osm-01674
Блинная Масленица, Санкт-Петербург, Коломяжский;Санкт-Петербург, Коломяжский просп., 19 к2;60.008335;30.296965;blinnaya-osm-01675
Блинная Масленица, Санкт-Петербург, Испытателей;Санкт-Петербург, просп. Испытателей, 35;60.008532;30.262100;blinnaya-osm-01676
Блинная Масленица, Санкт-Петербург, Авиаконструкторов;Санкт-Петербург, просп. Авиаконструкторов, 2;60.009681;30.246249;blinnaya-osm-01677
Блинная Масленица, Санкт-Петербург, Академическая;Санкт-Петербург, Гражданский просп., 39;60.010108;30.395547;blinnaya-osm-01678
Блинная Масленица, Санкт-Петербург, Авиаконструкторов, 8 к1;Санкт-Петербург, просп. Авиаконструкторов, 8 к1;60.011283;30.244070;blinnaya-osm-01679
Блинная Масленица, Санкт-Петербург, Науки;Санкт-Петербург, просп. Науки, 23 к 2;60.011342;30.403123;blinnaya-osm-01680
Блинная Масленица, Санкт-Петербург, Гражданский;Санкт-Петербург, Гражданский просп., 41 к2;60.012459;30.398309;blinnaya-osm-01681
Блинная Масленица, Санкт-Петербург, Науки, 14 к11;Санкт-Петербург, просп. Науки, 14 к11;60.012666;30.401074;blinnaya-osm-01682
Блинная Масленица, Санкт-Петербург, Удельная;Санкт-Петербург, просп. Энгельса, 47;60.013915;30.323825;blinnaya-osm-01683
Блинная Масленица, Санкт-Петербург, Межевая;Санкт-Петербург, ул. Межевая, 1;60.014697;30.008045;blinnaya-osm-01684
Блинная Масленица, Санкт-Петербург, 1-я Никитинская;Санкт-Петербург, ул. 1-я Никитинская, 2;60.015219;30.296364;blinnaya-osm-01685
Блинная Масленица, Санкт-Петербург, Байконурская, 28;Санкт-Петербург, ул. Байконурская, 28;60.015344;30.279182;blinnaya-osm-01686
Блинная Масленица, Санкт-Петербург, Гражданский, 75 к7;Санкт-Петербург, Гражданский просп., 75 к7;60.017130;30.402781;blinnaya-osm-01687
Блинная Масленица, Санкт-Петербург, Энгельса;Санкт-Петербург, просп. Энгельса, 66;60.017431;30.321525;blinnaya-osm-01688
Блинная Масленица, Санкт-Петербург, Костромской;Санкт-Петербург, Костромской просп., 27;60.017907;30.317188;blinnaya-osm-01689
Блинная Масленица, Санкт-Петербург, Гражданский, 92 к1;Санкт-Петербург, Гражданский просп., 92 к1;60.020478;30.404255;blinnaya-osm-01690
Блинная Масленица, Санкт-Петербург, Королёва;Санкт-Петербург, просп. Королёва, 46 к2;60.022162;30.251284;blinnaya-osm-01691
Блинная Масленица, Санкт-Петербург, Планерная;Санкт-Петербург, ул. Планерная, 59;60.022172;30.224432;blinnaya-osm-01692
Блинная Масленица, Санкт-Петербург, Гражданский, 100;Санкт-Петербург, Гражданский просп., 100;60.024380;30.406101;blinnaya-osm-01693
Блинная Масленица, Санкт-Петербург, Королёва, 59 к1;Санкт-Петербург, просп. Королёва, 59 к1;60.028467;30.246460;blinnaya-osm-01694
Блинная Масленица, Санкт-Петербург, Королёва, 59 к4 с1;Санкт-Петербург, просп. Королёва, 59 к4 с1;60.028991;30.248509;blinnaya-osm-01695
Блинная Масленица, Санкт-Петербург, Комендантский, 54 с1;Санкт-Петербург, Комендантский просп., 54 с1;60.031088;30.230695;blinnaya-osm-01696
Блинная Масленица, Санкт-Петербург, Юнтоловский;Санкт-Петербург, Юнтоловский просп., 49 к1;60.032000;30.141805;blinnaya-osm-01697
Блинная Масленица, Санкт-Петербург, Культуры;Санкт-Петербург, просп. Культуры, 1;60.033096;30.367276;blinnaya-osm-01698
Блинная Масленица, Санкт-Петербург, Культуры, 1;Санкт-Петербург, просп. Культуры, 1;60.033540;30.367216;blinnaya-osm-01699
Блинная Масленица, Санкт-Петербург, Сикейроса;Санкт-Петербург, ул. Сикейроса, 21 к1А;60.035056;30.343108;blinnaya-osm-01700
Блинная Масленица, Санкт-Петербург, Озерки;Санкт-Петербург, просп. Энгельса, 116 литА;60.035303;30.321142;blinnaya-osm-01701
Блинная Масленица, Санкт-Петербург, Парашютная;Санкт-Петербург, ул. Парашютная, 61 к4;60.035468;30.255353;blinnaya-osm-01702
Блинная Масленица, Санкт-Петербург, Парашютная, 61 к4;Санкт-Петербург, ул. Парашютная, 61 к4;60.036831;30.254803;blinnaya-osm-01703
Блинная Масленица, Санкт-Петербург, Выборгское;Санкт-Петербург, Выборгское ш., 3 к1;60.037853;30.320730;blinnaya-osm-01704
Блинная Масленица, Санкт-Петербург, Есенина;Санкт-Петербург, ул. Есенина, 12 к1;60.039104;30.330412;blinnaya-osm-01705
Блинная Масленица, Санкт-Петербург, Парашютная, 60;Санкт-Петербург, ул. Парашютная, 60;60.039318;30.240609;blinnaya-osm-01706
Блинная Масленица, Санкт-Петербург, Руднева;Санкт-Петербург, ул. Руднева, 6;60.039815;30.360372;blinnaya-osm-01707
Блинная Масленица, Санкт-Петербург, Луначарского;Санкт-Петербург, просп. Луначарского, 58 к1;60.042102;30.339322;blinnaya-osm-01708
Блинная Масленица, Санкт-Петербург, Художников;Санкт-Петербург, просп. Художников, 24 к1;60.044990;30.349856;blinnaya-osm-01709
Блинная Масленица, Санкт-Петербург, Выборгское, 11 литА;Санкт-Петербург, Выборгское ш., 11 литА;60.046664;30.314762;blinnaya-osm-01710
Блинная Масленица, Санкт-Петербург, Проспект Просвещения;Санкт-Петербург, просп. Просвещения, 33 к1;60.050343;30.344630;blinnaya-osm-01711
Блинная Масленица, Санкт-Петербург, Энгельса, 331;Санкт-Петербург, просп. Энгельса, 331;60.050776;30.334333;blinnaya-osm-01712
Блинная Масленица, Санкт-Петербург, Просвещения;Санкт-Петербург, просп. Просвещения, 19;60.052032;30.332940;blinnaya-osm-01713
Блинная Масленица, Санкт-Петербург, Выборгское, 15;Санкт-Петербург, Выборгское ш., 15;60.052369;30.312075;blinnaya-osm-01714
Блинная Масленица, Санкт-Петербург, Просвещения, 36/141;Санкт-Петербург, просп. Просвещения, 36/141;60.053406;30.336378;blinnaya-osm-01715
Блинная Масленица, Санкт-Петербург, Энгельса, 150;Санкт-Петербург, просп. Энгельса, 150;60.054449;30.334943;blinnaya-osm-01716
Блинная Масленица, Санкт-Петербург, Просвещения, 26;Санкт-Петербург, просп. Просвещения, 26;60.055622;30.323362;blinnaya-osm-01717
Блинная Масленица, Санкт-Петербург, Выборгское, 19 к2;Санкт-Петербург, Выборгское ш., 19 к2;60.057341;30.308269;blinnaya-osm-01718
Блинная Масленица, Санкт-Петербург, Парнас;Санкт-Петербург, ул. Михаила Дудина, 6 к1;60.066238;30.338685;blinnaya-osm-01719
Блинная Масленица, Санкт-Петербург, Архитектора Белова;Санкт-Петербург, ул. Архитектора Белова, 9;60.068701;30.316019;blinnaya-osm-01720
Блинная Масленица, Санкт-Петербург, Михаила Дудина;Санкт-Петербург, ул. Михаила Дудина, 23 к1;60.069469;30.329965;blinnaya-osm-01721
Блинная Масленица, Санкт-Петербург, Приморское;Санкт-Петербург, Приморское ш., 251;60.071370;29.969498;blinnaya-osm-01722
Блинная Масленица, Санкт-Петербург, Фёдора Абрамова;Санкт-Петербург, ул. Фёдора Абрамова, 8 к1;60.072593;30.338254;blinnaya-osm-01723
Блинная Масленица, Санкт-Петербург, Фёдора Абрамова, 8;Санкт-Петербург, ул. Фёдора Абрамова, 8;60.073438;30.338987;blinnaya-osm-01724
Блинная Масленица, Санкт-Петербург, Николая Рубцова;Санкт-Петербург, ул. Николая Рубцова, 5;60.075992;30.343739;blinnaya-osm-01725
Блинная Масленица, Санкт-Петербург, Николая Рубцова, 9;Санкт-Петербург, ул. Николая Рубцова, 9;60.076773;30.340044;blinnaya-osm-01726
Блинная Масленица, Санкт-Петербург, Фёдора Абрамова, 23 к1;Санкт-Петербург, ул. Фёдора Абрамова, 23 к1;60.081125;30.343214;blinnaya-osm-01727
Блинная Масленица, Санкт-Петербург, Приморское, 264;Санкт-Петербург, Приморское ш., 264;60.081316;29.958206;blinnaya-osm-01728
Блинная Масленица, Санкт-Петербург, Шишкина;Санкт-Петербург, ул. Шишкина, 293;60.085222;30.344370;blinnaya-osm-01729
Блинная Масленица, Санкт-Петербург, Выборгское, 503 к1А;Санкт-Петербург, Выборгское ш., 503 к1А;60.098189;30.260223;blinnaya-osm-01730
Блинная Масленица, Санкт-Петербург, Ленинградское;Санкт-Петербург, Ленинградское ш., 22;60.110432;30.283709;blinnaya-osm-01731
Блинная Масленица, Санкт-Петербург, Сосновая;Санкт-Петербург, ул. Сосновая, 3А;60.142279;30.210099;blinnaya-osm-01732
Блинная Масленица, Санкт-Петербург, Новое;Санкт-Петербург, Новое ш., 2 к2 литА;60.144689;30.007747;blinnaya-osm-01733
Блинная Масленица, Санкт-Петербург, Вокзальная;Санкт-Петербург, ул. Вокзальная, 7;60.205346;29.702849;blinnaya-osm-01734
Блинная Масленица, Санкт-Петербург, Привокзальная, 1А;Санкт-Петербург, ул. Привокзальная, 1А;60.249545;29.574520;blinnaya-osm-01735
