name;address;lat;lon;external_id
Пекарня Колос, Серебряные Пруды, Советская;Серебряные Пруды, ул. Советская, 21;54.474330;38.726602;kolos-osm-00001
Пекарня Колос, Зарайск, Советская;Зарайск, ул. Советская, 15;54.758895;38.878309;kolos-osm-00002
Пекарня Колос, Зарайск, Первомайская;Зарайск, ул. Первомайская, 16/2;54.763440;38.873985;kolos-osm-00003
Пекарня Колос, Кашира, Стрелецкая;Кашира, ул. Стрелецкая, 68;54.824868;38.150825;kolos-osm-00004
Пекарня Колос, Пущино, Науки;Пущино, просп. Науки, 5;54.832785;37.636999;kolos-osm-00005
Пекарня Колос, Кашира, Нижняя Набережная;Кашира, ул. Нижняя Набережная, 5;54.843800;38.150213;kolos-osm-00006
Пекарня Колос, Озёры, Советский;Озёры, Советский пер., 2А;54.854511;38.555352;kolos-osm-00007
Пекарня Колос, Озёры, Карла Маркса;Озёры, пл. Карла Маркса, 1Б;54.855936;38.561742;kolos-osm-00008
Пекарня Колос, Протвино, Архитектора Корина;Протвино, пр. Архитектора Корина, 3;54.873114;37.216682;kolos-osm-00009
Пекарня Колос, Протвино, Архитектора Корина, 11;Протвино, пр. Архитектора Корина, 11;54.876916;37.223023;kolos-osm-00010
Пекарня Колос, Ступино, Андропова;Ступино, ул. Андропова, 24/10;54.886617;38.087001;kolos-osm-00011
Пекарня Колос, Ступино, Куйбышева;Ступино, ул. Куйбышева, 61Б к1;54.891584;38.071168;kolos-osm-00012
Пекарня Колос, Серпухов, Старый городок;Серпухов, Старый городок, 43;54.899333;37.398174;kolos-osm-00013
Пекарня Колос, Серпухов, Ворошилова;Серпухов, ул. Ворошилова, 30;54.915024;37.416498;kolos-osm-00014
Пекарня Колос, Серпухов, Советская;Серпухов, ул. Советская, 64;54.919952;37.424123;kolos-osm-00015
Пекарня Колос, Серпухов, Советская, 69/22;Серпухов, ул. Советская, 69/22;54.924365;37.432514;kolos-osm-00016
Пекарня Колос, Серпухов, Химиков;Серпухов, ул. Химиков, 3;54.931806;37.380819;kolos-osm-00017
Пекарня Колос, Серпухов, Привокзальная;Серпухов, Привокзальная пл., 1;54.934826;37.451445;kolos-osm-00018
Пекарня Колос, Луховицы, Пушкина;Луховицы, ул. Пушкина, 139А;54.955423;39.020994;kolos-osm-00019
Пекарня Колос, Луховицы, Куйбышева;Луховицы, ул. Куйбышева, 2А;54.974248;39.008543;kolos-osm-00020
Пекарня Колос, Михнево, Совхозная;Михнево, ул. Совхозная, 4;55.054167;37.986489;kolos-osm-00021
Пекарня Колос, Коломна, Щуровская;Коломна, ул. Щуровская, 15А;55.059398;38.856329;kolos-osm-00022
Пекарня Колос, Коломна, Новая;Коломна, ул. Новая, 1;55.061102;38.725933;kolos-osm-00023
Пекарня Колос, Коломна, Пирочинское;Коломна, Пирочинское ш., 15;55.072600;38.880193;kolos-osm-00024
Пекарня Колос, Коломна, Озёрское;Коломна, Озёрское ш., 17;55.078313;38.718438;kolos-osm-00025
Пекарня Колос, Коломна, Октябрьской Революции;Коломна, ул. Октябрьской Революции, 366/2 ст1;55.082758;38.802078;kolos-osm-00026
Пекарня Колос, Коломна, Октябрьской Революции, 354;Коломна, ул. Октябрьской Революции, 354;55.084936;38.798977;kolos-osm-00027
Пекарня Колос, Коломна, Октябрьской Революции, 293;Коломна, ул. Октябрьской Революции, 293;55.090555;38.782100;kolos-osm-00028
Пекарня Колос, Коломна, Зайцева;Коломна, ул. Зайцева, 21;55.101522;38.757433;kolos-osm-00029
Пекарня Колос, Коломна, Савельича;Коломна, ул. Савельича, 1;55.102715;38.761620;kolos-osm-00030
Пекарня Колос, Коломна, Лажечникова;Коломна, ул. Лажечникова, 5А;55.103409;38.755119;kolos-osm-00031
Пекарня Колос, Коломна, Полевая;Коломна, ул. Полевая, 12;55.109466;38.827078;kolos-osm-00032
Пекарня Колос, Михнево, Горького;Михнево, ул. Горького, 37;55.125680;38.167773;kolos-osm-00033
Пекарня Колос, Чехов, Вишнёвый;Чехов, Вишнёвый бул., 1/1;55.147598;37.488144;kolos-osm-00034
Пекарня Колос, Михнево, Заводская;Михнево, ул. Заводская, 7;55.159525;37.931652;kolos-osm-00035
Пекарня Колос, Столбовая, Парковая;Столбовая, ул. Парковая, 4;55.240725;37.539095;kolos-osm-00036
Пекарня Колос, Воскресенск, Ленинская;Воскресенск, ул. Ленинская, 21;55.250720;38.759364;kolos-osm-00037
Пекарня Колос, Воскресенск, 2-я Производственная;Воскресенск, ул. 2-я Производственная, 21Б;55.309571;38.610751;kolos-osm-00038
Пекарня Колос, Воскресенск, Куйбышева;Воскресенск, ул. Куйбышева, 66;55.315037;38.681865;kolos-osm-00039
Пекарня Колос, Верея, Центральная;Верея, ул. Центральная, 8;55.336283;36.160186;kolos-osm-00040
Пекарня Колос, Воскресенск, Шоссейная;Воскресенск, ул. Шоссейная, 71А;55.340362;38.673378;kolos-osm-00041
Пекарня Колос, Столбовая, Вокзальная;Столбовая, ул. Вокзальная, 2А;55.357970;37.527509;kolos-osm-00042
Пекарня Колос, Столбовая, Московская;Столбовая, ул. Московская, 13А;55.362629;37.530797;kolos-osm-00043
Пекарня Колос, Егорьевск, Антипова;Егорьевск, ул. Антипова, 48Г;55.371071;39.068828;kolos-osm-00044
Пекарня Колос, Егорьевск, Советская;Егорьевск, ул. Советская, 176;55.374705;39.047781;kolos-osm-00045
Пекарня Колос, Заводская;ул. Заводская, 2А к1;55.377975;37.546910;kolos-osm-00046
Пекарня Колос, Домодедово, Дорожная;Домодедово, ул. Дорожная, 8;55.379021;37.880601;kolos-osm-00047
Пекарня Колос, Наро-Фоминск, Ленина;Наро-Фоминск, ул. Ленина, 14;55.381502;36.727746;kolos-osm-00048
Пекарня Колос, Егорьевск, Алексея Тупицина;Егорьевск, ул. Алексея Тупицина, 17;55.384661;39.031170;kolos-osm-00049
Пекарня Колос, Егорьевск, Советская, 62;Егорьевск, ул. Советская, 62;55.384924;39.032683;kolos-osm-00050
Пекарня Колос, Наро-Фоминск, Свободы;Наро-Фоминск, пл. Свободы, 4В;55.387980;36.732249;kolos-osm-00051
Пекарня Колос, Егорьевск, Сиреневый;Егорьевск, Сиреневый пер., 7;55.391169;39.012487;kolos-osm-00052
Пекарня Колос, Домодедово, Вокзальная;Домодедово, ул. Вокзальная, 1;55.395952;37.808114;kolos-osm-00053
Пекарня Колос, Домодедово, Курыжова;Домодедово, ул. Курыжова, 5А;55.404177;37.768002;kolos-osm-00054
Пекарня Колос, Машиностроителей;ул. Машиностроителей, 3;55.410706;37.566072;kolos-osm-00055
Пекарня Колос, Наро-Фоминск, Кубинское;Наро-Фоминск, Кубинское ш., 5;55.411096;36.713857;kolos-osm-00056
Пекарня Колос, Калужское шоссе, 47-й километр;Калужское шоссе, 47-й километр, 1/1;55.413913;37.265759;kolos-osm-00057
Пекарня Колос, Генерала Варенникова;ул. Генерала Варенникова, 2;55.418570;37.487820;kolos-osm-00058
Пекарня Колос, Бронницы, Каширский;Бронницы, Каширский пер., 46Б;55.420304;38.253661;kolos-osm-00059
Пекарня Колос, Клемента Готвальда;ул. Клемента Готвальда, 4Б;55.421095;37.531811;kolos-osm-00060
Пекарня Колос, Клемента Готвальда, 6Г;ул. Клемента Готвальда, 6Г;55.423324;37.528821;kolos-osm-00061
Пекарня Колос, Свердлова;ул. Свердлова, 11Б;55.425945;37.541062;kolos-osm-00062
Пекарня Колос, Домодедово, Каширское;Домодедово, Каширское ш., 91;55.426750;37.773479;kolos-osm-00063
Пекарня Колос, Калужское;Калужское ш., 4В;55.428779;37.274660;kolos-osm-00064
Пекарня Колос, Большая Зелёновская;ул. Большая Зелёновская, 62/2;55.430920;37.539619;kolos-osm-00065
Пекарня Колос, Домодедово, Каширское, 63;Домодедово, Каширское ш., 63;55.431498;37.768947;kolos-osm-00066
Пекарня Колос, Домодедово, Текстильщиков;Домодедово, ул. Текстильщиков, 39;55.432680;37.734067;kolos-osm-00067
Пекарня Колос, Революционный;Революционный просп., 47А;55.432754;37.549556;kolos-osm-00068
Пекарня Колос, Ульяновых;ул. Ульяновых, 1;55.434400;37.564283;kolos-osm-00069
Пекарня Колос, Домодедово, Каширское, 42;Домодедово, Каширское ш., 42;55.437010;37.765282;kolos-osm-00070
Пекарня Колос, Рабочая;ул. Рабочая, 5Б;55.437346;37.561177;kolos-osm-00071
Пекарня Колос, Домодедово, Гагарина;Домодедово, ул. Гагарина, 50/1;55.450042;37.741778;kolos-osm-00072
Пекарня Колос, Белоозёрский, Центральная;Белоозёрский, ул. Центральная, 134;55.452228;38.437777;kolos-osm-00073
Пекарня Колос, Калужское, 50;Калужское ш., 50;55.457140;37.294642;kolos-osm-00074
Пекарня Колос, Домодедово, А-105, 38-й километр;Домодедово, А-105, 38-й километр, с4;55.467060;37.852010;kolos-osm-00075
Пекарня Колос, Калужское, 16;Калужское ш., 16;55.469823;37.305371;kolos-osm-00076
Пекарня Колос, Белоозёрский, Центральная, 80;Белоозёрский, ул. Центральная, 80;55.472134;38.340553;kolos-osm-00077
Пекарня Колос, Почтовая;ул. Почтовая, 4 с1;55.476873;37.567242;kolos-osm-00078
Пекарня Колос, Апрелевка, Парковая;Апрелевка, ул. Парковая, 2;55.479726;37.149985;kolos-osm-00079
Пекарня Колос, Симферопольское;Симферопольское ш., 16/1;55.490942;37.567895;kolos-osm-00080
Пекарня Колос, Можайск, 1-я Железнодорожная;Можайск, ул. 1-я Железнодорожная, 48;55.495177;36.031417;kolos-osm-00081
Пекарня Колос, Можайск, Ямская;Можайск, ул. Ямская, 1А;55.496340;36.020622;kolos-osm-00082
Пекарня Колос, Железнодорожная;ул. Железнодорожная, 26Г;55.499541;37.566385;kolos-osm-00083
Пекарня Колос, Можайск, Амбулаторная;Можайск, ул. Амбулаторная, 2А;55.503066;36.022915;kolos-osm-00084
Пекарня Колос, Можайск, Клементьевская;Можайск, ул. Клементьевская, 2;55.507082;36.017829;kolos-osm-00085
Пекарня Колос, Можайск, Полосухина;Можайск, ул. Полосухина, 24Б;55.508999;36.028465;kolos-osm-00086
Пекарня Колос, Староникольская;ул. Староникольская, 14А;55.509787;37.544826;kolos-osm-00087
Пекарня Колос, Футбольная;ул. Футбольная, 21;55.514230;37.372241;kolos-osm-00088
Пекарня Колос, Лыткарино, Крылатая;Лыткарино, ул. Крылатая, 1;55.523957;37.964700;kolos-osm-00089
Пекарня Колос, Чечёрский;Чечёрский пр., 122 к1;55.525372;37.514965;kolos-osm-00090
Пекарня Колос, Новое;Новое ш., 9 к1;55.528186;37.587089;kolos-osm-00091
Пекарня Колос, Мостовая;ул. Мостовая, 5 к2;55.532361;37.378657;kolos-osm-00092
Пекарня Колос, Сапроново, Петровский;Сапроново, Петровский пр., 26А;55.537039;37.661442;kolos-osm-00093
Пекарня Колос, Сапроново, квартал Северный;Сапроново, квартал Северный, 2;55.537040;37.721601;kolos-osm-00094
Пекарня Колос, Тучково, Московская;Тучково, ул. Московская, 18/2;55.542287;36.382009;kolos-osm-00095
Пекарня Колос, Улица Скобелевская;ул. Изюмская, 52 с2;55.542792;37.558449;kolos-osm-00096
Пекарня Колос, Тучково, Московская, 52;Тучково, ул. Московская, 52;55.543721;36.394040;kolos-osm-00097
Пекарня Колос, Видное, Ленинского Комсомола;Видное, просп. Ленинского Комсомола, 46А;55.546241;37.708836;kolos-osm-00098
Пекарня Колос, Мисайлово, Белокаменное;Мисайлово, Белокаменное ш., 20;55.547507;37.772568;kolos-osm-00099
Пекарня Колос, Бульвар Адмирала Ушакова;аллея Витте, 5;55.547960;37.542467;kolos-osm-00100
Пекарня Колос, Потапово;ул. Александры Монаховой, 87 к5;55.549588;37.489494;kolos-osm-00101
Пекарня Колос, Скобелевская;ул. Скобелевская, 1 к6;55.550337;37.557639;kolos-osm-00102
Пекарня Колос, Скобелевская, 2;ул. Скобелевская, 2;55.551468;37.553595;kolos-osm-00103
Пекарня Колос, Апрелевка, Августовская;Апрелевка, ул. Августовская, 40;55.553555;37.079284;kolos-osm-00104
Пекарня Колос, Новомосковская;ул. Василия Ощепкова, 6;55.555318;37.467700;kolos-osm-00105
Пекарня Колос, Эдварда Грига;ул. Эдварда Грига, 16 к1;55.555364;37.504815;kolos-osm-00106
Пекарня Колос, Эдварда Грига, 17;ул. Эдварда Грига, 17;55.556153;37.509357;kolos-osm-00107
Пекарня Колос, Куприна;просп. Куприна, 3 к5;55.556801;37.502194;kolos-osm-00108
Пекарня Колос, Скандинавский;Скандинавский бул., 17;55.557291;37.509728;kolos-osm-00109
Пекарня Колос, Поляны;ул. Поляны, 5;55.558584;37.555028;kolos-osm-00110
Пекарня Колос, Раменское, Михалевича;Раменское, ул. Михалевича, 72Д;55.558788;38.254600;kolos-osm-00111
Пекарня Колос, Феодосийская;ул. Феодосийская, 7 к5;55.559567;37.575392;kolos-osm-00112
Пекарня Колос, проектируемый № 585;проектируемый пр. № 585, вл1;55.560569;37.572249;kolos-osm-00113
Пекарня Колос, Мисайлово, Луговая;Мисайлово, ул. Луговая, с20;55.561755;37.838011;kolos-osm-00114
Пекарня Колос, Раменское, Гурьева;Раменское, ул. Гурьева, 27;55.563865;38.234624;kolos-osm-00115
Пекарня Колос, Александры Монаховой;ул. Александры Монаховой, 43 к1;55.564414;37.489478;kolos-osm-00116
Пекарня Колос, Раменское, Вокзальная;Раменское, ул. Вокзальная, 4Б;55.565742;38.226143;kolos-osm-00117
Пекарня Колос, Скандинавский, 1 к1;Скандинавский бул., 1 к1;55.568296;37.496325;kolos-osm-00118
Пекарня Колос, Ясная;ул. Ясная, 1;55.569281;37.475802;kolos-osm-00119
Пекарня Колос, Липовый парк;ул. Липовый парк, 5 к1;55.569574;37.492581;kolos-osm-00120
Пекарня Колос, Усадебный Парк;ул. Усадебный Парк, 5;55.570040;37.284852;kolos-osm-00121
Пекарня Колос, Раменское, Воровского;Раменское, ул. Воровского, 1;55.570344;38.215277;kolos-osm-00122
Пекарня Колос, МКАД, 28-й километр;МКАД, 28-й километр, 7;55.571609;37.668733;kolos-osm-00123
Пекарня Колос, Кубинка, Можайское;Кубинка, Можайское ш., 240;55.572304;36.681544;kolos-osm-00124
Пекарня Колос, Куровское, Вокзальная;Куровское, ул. Вокзальная, 13;55.573844;38.921855;kolos-osm-00125
Пекарня Колос, Шатура, Советская;Шатура, ул. Советская, 31;55.574087;39.534318;kolos-osm-00126
Пекарня Колос, Шатура, Ильича;Шатура, просп. Ильича, 15;55.575495;39.541905;kolos-osm-00127
Пекарня Колос, Кубинка, Можайское, 80А;Кубинка, Можайское ш., 80А;55.577261;36.717167;kolos-osm-00128
Пекарня Колос, Раменское, Свободы;Раменское, ул. Свободы, 6А;55.577780;38.230146;kolos-osm-00129
Пекарня Колос, Шатура, Жарова;Шатура, ул. Жарова, 10/1;55.578091;39.534249;kolos-osm-00130
Пекарня Колос, Кубинка, Наро-Фоминское;Кубинка, Наро-Фоминское ш., 38А;55.578495;36.693476;kolos-osm-00131
Пекарня Колос, Лыткарино, Шестакова;Лыткарино, пр. Шестакова, с2;55.579215;37.900465;kolos-osm-00132
Пекарня Колос, Раменское, Чугунова;Раменское, ул. Чугунова, 43А;55.581954;38.198684;kolos-osm-00133
Пекарня Колос, Лесопарковая;Варшавское ш., 170Е к11;55.582304;37.578888;kolos-osm-00134
Пекарня Колос, Михневская;ул. Михневская, 9А;55.583119;37.662742;kolos-osm-00135
Пекарня Колос, Кокошкино, Карьерная;Кокошкино, ул. Карьерная, 4;55.584122;37.182415;kolos-osm-00136
Пекарня Колос, Кратово, Центральная;Кратово, ул. Центральная, 5;55.586302;38.158002;kolos-osm-00137
Пекарня Колос, Кокошкино, Агрохимическая;Кокошкино, ул. Агрохимическая, 11 с2;55.587727;37.205241;kolos-osm-00138
Пекарня Колос, Жуковский, Чкалова;Жуковский, ул. Чкалова, 2А;55.589195;38.132596;kolos-osm-00139
Пекарня Колос, Жуковский, Гарнаева;Жуковский, ул. Гарнаева, 12А;55.589665;38.136120;kolos-osm-00140
Пекарня Колос, Бирюлёвская;ул. Бирюлёвская, 31 к1;55.591082;37.664574;kolos-osm-00141
Пекарня Колос, Жуковский, Чаплыгина;Жуковский, ул. Чаплыгина, 9;55.591439;38.122110;kolos-osm-00142
Пекарня Колос, Жуковский, Маяковского;Жуковский, ул. Маяковского, 9;55.591999;38.123250;kolos-osm-00143
Пекарня Колос, Веласкеса;бул. Веласкеса, 1 к2;55.592023;37.455986;kolos-osm-00144
Пекарня Колос, Россошанская;ул. Россошанская, 4 к1;55.593188;37.611563;kolos-osm-00145
Пекарня Колос, Жуковский, Фрунзе;Жуковский, ул. Фрунзе, 23;55.595368;38.114622;kolos-osm-00146
Пекарня Колос, Жуковский, Жуковского;Жуковский, ул. Жуковского, 1 к1;55.596196;38.111592;kolos-osm-00147
Пекарня Колос, Тучково, Привокзальная;Тучково, Привокзальная пл., 9;55.597755;36.468630;kolos-osm-00148
Пекарня Колос, Жуковский, Гагарина;Жуковский, ул. Гагарина, 2;55.598237;38.112620;kolos-osm-00149
Пекарня Колос, Каширское;Каширское ш., 65 к2;55.599852;37.724645;kolos-osm-00150
Пекарня Колос, Краснознаменск, Молодёжная;Краснознаменск, ул. Молодёжная, 5;55.599938;37.039369;kolos-osm-00151
Пекарня Колос, Тучково, Лебеденко;Тучково, ул. Лебеденко, 8;55.600667;36.471168;kolos-osm-00152
Пекарня Колос, Россошанский;Россошанский пр., 3;55.601154;37.608899;kolos-osm-00153
Пекарня Колос, Жуковский, Энергетическая;Жуковский, ул. Энергетическая, 7;55.601854;38.117672;kolos-osm-00154
Пекарня Колос, Раменское, Шоссейная;Раменское, ул. Шоссейная, 47;55.602365;38.434745;kolos-osm-00155
Пекарня Колос, Елецкая;ул. Елецкая, 35 к2А;55.602631;37.740549;kolos-osm-00156
Пекарня Колос, Ясеневая;ул. Ясеневая, 21 к1;55.603673;37.731731;kolos-osm-00157
Пекарня Колос, Ильинский, Гудкова;Ильинский, ул. Гудкова, 22;55.603802;38.083103;kolos-osm-00158
Пекарня Колос, Аэропорт Внуково;ул. 2-я Рейсовая, 2 к5;55.604113;37.284891;kolos-osm-00159
Пекарня Колос, Генерала Белова;ул. Генерала Белова, 28 к3;55.604455;37.721909;kolos-osm-00160
Пекарня Колос, Домодедовская;ул. Домодедовская, 28;55.604661;37.712756;kolos-osm-00161
Пекарня Колос, Елецкая, 20А;ул. Елецкая, 20А;55.605770;37.733642;kolos-osm-00162
Пекарня Колос, Ильинский, Молодёжная;Ильинский, ул. Молодёжная, 27;55.606816;38.084733;kolos-osm-00163
Пекарня Колос, Хованское кладбище;Хованское кладбище, с1;55.608319;37.454099;kolos-osm-00164
Пекарня Колос, Ильинский, Гагарина;Ильинский, ул. Гагарина, 69А;55.608438;38.090094;kolos-osm-00165
Пекарня Колос, Ильинский, Гагарина, 81Б;Ильинский, ул. Гагарина, 81Б;55.609046;38.081878;kolos-osm-00166
Пекарня Колос, Генерала Белова, 18Б;ул. Генерала Белова, 18Б;55.609282;37.722742;kolos-osm-00167
Пекарня Колос, Ореховый;Ореховый бул., 14 к3;55.609748;37.720066;kolos-osm-00168
Пекарня Колос, Октябрьский, Ленина;Октябрьский, ул. Ленина, 19;55.609777;37.974457;kolos-osm-00169
Пекарня Колос, Ясенево;ул. Тарусская, 6 к1;55.610710;37.534672;kolos-osm-00170
Пекарня Колос, Ильинский, Театральная;Ильинский, ул. Театральная, 3 с27;55.611202;38.079322;kolos-osm-00171
Пекарня Колос, Октябрьский, Ленина, 47;Октябрьский, ул. Ленина, 47;55.611893;37.976433;kolos-osm-00172
Пекарня Колос, Ильинский, Братьев Волковых;Ильинский, ул. Братьев Волковых, 36А;55.612431;38.091639;kolos-osm-00173
Пекарня Колос, Октябрьский, Ленина, 3/1;Октябрьский, ул. Ленина, 3/1;55.612849;37.972004;kolos-osm-00174
Пекарня Колос, Базовая;ул. Базовая, 2;55.614126;37.262202;kolos-osm-00175
Пекарня Колос, Тёплый Стан;Новоясеневский просп., 3А с2;55.614736;37.514414;kolos-osm-00176
Пекарня Колос, Голицыно, Заводской;Голицыно, Заводской просп., 13;55.615411;36.982624;kolos-osm-00177
Пекарня Колос, Голицыно, Привокзальная;Голицыно, Привокзальная пл., 5;55.616265;36.988842;kolos-osm-00178
Пекарня Колос, Тютчевская;ул. Героя России Соломатина, 6 к12;55.617649;37.472064;kolos-osm-00179
Пекарня Колос, Дольская;ул. Дольская, 10 с3;55.618476;37.682214;kolos-osm-00180
Пекарня Колос, Бакинская;ул. Бакинская, 26;55.618832;37.654137;kolos-osm-00181
Пекарня Колос, Каширское, 61Г;Каширское ш., 61Г;55.620624;37.713715;kolos-osm-00182
Пекарня Колос, Шипиловская;ул. Шипиловская, 25;55.621621;37.725526;kolos-osm-00183
Пекарня Колос, Мирный, Академика Северина;Мирный, ул. Академика Северина, 8/1;55.622543;37.942540;kolos-osm-00184
Пекарня Колос, Маршала Захарова;ул. Маршала Захарова, 3;55.623052;37.706291;kolos-osm-00185
Пекарня Колос, Адмирала Корнилова;ул. Адмирала Корнилова, 63;55.623085;37.441860;kolos-osm-00186
Пекарня Колос, Саларьево;23-й км Киевского ш., 1;55.623829;37.423721;kolos-osm-00187
Пекарня Колос, Пыхтино;ул. Лётчика Ульянина, 2;55.624673;37.303673;kolos-osm-00188
Пекарня Колос, Дзержинский, Академика Жукова;Дзержинский, ул. Академика Жукова, 35;55.625411;37.839452;kolos-osm-00189
Пекарня Колос, Дзержинский, Алексеевская;Дзержинский, ул. Алексеевская, 12;55.625806;37.799490;kolos-osm-00190
Пекарня Колос, Лётчика Ульянина;ул. Лётчика Ульянина, 7А;55.626082;37.310203;kolos-osm-00191
Пекарня Колос, Дзержинский, Лесная;Дзержинский, ул. Лесная, 27;55.628415;37.872345;kolos-osm-00192
Пекарня Колос, Дзержинский, Лесная, 18;Дзержинский, ул. Лесная, 18;55.629272;37.865469;kolos-osm-00193
Пекарня Колос, Удельная, Южный;Удельная, Южный просп., 2;55.630170;38.057198;kolos-osm-00194
Пекарня Колос, Дзержинский, Алексеевская, 2;Дзержинский, ул. Алексеевская, 2;55.630886;37.806154;kolos-osm-00195
Пекарня Колос, Коньково;ул. Профсоюзная, 111А;55.631786;37.522747;kolos-osm-00196
Пекарня Колос, Сумской;Сумской пр., 5 к4;55.633138;37.607969;kolos-osm-00197
Пекарня Колос, Румянцево;22-й км Киевского ш., 6 с1;55.633448;37.431895;kolos-osm-00198
Пекарня Колос, Борисово;ул. Борисовские Пруды, 10 к5;55.633704;37.741385;kolos-osm-00199
Пекарня Колос, Одинцово, Самуила Маршака;Одинцово, ул. Самуила Маршака, 23 к1;55.634060;37.319942;kolos-osm-00200
Пекарня Колос, Профсоюзная;ул. Профсоюзная, 103А;55.635548;37.525757;kolos-osm-00201
Пекарня Колос, Рассказовка;ул. Корнея Чуковского, 1;55.635712;37.330177;kolos-osm-00202
Пекарня Колос, Мирный, Первомайская;Мирный, ул. Первомайская, 158А;55.635734;37.934139;kolos-osm-00203
Пекарня Колос, Одинцово, Бориса Пастернака;Одинцово, ул. Бориса Пастернака, 27 к1;55.636618;37.317503;kolos-osm-00204
Пекарня Колос, Одинцово, Бориса Пастернака, 17;Одинцово, ул. Бориса Пастернака, 17;55.638240;37.325705;kolos-osm-00205
Пекарня Колос, Малаховка, Шоссейная;Малаховка, ул. Шоссейная, 40 с1;55.638533;38.009791;kolos-osm-00206
Пекарня Колос, Беляево;ул. Миклухо-Маклая, 36А;55.640151;37.532505;kolos-osm-00207
Пекарня Колос, Лесной Городок, Центральная;Лесной Городок, ул. Центральная, 65 с1;55.640532;37.207797;kolos-osm-00208
Пекарня Колос, Лесной Городок, Центральная, 65 с1;Лесной Городок, ул. Центральная, 65 с1;55.640878;37.207979;kolos-osm-00209
Пекарня Колос, Миклухо-Маклая;ул. Миклухо-Маклая, 32А;55.640887;37.530977;kolos-osm-00210
Пекарня Колос, Профсоюзная, 104;ул. Профсоюзная, 104;55.641499;37.524084;kolos-osm-00211
Пекарня Колос, Алма-Атинская;ул. Алма-Атинская, 1;55.643215;37.768228;kolos-osm-00212
Пекарня Колос, Тропарёво;Ленинский просп., 137А с1;55.643222;37.471371;kolos-osm-00213
Пекарня Колос, Островитянова;ул. Островитянова, 7;55.644438;37.494905;kolos-osm-00214
Пекарня Колос, Москворечье;ул. Москворечье, 23;55.644599;37.654399;kolos-osm-00215
Пекарня Колос, Профсоюзная, 100;ул. Профсоюзная, 100;55.644808;37.525841;kolos-osm-00216
Пекарня Колос, Щорса;ул. Щорса, 9;55.645378;37.406752;kolos-osm-00217
Пекарня Колос, Миклухо-Маклая, 18 к1;ул. Миклухо-Маклая, 18 к1;55.645849;37.517455;kolos-osm-00218
Пекарня Колос, Университет дружбы народов;ул. Академика Арцимовича, 2/19;55.646405;37.516229;kolos-osm-00219
Пекарня Колос, Севастопольская;ул. Азовская, 24 к3;55.647363;37.595631;kolos-osm-00220
Пекарня Колос, Новочеркасский;Новочеркасский бул., 13;55.647461;37.723370;kolos-osm-00221
Пекарня Колос, Одинцово, Киевская;Одинцово, ул. Киевская, 21;55.647856;37.264032;kolos-osm-00222
Пекарня Колос, Миклухо-Маклая, 29 к3;ул. Миклухо-Маклая, 29 к3;55.648433;37.517758;kolos-osm-00223
Пекарня Колос, Родники, Чехова;Родники, ул. Чехова, 1;55.648479;38.054460;kolos-osm-00224
Пекарня Колос, Солнцевский;Солнцевский просп., 28;55.649825;37.410229;kolos-osm-00225
Пекарня Колос, Томилино, Новорязанское шоссе, 23-й километр;Томилино, Новорязанское шоссе, 23-й километр, 23;55.650595;37.908272;kolos-osm-00226
Пекарня Колос, Варшавская;Чонгарский бул., 7;55.651273;37.612724;kolos-osm-00227
Пекарня Колос, Бутлерова;ул. Бутлерова, 12;55.651703;37.527154;kolos-osm-00228
Пекарня Колос, Миклухо-Маклая, 21 к1;ул. Миклухо-Маклая, 21 к1;55.651950;37.508534;kolos-osm-00229
Пекарня Колос, Марьино;ул. Люблинская, 102А;55.652020;37.742184;kolos-osm-00230
Пекарня Колос, Вернадского;просп. Вернадского, 94 к8;55.652692;37.476516;kolos-osm-00231
Пекарня Колос, Солнцево;Солнцевский просп., 2 с2;55.652940;37.395758;kolos-osm-00232
Пекарня Колос, Зелёная Горка;ул. Зелёная Горка, 1А;55.653426;37.421968;kolos-osm-00233
Пекарня Колос, Варшавское;Варшавское ш., 87Б;55.653912;37.620604;kolos-osm-00234
Пекарня Колос, Научный;Научный пр., 17;55.654409;37.556068;kolos-osm-00235
Пекарня Колос, Калужская;Научный пр., 2А;55.654846;37.544230;kolos-osm-00236
Пекарня Колос, Профсоюзная, 84А с1;ул. Профсоюзная, 84А с1;55.654909;37.536382;kolos-osm-00237
Пекарня Колос, Зюзино;Севастопольский просп., 40;55.655746;37.568682;kolos-osm-00238
Пекарня Колос, Профсоюзная, 61А;ул. Профсоюзная, 61А;55.656003;37.542288;kolos-osm-00239
Пекарня Колос, Каховская;ул. Болотниковская, 21 с2;55.656732;37.597374;kolos-osm-00240
Пекарня Колос, Нижние Поля;ул. Нижние Поля, 31;55.656813;37.729602;kolos-osm-00241
Пекарня Колос, Новоивановское, 7-я Лазенки;Новоивановское, 7-я ул. Лазенки, 42;55.657535;37.346543;kolos-osm-00242
Пекарня Колос, Говорово;ул. Татьянин Парк, 15 к1;55.657742;37.423898;kolos-osm-00243
Пекарня Колос, Верхние Поля;ул. Верхние Поля, 53;55.657806;37.799394;kolos-osm-00244
Пекарня Колос, Каховка;ул. Каховка, 20 с2;55.658205;37.568211;kolos-osm-00245
Пекарня Колос, Рошаль, Косякова;Рошаль, ул. Косякова, 5;55.658614;39.867591;kolos-osm-00246
Пекарня Колос, Варшавское, 75 к1;Варшавское ш., 75 к1;55.659264;37.620116;kolos-osm-00247
Пекарня Колос, Котельники, Железнодорожная;Котельники, ул. Железнодорожная, 3;55.659368;37.873928;kolos-osm-00248
Пекарня Колос, Малаховка, Касимовское;Малаховка, Касимовское ш., 2Б;55.659618;38.022739;kolos-osm-00249
Пекарня Колос, Братиславская;ул. Перерва, 43 к1;55.659843;37.749943;kolos-osm-00250
Пекарня Колос, ВНИИССОК, Можайское;ВНИИССОК, Можайское ш., 38;55.660502;37.195887;kolos-osm-00251
Пекарня Колос, Красково, 2-я Заводская;Красково, ул. 2-я Заводская, 1/1;55.660771;37.973458;kolos-osm-00252
Пекарня Колос, Рошаль, Косякова, 12;Рошаль, ул. Косякова, 12;55.661117;39.869339;kolos-osm-00253
Пекарня Колос, Братиславская, вл1;ул. Братиславская, вл1;55.661475;37.756008;kolos-osm-00254
Пекарня Колос, Малаховка, Егорьевское;Малаховка, Егорьевское ш., 15 с1;55.661609;38.015256;kolos-osm-00255
Пекарня Колос, ВНИИССОК, Центральная;ВНИИССОК, ул. Центральная, 36;55.662246;37.237632;kolos-osm-00256
Пекарня Колос, Боровское;Боровское ш., 2 к5;55.662265;37.418349;kolos-osm-00257
Пекарня Колос, Люблинская;ул. Люблинская, 76 к4;55.662763;37.731625;kolos-osm-00258
Пекарня Колос, Перервинский;Перервинский бул., 5 к1;55.662854;37.765017;kolos-osm-00259
Пекарня Колос, Красково, Егорьевское;Красково, Егорьевское ш., 3;55.663176;38.002305;kolos-osm-00260
Пекарня Колос, Ленинский;Ленинский просп., 109;55.663637;37.510800;kolos-osm-00261
Пекарня Колос, Новаторская;ул. Новаторов, 34 к7;55.664136;37.521089;kolos-osm-00262
Пекарня Колос, Покрышкина;ул. Покрышкина, 8 к3;55.665537;37.472096;kolos-osm-00263
Пекарня Колос, Люблинская, 74 к3;ул. Люблинская, 74 к3;55.665639;37.733367;kolos-osm-00264
Пекарня Колос, Каширское, 8 к1;Каширское ш., 8 к1;55.666552;37.628790;kolos-osm-00265
Пекарня Колос, Одинцово, Комсомольская;Одинцово, ул. Комсомольская, 16А с1;55.666867;37.287702;kolos-osm-00266
Пекарня Колос, Цюрупы;ул. Цюрупы, 30/63;55.667490;37.566006;kolos-osm-00267
Пекарня Колос, Юго-Западная;просп. Вернадского, 78 с3;55.668970;37.480881;kolos-osm-00268
Пекарня Колос, Ленинский, 99;Ленинский просп., 99;55.669530;37.519340;kolos-osm-00269
Пекарня Колос, Люберцы, Электрификации;Люберцы, ул. Электрификации, 3А;55.670129;37.918925;kolos-osm-00270
Пекарня Колос, Люберцы, Котельническая;Люберцы, ул. Котельническая, 18;55.670395;37.895299;kolos-osm-00271
Пекарня Колос, Кленовый бульвар;просп. Андропова, 39 с56;55.670425;37.672477;kolos-osm-00272
Пекарня Колос, Озёрная;ул. Озёрная, 42;55.671380;37.446112;kolos-osm-00273
Пекарня Колос, Полбина;ул. Полбина, 35 к2;55.671631;37.724963;kolos-osm-00274
Пекарня Колос, Академика Пилюгина;ул. Академика Пилюгина, 6;55.671824;37.540405;kolos-osm-00275
Пекарня Колос, Одинцово, Советская;Одинцово, ул. Советская, 5;55.672578;37.278432;kolos-osm-00276
Пекарня Колос, Люблино;ул. Судакова, 22/10;55.672926;37.753399;kolos-osm-00277
Пекарня Колос, Нагорная;Электролитный пр., 9 к1 с4;55.673043;37.609586;kolos-osm-00278
Пекарня Колос, Электролитный;Электролитный пр., 7;55.673425;37.610080;kolos-osm-00279
Пекарня Колос, Нагорный;Нагорный бул., 5 к1;55.673757;37.593846;kolos-osm-00280
Пекарня Колос, Люблинская, 60;ул. Люблинская, 60;55.674073;37.738118;kolos-osm-00281
Пекарня Колос, Одинцово, Интернациональная;Одинцово, ул. Интернациональная, 1А;55.674804;37.275004;kolos-osm-00282
Пекарня Колос, Люберцы, Смирновская;Люберцы, ул. Смирновская, 4;55.675407;37.891788;kolos-osm-00283
Пекарня Колос, Коломенская;просп. Андропова, 36;55.675723;37.661934;kolos-osm-00284
Пекарня Колос, Вавилова;ул. Вавилова, 95;55.675742;37.540579;kolos-osm-00285
Пекарня Колос, Люберцы, Октябрьский;Люберцы, Октябрьский просп., 190;55.676138;37.893784;kolos-osm-00286
Пекарня Колос, Проспект Вернадского;ул. Удальцова, 71 к3;55.677013;37.499394;kolos-osm-00287
Пекарня Колос, Нахимовский;Нахимовский просп., 40;55.677197;37.566176;kolos-osm-00288
Пекарня Колос, Люберцы, Октябрьский, 198;Люберцы, Октябрьский просп., 198;55.677215;37.895630;kolos-osm-00289
Пекарня Колос, Люберцы, Волковская;Люберцы, ул. Волковская, 67;55.677705;37.901562;kolos-osm-00290
Пекарня Колос, Нагатинская;ул. Нагатинская, 31;55.677735;37.658826;kolos-osm-00291
Пекарня Колос, Шоссейная;ул. Шоссейная, 41;55.678086;37.724712;kolos-osm-00292
Пекарня Колос, Гарибальди;ул. Гарибальди, 3А;55.678400;37.534448;kolos-osm-00293
Пекарня Колос, Вернадского, 37 к1;просп. Вернадского, 37 к1;55.678762;37.511181;kolos-osm-00294
Пекарня Колос, Профсоюзная, 15;ул. Профсоюзная, 15;55.678960;37.565343;kolos-osm-00295
Пекарня Колос, Нахимовский, 61;Нахимовский просп., 61;55.679181;37.559675;kolos-osm-00296
Пекарня Колос, Кржижановского;ул. Кржижановского, 18 к1;55.679552;37.569910;kolos-osm-00297
Пекарня Колос, Нагатинская, 13 к1;ул. Нагатинская, 13 к1;55.680051;37.640693;kolos-osm-00298
Пекарня Колос, Варшавское, 34;Варшавское ш., 34;55.680175;37.623599;kolos-osm-00299
Пекарня Колос, Совхозная;ул. Совхозная, 20;55.680982;37.764637;kolos-osm-00300
Пекарня Колос, Торговая;ул. Торговая, с1;55.681510;37.415243;kolos-osm-00301
Пекарня Колос, Вавиловская;Ленинский просп., 83;55.681658;37.537055;kolos-osm-00302
Пекарня Колос, Люблинская, 111А с1;ул. Люблинская, 111А с1;55.681855;37.739138;kolos-osm-00303
Пекарня Колос, Кленовый;Кленовый бул., 12;55.682223;37.673952;kolos-osm-00304
Пекарня Колос, Шоссейная, 34-36;ул. Шоссейная, 34-36;55.682425;37.722977;kolos-osm-00305
Пекарня Колос, Нагорная, 3А;ул. Нагорная, 3А;55.682531;37.613098;kolos-osm-00306
Пекарня Колос, Нагатинская, 10 к2;Нагатинская наб., 10 к2;55.683069;37.640385;kolos-osm-00307
Пекарня Колос, Котельники, Привольная;Котельники, ул. Привольная, 57 к1;55.683500;37.843364;kolos-osm-00308
Пекарня Колос, Академическая;ул. Профсоюзная, 16/10;55.683819;37.568565;kolos-osm-00309
Пекарня Колос, Рябиновая;ул. Рябиновая, 38;55.683955;37.429513;kolos-osm-00310
Пекарня Колос, Люберцы, 65 лет Победы;Люберцы, ул. 65 лет Победы, 1к20 вл1;55.684344;37.889840;kolos-osm-00311
Пекарня Колос, Люберцы, Инициативная;Люберцы, ул. Инициативная, 7Г с2;55.684836;37.895485;kolos-osm-00312
Пекарня Колос, Дмитрия Ульянова;ул. Дмитрия Ульянова, 30;55.684950;37.579697;kolos-osm-00313
Пекарня Колос, Кленовый, 2;Кленовый бул., 2;55.685277;37.671509;kolos-osm-00314
Пекарня Колос, Дмитрия Ульянова, 27;ул. Дмитрия Ульянова, 27;55.685655;37.581264;kolos-osm-00315
Пекарня Колос, Дмитрия Ульянова, 25;ул. Дмитрия Ульянова, 25;55.686316;37.579583;kolos-osm-00316
Пекарня Колос, Люберцы, Инициативная, 3А;Люберцы, ул. Инициативная, 3А;55.686608;37.892778;kolos-osm-00317
Пекарня Колос, Профсоюзная, 4;ул. Профсоюзная, 4;55.687115;37.572040;kolos-osm-00318
Пекарня Колос, Одинцово, Говорова;Одинцово, ул. Говорова, 24Б;55.688623;37.292504;kolos-osm-00319
Пекарня Колос, Винокурова;ул. Винокурова, 4 к1;55.689074;37.583242;kolos-osm-00320
Пекарня Колос, Дмитрия Ульянова, 10/1 к1;ул. Дмитрия Ульянова, 10/1 к1;55.689738;37.566536;kolos-osm-00321
Пекарня Колос, Крымская;Севастопольский просп., 7 к8;55.690177;37.614627;kolos-osm-00322
Пекарня Колос, Технопарк;ул. Автозаводская, 23 с931 к3;55.690236;37.657586;kolos-osm-00323
Пекарня Колос, Ленинский, 67;Ленинский просп., 67;55.691492;37.553410;kolos-osm-00324
Пекарня Колос, Университет;Ломоносовский просп., 23;55.691526;37.538134;kolos-osm-00325
Пекарня Колос, 60-летия Октября;просп. 60-летия Октября, 14;55.691676;37.575000;kolos-osm-00326
Пекарня Колос, Ломоносовский;Ломоносовский просп., 23;55.692008;37.537261;kolos-osm-00327
Пекарня Колос, Варшавское, 33;Варшавское ш., 33;55.692516;37.622611;kolos-osm-00328
Пекарня Колос, Джавахарлала Неру;пл. Джавахарлала Неру, 1;55.693260;37.533645;kolos-osm-00329
Пекарня Колос, Волжская;ул. Шкулёва, 4 с7;55.693394;37.749190;kolos-osm-00330
Пекарня Колос, Андропова;просп. Андропова, 1;55.693926;37.674871;kolos-osm-00331
Пекарня Колос, Ломоносовский, 25 к1;Ломоносовский просп., 25 к1;55.693985;37.533403;kolos-osm-00332
Пекарня Колос, Новоивановское, Большой;Новоивановское, Большой бул., 40;55.695114;37.346847;kolos-osm-00333
Пекарня Колос, Новоивановское, 2-я Советская;Новоивановское, ул. 2-я Советская, 27 с1;55.695485;37.319047;kolos-osm-00334
Пекарня Колос, Молодёжная;ул. Молодёжная, 6;55.695983;37.546678;kolos-osm-00335
Пекарня Колос, Мичуринский;Мичуринский просп., 56 с1;55.696669;37.486774;kolos-osm-00336
Пекарня Колос, Загородное;Загородное ш., 2 с6;55.697140;37.607462;kolos-osm-00337
Пекарня Колос, Юных Ленинцев;ул. Юных Ленинцев, 115;55.697688;37.785774;kolos-osm-00338
Пекарня Колос, Варшавское, 10 к1;Варшавское ш., 10 к1;55.698233;37.619870;kolos-osm-00339
Пекарня Колос, Аминьевская;ул. Мосфильмовская, 98 к1;55.698774;37.474663;kolos-osm-00340
Пекарня Колос, Юных Ленинцев, 87;ул. Юных Ленинцев, 87;55.699338;37.773822;kolos-osm-00341
Пекарня Колос, Университетский;Университетский просп., 6 к3;55.699610;37.552525;kolos-osm-00342
Пекарня Колос, Руза, Солнцева;Руза, ул. Солнцева, 3;55.699824;36.193604;kolos-osm-00343
Пекарня Колос, 2-й Южнопортовый;2-й Южнопортовый пр., 8 с1;55.700266;37.687537;kolos-osm-00344
Пекарня Колос, 2-й Южнопортовый, 10 с1;2-й Южнопортовый пр., 10 с1;55.700609;37.688645;kolos-osm-00345
Пекарня Колос, Новоивановское, Эйнштейна;Новоивановское, бул. Эйнштейна, 2;55.700876;37.359476;kolos-osm-00346
Пекарня Колос, Новоивановское, Эйнштейна, 2;Новоивановское, бул. Эйнштейна, 2;55.701185;37.360499;kolos-osm-00347
Пекарня Колос, Люберцы, 8 Марта;Люберцы, ул. 8 Марта, 16;55.701408;37.883284;kolos-osm-00348
Пекарня Колос, Марусино, Лавриненко;Марусино, ул. Лавриненко, 11 к1;55.701567;37.948535;kolos-osm-00349
Пекарня Колос, Кожуховская;2-й Южнопортовый пр., 12А к1 с1;55.701846;37.688530;kolos-osm-00350
Пекарня Колос, Марусино, Лавриненко, 11 к1;Марусино, ул. Лавриненко, 11 к1;55.702160;37.948071;kolos-osm-00351
Пекарня Колос, Звенигород, Кирова;Звенигород, ул. Кирова, 101;55.702663;36.788117;kolos-osm-00352
Пекарня Колос, Кузьминки;ул. Зеленодольская, 41 к1;55.703038;37.766572;kolos-osm-00353
Пекарня Колос, Трофимова;ул. Трофимова, 36 к1;55.703588;37.685563;kolos-osm-00354
Пекарня Колос, Столетова;ул. Столетова, 7;55.703836;37.502476;kolos-osm-00355
Пекарня Колос, 2-й Южнопортовый, 14/22 с1;2-й Южнопортовый пр., 14/22 с1;55.704064;37.690180;kolos-osm-00356
Пекарня Колос, Рублёво-Успенское;Рублёво-Успенское ш., 27/1;55.704487;37.026865;kolos-osm-00357
Пекарня Колос, Новоивановское, Агрохимиков;Новоивановское, ул. Агрохимиков, 6;55.704544;37.358290;kolos-osm-00358
Пекарня Колос, Ликино-Дулёво, Коммунистическая;Ликино-Дулёво, ул. Коммунистическая, 11;55.704743;38.955588;kolos-osm-00359
Пекарня Колос, Волгоградский;Волгоградский просп., 135 к1;55.704926;37.773021;kolos-osm-00360
Пекарня Колос, 5-й Донской;5-й Донской пр., 15 с16;55.705467;37.597905;kolos-osm-00361
Пекарня Колос, Текстильщики;Волгоградский просп., 42 к16;55.705470;37.725499;kolos-osm-00362
Пекарня Колос, Ленинский проспект;ул. Вавилова, 3;55.706504;37.591518;kolos-osm-00363
Пекарня Колос, Автозаводская;ул. Автозаводская, 11;55.706596;37.658010;kolos-osm-00364
Пекарня Колос, Тульская;ул. Большая Тульская, 19;55.706907;37.621708;kolos-osm-00365
Пекарня Колос, Фёдора Полетаева;ул. Фёдора Полетаева, 40;55.707167;37.793038;kolos-osm-00366
Пекарня Колос, Южнопортовая;ул. Южнопортовая, 30А;55.707317;37.701137;kolos-osm-00367
Пекарня Колос, Сормовский;Сормовский пр., 9;55.707690;37.799937;kolos-osm-00368
Пекарня Колос, Новоивановское, Калинина;Новоивановское, ул. Калинина, 2А;55.707985;37.364409;kolos-osm-00369
Пекарня Колос, Даниловская;Даниловская наб., 6 к1А;55.708193;37.640279;kolos-osm-00370
Пекарня Колос, Ленинская Слобода;ул. Ленинская Слобода, 19;55.708545;37.654191;kolos-osm-00371
Пекарня Колос, Волгоградский, 46/15к3а;Волгоградский просп., 46/15к3а;55.708848;37.733710;kolos-osm-00372
Пекарня Колос, Ферганская;ул. Ферганская, 2;55.709061;37.803481;kolos-osm-00373
Пекарня Колос, Ленинская Слобода, 17 с2;ул. Ленинская Слобода, 17 с2;55.709230;37.657241;kolos-osm-00374
Пекарня Колос, Холодильный;Холодильный пер., 3 к1 с16;55.709605;37.625219;kolos-osm-00375
Пекарня Колос, 2-я Рощинская;ул. 2-я Рощинская, 10 с2;55.709932;37.612320;kolos-osm-00376
Пекарня Колос, Беловежская;ул. Беловежская, 45;55.710097;37.395843;kolos-osm-00377
Пекарня Колос, Волгоградский, 61;Волгоградский просп., 61;55.710310;37.734703;kolos-osm-00378
Пекарня Колос, Вяземская;ул. Вяземская, 26А;55.710659;37.404717;kolos-osm-00379
Пекарня Колос, Можайское;Можайское ш., 12А;55.710897;37.378437;kolos-osm-00380
Пекарня Колос, Ленинская Слобода, 26;ул. Ленинская Слобода, 26;55.711226;37.652143;kolos-osm-00381
Пекарня Колос, Люблинская, 7 к1;ул. Люблинская, 7 к1;55.712090;37.730636;kolos-osm-00382
Пекарня Колос, Ломоносовский проспект;ул. Мосфильмовская, 29А;55.712385;37.513340;kolos-osm-00383
Пекарня Колос, Воробьёвы горы;ул. Лужники, 24 с61;55.712598;37.560043;kolos-osm-00384
Пекарня Колос, Лужники;ул. Лужники, 24 с4;55.712839;37.557974;kolos-osm-00385
Пекарня Колос, Люберцы, Святоозёрская;Люберцы, ул. Святоозёрская, 9;55.713147;37.892248;kolos-osm-00386
Пекарня Колос, Выхино;Рязанский просп., 99 к5;55.713413;37.815902;kolos-osm-00387
Пекарня Колос, Стасовой;ул. Стасовой, 10А;55.713886;37.597313;kolos-osm-00388
Пекарня Колос, Рязанский;Рязанский просп., 99 с8;55.714024;37.812080;kolos-osm-00389
Пекарня Колос, Ленинский, 29;Ленинский просп., 29;55.714362;37.591107;kolos-osm-00390
Пекарня Колос, Лужники, 24 с7;ул. Лужники, 24 с7;55.714684;37.561327;kolos-osm-00391
Пекарня Колос, Дубровка;ул. Шарикоподшипниковская, 36/18;55.715208;37.676171;kolos-osm-00392
Пекарня Колос, Генерала Дорохова;просп. Генерала Дорохова, 39 к2Б;55.715783;37.496644;kolos-osm-00393
Пекарня Колос, Шаболовская;ул. Хавская, 9;55.716077;37.613806;kolos-osm-00394
Пекарня Колос, Малая Калужская;ул. Малая Калужская, 1 с21;55.716474;37.600414;kolos-osm-00395
Пекарня Колос, Реутов, Заозёрная;Реутов, ул. Заозёрная, 14;55.716511;37.847947;kolos-osm-00396
Пекарня Колос, Окская;ул. 1-я Новокузьминская, 3;55.716969;37.785332;kolos-osm-00397
Пекарня Колос, Ленинский, 20 к1;Ленинский просп., 20 к1;55.717370;37.592270;kolos-osm-00398
Пекарня Колос, Рязанский, 34 к2;Рязанский просп., 34 к2;55.717782;37.786545;kolos-osm-00399
Пекарня Колос, Лужники, 24 с3;ул. Лужники, 24 с3;55.718248;37.548674;kolos-osm-00400
Пекарня Колос, Спортивная;Новолужнецкий пр., 9 с6;55.718412;37.561102;kolos-osm-00401
Пекарня Колос, Партийный;Партийный пер., 1 к57 с3;55.718777;37.631703;kolos-osm-00402
Пекарня Колос, Рязанский, 30/15;Рязанский просп., 30/15;55.718988;37.779810;kolos-osm-00403
Пекарня Колос, Шарикоподшипниковская;ул. Шарикоподшипниковская, 12;55.719539;37.673941;kolos-osm-00404
Пекарня Колос, Грайвороновская;ул. Грайвороновская, 16 к1;55.719695;37.733370;kolos-osm-00405
Пекарня Колос, Волгоградский, 32/3 к2;Волгоградский просп., 32/3 к2;55.719857;37.693896;kolos-osm-00406
Пекарня Колос, Волгоградский проспект;Волгоградский просп., 32/5 к1;55.720129;37.690892;kolos-osm-00407
Пекарня Колос, Дербеневская;ул. Дербеневская, 15Б;55.720357;37.648423;kolos-osm-00408
Пекарня Колос, Ленинский, 15А;Ленинский просп., 15А;55.720850;37.600383;kolos-osm-00409
Пекарня Колос, Ликино-Дулёво, Советская;Ликино-Дулёво, ул. Советская, 41Е;55.721285;38.949546;kolos-osm-00410
Пекарня Колос, Дубининская;ул. Дубининская, 55;55.721480;37.635775;kolos-osm-00411
Пекарня Колос, имени Воровского, Воровского;имени Воровского, ул. Воровского, 11;55.721936;38.339367;kolos-osm-00412
Пекарня Колос, Фрунзенская;ул. 3-я Фрунзенская, 13;55.722274;37.574581;kolos-osm-00413
Пекарня Колос, Донская;ул. Донская, 14;55.722557;37.605673;kolos-osm-00414
Пекарня Колос, Запорожская;ул. Запорожская, 1;55.722651;37.405948;kolos-osm-00415
Пекарня Колос, Рязанский, 18;Рязанский просп., 18;55.722900;37.768338;kolos-osm-00416
Пекарня Колос, Барвихинская;ул. Барвихинская, 13/3;55.723305;37.396453;kolos-osm-00417
Пекарня Колос, Автомобильный;Автомобильный пр., 10 с4;55.723521;37.709305;kolos-osm-00418
Пекарня Колос, Дубининская, 43;ул. Дубининская, 43;55.723879;37.636868;kolos-osm-00419
Пекарня Колос, Комсомольский;Комсомольский просп., 33/11;55.724064;37.578703;kolos-osm-00420
Пекарня Колос, Павелецкая;ул. Дубининская, 39 с1;55.724309;37.636975;kolos-osm-00421
Пекарня Колос, Марусино, Лухмановская;Марусино, ул. Лухмановская, 37;55.724563;37.911381;kolos-osm-00422
Пекарня Колос, Михайлова;ул. Михайлова, 30А;55.724746;37.774832;kolos-osm-00423
Пекарня Колос, Комсомольский, 29;Комсомольский просп., 29;55.725105;37.580189;kolos-osm-00424
Пекарня Колос, Стахановская;2-й Грайвороновский пр., 42 к3;55.725539;37.745485;kolos-osm-00425
Пекарня Колос, Ефремова;ул. Ефремова, 10 с1 к4/8;55.725991;37.573341;kolos-osm-00426
Пекарня Колос, Крымский Вал;ул. Крымский Вал, 9;55.726185;37.598606;kolos-osm-00427
Пекарня Колос, Волгоградский, 26А;Волгоградский просп., 26А;55.726570;37.681840;kolos-osm-00428
Пекарня Колос, Комсомольский, 28;Комсомольский просп., 28;55.726941;37.580530;kolos-osm-00429
Пекарня Колос, Кожевнический Вражек;ул. Кожевнический Вражек, 3А;55.727135;37.651761;kolos-osm-00430
Пекарня Колос, Марусино, Саввинская;Марусино, ул. Саввинская, 10;55.727467;38.031453;kolos-osm-00431
Пекарня Колос, Электроугли, Центральная;Электроугли, ул. Центральная, 110/15;55.727790;38.204881;kolos-osm-00432
Пекарня Колос, Серпуховская;ул. Люсиновская, 13 с1;55.727883;37.623461;kolos-osm-00433
Пекарня Колос, Люсиновская;ул. Люсиновская, 2;55.728030;37.622657;kolos-osm-00434
Пекарня Колос, Усачёва;ул. Усачёва, 11А;55.728170;37.571750;kolos-osm-00435
Пекарня Колос, Пролетарская;ул. Крутицкая, 17 с9;55.728443;37.658491;kolos-osm-00436
Пекарня Колос, Малая Пироговская;ул. Малая Пироговская, 13 с4;55.728741;37.569620;kolos-osm-00437
Пекарня Колос, Добрынинская;ул. Большая Серпуховская, 5;55.728844;37.625733;kolos-osm-00438
Пекарня Колос, Валовая;ул. Валовая, 35;55.729079;37.626802;kolos-osm-00439
Пекарня Колос, Крымский Вал, 9;ул. Крымский Вал, 9;55.729280;37.599320;kolos-osm-00440
Пекарня Колос, Звенигород, Ратехинское;Звенигород, Ратехинское ш., 8Д;55.729321;36.814964;kolos-osm-00441
Пекарня Колос, Зацепа;ул. Зацепа, 23;55.729531;37.632318;kolos-osm-00442
Пекарня Колос, Зарайская;ул. Зарайская, 33 к2;55.729796;37.770768;kolos-osm-00443
Пекарня Колос, Усачёва, 1 с1;ул. Усачёва, 1 с1;55.730039;37.575881;kolos-osm-00444
Пекарня Колос, Звенигород, Московская;Звенигород, ул. Московская, 10;55.730274;36.852585;kolos-osm-00445
Пекарня Колос, Кожевническая;ул. Кожевническая, 7 с1;55.730433;37.645467;kolos-osm-00446
Пекарня Колос, 3-й Крутицкий;3-й Крутицкий пер., 13;55.730834;37.663953;kolos-osm-00447
Пекарня Колос, Шлюзовая;Шлюзовая наб., 2А;55.730943;37.644146;kolos-osm-00448
Пекарня Колос, Октябрьская;Крымский туп., 12;55.731082;37.609448;kolos-osm-00449
Пекарня Колос, Валовая, 2-4/44 с1;ул. Валовая, 2-4/44 с1;55.731115;37.634763;kolos-osm-00450
Пекарня Колос, Крымский Вал, 8/25;ул. Крымский Вал, 8/25;55.731364;37.608700;kolos-osm-00451
Пекарня Колос, Павелецкая, 1;Павелецкая пл., 1;55.731733;37.640736;kolos-osm-00452
Пекарня Колос, Кунцевская;Рублёвское ш., 4 с1;55.732135;37.446378;kolos-osm-00453
Пекарня Колос, Большая Якиманка;ул. Большая Якиманка, 50;55.732178;37.611762;kolos-osm-00454
Пекарня Колос, Зацепский Вал;ул. Зацепский Вал, 5;55.732516;37.640809;kolos-osm-00455
Пекарня Колос, Большая Ордынка;ул. Большая Ордынка, 62 с1;55.732669;37.623936;kolos-osm-00456
Пекарня Колос, Крестьянская Застава;ул. Иерусалимская, 4 с1;55.733021;37.675928;kolos-osm-00457
Пекарня Колос, Герасима Курина;ул. Герасима Курина, 10;55.733083;37.481613;kolos-osm-00458
Пекарня Колос, Новокузнецкая;ул. Новокузнецкая, 33 с1;55.733356;37.634461;kolos-osm-00459
Пекарня Колос, Нижегородская;Перовское ш., 2 к1;55.733870;37.738777;kolos-osm-00460
Пекарня Колос, Марксистская;ул. Марксистская, 38;55.733964;37.667131;kolos-osm-00461
Пекарня Колос, Волгоградский, 1 с1А;Волгоградский просп., 1 с1А;55.734170;37.670184;kolos-osm-00462
Пекарня Колос, Молодогвардейская;ул. Молодогвардейская, 40 к1;55.734527;37.414844;kolos-osm-00463
Пекарня Колос, Звенигород, Парковая;Звенигород, ул. Парковая, 22А;55.734802;36.867505;kolos-osm-00464
Пекарня Колос, Новокузнецкая, 29 с2;ул. Новокузнецкая, 29 с2;55.734960;37.633865;kolos-osm-00465
Пекарня Колос, 3-я Карачаровская;ул. 3-я Карачаровская, 11;55.735093;37.750944;kolos-osm-00466
Пекарня Колос, Парк Культуры;ул. Тимура Фрунзе, 11 с33;55.735270;37.587646;kolos-osm-00467
Пекарня Колос, Тимура Фрунзе;ул. Тимура Фрунзе, 22;55.735687;37.588356;kolos-osm-00468
Пекарня Колос, Воронцовская;ул. Воронцовская, 25 с1;55.735932;37.660515;kolos-osm-00469
Пекарня Колос, Марксистская, 34 к7;ул. Марксистская, 34 к7;55.736018;37.663834;kolos-osm-00470
Пекарня Колос, Абельмановская;ул. Абельмановская, 7;55.736187;37.671705;kolos-osm-00471
Пекарня Колос, Пионерская;ул. Пивченкова, 9;55.736501;37.475443;kolos-osm-00472
Пекарня Колос, Маршала Сергеева;Маршала Сергеева, 3;55.736644;37.418554;kolos-osm-00473
Пекарня Колос, Зубовский;Зубовский бул., 2 с5;55.736785;37.594433;kolos-osm-00474
Пекарня Колос, Нижегородская, 32 с3;ул. Нижегородская, 32 с3;55.737080;37.689973;kolos-osm-00475
Пекарня Колос, Полянка;ул. Большая Полянка, 26 с1;55.737191;37.618827;kolos-osm-00476
Пекарня Колос, Третьяковская;ул. Пятницкая, 45;55.737390;37.628348;kolos-osm-00477
Пекарня Колос, Пречистенская;Пречистенская наб., 11 с2;55.737584;37.602846;kolos-osm-00478
Пекарня Колос, Новокосинская;ул. Новокосинская, 15А с1;55.737694;37.854633;kolos-osm-00479
Пекарня Колос, Парк Победы;ул. Неверовского, 9;55.737821;37.509906;kolos-osm-00480
Пекарня Колос, Таганская;ул. Большие Каменщики, 4;55.737943;37.653505;kolos-osm-00481
Пекарня Колос, Старый Гай;ул. Старый Гай, 7;55.738184;37.829109;kolos-osm-00482
Пекарня Колос, Большая Ордынка, 31/12 с1;ул. Большая Ордынка, 31/12 с1;55.738198;37.624639;kolos-osm-00483
Пекарня Колос, Ярцевская;ул. Ярцевская, 19;55.738400;37.411167;kolos-osm-00484
Пекарня Колос, Марксистская, 3 с1;ул. Марксистская, 3 с1;55.738663;37.660950;kolos-osm-00485
Пекарня Колос, Большая Полянка;ул. Большая Полянка, 19;55.738836;37.618179;kolos-osm-00486
Пекарня Колос, Кусковская;ул. Кусковская, 16;55.738866;37.780560;kolos-osm-00487
Пекарня Колос, Новокузнецкая, 4/12с2;Новокузнецкая, 4/12с2;55.739206;37.629665;kolos-osm-00488
Пекарня Колос, 1-й Голутвинский;1-й Голутвинский пер., 3-5 с1;55.739359;37.613605;kolos-osm-00489
Пекарня Колос, Таганская, 31/22;ул. Таганская, 31/22;55.739476;37.670353;kolos-osm-00490
Пекарня Колос, Таганская, 29 с1;ул. Таганская, 29 с1;55.739626;37.667517;kolos-osm-00491
Пекарня Колос, Озерковская;Озерковская наб., 22/24 с3;55.740023;37.635957;kolos-osm-00492
Пекарня Колос, Марусино, Героев;Марусино, просп. Героев, 9;55.740112;38.003314;kolos-osm-00493
Пекарня Колос, Большая Полянка, 9;ул. Большая Полянка, 9;55.740191;37.617280;kolos-osm-00494
Пекарня Колос, Большой Толмачёвский;Большой Толмачёвский пер., 5 с11;55.740363;37.620750;kolos-osm-00495
Пекарня Колос, Берсеневская;Берсеневская наб., 6 с4;55.740378;37.609686;kolos-osm-00496
Пекарня Колос, Реутов, Мирской;Реутов, Мирской пр., 4;55.740596;37.883824;kolos-osm-00497
Пекарня Колос, Рублёвское;Рублёвское ш., 91 к4;55.740794;37.427873;kolos-osm-00498
Пекарня Колос, Кетчерская;ул. Кетчерская, 2А с4;55.740898;37.818595;kolos-osm-00499
Пекарня Колос, Кутузовская;Кутузовский просп., 30;55.740975;37.536000;kolos-osm-00500
Пекарня Колос, Климентовский;Климентовский пер., 6;55.741140;37.630297;kolos-osm-00501
Пекарня Колос, Рублёвское, 91А;Рублёвское ш., 91А;55.741306;37.428672;kolos-osm-00502
Пекарня Колос, Лаврушинский;Лаврушинский пер., 10 с1;55.741562;37.620539;kolos-osm-00503
Пекарня Колос, Кутузовский;Кутузовский просп., 32 к1;55.741624;37.531125;kolos-osm-00504
Пекарня Колос, Большой Факельный;Большой Факельный пер., 8;55.741863;37.663007;kolos-osm-00505
Пекарня Колос, Большая Татарская;ул. Большая Татарская, 7;55.742092;37.633811;kolos-osm-00506
Пекарня Колос, Нижняя Радищевская;ул. Нижняя Радищевская, 5 с1;55.742174;37.652973;kolos-osm-00507
Пекарня Колос, Марусино, Юбилейная;Марусино, ул. Юбилейная, 1А;55.742562;38.017150;kolos-osm-00508
Пекарня Колос, Багратионовская;Багратионовский пр., 7 к20А;55.742586;37.502454;kolos-osm-00509
Пекарня Колос, Большая Андроньевская;ул. Большая Андроньевская, 11/13;55.742963;37.671215;kolos-osm-00510
Пекарня Колос, Кадашёвская;Кадашёвская наб., 6/1/2 с1;55.743020;37.617415;kolos-osm-00511
Пекарня Колос, Гончарная;ул. Гончарная, 23 с1;55.743146;37.649682;kolos-osm-00512
Пекарня Колос, Киевская;ул. Можайский Вал, 8;55.743339;37.555912;kolos-osm-00513
Пекарня Колос, Киевского Вокзала;пл. Киевского Вокзала, 1;55.743419;37.566169;kolos-osm-00514
Пекарня Колос, Римская;ул. Рогожский Вал, 7;55.743623;37.677892;kolos-osm-00515
Пекарня Колос, Марусино, Граничная;Марусино, ул. Граничная, 36;55.743750;37.982708;kolos-osm-00516
Пекарня Колос, Брянская;ул. Брянская, 5;55.744112;37.561633;kolos-osm-00517
Пекарня Колос, Пятницкая;ул. Пятницкая, 9/28 с1;55.744265;37.627892;kolos-osm-00518
Пекарня Колос, Новокосино;ул. Суздальская, 11Б;55.744330;37.853823;kolos-osm-00519
Пекарня Колос, Большой Овчинниковский;Большой Овчинниковский пер., 16;55.744520;37.630438;kolos-osm-00520
Пекарня Колос, Платовская;ул. Платовская, 4;55.744788;37.555268;kolos-osm-00521
Пекарня Колос, Пятницкая, 4/2 с9;ул. Пятницкая, 4/2 с9;55.744802;37.627140;kolos-osm-00522
Пекарня Колос, Барклая;ул. Барклая, 12;55.745011;37.499596;kolos-osm-00523
Пекарня Колос, Раевского;ул. Раевского, 4;55.745050;37.552080;kolos-osm-00524
Пекарня Колос, Носовихинское;Носовихинское ш., 5;55.745458;37.857609;kolos-osm-00525
Пекарня Колос, Большая Дорогомиловская;ул. Большая Дорогомиловская, 5 к2;55.745633;37.560619;kolos-osm-00526
Пекарня Колос, Носовихинское, 11;Носовихинское ш., 11;55.745696;37.862447;kolos-osm-00527
Пекарня Колос, Авиамоторная;ул. Авиамоторная, 28/6;55.745991;37.720240;kolos-osm-00528
Пекарня Колос, Кропоткинская;Большой Знаменский пер., 2 с3;55.746098;37.602045;kolos-osm-00529
Пекарня Колос, Марусино, Луговая;Марусино, ул. Луговая, 2Е;55.746291;38.035614;kolos-osm-00530
Пекарня Колос, Большая Филёвская;ул. Большая Филёвская, 21 к2;55.746413;37.493034;kolos-osm-00531
Пекарня Колос, Гоголевский;Гоголевский бул., 17 с1;55.746530;37.599138;kolos-osm-00532
Пекарня Колос, Дрезна, Советская;Дрезна, ул. Советская, 12А;55.746732;38.852751;kolos-osm-00533
Пекарня Колос, Площадь Ильича;ул. Сергия Радонежского, 29-31 с1;55.746917;37.679192;kolos-osm-00534
Пекарня Колос, Волхонка;ул. Волхонка, 9 с1;55.747004;37.607336;kolos-osm-00535
Пекарня Колос, Ленивка;ул. Ленивка, 3 с3;55.747018;37.608303;kolos-osm-00536
Пекарня Колос, Сергия Радонежского;ул. Сергия Радонежского, 9 с1;55.747225;37.675285;kolos-osm-00537
Пекарня Колос, Москва-Сити;ул. Тестовская, 1;55.747598;37.532915;kolos-osm-00538
Пекарня Колос, Энтузиастов;ш. Энтузиастов, 1 к2;55.747703;37.688297;kolos-osm-00539
Пекарня Колос, Колымажный;Колымажный пер., 8/4 с7;55.747768;37.605622;kolos-osm-00540
Пекарня Колос, Смоленская;Троилинский пер., 3;55.747951;37.584078;kolos-osm-00541
Пекарня Колос, Перовская;ул. Перовская, 1;55.748062;37.755406;kolos-osm-00542
Пекарня Колос, Пресненская;Пресненская наб., 2;55.748263;37.536992;kolos-osm-00543
Пекарня Колос, Крылатские Холмы;ул. Крылатские Холмы, 5;55.748482;37.423696;kolos-osm-00544
Пекарня Колос, Марусино, Октябрьская;Марусино, ул. Октябрьская, 23;55.748645;38.000276;kolos-osm-00545
Пекарня Колос, Арбат;ул. Арбат, 39;55.748811;37.589715;kolos-osm-00546
Пекарня Колос, Марусино, Граничная, 10А;Марусино, ул. Граничная, 10А;55.749033;37.985632;kolos-osm-00547
Пекарня Колос, Карманицкий;Карманицкий пер., 3;55.749139;37.586484;kolos-osm-00548
Пекарня Колос, Реутов, Новокосино;Реутов, ул. Котовского, 9;55.749365;37.868617;kolos-osm-00549
Пекарня Колос, Электроугли, Октябрьская;Электроугли, ул. Октябрьская, 16;55.749499;38.144676;kolos-osm-00550
Пекарня Колос, Юбилейный;Юбилейный просп., 30/2;55.749649;37.865387;kolos-osm-00551
Пекарня Колос, Деловой центр;Пресненская наб., 2;55.750004;37.542410;kolos-osm-00552
Пекарня Колос, Марусино, Жилгородок;Марусино, ул. Жилгородок, 6;55.750032;37.986675;kolos-osm-00553
Пекарня Колос, Южная;ул. Южная, 2Б;55.750175;37.860266;kolos-osm-00554
Пекарня Колос, Серебряническая;Серебряническая наб., 29;55.750479;37.652918;kolos-osm-00555
Пекарня Колос, Балашиха, Жилгородок;Балашиха, ул. Жилгородок, 9Б;55.750549;37.988242;kolos-osm-00556
Пекарня Колос, Чкаловская;ул. Воронцово Поле, 10 с18;55.750642;37.654311;kolos-osm-00557
Пекарня Колос, Марусино, Октябрьская, 5;Марусино, ул. Октябрьская, 5;55.750911;38.004213;kolos-osm-00558
Пекарня Колос, Реутов, Носовихинское;Реутов, Носовихинское ш., 249А;55.750925;37.938971;kolos-osm-00559
Пекарня Колос, Малый Николопесковский;Малый Николопесковский пер., 9/1 с2;55.751072;37.591352;kolos-osm-00560
Пекарня Колос, Реутов, Носовихинское, 232Б;Реутов, Носовихинское ш., 232Б;55.751081;37.923267;kolos-osm-00561
Пекарня Колос, Реутов, Носовихинское, 14;Реутов, Носовихинское ш., 14;55.751275;37.888788;kolos-osm-00562
Пекарня Колос, Фили;ул. Большая Филёвская, 3 к1;55.751463;37.517285;kolos-osm-00563
Пекарня Колос, Красноказарменная;ул. Красноказарменная, 14А к4;55.751471;37.708003;kolos-osm-00564
Пекарня Колос, Октября;ул. Октября, 10;55.751580;37.859038;kolos-osm-00565
Пекарня Колос, Арбатская;ул. Арбат, 1;55.751682;37.598453;kolos-osm-00566
Пекарня Колос, Балашиха, Центральная;Балашиха, ул. Центральная, 40 вл3;55.751827;37.954826;kolos-osm-00567
Пекарня Колос, Власиха, Центральная;Власиха, ул. Центральная, 10А;55.752014;37.215205;kolos-osm-00568
Пекарня Колос, Новый Арбат;ул. Новый Арбат, 17;55.752161;37.591028;kolos-osm-00569
Пекарня Колос, Реутов, Носовихинское, 45;Реутов, Носовихинское ш., 45;55.752216;37.887519;kolos-osm-00570
Пекарня Колос, Реутов, Носовихинское, 102 с1;Реутов, Носовихинское ш., 102 с1;55.752266;37.900417;kolos-osm-00571
Пекарня Колос, Воздвиженка;ул. Воздвиженка, 9 с2;55.752537;37.603552;kolos-osm-00572
Пекарня Колос, Красноказарменная, 14А к5;ул. Красноказарменная, 14А к5;55.752569;37.706417;kolos-osm-00573
Пекарня Колос, Нижняя Сыромятническая;ул. Нижняя Сыромятническая, 10 с8;55.752858;37.669389;kolos-osm-00574
Пекарня Колос, Воронцово Поле;ул. Воронцово Поле, 2/1;55.752868;37.647577;kolos-osm-00575
Пекарня Колос, Новый Арбат, 6;ул. Новый Арбат, 6;55.753107;37.596467;kolos-osm-00576
Пекарня Колос, Реутов, Октября;Реутов, ул. Октября, 18;55.753227;37.868662;kolos-osm-00577
Пекарня Колос, Шоссе Энтузиастов;ул. Плеханова, 6 к30;55.753400;37.753210;kolos-osm-00578
Пекарня Колос, Никитский;Никитский бул., 5;55.753540;37.600176;kolos-osm-00579
Пекарня Колос, Реутов, Юбилейный;Реутов, Юбилейный просп., 51;55.753637;37.878954;kolos-osm-00580
Пекарня Колос, Курская;2-й Сыромятнический пер., 1;55.753819;37.661736;kolos-osm-00581
Пекарня Колос, Верхняя Сыромятническая;ул. Верхняя Сыромятническая, 2;55.754288;37.659903;kolos-osm-00582
Пекарня Колос, Реутов, Ленина;Реутов, ул. Ленина, 4;55.754369;37.859117;kolos-osm-00583
Пекарня Колос, Площадь Революции;Ветошный пер., 17;55.754422;37.622818;kolos-osm-00584
Пекарня Колос, Электродная;ул. Электродная, 2 с13;55.754528;37.750034;kolos-osm-00585
Пекарня Колос, Авиамоторная, 10 к1;ул. Авиамоторная, 10 к1;55.754529;37.715533;kolos-osm-00586
Пекарня Колос, Красная;Красная пл., 3;55.754658;37.621291;kolos-osm-00587
Пекарня Колос, Дурасовский;Дурасовский пер., 1;55.754872;37.649056;kolos-osm-00588
Пекарня Колос, Верхняя Сыромятническая, 7 с10;ул. Верхняя Сыромятническая, 7 с10;55.755035;37.661358;kolos-osm-00589
Пекарня Колос, Береговой;Береговой пр., 5А к2;55.755143;37.509022;kolos-osm-00590
Пекарня Колос, Новая;ул. Новая, 2Б;55.755291;37.844562;kolos-osm-00591
Пекарня Колос, Береговой, 5А к1;Береговой пр., 5А к1;55.755302;37.509916;kolos-osm-00592
Пекарня Колос, Мантулинская;ул. Мантулинская, 5 с5;55.755688;37.551011;kolos-osm-00593
Пекарня Колос, Богоявленский;Богоявленский пер., 2 с6;55.755849;37.622819;kolos-osm-00594
Пекарня Колос, Никольская;ул. Никольская, 7-9 с4;55.756063;37.620475;kolos-osm-00595
Пекарня Колос, Мантулинская, 5 с11;ул. Мантулинская, 5 с11;55.756128;37.554868;kolos-osm-00596
Пекарня Колос, Мантулинская, 16;ул. Мантулинская, 16;55.756306;37.552540;kolos-osm-00597
Пекарня Колос, Мантулинская, 12;ул. Мантулинская, 12;55.756474;37.554110;kolos-osm-00598
Пекарня Колос, Красноказарменная, 15 к2;ул. Красноказарменная, 15 к2;55.756552;37.705955;kolos-osm-00599
Пекарня Колос, Самокатная;ул. Самокатная, 4 с13;55.756648;37.676132;kolos-osm-00600
Пекарня Колос, Театральная;ул. Никольская, 7-9 с15;55.756650;37.619274;kolos-osm-00601
Пекарня Колос, Крылатское;Осенний бул., 10 к1;55.756725;37.408981;kolos-osm-00602
Пекарня Колос, Электродная, 2 с1;ул. Электродная, 2 с1;55.756878;37.750919;kolos-osm-00603
Пекарня Колос, Александровский сад;Брюсов пер., 2/14 с8;55.757125;37.605286;kolos-osm-00604
Пекарня Колос, Подсосенский;Подсосенский пер., 17;55.757132;37.652553;kolos-osm-00605
Пекарня Колос, Анны Северьяновой;ул. Анны Северьяновой, 3 с3;55.757264;37.553008;kolos-osm-00606
Пекарня Колос, 1905 года;ул. 1905 года, 1;55.757416;37.558128;kolos-osm-00607
Пекарня Колос, Охотный ряд;Газетный пер., 3-5 с1;55.757668;37.608619;kolos-osm-00608
Пекарня Колос, Малая Никитская;ул. Малая Никитская, 2/1 с1;55.757910;37.597373;kolos-osm-00609
Пекарня Колос, МКАД, 3-й километр;МКАД, 3-й километр, 7;55.758023;37.843323;kolos-osm-00610
Пекарня Колос, Китай-город;ул. Покровка, 2/1 с1;55.758200;37.639300;kolos-osm-00611
Пекарня Колос, Тверской;Тверской бул., 3/1;55.758213;37.597975;kolos-osm-00612
Пекарня Колос, Энтузиастов, 50А с6;ш. Энтузиастов, 50А с6;55.758331;37.758347;kolos-osm-00613
Пекарня Колос, Покровка;ул. Покровка, 4 с1;55.758580;37.641092;kolos-osm-00614
Пекарня Колос, Малая Никитская, 12 с1;ул. Малая Никитская, 12 с1;55.758601;37.593941;kolos-osm-00615
Пекарня Колос, Тверская;ул. Тверская, 4;55.758670;37.612919;kolos-osm-00616
Пекарня Колос, Покровка, 20 с3;ул. Покровка, 20 с3;55.758772;37.647514;kolos-osm-00617
Пекарня Колос, Яковоапостольский;Яковоапостольский пер., 12 с1;55.758936;37.656080;kolos-osm-00618
Пекарня Колос, Лефортово;ул. Энергетическая, 14 к1;55.759053;37.708484;kolos-osm-00619
Пекарня Колос, Барашёвский;Барашёвский пер., 4;55.759234;37.649196;kolos-osm-00620
Пекарня Колос, Брюсов;Брюсов пер., 8/10 с1;55.759445;37.608756;kolos-osm-00621
Пекарня Колос, Авиамоторная, 6 с8;ул. Авиамоторная, 6 с8;55.759607;37.715844;kolos-osm-00622
Пекарня Колос, Покровка, 26/1 с1;ул. Покровка, 26/1 с1;55.759838;37.648909;kolos-osm-00623
Пекарня Колос, Реутов, Вишняковское;Реутов, Вишняковское ш., 2Б;55.759946;37.896607;kolos-osm-00624
Пекарня Колос, Электродный;Электродный пр., 16;55.760019;37.752909;kolos-osm-00625
Пекарня Колос, Реутов, Разинское;Реутов, Разинское ш., 12;55.760190;37.922260;kolos-osm-00626
Пекарня Колос, Шелепиха;Причальный пр., 10 к2;55.760421;37.515875;kolos-osm-00627
Пекарня Колос, Красноказарменная, 3 с1;ул. Красноказарменная, 3 с1;55.760548;37.690624;kolos-osm-00628
Пекарня Колос, Нижний Сусальный;Нижний Сусальный пер., 5 соор2;55.760776;37.662582;kolos-osm-00629
Пекарня Колос, Нижний Сусальный, 5 с11;Нижний Сусальный пер., 5 с11;55.760848;37.666366;kolos-osm-00630
Пекарня Колос, Реутов, Победы;Реутов, ул. Победы, 2;55.760873;37.861577;kolos-osm-00631
Пекарня Колос, Кузнецкий Мост;ул. Рождественка, 5/7 с2;55.761065;37.623379;kolos-osm-00632
Пекарня Колос, Чистые пруды;Архангельский пер., 7 с1;55.761141;37.637551;kolos-osm-00633
Пекарня Колос, Академика Туполева;наб. Академика Туполева, 15 к29;55.761304;37.680221;kolos-osm-00634
Пекарня Колос, Сергея Макеева;ул. Сергея Макеева, 9 к2;55.761454;37.550377;kolos-osm-00635
Пекарня Колос, Лубянка;ул. Мясницкая, 11;55.761559;37.632654;kolos-osm-00636
Пекарня Колос, Малая Бронная;ул. Малая Бронная, 16;55.761664;37.596016;kolos-osm-00637
Пекарня Колос, Милютинский;Милютинский пер., 6 с1;55.761889;37.632217;kolos-osm-00638
Пекарня Колос, Кузнецкий Мост, 18/7;ул. Кузнецкий Мост, 18/7;55.761925;37.623340;kolos-osm-00639
Пекарня Колос, Баррикадная;ул. Садовая-Кудринская, 9 с2;55.762139;37.585038;kolos-osm-00640
Пекарня Колос, Улица 1905 года;ул. 2-я Звенигородская, 13 с4;55.762172;37.554716;kolos-osm-00641
Пекарня Колос, Красная Пресня;ул. Красная Пресня, 29;55.762287;37.564239;kolos-osm-00642
Пекарня Колос, Радио;ул. Радио, 24 к1;55.762487;37.683784;kolos-osm-00643
Пекарня Колос, Большой Патриарший;Большой Патриарший пер., 4;55.762611;37.592019;kolos-osm-00644
Пекарня Колос, 2-я Звенигородская;ул. 2-я Звенигородская, 12 с23;55.762635;37.556626;kolos-osm-00645
Пекарня Колос, Красная Пресня, 38;ул. Красная Пресня, 38;55.762688;37.566093;kolos-osm-00646
Пекарня Колос, Кривоколенный;Кривоколенный пер., 9 с2;55.762802;37.637411;kolos-osm-00647
Пекарня Колос, Спиридоновка;ул. Спиридоновка, 27/24;55.762985;37.588059;kolos-osm-00648
Пекарня Колос, 2-я Звенигородская, 16;ул. 2-я Звенигородская, 16;55.763199;37.555210;kolos-osm-00649
Пекарня Колос, Чеховская;Столешников пер., 9/1;55.763307;37.615058;kolos-osm-00650
Пекарня Колос, Энтузиастов, 86А к3;ш. Энтузиастов, 86А к3;55.763467;37.798437;kolos-osm-00651
Пекарня Колос, Тверская, 12 с9;ул. Тверская, 12 с9;55.763518;37.609399;kolos-osm-00652
Пекарня Колос, Звенигородское;Звенигородское ш., 3А с2;55.763644;37.556081;kolos-osm-00653
Пекарня Колос, Мясницкая;ул. Мясницкая, 26А с17;55.763987;37.639036;kolos-osm-00654
Пекарня Колос, Столярный;Столярный пер., 3 к12;55.764110;37.568773;kolos-osm-00655
Пекарня Колос, Красные Ворота;ул. Машкова, 22;55.764267;37.653134;kolos-osm-00656
Пекарня Колос, Краснопресненская;ул. Большая Грузинская, 1 с110;55.764292;37.574285;kolos-osm-00657
Пекарня Колос, Балашиха, Разинское;Балашиха, Разинское ш., 32Б;55.764502;37.923540;kolos-osm-00658
Пекарня Колос, Наличная;ул. Наличная, 3;55.764628;37.704171;kolos-osm-00659
Пекарня Колос, Старая Басманная;ул. Старая Басманная, 12 с1;55.764944;37.659283;kolos-osm-00660
Пекарня Колос, Тургеневская;Бобров пер., 6 с2;55.764969;37.634200;kolos-osm-00661
Пекарня Колос, Столярный, 3 к14;Столярный пер., 3 к14;55.765150;37.569160;kolos-osm-00662
Пекарня Колос, Трубная;ул. Неглинная, 16/2 с4;55.765273;37.620505;kolos-osm-00663
Пекарня Колос, Большая Дмитровка;ул. Большая Дмитровка, 32 с1;55.765539;37.610706;kolos-osm-00664
Пекарня Колос, Неглинная;ул. Неглинная, 18 с1;55.765693;37.620930;kolos-osm-00665
Пекарня Колос, Тверская, 18 к1;ул. Тверская, 18 к1;55.765844;37.604856;kolos-osm-00666
Пекарня Колос, Пушкинская;Страстной бул., 8/23;55.766124;37.609368;kolos-osm-00667
Пекарня Колос, Рождественский;Рождественский бул., 16 с1;55.766216;37.629084;kolos-osm-00668
Пекарня Колос, Рождественский, 20 с1;Рождественский бул., 20 с1;55.766299;37.629966;kolos-osm-00669
Пекарня Колос, Старая Басманная, 18 с4;ул. Старая Басманная, 18 с4;55.766469;37.663504;kolos-osm-00670
Пекарня Колос, Денисовский;Денисовский пер., 30 с1;55.766659;37.677863;kolos-osm-00671
Пекарня Колос, Петровка;ул. Петровка, 28 с5;55.766864;37.614929;kolos-osm-00672
Пекарня Колос, Электросталь, Ялагина;Электросталь, ул. Ялагина, 17;55.767029;38.421500;kolos-osm-00673
Пекарня Колос, Петровка, 25 с1;ул. Петровка, 25 с1;55.767184;37.613921;kolos-osm-00674
Пекарня Колос, Маяковская;ул. Большая Садовая, 10;55.767210;37.593236;kolos-osm-00675
Пекарня Колос, Большая Декабрьская;ул. Большая Декабрьская, 13;55.767381;37.555263;kolos-osm-00676
Пекарня Колос, Бауманская;ул. Бауманская, 58/25 с6;55.767455;37.679489;kolos-osm-00677
Пекарня Колос, 60-й километр МКАД;60-й километр МКАД, 4Б/1;55.767688;37.371355;kolos-osm-00678
Пекарня Колос, Реутов, Победы, 30;Реутов, ул. Победы, 30;55.767913;37.847318;kolos-osm-00679
Пекарня Колос, Боярский;Боярский пер., 4 с1;55.768015;37.647678;kolos-osm-00680
Пекарня Колос, Петровка, 30/7;ул. Петровка, 30/7;55.768175;37.614878;kolos-osm-00681
Пекарня Колос, Успенский;Успенский пер., 8;55.768372;37.608014;kolos-osm-00682
Пекарня Колос, Трубная, 12;ул. Трубная, 12;55.768535;37.624168;kolos-osm-00683
Пекарня Колос, Гашека;ул. Гашека, 6;55.768684;37.590323;kolos-osm-00684
Пекарня Колос, Большая Садовая;ул. Большая Садовая, 5 к1;55.769001;37.592054;kolos-osm-00685
Пекарня Колос, Спартаковская;ул. Спартаковская, 2 к5;55.769266;37.670676;kolos-osm-00686
Пекарня Колос, Юлиуса Фучика;ул. Юлиуса Фучика, 2/30;55.769322;37.586481;kolos-osm-00687
Пекарня Колос, Большой Тишинский;Большой Тишинский пер., 45;55.769449;37.567073;kolos-osm-00688
Пекарня Колос, Новая Басманная;ул. Новая Басманная, 30;55.769602;37.667287;kolos-osm-00689
Пекарня Колос, Новая Басманная, 13/2 с1;ул. Новая Басманная, 13/2 с1;55.769766;37.657358;kolos-osm-00690
Пекарня Колос, Садовая-Спасская;ул. Садовая-Спасская, 19 к3;55.769964;37.647352;kolos-osm-00691
Пекарня Колос, Ходынская;ул. Ходынская, 2 c1;55.770075;37.564960;kolos-osm-00692
Пекарня Колос, 1-я Тверская-Ямская;ул. 1-я Тверская-Ямская, 2 с1;55.770341;37.596441;kolos-osm-00693
Пекарня Колос, Малый Сухаревский;Малый Сухаревский пер., 9 с1;55.770480;37.624263;kolos-osm-00694
Пекарня Колос, Садовая-Триумфальная;ул. Садовая-Триумфальная, 4-10;55.770724;37.600055;kolos-osm-00695
Пекарня Колос, Васильевская;ул. Васильевская, 4;55.770804;37.586800;kolos-osm-00696
Пекарня Колос, Хорошёвская;ул. 1-я Магистральная, 25;55.770940;37.517828;kolos-osm-00697
Пекарня Колос, Цветной бульвар;Малый Каретный пер., 6;55.771094;37.613023;kolos-osm-00698
Пекарня Колос, Белорусская;ул. Большая Грузинская, 57 с1;55.771195;37.583158;kolos-osm-00699
Пекарня Колос, Пресненский Вал;ул. Пресненский Вал, 21;55.771352;37.568981;kolos-osm-00700
Пекарня Колос, Малая Почтовая;ул. Малая Почтовая, 8 с3;55.771410;37.686258;kolos-osm-00701
Пекарня Колос, Сухаревская;Большая Сухаревская пл., 16/18 с1;55.771710;37.637251;kolos-osm-00702
Пекарня Колос, Спартаковская, 8;ул. Спартаковская, 8;55.771766;37.673891;kolos-osm-00703
Пекарня Колос, Трубная, 27 с2;ул. Трубная, 27 с2;55.771980;37.624895;kolos-osm-00704
Пекарня Колос, Красногорск, Заповедная;Красногорск, ул. Заповедная, 20;55.772016;37.227966;kolos-osm-00705
Пекарня Колос, Спартаковская, 12;ул. Спартаковская, 12;55.772317;37.675450;kolos-osm-00706
Пекарня Колос, Новая Дорога;ул. Новая Дорога, 9;55.772453;37.700636;kolos-osm-00707
Пекарня Колос, Комсомольская;ул. Каланчёвская, 15А;55.772517;37.651901;kolos-osm-00708
Пекарня Колос, Садовая-Каретная;ул. Садовая-Каретная, 20 с1;55.772720;37.610280;kolos-osm-00709
Пекарня Колос, Каланчёвская;ул. Каланчёвская, 17 с1;55.772919;37.652178;kolos-osm-00710
Пекарня Колос, 5-я Магистральная;ул. 5-я Магистральная, 12;55.772964;37.527067;kolos-osm-00711
Пекарня Колос, 9-я Соколиной Горы;9-я ул. Соколиной Горы, 19 с2;55.773080;37.736788;kolos-osm-00712
Пекарня Колос, 2-я Брестская;ул. 2-я Брестская, 30;55.773161;37.587141;kolos-osm-00713
Пекарня Колос, Садовая-Самотёчная;ул. Садовая-Самотёчная, 20 с1;55.773294;37.619356;kolos-osm-00714
Пекарня Колос, Народного Ополчения;ул. Народного Ополчения, 15 к1;55.773480;37.475108;kolos-osm-00715
Пекарня Колос, Бакунинская;ул. Бакунинская, 7 с5;55.773718;37.679882;kolos-osm-00716
Пекарня Колос, Маши Порываевой;ул. Маши Порываевой, 38 с1;55.773883;37.650091;kolos-osm-00717
Пекарня Колос, Большая Почтовая;ул. Большая Почтовая, 18/20 с15;55.774217;37.691593;kolos-osm-00718
Пекарня Колос, 2-й Хорошёвский;2-й Хорошёвский пр., 7 к1;55.774280;37.532786;kolos-osm-00719
Пекарня Колос, Народный;Народный просп., 17 с24;55.774523;37.754427;kolos-osm-00720
Пекарня Колос, Красносельская;ул. Нижняя Красносельская, 40/12 к1;55.774770;37.668895;kolos-osm-00721
Пекарня Колос, 2-я Тверская-Ямская;ул. 2-я Тверская-Ямская, 52 с1;55.774787;37.589541;kolos-osm-00722
Пекарня Колос, Александра Невского;ул. Александра Невского, 1;55.775036;37.592601;kolos-osm-00723
Пекарня Колос, Павловский Посад, Большой Железнодорожный;Павловский Посад, Большой Железнодорожный пр., 31;55.775194;38.651529;kolos-osm-00724
Пекарня Колос, Вольная;ул. Вольная, 28/4 к2;55.775591;37.737867;kolos-osm-00725
Пекарня Колос, Электросталь, Рабочая;Электросталь, ул. Рабочая, 35А к339;55.775754;38.469905;kolos-osm-00726
Пекарня Колос, Павловский Посад, Большой Железнодорожный, 23 к7;Павловский Посад, Большой Железнодорожный пр., 23 к7;55.775870;38.663106;kolos-osm-00727
Пекарня Колос, Переведеновский;Переведеновский пер., 2А;55.775918;37.683238;kolos-osm-00728
Пекарня Колос, Верхняя;ул. Верхняя, 3 к2;55.776391;37.575361;kolos-osm-00729
Пекарня Колос, Гиляровского;ул. Гиляровского, 17;55.776637;37.630286;kolos-osm-00730
Пекарня Колос, Большая Спасская;ул. Большая Спасская, 35;55.776871;37.646711;kolos-osm-00731
Пекарня Колос, Новослободская;ул. Краснопролетарская, 16 с1;55.777025;37.607146;kolos-osm-00732
Пекарня Колос, Краснопрудная;ул. Краснопрудная, 3/5;55.777391;37.660557;kolos-osm-00733
Пекарня Колос, Проспект Мира;просп. Мира, 26 с1;55.777491;37.632917;kolos-osm-00734
Пекарня Колос, Лесная;ул. Лесная, 5;55.777643;37.586871;kolos-osm-00735
Пекарня Колос, Щепкина;ул. Щепкина, 25/20;55.777765;37.628158;kolos-osm-00736
Пекарня Колос, Полежаевская;Хорошёвское ш., 92;55.778009;37.514452;kolos-osm-00737
Пекарня Колос, Бутырский Вал;ул. Бутырский Вал, 10;55.778190;37.585726;kolos-osm-00738
Пекарня Колос, Щепкина, 27 к1;ул. Щепкина, 27 к1;55.778201;37.628877;kolos-osm-00739
Пекарня Колос, Вольная, 35 с23;ул. Вольная, 35 с23;55.778529;37.736035;kolos-osm-00740
Пекарня Колос, Балашиха, Нарвский Просек;Балашиха, ул. Нарвский Просек, 25;55.778754;37.905597;kolos-osm-00741
Пекарня Колос, 1-й Кирпичный;1-й Кирпичный пер., 2 с2;55.778829;37.732254;kolos-osm-00742
Пекарня Колос, Ленинградский;Ленинградский просп., 4/2;55.779096;37.581373;kolos-osm-00743
Пекарня Колос, Менделеевская;ул. Новослободская, 5 с3;55.779448;37.599055;kolos-osm-00744
Пекарня Колос, Маршала Жукова;просп. Маршала Жукова, 72;55.779563;37.453990;kolos-osm-00745
Пекарня Колос, Селезнёвская;ул. Селезнёвская, 4;55.779654;37.603840;kolos-osm-00746
Пекарня Колос, Краснопрудная, 28;ул. Краснопрудная, 28;55.779806;37.667388;kolos-osm-00747
Пекарня Колос, Лесная, 20 с3;ул. Лесная, 20 с3;55.780003;37.593402;kolos-osm-00748
Пекарня Колос, Куусинена;ул. Куусинена, 7 к2;55.780108;37.515490;kolos-osm-00749
Пекарня Колос, Лесная, 30 с3;ул. Лесная, 30 с3;55.780333;37.593144;kolos-osm-00750
Пекарня Колос, Ленинградский, 15 с11;Ленинградский просп., 15 с11;55.780374;37.570387;kolos-osm-00751
Пекарня Колос, Селезнёвская, 28 с1;ул. Селезнёвская, 28 с1;55.780562;37.608073;kolos-osm-00752
Пекарня Колос, Достоевская;ул. Селезнёвская, 32;55.780753;37.611751;kolos-osm-00753
Пекарня Колос, Сущёвская;ул. Сущёвская, 13-15;55.781092;37.601623;kolos-osm-00754
Пекарня Колос, Ленинградский, 15 с14;Ленинградский просп., 15 с14;55.781147;37.571527;kolos-osm-00755
Пекарня Колос, Беговая;ул. Беговая, 17 к1;55.781534;37.559577;kolos-osm-00756
Пекарня Колос, Павловский Посад, Павловская;Павловский Посад, ул. Павловская, 26;55.781565;38.651691;kolos-osm-00757
Пекарня Колос, Электрозаводская;ул. Большая Семёновская, 32 с13;55.781888;37.707897;kolos-osm-00758
Пекарня Колос, Новослободская, 16А;ул. Новослободская, 16А;55.782246;37.599811;kolos-osm-00759
Пекарня Колос, Новослободская, 35;ул. Новослободская, 35;55.782464;37.597977;kolos-osm-00760
Пекарня Колос, Сущёвская, 27 с7;ул. Сущёвская, 27 с7;55.782723;37.599866;kolos-osm-00761
Пекарня Колос, Новослободская, 24А с1;ул. Новослободская, 24А с1;55.782943;37.599029;kolos-osm-00762
Пекарня Колос, Большая Семёновская;ул. Большая Семёновская, 11 с3;55.782999;37.702372;kolos-osm-00763
Пекарня Колос, Гастелло;ул. Гастелло, 41;55.783274;37.695199;kolos-osm-00764
Пекарня Колос, Медовый;Медовый пер., 5;55.783597;37.709876;kolos-osm-00765
Пекарня Колос, Электросталь, Красная;Электросталь, ул. Красная, 36;55.783749;38.452573;kolos-osm-00766
Пекарня Колос, Барабанный;Барабанный пер., 11 с1;55.784219;37.708254;kolos-osm-00767
Пекарня Колос, Институтский;Институтский пер., 2;55.784267;37.614853;kolos-osm-00768
Пекарня Колос, Слесарный;Слесарный пер., 5;55.784463;37.636935;kolos-osm-00769
Пекарня Колос, Бульвар Генерала Карбышева;ул. Генерала Глаголева, 19;55.784488;37.463019;kolos-osm-00770
Пекарня Колос, Живописная;ул. Живописная, 14;55.784783;37.456110;kolos-osm-00771
Пекарня Колос, Семёновская;ул. Ибрагимова, 20;55.785084;37.730970;kolos-osm-00772
Пекарня Колос, Малая Семёновская;ул. Малая Семёновская, 9 с4;55.785314;37.710343;kolos-osm-00773
Пекарня Колос, Динамо;Ленинградский просп., 29 к2;55.785623;37.561514;kolos-osm-00774
Пекарня Колос, Мира;просп. Мира, 61;55.785855;37.634598;kolos-osm-00775
Пекарня Колос, Ткацкая;ул. Ткацкая, 5 с2;55.786123;37.723128;kolos-osm-00776
Пекарня Колос, Электросталь, Ленина;Электросталь, просп. Ленина, 45;55.786347;38.444600;kolos-osm-00777
Пекарня Колос, Расковой;ул. Расковой, 1 с3;55.786579;37.570664;kolos-osm-00778
Пекарня Колос, Расковой, 14;ул. Расковой, 14;55.786601;37.572183;kolos-osm-00779
Пекарня Колос, Реутов, Реутовская;Реутов, ул. Реутовская, 26;55.786887;37.852616;kolos-osm-00780
Пекарня Колос, Электрозаводская, 14 с1;ул. Электрозаводская, 14 с1;55.787513;37.706766;kolos-osm-00781
Пекарня Колос, Образцова;ул. Образцова, 14;55.787864;37.609826;kolos-osm-00782
Пекарня Колос, Лобачика;ул. Лобачика, 11;55.788022;37.662101;kolos-osm-00783
Пекарня Колос, Трифоновская;ул. Трифоновская, 2;55.788107;37.610424;kolos-osm-00784
Пекарня Колос, Савёловская;ул. Бутырский Вал, 68/70 с1;55.788523;37.588751;kolos-osm-00785
Пекарня Колос, Правды;ул. Правды, 23;55.788784;37.581926;kolos-osm-00786
Пекарня Колос, Маршала Прошлякова;ул. Маршала Прошлякова, 15 с2;55.789128;37.384546;kolos-osm-00787
Пекарня Колос, Октябрьская, 28;ул. Октябрьская, 28;55.789268;37.614088;kolos-osm-00788
Пекарня Колос, Правды, 24 с4;ул. Правды, 24 с4;55.789520;37.583499;kolos-osm-00789
Пекарня Колос, Ленинградский, 35 с1;Ленинградский просп., 35 с1;55.789776;37.553180;kolos-osm-00790
Пекарня Колос, Ленинградский, 36 с41;Ленинградский просп., 36 с41;55.789922;37.570382;kolos-osm-00791
Пекарня Колос, Бумажный;Бумажный пр., 19;55.790019;37.585202;kolos-osm-00792
Пекарня Колос, ЦСКА;Ходынский бул., 4;55.790246;37.533912;kolos-osm-00793
Пекарня Колос, Измайловская;ул. 1-я Парковая, 11;55.790567;37.777807;kolos-osm-00794
Пекарня Колос, Марьина Роща;ул. Октябрьская, 38 к2;55.790673;37.613170;kolos-osm-00795
Пекарня Колос, Сокольники;ул. Стромынка, 1 c3;55.790780;37.682900;kolos-osm-00796
Пекарня Колос, Нижняя Первомайская;ул. Нижняя Первомайская, 48/9;55.791095;37.809778;kolos-osm-00797
Пекарня Колос, Ленинградский, 37А к5;Ленинградский просп., 37А к5;55.791153;37.542251;kolos-osm-00798
Пекарня Колос, Электросталь, Фрязевское;Электросталь, Фрязевское ш., 59;55.791597;38.429617;kolos-osm-00799
Пекарня Колос, Первомайская;ул. 11-я Парковая, 9/35 с2;55.791668;37.805321;kolos-osm-00800
Пекарня Колос, 1-я Боевская;ул. 1-я Боевская, 6;55.791842;37.692933;kolos-osm-00801
Пекарня Колос, Измайловская, 1;Измайловская пл., 1;55.792186;37.775185;kolos-osm-00802
Пекарня Колос, Образцова, 31 с4;ул. Образцова, 31 с4;55.792331;37.608784;kolos-osm-00803
Пекарня Колос, Сущёвский Вал;ул. Сущёвский Вал, 46;55.792738;37.612376;kolos-osm-00804
Пекарня Колос, Октябрьское Поле;ул. Маршала Бирюзова, 10 к1 с1;55.793106;37.494792;kolos-osm-00805
Пекарня Колос, Сущёвский Вал, 5 с5;ул. Сущёвский Вал, 5 с5;55.793242;37.589743;kolos-osm-00806
Пекарня Колос, 2-я Пугачёвская;ул. 2-я Пугачёвская, 11;55.793346;37.729991;kolos-osm-00807
Пекарня Колос, Орехово-Зуево, Егорьевская;Орехово-Зуево, ул. Егорьевская, 11;55.793390;38.972159;kolos-osm-00808
Пекарня Колос, Первомайская, 87;ул. Первомайская, 87;55.793476;37.803641;kolos-osm-00809
Пекарня Колос, 1-я Квесисская;ул. 1-я Квесисская, 9;55.793581;37.579870;kolos-osm-00810
Пекарня Колос, Балашиха, Некрасова;Балашиха, ул. Некрасова, 8;55.793712;37.970141;kolos-osm-00811
Пекарня Колос, Балашиха, Некрасова, 8;Балашиха, ул. Некрасова, 8;55.794064;37.969881;kolos-osm-00812
Пекарня Колос, Твардовского;ул. Твардовского, 8 к3;55.794107;37.390313;kolos-osm-00813
Пекарня Колос, Преображенская площадь;ул. Преображенский Вал, 17 с25;55.794289;37.718478;kolos-osm-00814
Пекарня Колос, Орехово-Зуево, Егорьевская, 5;Орехово-Зуево, ул. Егорьевская, 5;55.794483;38.972372;kolos-osm-00815
Пекарня Колос, 2-я Песчаная;ул. 2-я Песчаная, 4;55.794648;37.517319;kolos-osm-00816
Пекарня Колос, Бутырская;ул. Бутырская, 4;55.794666;37.585760;kolos-osm-00817
Пекарня Колос, Стромынка;ул. Стромынка, 21 к1;55.794835;37.699612;kolos-osm-00818
Пекарня Колос, Стромынка, 25 с2;ул. Стромынка, 25 с2;55.795424;37.700351;kolos-osm-00819
Пекарня Колос, Сокольнического Круга;пр. Сокольнического Круга, 5;55.795590;37.678398;kolos-osm-00820
Пекарня Колос, Балашиха, Энтузиастов;Балашиха, ш. Энтузиастов, 60Б;55.795944;37.967935;kolos-osm-00821
Пекарня Колос, Двинцев;ул. Двинцев, 12 к1;55.796101;37.600150;kolos-osm-00822
Пекарня Колос, Складочная;ул. Складочная, 1 с50;55.796397;37.591643;kolos-osm-00823
Пекарня Колос, Бутырская, 11;ул. Бутырская, 11;55.796401;37.583585;kolos-osm-00824
Пекарня Колос, Вятская;ул. Вятская, 27 с2;55.796693;37.581932;kolos-osm-00825
Пекарня Колос, Преображенская;Преображенская пл., 9;55.797053;37.709615;kolos-osm-00826
Пекарня Колос, Большая Черкизовская;ул. Большая Черкизовская, 5A;55.797227;37.718749;kolos-osm-00827
Пекарня Колос, Балашиха, Ленина;Балашиха, просп. Ленина, 32Д;55.797433;37.964602;kolos-osm-00828
Пекарня Колос, Складочная, 1Б с3;ул. Складочная, 1Б с3;55.797541;37.593739;kolos-osm-00829
Пекарня Колос, Электросталь, Жулябина;Электросталь, ул. Жулябина, 12;55.797884;38.436754;kolos-osm-00830
Пекарня Колос, Электросталь, Спортивная;Электросталь, ул. Спортивная, 27;55.798487;38.473550;kolos-osm-00831
Пекарня Колос, Липовой Рощи;ул. Липовой Рощи, 4 к2;55.798529;37.375016;kolos-osm-00832
Пекарня Колос, Складочная, 1 с54;ул. Складочная, 1 с54;55.798727;37.593918;kolos-osm-00833
Пекарня Колос, Краснобогатырская;ул. Краснобогатырская, 90 с16;55.799002;37.712611;kolos-osm-00834
Пекарня Колос, Маршала Бирюзова;ул. Маршала Бирюзова, 32;55.799277;37.483282;kolos-osm-00835
Пекарня Колос, Аэропорт;ул. Острякова, 5;55.799401;37.526432;kolos-osm-00836
Пекарня Колос, Липовой Рощи, 11;ул. Липовой Рощи, 11;55.799527;37.373373;kolos-osm-00837
Пекарня Колос, 2-я Марьиной Рощи;2-я ул. Марьиной Рощи, 3;55.799720;37.619179;kolos-osm-00838
Пекарня Колос, Электросталь, Пушкина;Электросталь, ул. Пушкина, 23;55.799898;38.434335;kolos-osm-00839
Пекарня Колос, Хромова;ул. Хромова, 3;55.800096;37.716553;kolos-osm-00840
Пекарня Колос, Красногорск, Новорижское;Красногорск, Новорижское ш., владение 2, строение 1;55.800284;37.274588;kolos-osm-00841
Пекарня Колос, Складочная, 1 с38;ул. Складочная, 1 с38;55.800690;37.592956;kolos-osm-00842
Пекарня Колос, 3-я Парковая;ул. 3-я Парковая, 41А;55.800959;37.781453;kolos-osm-00843
Пекарня Колос, Балашиха, Карла Маркса;Балашиха, ул. Карла Маркса, 12А;55.801396;37.929734;kolos-osm-00844
Пекарня Колос, Балашиха, Белякова;Балашиха, ул. Белякова, 2;55.801702;37.977117;kolos-osm-00845
Пекарня Колос, Складочная, 1 с33;ул. Складочная, 1 с33;55.801933;37.594220;kolos-osm-00846
Пекарня Колос, 9-я Парковая;ул. 9-я Парковая, 43/26;55.802361;37.798494;kolos-osm-00847
Пекарня Колос, Дмитровская;ул. Бутырская, 69-71 с1;55.802605;37.582541;kolos-osm-00848
Пекарня Колос, Электросталь, Комсомольская;Электросталь, ул. Комсомольская, 1;55.803041;38.471498;kolos-osm-00849
Пекарня Колос, Графский;Графский пер., 9 с10;55.803116;37.643075;kolos-osm-00850
Пекарня Колос, Сокол;Ленинградский просп., 73А с3;55.803210;37.513759;kolos-osm-00851
Пекарня Колос, Маршала Катукова;ул. Маршала Катукова, вл33;55.803269;37.422273;kolos-osm-00852
Пекарня Колос, 2-я Хуторская;ул. 2-я Хуторская, 40 с2;55.803692;37.563559;kolos-osm-00853
Пекарня Колос, Электросталь, Карла Маркса;Электросталь, ул. Карла Маркса, 47А;55.803771;38.461089;kolos-osm-00854
Пекарня Колос, Балашиха, Мира;Балашиха, ул. Мира, 13А;55.803961;37.926883;kolos-osm-00855
Пекарня Колос, Врубеля;ул. Врубеля, 13А/16;55.804368;37.498801;kolos-osm-00856
Пекарня Колос, Маршала Катукова, 24 к1;ул. Маршала Катукова, 24 к1;55.804508;37.414409;kolos-osm-00857
Пекарня Колос, Большая Новодмитровская;ул. Большая Новодмитровская, 36 с11;55.804598;37.584729;kolos-osm-00858
Пекарня Колос, Новодмитровская;ул. Новодмитровская, 2;55.804901;37.589644;kolos-osm-00859
Пекарня Колос, Новодмитровская, 2 к1А;ул. Новодмитровская, 2 к1А;55.805246;37.589376;kolos-osm-00860
Пекарня Колос, Большая Новодмитровская, 36 с9;ул. Большая Новодмитровская, 36 с9;55.805438;37.584398;kolos-osm-00861
Пекарня Колос, Старая Купавна, Орлова;Старая Купавна, ул. Орлова, 10;55.805584;38.081028;kolos-osm-00862
Пекарня Колос, Врубеля, 4 к1;ул. Врубеля, 4 к1;55.805753;37.502263;kolos-osm-00863
Пекарня Колос, Орехово-Зуево, Гагарина;Орехово-Зуево, ул. Гагарина, 2;55.805936;38.969105;kolos-osm-00864
Пекарня Колос, Щукинская;ул. Новощукинская, 10 к1;55.806283;37.456030;kolos-osm-00865
Пекарня Колос, Ленинградский, 78 к1;Ленинградский просп., 78 к1;55.806362;37.511874;kolos-osm-00866
Пекарня Колос, Орехово-Зуево, Октябрьская;Орехово-Зуево, Октябрьская пл., 2;55.806579;38.979942;kolos-osm-00867
Пекарня Колос, Орехово-Зуево, Стачки 1885-го года;Орехово-Зуево, ул. Стачки 1885-го года, 2;55.807083;38.985420;kolos-osm-00868
Пекарня Колос, Балашиха, Владимирская;Балашиха, ул. Владимирская, 141 с1;55.807245;38.055093;kolos-osm-00869
Пекарня Колос, Щёлковская;ул. 9-я Парковая, 66 к4;55.807435;37.800999;kolos-osm-00870
Пекарня Колос, Усиевича;ул. Усиевича, 18;55.807497;37.521271;kolos-osm-00871
Пекарня Колос, Амурская;ул. Амурская, 1А к1;55.807869;37.757730;kolos-osm-00872
Пекарня Колос, Орехово-Зуево, Юбилейный;Орехово-Зуево, Юбилейный пр., 8;55.807914;38.968359;kolos-osm-00873
Пекарня Колос, Новодмитровская, 5А с4;ул. Новодмитровская, 5А с4;55.808343;37.587536;kolos-osm-00874
Пекарня Колос, Самеда Вургуна;ул. Самеда Вургуна, 11;55.808374;37.526980;kolos-osm-00875
Пекарня Колос, Орехово-Зуево, Володарского;Орехово-Зуево, ул. Володарского, 29А;55.808611;38.964576;kolos-osm-00876
Пекарня Колос, Амурская, 1А к5;ул. Амурская, 1А к5;55.808970;37.759471;kolos-osm-00877
Пекарня Колос, Часовая;ул. Часовая, 18 с3;55.809190;37.528586;kolos-osm-00878
Пекарня Колос, Дмитровский;Дмитровский пр., 8;55.809335;37.573964;kolos-osm-00879
Пекарня Колос, Алексеевская;ул. Староалексеевская, 18 с1;55.809458;37.642493;kolos-osm-00880
Пекарня Колос, Часовая, 23 к1;ул. Часовая, 23 к1;55.809683;37.522060;kolos-osm-00881
Пекарня Колос, Старая Купавна, Кирова;Старая Купавна, ул. Кирова, 2А;55.809982;38.175771;kolos-osm-00882
Пекарня Колос, Маршала Катукова, 6;ул. Маршала Катукова, 6;55.810273;37.402280;kolos-osm-00883
Пекарня Колос, Щёлковское;Щёлковское ш., 69;55.810414;37.795407;kolos-osm-00884
Пекарня Колос, Мира, 99;просп. Мира, 99;55.810688;37.636760;kolos-osm-00885
Пекарня Колос, Чусовская;ул. Чусовская, 1 с2;55.811027;37.810059;kolos-osm-00886
Пекарня Колос, Мира, 118;просп. Мира, 118;55.811113;37.638425;kolos-osm-00887
Пекарня Колос, Красногорск, Павшинский;Красногорск, Павшинский бул., 17;55.811421;37.369722;kolos-osm-00888
Пекарня Колос, МКАД, 66-й километр;МКАД, 66-й километр, вл2;55.811613;37.386609;kolos-osm-00889
Пекарня Колос, Всеволода Вишневского;ул. Всеволода Вишневского, 11;55.811771;37.569144;kolos-osm-00890
Пекарня Колос, Орехово-Зуево, Иванова;Орехово-Зуево, ул. Иванова, 6;55.812052;38.956458;kolos-osm-00891
Пекарня Колос, Восточный, Щёлковское;Восточный, Щёлковское ш., 100;55.812592;37.833441;kolos-osm-00892
Пекарня Колос, Константина Царёва;ул. Константина Царёва, 12 к1;55.812848;37.494602;kolos-osm-00893
Пекарня Колос, Уральская;ул. Уральская, 6 к1;55.813189;37.799334;kolos-osm-00894
Пекарня Колос, Тимирязевская;ул. Всеволода Вишневского, 4А;55.813620;37.574224;kolos-osm-00895
Пекарня Колос, Бульвар Рокоссовского;Открытое ш., 5 к6;55.813893;37.734291;kolos-osm-00896
Пекарня Колос, Павловская Слобода, Луначарского;Павловская Слобода, ул. Луначарского, 1А;55.814001;37.086136;kolos-osm-00897
Пекарня Колос, Огородный;Огородный пр., 14;55.814155;37.601950;kolos-osm-00898
Пекарня Колос, Строителей;бул. Строителей, 4 к1;55.814916;37.386020;kolos-osm-00899
Пекарня Колос, Красногорск, 50 лет Октября;Красногорск, ул. 50 лет Октября, 2 с2;55.814967;37.306207;kolos-osm-00900
Пекарня Колос, Павловская Слобода, Молодёжная;Павловская Слобода, ул. Молодёжная, 48;55.815441;37.072966;kolos-osm-00901
Пекарня Колос, Павловская Слобода, Ленина;Павловская Слобода, ул. Ленина, 76/6;55.815620;37.068920;kolos-osm-00902
Пекарня Колос, Восточный, квартал Щитниково;Восточный, квартал Щитниково, вл3;55.816071;37.844061;kolos-osm-00903
Пекарня Колос, Восточный, Квартал Щитниково;Восточный, Квартал Щитниково, 38;55.816244;37.847750;kolos-osm-00904
Пекарня Колос, ВДНХ;просп. Мира, 105К;55.816545;37.637696;kolos-osm-00905
Пекарня Колос, Габричевского;ул. Габричевского, 10 к1;55.816684;37.459894;kolos-osm-00906
Пекарня Колос, Красногорск, Красногорский;Красногорск, Красногорский бул., 4Д;55.816985;37.358814;kolos-osm-00907
Пекарня Колос, Красногорск, Красногорский, 4Б/4;Красногорск, Красногорский бул., 4Б/4;55.817472;37.359635;kolos-osm-00908
Пекарня Колос, Красногорск, Красногорский, 20;Красногорск, Красногорский бул., 20;55.818179;37.374515;kolos-osm-00909
Пекарня Колос, Красногорск, Волоколамское;Красногорск, Волоколамское ш., 3;55.818312;37.338835;kolos-osm-00910
Пекарня Колос, Погонный;Погонный пр., 12;55.818520;37.710224;kolos-osm-00911
Пекарня Колос, Красногорск, Ильинский;Красногорск, Ильинский бул., 2А;55.818790;37.364100;kolos-osm-00912
Пекарня Колос, 3-й Подбельского;3-й пр. Подбельского, 22 к3;55.819211;37.723339;kolos-osm-00913
Пекарня Колос, Балашиха, Свердлова;Балашиха, ул. Свердлова, 3;55.819528;37.967219;kolos-osm-00914
Пекарня Колос, Орехово-Зуево, Парковская;Орехово-Зуево, ул. Парковская, 15;55.819675;38.996940;kolos-osm-00915
Пекарня Колос, Погонный, 3А;Погонный пр., 3А;55.819910;37.700599;kolos-osm-00916
Пекарня Колос, Ярославская;ул. Ярославская, 10 к2;55.820495;37.647921;kolos-osm-00917
Пекарня Колос, Бориса Галушкина;ул. Бориса Галушкина, 26;55.820550;37.664343;kolos-osm-00918
Пекарня Колос, Академика Королёва;ул. Академика Королёва, 13;55.820887;37.619213;kolos-osm-00919
Пекарня Колос, Восточный, Кольцевая;Восточный, ул. Кольцевая, 24;55.821263;37.874149;kolos-osm-00920
Пекарня Колос, Красногорск, Пришвина;Красногорск, ул. Пришвина, 18;55.821508;37.248746;kolos-osm-00921
Пекарня Колос, Красногорск, Школьная;Красногорск, ул. Школьная, 11;55.821545;37.329663;kolos-osm-00922
Пекарня Колос, Фонвизинская;ул. Милашенкова, вл2А;55.822088;37.590207;kolos-osm-00923
Пекарня Колос, Красногорск, Зверева;Красногорск, ул. Зверева, 8;55.822686;37.364494;kolos-osm-00924
Пекарня Колос, Красногорск, Мякинино;Красногорск, Подмосковный бул., 14;55.823108;37.375140;kolos-osm-00925
Пекарня Колос, Войковская;Ленинградское ш., 16А с8;55.823775;37.495213;kolos-osm-00926
Пекарня Колос, Красногорск, Генерала Белобородова;Красногорск, ул. Генерала Белобородова, 46 с17;55.824532;37.354483;kolos-osm-00927
Пекарня Колос, Красногорск, Красногорский, 46;Красногорск, Красногорский бул., 46;55.825093;37.376820;kolos-osm-00928
Пекарня Колос, Балашиха, Заречная;Балашиха, ул. Заречная, 18А;55.825646;37.966532;kolos-osm-00929
Пекарня Колос, Кашёнкин Луг;ул. Кашёнкин Луг, 10;55.825648;37.593426;kolos-osm-00930
Пекарня Колос, 2-я Останкинская;ул. 2-я Останкинская, 1 с2;55.826062;37.627150;kolos-osm-00931
Пекарня Колос, Мира, 119 с291;просп. Мира, 119 с291;55.826612;37.635606;kolos-osm-00932
Пекарня Колос, Мира, 119 с520;просп. Мира, 119 с520;55.827246;37.631158;kolos-osm-00933
Пекарня Колос, Тушинская;ул. Тушинская, 19;55.827368;37.442033;kolos-osm-00934
Пекарня Колос, Красногорск, Ленина;Красногорск, ул. Ленина, 29;55.827997;37.310230;kolos-osm-00935
Пекарня Колос, Береговая;ул. Береговая, 3 с1;55.828184;37.466538;kolos-osm-00936
Пекарня Колос, Циолковского;ул. Циолковского, 15/5;55.828546;37.445924;kolos-osm-00937
Пекарня Колос, Волоколамское;Волоколамское ш., 116 с3;55.829111;37.414044;kolos-osm-00938
Пекарня Колос, Восточный, Курганская;Восточный, ул. Курганская, 9А;55.830154;37.811295;kolos-osm-00939
Пекарня Колос, Мира, 119 с13;просп. Мира, 119 с13;55.830538;37.627889;kolos-osm-00940
Пекарня Колос, Ботаническая;ул. Ботаническая, 25 с4;55.830711;37.598287;kolos-osm-00941
Пекарня Колос, Ленинградское;Ленинградское ш., 44;55.832269;37.487607;kolos-osm-00942
Пекарня Колос, Большая Академическая;ул. Большая Академическая, 39;55.832664;37.532022;kolos-osm-00943
Пекарня Колос, Малахитовая;ул. Малахитовая, 7;55.832923;37.657511;kolos-osm-00944
Пекарня Колос, Красногорск, Ленина, 30В;Красногорск, ул. Ленина, 30В;55.833475;37.299660;kolos-osm-00945
Пекарня Колос, Мира, 119 с417;просп. Мира, 119 с417;55.833518;37.631531;kolos-osm-00946
Пекарня Колос, Красногорск, Кирова;Красногорск, ул. Кирова, 26;55.834275;37.307060;kolos-osm-00947
Пекарня Колос, Нахабино, Панфилова;Нахабино, ул. Панфилова, 25;55.834406;37.179157;kolos-osm-00948
Пекарня Колос, Мира, 119 с575;просп. Мира, 119 с575;55.834837;37.620500;kolos-osm-00949
Пекарня Колос, Петровско-Разумовская;Дмитровское ш., 47;55.835089;37.571719;kolos-osm-00950
Пекарня Колос, Красногорск, Космонавтов;Красногорск, бул. Космонавтов, 9Б;55.835406;37.280106;kolos-osm-00951
Пекарня Колос, Красногорск, Игоря Мерлушкина;Красногорск, ул. Игоря Мерлушкина, 4;55.835741;37.269438;kolos-osm-00952
Пекарня Колос, Михалковская;ул. Михалковская, 63Б с6;55.836177;37.510030;kolos-osm-00953
Пекарня Колос, Выборгская;ул. Выборгская, вл22;55.836464;37.504049;kolos-osm-00954
Пекарня Колос, Мира, 119 с174;просп. Мира, 119 с174;55.836922;37.624468;kolos-osm-00955
Пекарня Колос, Павловская Слобода, Троицкая;Павловская Слобода, ул. Троицкая, 25;55.837052;37.012941;kolos-osm-00956
Пекарня Колос, Балашиха, Щёлковское;Балашиха, Щёлковское ш., 120;55.837154;37.946642;kolos-osm-00957
Пекарня Колос, Красногорск, Северная;Красногорск, ул. Северная, 4;55.837582;37.291545;kolos-osm-00958
Пекарня Колос, Бажова;ул. Бажова, 17 с14;55.837858;37.666992;kolos-osm-00959
Пекарня Колос, Сельскохозяйственная;ул. Сельскохозяйственная, 17 к4;55.838271;37.633045;kolos-osm-00960
Пекарня Колос, Василия Петушкова;ул. Василия Петушкова, 25;55.838903;37.406894;kolos-osm-00961
Пекарня Колос, Красногорск, Карбышева;Красногорск, ул. Карбышева, 10 к1;55.839462;37.305697;kolos-osm-00962
Пекарня Колос, Водный стадион;Головинское ш., 3;55.839719;37.489617;kolos-osm-00963
Пекарня Колос, Головинское;Головинское ш., вл5;55.840240;37.492024;kolos-osm-00964
Пекарня Колос, Монино, Баранова;Монино, ул. Баранова, 1;55.840655;38.196266;kolos-osm-00965
Пекарня Колос, Нахабино, 11 Сапёров;Нахабино, ул. 11 Сапёров, 1Б;55.841240;37.167574;kolos-osm-00966
Пекарня Колос, Путилково, Митинская;Путилково, ул. Митинская, 16;55.841997;37.372765;kolos-osm-00967
Пекарня Колос, Путилково, Митино;Путилково, ул. Митинская, 25 к3;55.842981;37.363235;kolos-osm-00968
Пекарня Колос, Свободы;ул. Свободы, 35 с5;55.843228;37.454260;kolos-osm-00969
Пекарня Колос, Окружная;ул. Гостиничная, 5;55.843548;37.579662;kolos-osm-00970
Пекарня Колос, Обухово, Школьная;Обухово, ул. Школьная, 10;55.843848;38.316985;kolos-osm-00971
Пекарня Колос, Дмитровское;Дмитровское ш., 48 к1;55.844408;37.570225;kolos-osm-00972
Пекарня Колос, Сходненская;ул. Сходненская, 25;55.844902;37.438577;kolos-osm-00973
Пекарня Колос, Сходненская, 25;ул. Сходненская, 25;55.845396;37.439045;kolos-osm-00974
Пекарня Колос, Путилково, Митинская, 28 к2 с1;Путилково, ул. Митинская, 28 к2 с1;55.846213;37.369414;kolos-osm-00975
Пекарня Колос, Путилково, Пятницкое;Путилково, Пятницкое ш., 21 с4;55.846778;37.372806;kolos-osm-00976
Пекарня Колос, Нахабино, Станционная;Нахабино, ул. Станционная, 36;55.846872;37.190056;kolos-osm-00977
Пекарня Колос, Ботанический сад;Лазоревый пр., 1А к1;55.847434;37.639597;kolos-osm-00978
Пекарня Колос, Светлогорский;Светлогорский пр., 13 с7;55.848230;37.402155;kolos-osm-00979
Пекарня Колос, Берёзовая аллея;Берёзовая аллея, 12 к7;55.848625;37.617812;kolos-osm-00980
Пекарня Колос, Путилково, 3-й Митинский;Путилково, 3-й Митинский пер., 1;55.848865;37.352396;kolos-osm-00981
Пекарня Колос, Владыкино;Сигнальный пр., 7Б с3;55.849268;37.589097;kolos-osm-00982
Пекарня Колос, Путилково, Пятницкое, 29 к3;Путилково, Пятницкое ш., 29 к3;55.849650;37.361774;kolos-osm-00983
Пекарня Колос, Путилково, Пятницкое, 27;Путилково, Пятницкое ш., 27;55.850167;37.365254;kolos-osm-00984
Пекарня Колос, Нахабино, Красноармейская;Нахабино, ул. Красноармейская, 70;55.850679;37.176903;kolos-osm-00985
Пекарня Колос, Яна Райниса;бул. Яна Райниса, 2 к1;55.851188;37.436175;kolos-osm-00986
Пекарня Колос, Героев Панфиловцев;ул. Героев Панфиловцев, 1А;55.851488;37.438290;kolos-osm-00987
Пекарня Колос, Берёзовая аллея, 9 с2;Берёзовая аллея, 9 с2;55.851601;37.612841;kolos-osm-00988
Пекарня Колос, Ногинск, Комсомольская;Ногинск, ул. Комсомольская, 34;55.851922;38.443106;kolos-osm-00989
Пекарня Колос, Большие Дворы, Ленинская;Большие Дворы, ул. Ленинская, 16А;55.852907;38.600633;kolos-osm-00990
Пекарня Колос, Балашиха, Советская;Балашиха, ул. Советская, 28А;55.853478;37.973007;kolos-osm-00991
Пекарня Колос, Онежская;ул. Онежская, 24;55.853853;37.517681;kolos-osm-00992
Пекарня Колос, Флотская;ул. Флотская, 9 с1;55.854525;37.501026;kolos-osm-00993
Пекарня Колос, Дедовск, Красный Октябрь;Дедовск, ул. Красный Октябрь, 9;55.854985;37.116489;kolos-osm-00994
Пекарня Колос, Ногинск, Рогожская;Ногинск, ул. Рогожская, 89;55.855882;38.438488;kolos-osm-00995
Пекарня Колос, Речной вокзал;ул. Фестивальная, 13 к2;55.856302;37.476073;kolos-osm-00996
Пекарня Колос, Фестивальная;ул. Фестивальная, 4 к2;55.856469;37.486502;kolos-osm-00997
Пекарня Колос, Алтуфьевское;Алтуфьевское ш., 27 с1;55.856998;37.583129;kolos-osm-00998
Пекарня Колос, Хачатуряна;ул. Хачатуряна, 3;55.857220;37.587023;kolos-osm-00999
Пекарня Колос, Игарский;Игарский пр., 11;55.857775;37.640920;kolos-osm-01000
Пекарня Колос, Верхние Лихоборы;Дмитровское ш., 68;55.858567;37.559702;kolos-osm-01001
Пекарня Колос, Свиблово;ул. Енисейская, 5 к2;55.859862;37.659105;kolos-osm-01002
Пекарня Колос, Смольная;ул. Смольная, 24Г с1;55.860054;37.483681;kolos-osm-01003
Пекарня Колос, Селигерская;Ильменский пр., 14 к1;55.860487;37.547193;kolos-osm-01004
Пекарня Колос, Отрадное;ул. Хачатуряна, 16;55.860585;37.602997;kolos-osm-01005
Пекарня Колос, Фестивальная, 28 с1;ул. Фестивальная, 28 с1;55.861109;37.503055;kolos-osm-01006
Пекарня Колос, Декабристов;ул. Декабристов, 20 к1;55.862891;37.607435;kolos-osm-01007
Пекарня Колос, Декабристов, 12;ул. Декабристов, 12;55.863138;37.601470;kolos-osm-01008
Пекарня Колос, Планерная;ул. Планерная, 7;55.863527;37.434640;kolos-osm-01009
Пекарня Колос, Декабристов, 17;ул. Декабристов, 17;55.864635;37.605078;kolos-osm-01010
Пекарня Колос, Дедовск, Гвардейская;Дедовск, ул. Гвардейская, 12;55.864705;37.114480;kolos-osm-01011
Пекарня Колос, Коровинское;Коровинское ш., 2А;55.865589;37.545506;kolos-osm-01012
Пекарня Колос, Беломорская;Валдайский пр., 8;55.865926;37.467972;kolos-osm-01013
Пекарня Колос, Путилково, Просторная;Путилково, ул. Просторная, 9;55.865975;37.386839;kolos-osm-01014
Пекарня Колос, Путилково, С11;Путилково, С11, к11;55.866842;37.401036;kolos-osm-01015
Пекарня Колос, Лосино-Петровский, Первомайская;Лосино-Петровский, ул. Первомайская, 4;55.867557;38.207849;kolos-osm-01016
Пекарня Колос, Путилково, МКАД-Путилковское;Путилково, МКАД-Путилковское ш., 19;55.868384;37.404409;kolos-osm-01017
Пекарня Колос, Отрадное, Кленовая;Отрадное, ул. Кленовая, 6;55.869690;37.328083;kolos-osm-01018
Пекарня Колос, Электрогорск, Советская;Электрогорск, ул. Советская, 45;55.869929;38.781718;kolos-osm-01019
Пекарня Колос, Дежнёва;пр. Дежнёва, 23;55.870003;37.637531;kolos-osm-01020
Пекарня Колос, Отрадное, Кленовая, 3;Отрадное, ул. Кленовая, 3;55.870462;37.326181;kolos-osm-01021
Пекарня Колос, Щёлково, Садовая;Щёлково, ул. Садовая, 118;55.871358;37.988796;kolos-osm-01022
Пекарня Колос, Лосино-Петровский, Горького;Лосино-Петровский, ул. Горького, 2;55.871543;38.200492;kolos-osm-01023
Пекарня Колос, Ярославское;Ярославское ш., 115;55.871572;37.711148;kolos-osm-01024
Пекарня Колос, Дедовск, Панфилова;Дедовск, ул. Панфилова, 37;55.873551;37.104823;kolos-osm-01025
Пекарня Колос, Отрадное, Пятницкая;Отрадное, ул. Пятницкая, 12;55.873771;37.315778;kolos-osm-01026
Пекарня Колос, 800-летия Москвы;ул. 800-летия Москвы, 2 к2;55.875591;37.532698;kolos-osm-01027
Пекарня Колос, Ангарская;ул. Ангарская, 24А;55.876196;37.519163;kolos-osm-01028
Пекарня Колос, Мытищи, Палехская;Мытищи, ул. Палехская, 126;55.876704;37.712028;kolos-osm-01029
Пекарня Колос, Яхромская;Дмитровское ш., 107Г;55.877760;37.540835;kolos-osm-01030
Пекарня Колос, Инженерная;ул. Инженерная, 1А;55.878141;37.582839;kolos-osm-01031
Пекарня Колос, Софьи Ковалевской;ул. Софьи Ковалевской, 1 с8;55.878968;37.531238;kolos-osm-01032
Пекарня Колос, Ногинск, Ильича;Ногинск, ул. Ильича, 1 с14;55.879126;38.479852;kolos-osm-01033
Пекарня Колос, Путилково, Бабакина;Путилково, ул. Бабакина, 13А, стр. 1;55.879889;37.418264;kolos-osm-01034
Пекарня Колос, Правобережная;ул. Правобережная, 1Б;55.881262;37.450481;kolos-osm-01035
Пекарня Колос, Бибирево;ул. Бибиревская, 8 к1;55.881429;37.600332;kolos-osm-01036
Пекарня Колос, Электрогорск, Горького;Электрогорск, ул. Горького, 3А с6;55.882264;38.784033;kolos-osm-01037
Пекарня Колос, Плещеева;ул. Плещеева, 2;55.882932;37.604761;kolos-osm-01038
Пекарня Колос, Электрогорск, Горького, 25;Электрогорск, ул. Горького, 25;55.883114;38.778613;kolos-osm-01039
Пекарня Колос, Медведково;пр. Шокальского, 50;55.884387;37.671580;kolos-osm-01040
Пекарня Колос, Юбилейный, вл3А;Юбилейный просп., вл3А;55.885034;37.423598;kolos-osm-01041
Пекарня Колос, Панфилова;ул. Панфилова, 3;55.885481;37.427790;kolos-osm-01042
Пекарня Колос, Широкая;ул. Широкая, 12Б;55.886655;37.660292;kolos-osm-01043
Пекарня Колос, Ленинградская;ул. Ленинградская, 9А;55.887318;37.438748;kolos-osm-01044
Пекарня Колос, Лобненская;ул. Лобненская, 13 к2;55.887672;37.529544;kolos-osm-01045
Пекарня Колос, Полярная;ул. Полярная, 33 с7;55.888651;37.644436;kolos-osm-01046
Пекарня Колос, Пришвина;ул. Пришвина, 8;55.889088;37.595070;kolos-osm-01047
Пекарня Колос, Клязьминская;ул. Клязьминская, 15;55.889142;37.526059;kolos-osm-01048
Пекарня Колос, Московская;ул. Московская, 13/1;55.890048;37.445519;kolos-osm-01049
Пекарня Колос, Лавочкина;ул. Лавочкина, с2;55.890107;37.423494;kolos-osm-01050
Пекарня Колос, Мытищи, Селезнёва;Мытищи, ул. Селезнёва, 37Г;55.891056;37.727105;kolos-osm-01051
Пекарня Колос, Пролетарская, 6;ул. Пролетарская, 6;55.891625;37.442065;kolos-osm-01052
Пекарня Колос, Сабурово, Живописная;Сабурово, ул. Живописная, 17;55.892928;37.289688;kolos-osm-01053
Пекарня Колос, Долгопрудный, Библиотечная;Долгопрудный, ул. Библиотечная, 8 с1;55.893785;37.476192;kolos-osm-01054
Пекарня Колос, Путилково, Гоголя;Путилково, ул. Гоголя, с5Б;55.894213;37.453853;kolos-osm-01055
Пекарня Колос, Лескова;ул. Лескова, 26А;55.894668;37.612896;kolos-osm-01056
Пекарня Колос, Путилково, Родионовская;Путилково, ул. Родионовская, 10 к1 с1;55.895567;37.391456;kolos-osm-01057
Пекарня Колос, Путилково, Соловьиная Роща;Путилково, ул. Соловьиная Роща, 9;55.895789;37.397338;kolos-osm-01058
Пекарня Колос, Долгопрудный, Юннатов;Долгопрудный, ул. Юннатов, 10 с2;55.896216;37.461044;kolos-osm-01059
Пекарня Колос, Лескова, 14;ул. Лескова, 14;55.897270;37.604648;kolos-osm-01060
Пекарня Колос, Алтуфьево;Алтуфьевское ш., 86 к1;55.897647;37.588389;kolos-osm-01061
Пекарня Колос, Звёздный городок, Радиоцентра №5;Звёздный городок, ул. Радиоцентра №5, 9А;55.898147;38.061321;kolos-osm-01062
Пекарня Колос, Долгопрудный, Лианозово;Долгопрудный, Дмитровское ш., 157 с12;55.898650;37.540684;kolos-osm-01063
Пекарня Колос, Долгопрудный, Кудрявцева;Долгопрудный, ул. Кудрявцева, 2А;55.899007;37.456852;kolos-osm-01064
Пекарня Колос, Молодёжный;Молодёжный пр., 6;55.899739;37.405030;kolos-osm-01065
Пекарня Колос, Долгопрудный, Угличская;Долгопрудный, ул. Угличская, 13 с8;55.900384;37.570676;kolos-osm-01066
Пекарня Колос, Щёлково, Институтская;Щёлково, ул. Институтская, 18Б;55.902835;38.054801;kolos-osm-01067
Пекарня Колос, Долгопрудный, Абрамцевская;Долгопрудный, ул. Абрамцевская, 9 к1;55.903135;37.571387;kolos-osm-01068
Пекарня Колос, Отрадное, Олимпийская;Отрадное, ул. Олимпийская, 15;55.903752;37.360594;kolos-osm-01069
Пекарня Колос, Путилково, Молодёжная;Путилково, ул. Молодёжная, 59;55.903826;37.393356;kolos-osm-01070
Пекарня Колос, Истра, Спортивная;Истра, ул. Спортивная, 3;55.904610;36.875157;kolos-osm-01071
Пекарня Колос, Свердловский, Центральная;Свердловский, ул. Центральная, 78;55.905607;38.093956;kolos-osm-01072
Пекарня Колос, Рабочая, 2А к31;ул. Рабочая, 2А к31;55.906041;37.432821;kolos-osm-01073
Пекарня Колос, Звёздный городок, Рудакова;Звёздный городок, ул. Рудакова, 2Б;55.907124;38.071879;kolos-osm-01074
Пекарня Колос, Свердловский, Центральная, 25;Свердловский, ул. Центральная, 25;55.907320;38.098802;kolos-osm-01075
Пекарня Колос, Щёлково, Жуковского;Щёлково, ул. Жуковского, 2В;55.908476;38.057144;kolos-osm-01076
Пекарня Колос, Королёв, Космонавтов;Королёв, просп. Космонавтов, 34Б;55.909099;37.865873;kolos-osm-01077
Пекарня Колос, Мытищи, Лётная;Мытищи, ул. Лётная, 21/1;55.909852;37.724810;kolos-osm-01078
Пекарня Колос, Ленинградское, 1;Ленинградское ш., 1;55.910086;37.396518;kolos-osm-01079
Пекарня Колос, Ленинградское, 24Б;Ленинградское ш., 24Б;55.910650;37.405934;kolos-osm-01080
Пекарня Колос, Истра, Ленина;Истра, ул. Ленина, 65;55.911800;36.858616;kolos-osm-01081
Пекарня Колос, Мельникова;просп. Мельникова, к2;55.911913;37.396471;kolos-osm-01082
Пекарня Колос, Истра, Панфилова;Истра, ул. Панфилова, 5;55.912729;36.826406;kolos-osm-01083
Пекарня Колос, Истра, Главного Конструктора В.И.Адасько;Истра, ул. Главного Конструктора В.И.Адасько, 9А;55.913045;36.860872;kolos-osm-01084
Пекарня Колос, Истра, 9-й Гвардейской Дивизии;Истра, ул. 9-й Гвардейской Дивизии, 9 к2;55.913494;36.864856;kolos-osm-01085
Пекарня Колос, Истра, Урицкого;Истра, ул. Урицкого, 1;55.914503;36.861631;kolos-osm-01086
Пекарня Колос, Мытищи, Юбилейная;Мытищи, ул. Юбилейная, 6;55.914780;37.719001;kolos-osm-01087
Пекарня Колос, Королёв, Богомолова;Королёв, ул. Богомолова, 3А;55.915882;37.811049;kolos-osm-01088
Пекарня Колос, Истра, Панфилова, 55 с1;Истра, ул. Панфилова, 55 с1;55.915962;36.833566;kolos-osm-01089
Пекарня Колос, Загорянский, Космонавтов;Загорянский, просп. Космонавтов, 12А;55.917069;37.867369;kolos-osm-01090
Пекарня Колос, Королёв, Гагарина;Королёв, ул. Гагарина, 12/14;55.917247;37.805721;kolos-osm-01091
Пекарня Колос, Истра, Первомайская;Истра, ул. Первомайская, 12;55.918224;36.859069;kolos-osm-01092
Пекарня Колос, Щёлково, Центральная;Щёлково, ул. Центральная, 17;55.918789;37.984321;kolos-osm-01093
Пекарня Колос, Истра, Советская;Истра, ул. Советская, 27;55.919445;36.864114;kolos-osm-01094
Пекарня Колос, Щёлково, 1-й Советский;Щёлково, 1-й Советский пер., 5;55.919999;37.994011;kolos-osm-01095
Пекарня Колос, Королёв, Циолковского;Королёв, пр. Циолковского, 6А;55.920684;37.832215;kolos-osm-01096
Пекарня Колос, Загорянский, Космонавтов, 4В;Загорянский, просп. Космонавтов, 4В;55.921018;37.867830;kolos-osm-01097
Пекарня Колос, Королёв, Болдырева;Королёв, ул. Болдырева, 3;55.921917;37.823237;kolos-osm-01098
Пекарня Колос, Долгопрудный, Лихачёвский;Долгопрудный, Лихачёвский пр., 4 с1;55.922028;37.514513;kolos-osm-01099
Пекарня Колос, Отрадное, Рябиновая;Отрадное, ул. Рябиновая, 1Г/3;55.923958;37.310366;kolos-osm-01100
Пекарня Колос, Международное;Международное ш., 3А;55.924366;37.396231;kolos-osm-01101
Пекарня Колос, Вашутинское шоссе, д.1 с.2Б;Вашутинское шоссе, д.1 с.2Б, 1 с2Б;55.924707;37.397132;kolos-osm-01102
Пекарня Колос, Долгопрудный, Заводская;Долгопрудный, ул. Заводская, с16;55.925165;37.601351;kolos-osm-01103
Пекарня Колос, Свердловский, Центральная, 64;Свердловский, ул. Центральная, 64;55.925572;38.136414;kolos-osm-01104
Пекарня Колос, Щёлково, Талсинская;Щёлково, ул. Талсинская, 60;55.926236;37.984206;kolos-osm-01105
Пекарня Колос, Королёв, Грабина;Королёв, ул. Грабина, 3/1;55.926888;37.816522;kolos-osm-01106
Пекарня Колос, Свердловский, Щёлковское шоссе, 41-й километр;Свердловский, Щёлковское шоссе, 41-й километр, вл1;55.927824;38.150269;kolos-osm-01107
Пекарня Колос, Долгопрудный, Институтский;Долгопрудный, Институтский пер., 6;55.931108;37.518625;kolos-osm-01108
Пекарня Колос, Долгопрудный, Советская;Долгопрудный, ул. Советская, 9;55.933345;37.516411;kolos-osm-01109
Пекарня Колос, Загорянский, Кирова;Загорянский, ул. Кирова, 1А;55.934891;37.870174;kolos-osm-01110
Пекарня Колос, Щёлково, Фрунзе;Щёлково, ул. Фрунзе, 1;55.936670;37.976300;kolos-osm-01111
Пекарня Колос, Андреевка, Пятницкое;Андреевка, Пятницкое ш., ст3;55.937158;37.178158;kolos-osm-01112
Пекарня Колос, Мытищи, № 4530;Мытищи, пр. № 4530, 2;55.937499;37.760321;kolos-osm-01113
Пекарня Колос, Королёв, Героев Курсантов;Королёв, ул. Героев Курсантов, 1А;55.939890;37.838161;kolos-osm-01114
Пекарня Колос, Сабурово, Некрасова;Сабурово, ул. Некрасова, 2;55.941190;37.275943;kolos-osm-01115
Пекарня Колос, Сабурово, Некрасова, 2К с1;Сабурово, ул. Некрасова, 2К с1;55.942250;37.279303;kolos-osm-01116
Пекарня Колос, Сабурово, Юбилейный;Сабурово, Юбилейный пр., 5 с6;55.944928;37.306515;kolos-osm-01117
Пекарня Колос, Долгопрудный, Октябрьская;Долгопрудный, ул. Октябрьская, 29;55.945140;37.512241;kolos-osm-01118
Пекарня Колос, Долгопрудный, Железнякова;Долгопрудный, ул. Железнякова, 6А;55.946596;37.499313;kolos-osm-01119
Пекарня Колос, Долгопрудный, Парковая;Долгопрудный, ул. Парковая, 52 к1;55.947605;37.484611;kolos-osm-01120
Пекарня Колос, Долгопрудный, Парковая, 50;Долгопрудный, ул. Парковая, 50;55.948414;37.483165;kolos-osm-01121
Пекарня Колос, Королёв, Фабричная;Королёв, ул. Фабричная, 4/3;55.949569;37.835100;kolos-osm-01122
Пекарня Колос, Долгопрудный, Парковая, 36А;Долгопрудный, ул. Парковая, 36А;55.952579;37.495075;kolos-osm-01123
Пекарня Колос, Мытищи, Осташковское;Мытищи, Осташковское ш., вл73;55.954602;37.647455;kolos-osm-01124
Пекарня Колос, Фрязино, Комсомольская;Фрязино, ул. Комсомольская, 18;55.956204;38.043901;kolos-osm-01125
Пекарня Колос, Мытищи, Тенистый;Мытищи, Тенистый бул., 8;55.957233;37.683233;kolos-osm-01126
Пекарня Колос, Черкизово, Тенистый;Черкизово, Тенистый бул., 11;55.959101;37.679831;kolos-osm-01127
Пекарня Колос, Долгопрудный, Дмитровское;Долгопрудный, Дмитровское ш., вл58 с3;55.959790;37.533730;kolos-osm-01128
Пекарня Колос, Долгопрудный, Дмитровское, 46;Долгопрудный, Дмитровское ш., 46;55.960735;37.533512;kolos-osm-01129
Пекарня Колос, Долгопрудный, Якова Гунина;Долгопрудный, ул. Якова Гунина, 1;55.962694;37.509359;kolos-osm-01130
Пекарня Колос, Лобня, Международное;Лобня, Международное ш., вл2 с1;55.963748;37.405717;kolos-osm-01131
Пекарня Колос, Лобня, Международное, вл2 с1;Лобня, Международное ш., вл2 с1;55.964283;37.405090;kolos-osm-01132
Пекарня Колос, Андреевка, Георгиевский;Андреевка, Георгиевский просп., 37к1;55.967915;37.151239;kolos-osm-01133
Пекарня Колос, Андреевка, Георгиевский, 1651;Андреевка, Георгиевский просп., 1651;55.970990;37.161050;kolos-osm-01134
Пекарня Колос, Ивантеевка, Задорожная;Ивантеевка, ул. Задорожная, 13Б;55.972139;37.909203;kolos-osm-01135
Пекарня Колос, Андреевка, Сходненская;Андреевка, ул. Сходненская, 2/1;55.975173;37.309144;kolos-osm-01136
Пекарня Колос, Ивантеевка, Первомайская;Ивантеевка, ул. Первомайская, 37;55.976912;37.906569;kolos-osm-01137
Пекарня Колос, Андреевка, Привокзальная;Андреевка, Привокзальная пл., 1 с5;55.979089;37.170513;kolos-osm-01138
Пекарня Колос, Лобня, Шереметьевское;Лобня, Шереметьевское ш., с37;55.980176;37.417197;kolos-osm-01139
Пекарня Колос, Авторемонтная;ул. Авторемонтная, с2;55.980894;37.266906;kolos-osm-01140
Пекарня Колос, Глебовский, Советская;Глебовский, ул. Советская, 118;55.982479;36.798661;kolos-osm-01141
Пекарня Колос, № 4922;пр. № 4922, 4 с4;55.984166;37.219577;kolos-osm-01142
Пекарня Колос, Лобня, Шереметьевское, вл6К;Лобня, Шереметьевское ш., вл6К;55.985493;37.428338;kolos-osm-01143
Пекарня Колос, Андреевка, Михайловка;Андреевка, ул. Михайловка, к1410;55.986246;37.146758;kolos-osm-01144
Пекарня Колос, Волоколамск, Волоколамская;Волоколамск, ул. Волоколамская, 2;55.995477;35.936417;kolos-osm-01145
Пекарня Колос, Пушкино, Московский;Пушкино, Московский просп., 59;55.996600;37.862338;kolos-osm-01146
Пекарня Колос, Черноголовка, Центральная;Черноголовка, ул. Центральная, 2Б;56.001475;38.382073;kolos-osm-01147
Пекарня Колос, Лобня, Окружная;Лобня, ул. Окружная, 13;56.002670;37.479807;kolos-osm-01148
Пекарня Колос, Пушкино, Оранжерейная;Пушкино, ул. Оранжерейная, 34;56.003285;37.837319;kolos-osm-01149
Пекарня Колос, Лобня, Кольцевая;Лобня, ул. Кольцевая, 4А;56.004497;37.479597;kolos-osm-01150
Пекарня Колос, Черноголовка, 1-я;Черноголовка, ул. 1-я, 9А;56.008342;38.385386;kolos-osm-01151
Пекарня Колос, Пушкино, Московский, 21;Пушкино, Московский просп., 21;56.009365;37.851750;kolos-osm-01152
Пекарня Колос, Генерала Алексеева;просп. Генерала Алексеева, 6;56.009881;37.199143;kolos-osm-01153
Пекарня Колос, Лобня, Дмитровская;Лобня, ул. Дмитровская, 56;56.011881;37.546610;kolos-osm-01154
Пекарня Колос, Лобня, Железнодорожная;Лобня, ул. Железнодорожная, 2А;56.012750;37.486046;kolos-osm-01155
Пекарня Колос, Пушкино, Красноармейское;Пушкино, Красноармейское ш., вл105;56.014085;37.899952;kolos-osm-01156
Пекарня Колос, Пушкино, 1-я Серебрянская;Пушкино, ул. 1-я Серебрянская, 2;56.017517;37.843408;kolos-osm-01157
Пекарня Колос, Пушкино, Набережная;Пушкино, ул. Набережная, 35 к3;56.021844;37.859746;kolos-osm-01158
Пекарня Колос, Шаховская, 1-я Советская;Шаховская, ул. 1-я Советская, 2Б;56.028012;35.500847;kolos-osm-01159
Пекарня Колос, Волоколамск, Панфилова;Волоколамск, ул. Панфилова, 9;56.033138;35.959508;kolos-osm-01160
Пекарня Колос, Шаховская, Рижское;Шаховская, Рижское ш., 3;56.037163;35.530464;kolos-osm-01161
Пекарня Колос, Лесной, Центральная;Лесной, ул. Центральная, 12А к1;56.044518;37.979791;kolos-osm-01162
Пекарня Колос, Правдинский, Степаньковское;Правдинский, Степаньковское ш., 31А;56.061720;37.855092;kolos-osm-01163
Пекарня Колос, Некрасовский, Мечта;Некрасовский, бул. Мечта, 2;56.066679;37.381434;kolos-osm-01164
Пекарня Колос, Черноголовка, Фряновское;Черноголовка, Фряновское ш., 1А/1;56.068958;38.281300;kolos-osm-01165
Пекарня Колос, Некрасовский, Речная;Некрасовский, ул. Речная, 2;56.124311;37.522747;kolos-osm-01166
Пекарня Колос, Солнечногорск, Малиновая;Солнечногорск, ул. Малиновая, 16;56.143323;36.893373;kolos-osm-01167
Пекарня Колос, Солнечногорск, Центральная;Солнечногорск, ул. Центральная, 4А;56.172621;36.948672;kolos-osm-01168
Пекарня Колос, Солнечногорск, Тельнова;Солнечногорск, ул. Тельнова, 3/2;56.179453;36.985631;kolos-osm-01169
Пекарня Колос, Солнечногорск, Красноармейская;Солнечногорск, ул. Красноармейская, 10А;56.182727;36.993795;kolos-osm-01170
Пекарня Колос, Солнечногорск, 1-я Урицкая;Солнечногорск, ул. 1-я Урицкая, 11А;56.184433;36.970262;kolos-osm-01171
Пекарня Колос, Солнечногорск, Красная;Солнечногорск, ул. Красная, 86;56.187967;36.978176;kolos-osm-01172
Пекарня Колос, Солнечногорск, Крупской;Солнечногорск, ул. Крупской, 1;56.191276;36.975731;kolos-osm-01173
Пекарня Колос, Деденево, Триумфальная;Деденево, ул. Триумфальная, 10;56.200801;37.582906;kolos-osm-01174
Пекарня Колос, Хотьково, Кооперативная;Хотьково, ул. Кооперативная, 17;56.250391;37.994872;kolos-osm-01175
Пекарня Колос, Сергиев Посад, Воробьёвская;Сергиев Посад, ул. Воробьёвская, 18;56.297264;38.126344;kolos-osm-01176
Пекарня Колос, Сергиев Посад, Победы;Сергиев Посад, ул. Победы, 2;56.300698;38.179687;kolos-osm-01177
Пекарня Колос, Сергиев Посад, Вифанская;Сергиев Посад, ул. Вифанская, 136А;56.302128;38.161869;kolos-osm-01178
Пекарня Колос, Сергиев Посад, 1-я Рыбная;Сергиев Посад, ул. 1-я Рыбная, 19;56.304756;38.137343;kolos-osm-01179
Пекарня Колос, Сергиев Посад, Вознесенская;Сергиев Посад, ул. Вознесенская, 1;56.309765;38.135261;kolos-osm-01180
Пекарня Колос, Сергиев Посад, Пожарный;Сергиев Посад, Пожарный пер., 3А;56.313077;38.137025;kolos-osm-01181
Пекарня Колос, Сергиев Посад, Шлякова;Сергиев Посад, ул. Шлякова, 6;56.313995;38.137612;kolos-osm-01182
Пекарня Колос, Высоковск, Первомайский;Высоковск, Первомайский пр., 10А;56.322108;36.553299;kolos-osm-01183
Пекарня Колос, Клин, Дзержинского;Клин, ул. Дзержинского, 5/22;56.326653;36.722044;kolos-osm-01184
Пекарня Колос, Клин, Спортивная;Клин, Спортивная, 21/33;56.331098;36.728559;kolos-osm-01185
Пекарня Колос, Клин, Ленинградская;Клин, ул. Ленинградская, 11;56.332574;36.731250;kolos-osm-01186
Пекарня Колос, Клин, Ленина;Клин, ул. Ленина, 8;56.335303;36.730397;kolos-osm-01187
Пекарня Колос, Дмитров, Вокзальный;Дмитров, Вокзальный пер., 2;56.337037;37.511109;kolos-osm-01188
Пекарня Колос, Сергиев Посад, Новоугличское;Сергиев Посад, Новоугличское ш., 85;56.339635;38.124340;kolos-osm-01189
Пекарня Колос, Скоропусковский, «Холмогоры»;Скоропусковский, «Холмогоры», 2;56.343088;38.266571;kolos-osm-01190
Пекарня Колос, Дмитров, Маркова;Дмитров, ул. Маркова, 2;56.349565;37.521190;kolos-osm-01191
Пекарня Колос, Клин, Маяковского;Клин, ул. Маяковского, 16\21;56.366630;36.688830;kolos-osm-01192
Пекарня Колос, Пересвет, Комсомольская;Пересвет, ул. Комсомольская, 2А;56.416361;38.176029;kolos-osm-01193
Пекарня Колос, Пересвет, Пионерская;Пересвет, ул. Пионерская, 9;56.417454;38.168037;kolos-osm-01194
Пекарня Колос, Вербилки, Забырина;Вербилки, ул. Забырина, 2;56.526549;37.599447;kolos-osm-01195
Пекарня Колос, Дубна, Боголюбова;Дубна, просп. Боголюбова, 25А;56.734073;37.155981;kolos-osm-01196
Пекарня Колос, Дубна, Боголюбова, 24А;Дубна, просп. Боголюбова, 24А;56.735775;37.156565;kolos-osm-01197
Пекарня Колос, Дубна, Боголюбова, 16;Дубна, просп. Боголюбова, 16;56.738665;37.167014;kolos-osm-01198
Пекарня Колос, Дубна, Дачная;Дубна, ул. Дачная, 1 с3;56.743237;37.178995;kolos-osm-01199
Пекарня Колос, Дубна, Курчатова;Дубна, ул. Курчатова, 12/11;56.747179;37.199801;kolos-osm-01200
Пекарня Колос, Дубна, Флёрова;Дубна, ул. Флёрова, 11;56.747530;37.192661;kolos-osm-01201
Пекарня Колос, Санкт-Петербург, Вишнёвая;Санкт-Петербург, ул. Вишнёвая, 2А;59.613861;30.362329;kolos-osm-01202
Пекарня Колос, Санкт-Петербург, Конюшенная;Санкт-Петербург, ул. Конюшенная, 35/2;59.682308;30.435840;kolos-osm-01203
Пекарня Колос, Санкт-Петербург, Красного Курсанта;Санкт-Петербург, ул. Красного Курсанта, 2;59.685643;30.460194;kolos-osm-01204
Пекарня Колос, Санкт-Петербург, Сапёрная;Санкт-Петербург, ул. Сапёрная, 65А;59.698590;30.376735;kolos-osm-01205
Пекарня Колос, Санкт-Петербург, Красносельское;Санкт-Петербург, Красносельское ш., 23;59.704074;30.371518;kolos-osm-01206
Пекарня Колос, Санкт-Петербург, Гусарская;Санкт-Петербург, ул. Гусарская, 4 литЩ;59.705497;30.387556;kolos-osm-01207
Пекарня Колос, Санкт-Петербург, Гусарская, 4Ц;Санкт-Петербург, ул. Гусарская, 4Ц;59.705860;30.390420;kolos-osm-01208
Пекарня Колос, Санкт-Петербург, Красносельское, 2;Санкт-Петербург, Красносельское ш., 2;59.709119;30.382912;kolos-osm-01209
Пекарня Колос, Санкт-Петербург, Лицейский;Санкт-Петербург, Лицейский пер., 5;59.718091;30.398632;kolos-osm-01210
Пекарня Колос, Санкт-Петербург, Московская;Санкт-Петербург, ул. Московская, 25;59.719383;30.406485;kolos-osm-01211
Пекарня Колос, Санкт-Петербург, Пушкинская;Санкт-Петербург, ул. Пушкинская, 25;59.719996;30.410060;kolos-osm-01212
Пекарня Колос, Санкт-Петербург, Леонтьевская;Санкт-Петербург, ул. Леонтьевская, 30;59.721549;30.405106;kolos-osm-01213
Пекарня Колос, Санкт-Петербург, Широкая;Санкт-Петербург, ул. Широкая, 26;59.722760;30.426217;kolos-osm-01214
Пекарня Колос, Санкт-Петербург, Колпинское;Санкт-Петербург, Колпинское ш., 35А;59.725152;30.446706;kolos-osm-01215
Пекарня Колос, Санкт-Петербург, Ленинградская;Санкт-Петербург, ул. Ленинградская, 35;59.727293;30.416915;kolos-osm-01216
Пекарня Колос, Санкт-Петербург, Заводской;Санкт-Петербург, Заводской просп., 36А;59.730604;30.578092;kolos-osm-01217
Пекарня Колос, Санкт-Петербург, Заводской, 34 к3;Санкт-Петербург, Заводской просп., 34 к3;59.730871;30.576826;kolos-osm-01218
Пекарня Колос, Санкт-Петербург, Школьная;Санкт-Петербург, ул. Школьная, 39/33 литБ;59.734172;30.411289;kolos-osm-01219
Пекарня Колос, Санкт-Петербург, Ижорского Батальона;Санкт-Петербург, ул. Ижорского Батальона, 3 к2;59.735554;30.610094;kolos-osm-01220
Пекарня Колос, Санкт-Петербург, Ленина;Санкт-Петербург, просп. Ленина, 61 к1;59.737489;30.088960;kolos-osm-01221
Пекарня Колос, Санкт-Петербург, Заводской, 8;Санкт-Петербург, Заводской просп., 8;59.738473;30.560885;kolos-osm-01222
Пекарня Колос, Санкт-Петербург, Колпинское, 38 к1;Санкт-Петербург, Колпинское ш., 38 к1;59.740961;30.481458;kolos-osm-01223
Пекарня Колос, Санкт-Петербург, Ремизова;Санкт-Петербург, ул. Ремизова, 13 к2;59.741364;30.613471;kolos-osm-01224
Пекарня Колос, Санкт-Петербург, Танкистов;Санкт-Петербург, ул. Танкистов, 26 к2;59.745636;30.567763;kolos-osm-01225
Пекарня Колос, Санкт-Петербург, Труда;Санкт-Петербург, ул. Труда, 5/4;59.748964;30.605541;kolos-osm-01226
Пекарня Колос, Санкт-Петербург, Ленина, 1Б;Санкт-Петербург, просп. Ленина, 1Б;59.750385;30.597117;kolos-osm-01227
Пекарня Колос, Санкт-Петербург, Ленина, 53;Санкт-Петербург, просп. Ленина, 53;59.750576;30.570258;kolos-osm-01228
Пекарня Колос, Санкт-Петербург, Пулковское;Санкт-Петербург, Пулковское ш., 81;59.755237;30.319504;kolos-osm-01229
Пекарня Колос, Санкт-Петербург, Переведенская;Санкт-Петербург, ул. Переведенская, 8 с2;59.756552;30.370942;kolos-osm-01230
Пекарня Колос, Санкт-Петербург, Загородная;Санкт-Петербург, ул. Загородная, 41 к3;59.773210;30.597813;kolos-osm-01231
Пекарня Колос, Санкт-Петербург, Пулковское, 53 к2;Санкт-Петербург, Пулковское ш., 53 к2;59.781700;30.324030;kolos-osm-01232
Пекарня Колос, Санкт-Петербург, Красносельское, 59;Санкт-Петербург, Красносельское ш., 59;59.792469;30.144226;kolos-osm-01233
Пекарня Колос, Санкт-Петербург, Петрозаводское;Санкт-Петербург, Петрозаводское ш., 17;59.797356;30.605732;kolos-osm-01234
Пекарня Колос, Санкт-Петербург, Советский;Санкт-Петербург, Советский просп., 19;59.804260;30.511517;kolos-osm-01235
Пекарня Колос, Санкт-Петербург, Вишерская;Санкт-Петербург, ул. Вишерская, 16;59.806593;30.374232;kolos-osm-01236
Пекарня Колос, Санкт-Петербург, Софийская;Санкт-Петербург, ул. Софийская, 127 к5;59.807717;30.461806;kolos-osm-01237
Пекарня Колос, Санкт-Петербург, Невская;Санкт-Петербург, ул. Невская, 4;59.809969;30.082100;kolos-osm-01238
Пекарня Колос, Санкт-Петербург, Белых Ночей;Санкт-Петербург, бул. Белых Ночей, 4;59.810578;30.082777;kolos-osm-01239
Пекарня Колос, Санкт-Петербург, Таллинское;Санкт-Петербург, Таллинское ш., 151 к1;59.810730;30.168576;kolos-osm-01240
Пекарня Колос, Санкт-Петербург, Центральная;Санкт-Петербург, ул. Центральная, 30 к2;59.811579;30.050548;kolos-osm-01241
Пекарня Колос, Санкт-Петербург, Садовая;Санкт-Петербург, Садовая, 6;59.812593;30.569737;kolos-osm-01242
Пекарня Колос, Санкт-Петербург, Пулковское, 40 к2;Санкт-Петербург, Пулковское ш., 40 к2;59.819581;30.327660;kolos-osm-01243
Пекарня Колос, Санкт-Петербург, Среднерогатская;Санкт-Петербург, ул. Среднерогатская, 16 к2 с1;59.822691;30.339960;kolos-osm-01244
Пекарня Колос, Санкт-Петербург, Карла Либкнехта;Санкт-Петербург, ул. Карла Либкнехта, 30/56 с1;59.822776;30.090190;kolos-osm-01245
Пекарня Колос, Санкт-Петербург, Среднерогатская, 7 к2;Санкт-Петербург, ул. Среднерогатская, 7 к2;59.826490;30.331431;kolos-osm-01246
Пекарня Колос, Санкт-Петербург, Пулковское, 20 к4;Санкт-Петербург, Пулковское ш., 20 к4;59.827582;30.326915;kolos-osm-01247
Пекарня Колос, Санкт-Петербург, Купчинская;Санкт-Петербург, ул. Купчинская, 32, к.1;59.828755;30.398053;kolos-osm-01248
Пекарня Колос, Санкт-Петербург, Купчино;Санкт-Петербург, Балканская пл., 5;59.829679;30.377561;kolos-osm-01249
Пекарня Колос, Санкт-Петербург, Космонавтов;Санкт-Петербург, просп. Космонавтов, 102 к1;59.830980;30.363787;kolos-osm-01250
Пекарня Колос, Санкт-Петербург, Московское;Санкт-Петербург, Московское ш., 7А;59.831907;30.338819;kolos-osm-01251
Пекарня Колос, Санкт-Петербург, Ярослава Гашека;Санкт-Петербург, ул. Ярослава Гашека, 11Б;59.832263;30.390741;kolos-osm-01252
Пекарня Колос, Санкт-Петербург, Владимира Пчелинцева;Санкт-Петербург, ул. Владимира Пчелинцева, 3;59.833038;30.109620;kolos-osm-01253
Пекарня Колос, Санкт-Петербург, Звёздная;Санкт-Петербург, ул. Ленсовета, 95;59.833064;30.346596;kolos-osm-01254
Пекарня Колос, Санкт-Петербург, Звёздная, 8;Санкт-Петербург, ул. Звёздная, 8;59.833949;30.350607;kolos-osm-01255
Пекарня Колос, Санкт-Петербург, Ветеранов;Санкт-Петербург, просп. Ветеранов, 101;59.833988;30.204718;kolos-osm-01256
Пекарня Колос, Санкт-Петербург, Ветеранов, 133 к1;Санкт-Петербург, просп. Ветеранов, 133 к1;59.835308;30.154409;kolos-osm-01257
Пекарня Колос, Санкт-Петербург, Ленсовета;Санкт-Петербург, ул. Ленсовета, 87;59.836281;30.342099;kolos-osm-01258
Пекарня Колос, Санкт-Петербург, Рыбацкий;Санкт-Петербург, Рыбацкий просп., 15;59.837558;30.516344;kolos-osm-01259
Пекарня Колос, Санкт-Петербург, Центральная, 1Д;Санкт-Петербург, ул. Центральная, 1Д;59.838497;29.878370;kolos-osm-01260
Пекарня Колос, Санкт-Петербург, 5-й Предпортовый;Санкт-Петербург, 5-й Предпортовый пр., 1;59.840543;30.311236;kolos-osm-01261
Пекарня Колос, Санкт-Петербург, 5-й Предпортовый, 2;Санкт-Петербург, 5-й Предпортовый пр., 2;59.840898;30.313250;kolos-osm-01262
Пекарня Колос, Санкт-Петербург, Будённого;Санкт-Петербург, просп. Будённого, 19 к2 с1;59.841423;30.094462;kolos-osm-01263
Пекарня Колос, Санкт-Петербург, Пионерстроя;Санкт-Петербург, ул. Пионерстроя, 4;59.842660;30.130719;kolos-osm-01264
Пекарня Колос, Санкт-Петербург, Чекистов;Санкт-Петербург, ул. Чекистов, 28;59.843945;30.162679;kolos-osm-01265
Пекарня Колос, Санкт-Петербург, Космонавтов, 55 к2;Санкт-Петербург, просп. Космонавтов, 55 к2;59.844646;30.354728;kolos-osm-01266
Пекарня Колос, Санкт-Петербург, Костюшко;Санкт-Петербург, ул. Костюшко, 68;59.845287;30.309516;kolos-osm-01267
Пекарня Колос, Санкт-Петербург, Дунайский;Санкт-Петербург, Дунайский просп., 64;59.846270;30.422954;kolos-osm-01268
Пекарня Колос, Санкт-Петербург, ЖК «Шереметевский дворец»;Санкт-Петербург, ЖК «Шереметевский дворец», 216 к2;59.846862;30.224443;kolos-osm-01269
Пекарня Колос, Санкт-Петербург, Фронтовая;Санкт-Петербург, ул. Фронтовая, 7;59.848327;30.034813;kolos-osm-01270
Пекарня Колос, Санкт-Петербург, Петергофское;Санкт-Петербург, Петергофское ш., 51А;59.848548;30.145908;kolos-osm-01271
Пекарня Колос, Санкт-Петербург, Варшавская;Санкт-Петербург, ул. Варшавская, 63 к1;59.849113;30.314701;kolos-osm-01272
Пекарня Колос, Санкт-Петербург, Варшавская, 104;Санкт-Петербург, ул. Варшавская, 104;59.849114;30.317431;kolos-osm-01273
Пекарня Колос, Санкт-Петербург, Петергофское, 51;Санкт-Петербург, Петергофское ш., 51;59.849837;30.144949;kolos-osm-01274
Пекарня Колос, Санкт-Петербург, Проспект Славы;Санкт-Петербург, ул. Димитрова, 22 к3;59.850694;30.394270;kolos-osm-01275
Пекарня Колос, Санкт-Петербург, Капитана Грищенко;Санкт-Петербург, ул. Капитана Грищенко, 3 к2;59.851163;30.141942;kolos-osm-01276
Пекарня Колос, Санкт-Петербург, Ленинский проспект;Санкт-Петербург, Ленинский просп., 125 к6;59.851474;30.263901;kolos-osm-01277
Пекарня Колос, Санкт-Петербург, Варшавская, 61 к1;Санкт-Петербург, ул. Варшавская, 61 к1;59.851476;30.314079;kolos-osm-01278
Пекарня Колос, Санкт-Петербург, Типанова;Санкт-Петербург, ул. Типанова, 18;59.851955;30.334140;kolos-osm-01279
Пекарня Колос, Санкт-Петербург, Ленинский;Санкт-Петербург, Ленинский просп., 160 литА;59.852357;30.300965;kolos-osm-01280
Пекарня Колос, Санкт-Петербург, Варшавская, 94;Санкт-Петербург, ул. Варшавская, 94;59.852624;30.315024;kolos-osm-01281
Пекарня Колос, Санкт-Петербург, Типанова, 38;Санкт-Петербург, ул. Типанова, 38;59.852966;30.361166;kolos-osm-01282
Пекарня Колос, Санкт-Петербург, Бухарестская;Санкт-Петербург, ул. Бухарестская, 67 к1;59.853403;30.397040;kolos-osm-01283
Пекарня Колос, Санкт-Петербург, Стачек;Санкт-Петербург, просп. Стачек, 105 к1;59.855034;30.240587;kolos-osm-01284
Пекарня Колос, Санкт-Петербург, Славы;Санкт-Петербург, просп. Славы, 4;59.855254;30.370502;kolos-osm-01285
Пекарня Колос, Санкт-Петербург, Южное;Санкт-Петербург, Южное ш., 57 к2 литА;59.856117;30.402560;kolos-osm-01286
Пекарня Колос, Санкт-Петербург, Юго-Западная;Санкт-Петербург, просп. Маршала Жукова, 33 к1;59.856257;30.225984;kolos-osm-01287
Пекарня Колос, Санкт-Петербург, Южное, 61;Санкт-Петербург, Южное ш., 61;59.856871;30.401634;kolos-osm-01288
Пекарня Колос, Санкт-Петербург, Будапештская;Санкт-Петербург, ул. Будапештская, 46;59.857001;30.379519;kolos-osm-01289
Пекарня Колос, Санкт-Петербург, Славы, 43/49;Санкт-Петербург, просп. Славы, 43/49;59.857916;30.389874;kolos-osm-01290
Пекарня Колос, Санкт-Петербург, Южное, 51 к1;Санкт-Петербург, Южное ш., 51 к1;59.858739;30.409278;kolos-osm-01291
Пекарня Колос, Санкт-Петербург, Стачек, 101 к1 литЕ;Санкт-Петербург, просп. Стачек, 101 к1 литЕ;59.859112;30.246314;kolos-osm-01292
Пекарня Колос, Санкт-Петербург, Бухарестская, 96;Санкт-Петербург, ул. Бухарестская, 96;59.859947;30.393977;kolos-osm-01293
Пекарня Колос, Санкт-Петербург, Доблести;Санкт-Петербург, ул. Доблести, 17 к2;59.860300;30.173580;kolos-osm-01294
Пекарня Колос, Санкт-Петербург, Маршала Казакова;Санкт-Петербург, ул. Маршала Казакова, 50 к1;59.861258;30.196830;kolos-osm-01295
Пекарня Колос, Санкт-Петербург, Александровской Фермы;Санкт-Петербург, просп. Александровской Фермы, 8 с1;59.862102;30.452374;kolos-osm-01296
Пекарня Колос, Санкт-Петербург, Маршала Казакова, 35;Санкт-Петербург, ул. Маршала Казакова, 35;59.862440;30.210506;kolos-osm-01297
Пекарня Колос, Санкт-Петербург, Парк Победы;Санкт-Петербург, ул. Победы, 21;59.863123;30.324098;kolos-osm-01298
Пекарня Колос, Санкт-Петербург, Московский;Санкт-Петербург, Московский просп., 167 литД;59.863151;30.320199;kolos-osm-01299
Пекарня Колос, Санкт-Петербург, Пражская;Санкт-Петербург, ул. Пражская, 48/50;59.863648;30.403125;kolos-osm-01300
Пекарня Колос, Санкт-Петербург, Привокзальная;Санкт-Петербург, Привокзальная пл., 7;59.864519;29.924594;kolos-osm-01301
Пекарня Колос, Санкт-Петербург, Пролетарская;Санкт-Петербург, просп. Обуховской Обороны, 116 к1 литЕ;59.864883;30.472373;kolos-osm-01302
Пекарня Колос, Санкт-Петербург, Шелгунова;Санкт-Петербург, ул. Шелгунова, 12 к2;59.865834;30.453771;kolos-osm-01303
Пекарня Колос, Санкт-Петербург, Турку;Санкт-Петербург, ул. Турку, 1 к2;59.866262;30.364874;kolos-osm-01304
Пекарня Колос, Санкт-Петербург, Сортировочная-Московская;Санкт-Петербург, ул. Сортировочная-Московская, 30;59.866616;30.430595;kolos-osm-01305
Пекарня Колос, Санкт-Петербург, Автово;Санкт-Петербург, просп. Стачек, 90;59.867590;30.261122;kolos-osm-01306
Пекарня Колос, Санкт-Петербург, Санкт-Петербургское;Санкт-Петербург, Санкт-Петербургское ш., 111 к10;59.867703;29.982294;kolos-osm-01307
Пекарня Колос, Санкт-Петербург, Московский, 188А литД;Санкт-Петербург, Московский просп., 188А литД;59.868175;30.328142;kolos-osm-01308
Пекарня Колос, Санкт-Петербург, Будапештская, 11Б;Санкт-Петербург, ул. Будапештская, 11Б;59.868791;30.368046;kolos-osm-01309
Пекарня Колос, Санкт-Петербург, дорога на Турухтанные острова;Санкт-Петербург, дорога на Турухтанные острова, 5 к1;59.869942;30.253725;kolos-osm-01310
Пекарня Колос, Санкт-Петербург, Международная;Санкт-Петербург, ул. Белы Куна, 4 к1 литБ;59.870523;30.376623;kolos-osm-01311
Пекарня Колос, Санкт-Петербург, Краснопутиловская;Санкт-Петербург, ул. Краснопутиловская, 21;59.871077;30.267626;kolos-osm-01312
Пекарня Колос, Санкт-Петербург, Кузнецовская;Санкт-Петербург, ул. Кузнецовская, 26;59.871850;30.310880;kolos-osm-01313
Пекарня Колос, Санкт-Петербург, Белевский;Санкт-Петербург, Белевский просп., 22А;59.871942;30.430686;kolos-osm-01314
Пекарня Колос, Санкт-Петербург, Ломоносовская;Санкт-Петербург, бул. Красных Зорь, 1;59.873647;30.446870;kolos-osm-01315
Пекарня Колос, Санкт-Петербург, Белы Куна;Санкт-Петербург, ул. Белы Куна, 16 литГ;59.873984;30.384345;kolos-osm-01316
Пекарня Колос, Санкт-Петербург, Астрономическая;Санкт-Петербург, ул. Астрономическая, 11;59.874956;29.806260;kolos-osm-01317
Пекарня Колос, Санкт-Петербург, Петергофская;Санкт-Петербург, ул. Петергофская, 10В;59.874991;29.862911;kolos-osm-01318
Пекарня Колос, Санкт-Петербург, Благодатная;Санкт-Петербург, ул. Благодатная, 33;59.875454;30.310659;kolos-osm-01319
Пекарня Колос, Санкт-Петербург, Софийская, 33 к1;Санкт-Петербург, ул. Софийская, 33 к1;59.875698;30.398920;kolos-osm-01320
Пекарня Колос, Санкт-Петербург, Бабушкина;Санкт-Петербург, ул. Бабушкина, 75;59.876081;30.443964;kolos-osm-01321
Пекарня Колос, Санкт-Петербург, Бабушкина, 73;Санкт-Петербург, ул. Бабушкина, 73;59.876493;30.443491;kolos-osm-01322
Пекарня Колос, Санкт-Петербург, Фучика;Санкт-Петербург, ул. Фучика, 2;59.877011;30.358945;kolos-osm-01323
Пекарня Колос, Санкт-Петербург, Большевиков;Санкт-Петербург, просп. Большевиков, 71 к1;59.877811;30.479308;kolos-osm-01324
Пекарня Колос, Санкт-Петербург, Народная;Санкт-Петербург, ул. Народная, 3 к1;59.878474;30.460569;kolos-osm-01325
Пекарня Колос, Санкт-Петербург, Электросила;Санкт-Петербург, ул. Решетникова, 5;59.878774;30.323999;kolos-osm-01326
Пекарня Колос, Санкт-Петербург, Седова;Санкт-Петербург, ул. Седова, 61;59.879067;30.428470;kolos-osm-01327
Пекарня Колос, Санкт-Петербург, Санкт-Петербургский;Санкт-Петербург, Санкт-Петербургский просп., 46;59.879982;29.906880;kolos-osm-01328
Пекарня Колос, Санкт-Петербург, Белы Куна, 34;Санкт-Петербург, ул. Белы Куна, 34;59.880710;30.402689;kolos-osm-01329
Пекарня Колос, Санкт-Петербург, Народная, 27;Санкт-Петербург, ул. Народная, 27;59.880736;30.467087;kolos-osm-01330
Пекарня Колос, Санкт-Петербург, Новосёлов;Санкт-Петербург, ул. Новосёлов, 11Л;59.882642;30.458938;kolos-osm-01331
Пекарня Колос, Санкт-Петербург, Софийская, 8 к3;Санкт-Петербург, ул. Софийская, 8 к3;59.883503;30.396109;kolos-osm-01332
Пекарня Колос, Санкт-Петербург, Софийская, 6 к8 с1;Санкт-Петербург, ул. Софийская, 6 к8 с1;59.884099;30.389569;kolos-osm-01333
Пекарня Колос, Санкт-Петербург, Бухарестская, 24 к1;Санкт-Петербург, ул. Бухарестская, 24 к1;59.885982;30.365911;kolos-osm-01334
Пекарня Колос, Санкт-Петербург, Трефолева;Санкт-Петербург, ул. Трефолева, 2 литБН;59.886490;30.280983;kolos-osm-01335
Пекарня Колос, Санкт-Петербург, Цветочная;Санкт-Петербург, ул. Цветочная, 16;59.888048;30.331532;kolos-osm-01336
Пекарня Колос, Санкт-Петербург, Октябрьская;Санкт-Петербург, Октябрьская наб., 48 к3;59.888716;30.449120;kolos-osm-01337
Пекарня Колос, Санкт-Петербург, Стачек, 24;Санкт-Петербург, просп. Стачек, 24;59.890382;30.272658;kolos-osm-01338
Пекарня Колос, Санкт-Петербург, Севастопольская;Санкт-Петербург, ул. Севастопольская, 29;59.891062;30.266382;kolos-osm-01339
Пекарня Колос, Санкт-Петербург, Московские ворота;Санкт-Петербург, ул. Цветочная, 6 литАХ;59.892557;30.329695;kolos-osm-01340
Пекарня Колос, Санкт-Петербург, Парфёновская;Санкт-Петербург, ул. Парфёновская, 17 с1;59.893963;30.312928;kolos-osm-01341
Пекарня Колос, Санкт-Петербург, Тельмана;Санкт-Петербург, ул. Тельмана, 54 к3;59.894521;30.487097;kolos-osm-01342
Пекарня Колос, Санкт-Петербург, Швецова;Санкт-Петербург, ул. Швецова, 23 литЛ;59.895970;30.286037;kolos-osm-01343
Пекарня Колос, Санкт-Петербург, Елизаровская;Санкт-Петербург, ул. Седова, 20;59.896158;30.410527;kolos-osm-01344
Пекарня Колос, Санкт-Петербург, Елизарова;Санкт-Петербург, просп. Елизарова, 12/12;59.896501;30.424401;kolos-osm-01345
Пекарня Колос, Санкт-Петербург, Большой Смоленский;Санкт-Петербург, Большой Смоленский просп., 26;59.897168;30.412401;kolos-osm-01346
Пекарня Колос, Санкт-Петербург, Бабушкина, 3;Санкт-Петербург, ул. Бабушкина, 3;59.897684;30.418567;kolos-osm-01347
Пекарня Колос, Санкт-Петербург, Ольминского;Санкт-Петербург, ул. Ольминского, 14;59.898397;30.422213;kolos-osm-01348
Пекарня Колос, Санкт-Петербург, Обуховской Обороны;Санкт-Петербург, просп. Обуховской Обороны, 89 литБ;59.899013;30.429504;kolos-osm-01349
Пекарня Колос, Санкт-Петербург, Дыбенко;Санкт-Петербург, ул. Дыбенко, 5 к3;59.899145;30.453516;kolos-osm-01350
Пекарня Колос, Санкт-Петербург, Крыленко;Санкт-Петербург, ул. Крыленко, 26;59.899995;30.484873;kolos-osm-01351
Пекарня Колос, Санкт-Петербург, Парфёновская, 9 к2;Санкт-Петербург, ул. Парфёновская, 9 к2;59.900136;30.307515;kolos-osm-01352
Пекарня Колос, Санкт-Петербург, Обуховской Обороны, 68 к2;Санкт-Петербург, просп. Обуховской Обороны, 68 к2;59.901042;30.427551;kolos-osm-01353
Пекарня Колос, Санкт-Петербург, Федюнинского;Санкт-Петербург, ул. Федюнинского, 5 к4;59.901651;29.771442;kolos-osm-01354
Пекарня Колос, Санкт-Петербург, Нарвская;Санкт-Петербург, Старо-Петергофский просп., 54;59.901802;30.275182;kolos-osm-01355
Пекарня Колос, Санкт-Петербург, Дальневосточный;Санкт-Петербург, Дальневосточный просп., 27 к3 с1;59.902649;30.452846;kolos-osm-01356
Пекарня Колос, Санкт-Петербург, Старо-Петергофский;Санкт-Петербург, Старо-Петергофский просп., 37;59.903051;30.276512;kolos-osm-01357
Пекарня Колос, Санкт-Петербург, Нарвский;Санкт-Петербург, Нарвский просп., 18;59.903478;30.274324;kolos-osm-01358
Пекарня Колос, Санкт-Петербург, Шкапина;Санкт-Петербург, ул. Шкапина, 15 с1;59.903626;30.289943;kolos-osm-01359
Пекарня Колос, Санкт-Петербург, Балтийская;Санкт-Петербург, наб. Обводного канала, 118А литУ;59.904199;30.305775;kolos-osm-01360
Пекарня Колос, Санкт-Петербург, Московский, 73 к5;Санкт-Петербург, Московский просп., 73 к5;59.905068;30.312307;kolos-osm-01361
Пекарня Колос, Санкт-Петербург, Красного Флота;Санкт-Петербург, ул. Красного Флота, 34А;59.905338;29.780110;kolos-osm-01362
Пекарня Колос, Санкт-Петербург, Улица Дыбенко;Санкт-Петербург, ул. Дыбенко, 27 к1 литМ;59.905839;30.480840;kolos-osm-01363
Пекарня Колос, Санкт-Петербург, Бехтерева;Санкт-Петербург, ул. Бехтерева, 2 литБ;59.906138;30.405069;kolos-osm-01364
Пекарня Колос, Санкт-Петербург, Лиговский;Санкт-Петербург, Лиговский просп., 271;59.906569;30.339616;kolos-osm-01365
Пекарня Колос, Санкт-Петербург, Обводного канала;Санкт-Петербург, наб. Обводного канала, 118 литС;59.906834;30.307599;kolos-osm-01366
Пекарня Колос, Санкт-Петербург, Обводный канал;Санкт-Петербург, Лиговский просп., 255;59.907644;30.345128;kolos-osm-01367
Пекарня Колос, Санкт-Петербург, Двинская;Санкт-Петербург, ул. Двинская, 10 к3;59.907722;30.247656;kolos-osm-01368
Пекарня Колос, Санкт-Петербург, Обводного канала, 96;Санкт-Петербург, наб. Обводного канала, 96;59.908245;30.319813;kolos-osm-01369
Пекарня Колос, Санкт-Петербург, Лиговский, 198;Санкт-Петербург, Лиговский просп., 198;59.909290;30.347168;kolos-osm-01370
Пекарня Колос, Санкт-Петербург, Технологический институт 1;Санкт-Петербург, Московский просп., 63;59.909345;30.318792;kolos-osm-01371
Пекарня Колос, Санкт-Петербург, Обводного канала, 199-201 литЖ;Санкт-Петербург, наб. Обводного канала, 199-201 литЖ;59.909698;30.285095;kolos-osm-01372
Пекарня Колос, Санкт-Петербург, Обводного канала, 199-201 к13 литК;Санкт-Петербург, наб. Обводного канала, 199-201 к13 литК;59.910363;30.284038;kolos-osm-01373
Пекарня Колос, Санкт-Петербург, Измайловский;Санкт-Петербург, Измайловский просп., 25;59.910932;30.307030;kolos-osm-01374
Пекарня Колос, Санкт-Петербург, Коллонтай;Санкт-Петербург, ул. Коллонтай, 3;59.911227;30.444990;kolos-osm-01375
Пекарня Колос, Санкт-Петербург, Боровая;Санкт-Петербург, ул. Боровая, 86;59.911278;30.340735;kolos-osm-01376
Пекарня Колос, Санкт-Петербург, Курляндская;Санкт-Петербург, ул. Курляндская, 36-38;59.911523;30.276822;kolos-osm-01377
Пекарня Колос, Санкт-Петербург, 7-я Красноармейская;Санкт-Петербург, ул. 7-я Красноармейская, 5;59.911788;30.316462;kolos-osm-01378
Пекарня Колос, Санкт-Петербург, Технологический институт 2;Санкт-Петербург, Малодетскосельский просп., 26;59.912044;30.323578;kolos-osm-01379
Пекарня Колос, Санкт-Петербург, 11-я Красноармейская;Санкт-Петербург, ул. 11-я Красноармейская, 11 с1;59.912326;30.300513;kolos-osm-01380
Пекарня Колос, Санкт-Петербург, Московский, 41;Санкт-Петербург, Московский просп., 41;59.912543;30.317330;kolos-osm-01381
Пекарня Колос, Санкт-Петербург, Рижский;Санкт-Петербург, Рижский просп., 70 литА;59.912972;30.270952;kolos-osm-01382
Пекарня Колос, Санкт-Петербург, Ломоносова;Санкт-Петербург, ул. Ломоносова, 14Б;59.913341;29.774352;kolos-osm-01383
Пекарня Колос, Санкт-Петербург, Обводного канала, 24;Санкт-Петербург, наб. Обводного канала, 24;59.913657;30.375439;kolos-osm-01384
Пекарня Колос, Санкт-Петербург, Боровая, 47 к2 литА;Санкт-Петербург, ул. Боровая, 47 к2 литА;59.914052;30.343149;kolos-osm-01385
Пекарня Колос, Санкт-Петербург, Московский, 40;Санкт-Петербург, Московский просп., 40;59.914272;30.318472;kolos-osm-01386
Пекарня Колос, Санкт-Петербург, 3-я Красноармейская;Санкт-Петербург, ул. 3-я Красноармейская, 2/31;59.914515;30.317165;kolos-osm-01387
Пекарня Колос, Санкт-Петербург, Боровая, 42;Санкт-Петербург, ул. Боровая, 42;59.915324;30.344483;kolos-osm-01388
Пекарня Колос, Санкт-Петербург, 2-я Красноармейская;Санкт-Петербург, ул. 2-я Красноармейская, 9/3;59.915565;30.313879;kolos-osm-01389
Пекарня Колос, Санкт-Петербург, Троицкий;Санкт-Петербург, Троицкий просп., 18;59.915742;30.298942;kolos-osm-01390
Пекарня Колос, Санкт-Петербург, Большевиков, 7 к4;Санкт-Петербург, просп. Большевиков, 7 к4;59.915943;30.473156;kolos-osm-01391
Пекарня Колос, Санкт-Петербург, 1-я Красноармейская;Санкт-Петербург, ул. 1-я Красноармейская, 15;59.916422;30.309326;kolos-osm-01392
Пекарня Колос, Санкт-Петербург, Загородный;Санкт-Петербург, Загородный просп., 70;59.917169;30.320082;kolos-osm-01393
Пекарня Колос, Санкт-Петербург, Атаманская;Санкт-Петербург, ул. Атаманская, 3/6 литС;59.917461;30.374733;kolos-osm-01394
Пекарня Колос, Санкт-Петербург, Лиговский проспект;Санкт-Петербург, ул. Черняховского, 25 литВ;59.917637;30.357500;kolos-osm-01395
Пекарня Колос, Санкт-Петербург, Лермонтовский;Санкт-Петербург, Лермонтовский просп., 35;59.917932;30.296300;kolos-osm-01396
Пекарня Колос, Санкт-Петербург, Загородный, 64;Санкт-Петербург, Загородный просп., 64;59.918016;30.322268;kolos-osm-01397
Пекарня Колос, Санкт-Петербург, Лермонтовский, 26;Санкт-Петербург, Лермонтовский просп., 26;59.918430;30.296499;kolos-osm-01398
Пекарня Колос, Санкт-Петербург, Марата;Санкт-Петербург, ул. Марата, 86;59.918869;30.339324;kolos-osm-01399
Пекарня Колос, Санкт-Петербург, реки Фонтанки;Санкт-Петербург, наб. реки Фонтанки, 118 литД;59.919075;30.311521;kolos-osm-01400
Пекарня Колос, Санкт-Петербург, реки Фонтанки, 131;Санкт-Петербург, наб. реки Фонтанки, 131;59.919407;30.305894;kolos-osm-01401
Пекарня Колос, Санкт-Петербург, реки Фонтанки, 127;Санкт-Петербург, наб. реки Фонтанки, 127;59.919689;30.307122;kolos-osm-01402
Пекарня Колос, Санкт-Петербург, Владимирская;Санкт-Петербург, ул. Боровая, 24;59.920031;30.347395;kolos-osm-01403
Пекарня Колос, Санкт-Петербург, Садовая, 62;Санкт-Петербург, ул. Садовая, 62;59.920802;30.303092;kolos-osm-01404
Пекарня Колос, Санкт-Петербург, Константина Заслонова;Санкт-Петербург, ул. Константина Заслонова, 1;59.920973;30.352743;kolos-osm-01405
Пекарня Колос, Санкт-Петербург, Дровяной;Санкт-Петербург, Дровяной пер., 18 литВ;59.921281;30.284485;kolos-osm-01406
Пекарня Колос, Санкт-Петербург, Загородный, 48/2;Санкт-Петербург, Загородный просп., 48/2;59.921450;30.331280;kolos-osm-01407
Пекарня Колос, Санкт-Петербург, Крюкова канала;Санкт-Петербург, наб. Крюкова канала, 17;59.921799;30.297471;kolos-osm-01408
Пекарня Колос, Санкт-Петербург, Коллонтай, 24 к3;Санкт-Петербург, ул. Коллонтай, 24 к3;59.921985;30.476649;kolos-osm-01409
Пекарня Колос, Санкт-Петербург, Звенигородская;Санкт-Петербург, ул. Звенигородская, 8-10 литК;59.922174;30.336942;kolos-osm-01410
Пекарня Колос, Санкт-Петербург, Правды;Санкт-Петербург, ул. Правды, 16;59.922336;30.340937;kolos-osm-01411
Пекарня Колос, Санкт-Петербург, Рижская;Санкт-Петербург, ул. Рижская, 1;59.922522;30.418397;kolos-osm-01412
Пекарня Колос, Санкт-Петербург, Римского-Корсакова;Санкт-Петербург, просп. Римского-Корсакова, 22 c3;59.922588;30.295543;kolos-osm-01413
Пекарня Колос, Санкт-Петербург, Социалистическая;Санкт-Петербург, ул. Социалистическая, 9;59.922827;30.341804;kolos-osm-01414
Пекарня Колос, Санкт-Петербург, Союза Печатников;Санкт-Петербург, ул. Союза Печатников, 19;59.923207;30.289095;kolos-osm-01415
Пекарня Колос, Санкт-Петербург, Спасская;Санкт-Петербург, ул. Садовая, 53;59.923546;30.309701;kolos-osm-01416
Пекарня Колос, Санкт-Петербург, Лиговский, 89/20;Санкт-Петербург, Лиговский просп., 89/20;59.923774;30.355974;kolos-osm-01417
Пекарня Колос, Санкт-Петербург, Лиговский, 50 литХ;Санкт-Петербург, Лиговский просп., 50 литХ;59.923882;30.362847;kolos-osm-01418
Пекарня Колос, Санкт-Петербург, Союза Печатников, 8;Санкт-Петербург, ул. Союза Печатников, 8;59.923913;30.293468;kolos-osm-01419
Пекарня Колос, Санкт-Петербург, Правды, 6;Санкт-Петербург, ул. Правды, 6;59.924077;30.343907;kolos-osm-01420
Пекарня Колос, Санкт-Петербург, Площадь Александра Невского 1;Санкт-Петербург, Невский просп., 190;59.924243;30.384924;kolos-osm-01421
Пекарня Колос, Санкт-Петербург, Кожевенная линия;Санкт-Петербург, Кожевенная линия, 40;59.924427;30.241642;kolos-osm-01422
Пекарня Колос, Санкт-Петербург, Сенная площадь;Санкт-Петербург, ул. Ефимова, 5;59.924483;30.322793;kolos-osm-01423
Пекарня Колос, Санкт-Петербург, Декабристов;Санкт-Петербург, ул. Декабристов, 46;59.924773;30.289133;kolos-osm-01424
Пекарня Колос, Санкт-Петербург, Английский;Санкт-Петербург, Английский просп., 22;59.924918;30.283797;kolos-osm-01425
Пекарня Колос, Санкт-Петербург, Лиговский, 50 литФ;Санкт-Петербург, Лиговский просп., 50 литФ;59.925098;30.360878;kolos-osm-01426
Пекарня Колос, Санкт-Петербург, Бринько;Санкт-Петербург, пер. Бринько, 4 литА;59.925278;30.315926;kolos-osm-01427
Пекарня Колос, Санкт-Петербург, Александра Невского;Санкт-Петербург, пл. Александра Невского, 2 литЕ;59.925323;30.387496;kolos-osm-01428
Пекарня Колос, Санкт-Петербург, канала Грибоедова;Санкт-Петербург, наб. канала Грибоедова, 109/8;59.925467;30.300279;kolos-osm-01429
Пекарня Колос, Санкт-Петербург, Свечной;Санкт-Петербург, Свечной пер., 1;59.925729;30.346674;kolos-osm-01430
Пекарня Колос, Санкт-Петербург, Гороховая;Санкт-Петербург, ул. Гороховая, 50;59.925922;30.326873;kolos-osm-01431
Пекарня Колос, Санкт-Петербург, Ефимова;Санкт-Петербург, ул. Ефимова, 1/4;59.926222;30.319065;kolos-osm-01432
Пекарня Колос, Санкт-Петербург, Площадь Восстания;Санкт-Петербург, Невский просп., 85 литАМ;59.926294;30.366807;kolos-osm-01433
Пекарня Колос, Санкт-Петербург, реки Фонтанки, 82/1;Санкт-Петербург, наб. реки Фонтанки, 82/1;59.926372;30.331714;kolos-osm-01434
Пекарня Колос, Санкт-Петербург, Декабристов, 30;Санкт-Петербург, ул. Декабристов, 30;59.926691;30.299993;kolos-osm-01435
Пекарня Колос, Санкт-Петербург, Вознесенский;Санкт-Петербург, Вознесенский просп., 32;59.926773;30.308365;kolos-osm-01436
Пекарня Колос, Санкт-Петербург, реки Фонтанки, 80/2;Санкт-Петербург, наб. реки Фонтанки, 80/2;59.926843;30.332884;kolos-osm-01437
Пекарня Колос, Санкт-Петербург, Лиговский, 30;Санкт-Петербург, Лиговский просп., 30;59.926989;30.360978;kolos-osm-01438
Пекарня Колос, Санкт-Петербург, Садовая, 40;Санкт-Петербург, ул. Садовая, 40;59.927063;30.321796;kolos-osm-01439
Пекарня Колос, Санкт-Петербург, Кузнечный;Санкт-Петербург, Кузнечный пер., 3;59.927345;30.350289;kolos-osm-01440
Пекарня Колос, Санкт-Петербург, Достоевская;Санкт-Петербург, ул. Ломоносова, 18;59.927485;30.338954;kolos-osm-01441
Пекарня Колос, Санкт-Петербург, Большая Московская;Санкт-Петербург, ул. Большая Московская, 1;59.927691;30.347260;kolos-osm-01442
Пекарня Колос, Санкт-Петербург, Горный институт;Санкт-Петербург, 26-я линия В.О., 5 к4 литД;59.927765;30.261376;kolos-osm-01443
Пекарня Колос, Санкт-Петербург, Конная;Санкт-Петербург, ул. Конная, 11/4;59.927803;30.376328;kolos-osm-01444
Пекарня Колос, Санкт-Петербург, Херсонская;Санкт-Петербург, ул. Херсонская, 31;59.927899;30.381735;kolos-osm-01445
Пекарня Колос, Санкт-Петербург, Гривцова;Санкт-Петербург, пер. Гривцова, 22 литА;59.928343;30.317062;kolos-osm-01446
Пекарня Колос, Санкт-Петербург, 26-27-я линии В.О.;Санкт-Петербург, 26-27-я линии В.О., 7;59.928410;30.260664;kolos-osm-01447
Пекарня Колос, Санкт-Петербург, Михайловский;Санкт-Петербург, Михайловский пр., 51;59.928516;30.329219;kolos-osm-01448
Пекарня Колос, Санкт-Петербург, Казанская;Санкт-Петербург, ул. Казанская, 46;59.928649;30.310584;kolos-osm-01449
Пекарня Колос, Санкт-Петербург, Садовая, 29 литВ;Санкт-Петербург, ул. Садовая, 29 литВ;59.928859;30.322357;kolos-osm-01450
Пекарня Колос, Санкт-Петербург, Казанская, 44;Санкт-Петербург, ул. Казанская, 44;59.928921;30.311582;kolos-osm-01451
Пекарня Колос, Санкт-Петербург, Апраксин;Санкт-Петербург, Апраксин пер., 4;59.929092;30.325009;kolos-osm-01452
Пекарня Колос, Санкт-Петербург, Адмиралтейского канала;Санкт-Петербург, наб. Адмиралтейского канала, 2Т;59.929170;30.287881;kolos-osm-01453
Пекарня Колос, Санкт-Петербург, Новочеркасская;Санкт-Петербург, Новочеркасский просп., 41/14;59.929490;30.410718;kolos-osm-01454
Пекарня Колос, Санкт-Петербург, Адмиралтейского канала, 2Т;Санкт-Петербург, наб. Адмиралтейского канала, 2Т;59.929529;30.288158;kolos-osm-01455
Пекарня Колос, Санкт-Петербург, Рубинштейна;Санкт-Петербург, ул. Рубинштейна, 24;59.929669;30.344538;kolos-osm-01456
Пекарня Колос, Санкт-Петербург, Невский проспект;Санкт-Петербург, ул. Садовая, 28-30 к15;59.929770;30.329470;kolos-osm-01457
Пекарня Колос, Санкт-Петербург, Херсонская, 3;Санкт-Петербург, ул. Херсонская, 3;59.929877;30.376258;kolos-osm-01458
Пекарня Колос, Санкт-Петербург, Мучной;Санкт-Петербург, Мучной пер., 5;59.930045;30.322545;kolos-osm-01459
Пекарня Колос, Санкт-Петербург, Маяковская;Санкт-Петербург, ул. Марата, 5;59.930162;30.354323;kolos-osm-01460
Пекарня Колос, Санкт-Петербург, 2-я Советская;Санкт-Петербург, ул. 2-я Советская, 27/2;59.930182;30.372531;kolos-osm-01461
Пекарня Колос, Санкт-Петербург, Невский;Санкт-Петербург, Невский просп., 87/2;59.930456;30.363285;kolos-osm-01462
Пекарня Колос, Санкт-Петербург, Невский, 130;Санкт-Петербург, Невский просп., 130;59.930460;30.366562;kolos-osm-01463
Пекарня Колос, Санкт-Петербург, 2-я Советская, 25А;Санкт-Петербург, ул. 2-я Советская, 25А;59.930651;30.371123;kolos-osm-01464
Пекарня Колос, Санкт-Петербург, Марата, 3;Санкт-Петербург, ул. Марата, 3;59.930772;30.354708;kolos-osm-01465
Пекарня Колос, Санкт-Петербург, Стремянная;Санкт-Петербург, ул. Стремянная, 11;59.930912;30.351145;kolos-osm-01466
Пекарня Колос, Санкт-Петербург, 1-я Советская;Санкт-Петербург, ул. 1-я Советская, 10 литБ;59.931061;30.365047;kolos-osm-01467
Пекарня Колос, Санкт-Петербург, Гостиный двор;Санкт-Петербург, пл. Островского, 4;59.931100;30.336781;kolos-osm-01468
Пекарня Колос, Санкт-Петербург, 2-я Советская, 19;Санкт-Петербург, ул. 2-я Советская, 19;59.931394;30.368958;kolos-osm-01469
Пекарня Колос, Санкт-Петербург, 22-я линии В.О.;Санкт-Петербург, 22-я линии В.О., 3 к1 литМ;59.931582;30.265292;kolos-osm-01470
Пекарня Колос, Санкт-Петербург, Большой В.О.;Санкт-Петербург, Большой просп. В.О., 72;59.931687;30.258142;kolos-osm-01471
Пекарня Колос, Санкт-Петербург, Почтамтская;Санкт-Петербург, ул. Почтамтская, 12;59.931942;30.302447;kolos-osm-01472
Пекарня Колос, Санкт-Петербург, Невский, 114-116;Санкт-Петербург, Невский просп., 114-116;59.932041;30.359348;kolos-osm-01473
Пекарня Колос, Санкт-Петербург, Шкиперский проток;Санкт-Петербург, Шкиперский проток, 14 к8;59.932133;30.225192;kolos-osm-01474
Пекарня Колос, Санкт-Петербург, Орловский;Санкт-Петербург, Орловский пер., 3 литВ;59.932177;30.363852;kolos-osm-01475
Пекарня Колос, Санкт-Петербург, Невский, 90;Санкт-Петербург, Невский просп., 90;59.932409;30.351921;kolos-osm-01476
Пекарня Колос, Санкт-Петербург, 22-я линия В.О.;Санкт-Петербург, 22-я линия В.О., 5 литО;59.932490;30.264224;kolos-osm-01477
Пекарня Колос, Санкт-Петербург, 20-я линия В.О.;Санкт-Петербург, 20-я линия В.О., 9;59.932572;30.267503;kolos-osm-01478
Пекарня Колос, Санкт-Петербург, Невский, 94/2;Санкт-Петербург, Невский просп., 94/2;59.932658;30.353846;kolos-osm-01479
Пекарня Колос, Санкт-Петербург, канала Грибоедова, 26;Санкт-Петербург, наб. канала Грибоедова, 26;59.932949;30.325844;kolos-osm-01480
Пекарня Колос, Санкт-Петербург, Невский, 74-76 литГ;Санкт-Петербург, Невский просп., 74-76 литГ;59.933015;30.347123;kolos-osm-01481
Пекарня Колос, Санкт-Петербург, Большой В.О., 83;Санкт-Петербург, Большой просп. В.О., 83;59.933214;30.253168;kolos-osm-01482
Пекарня Колос, Санкт-Петербург, Адмиралтейская;Санкт-Петербург, наб. реки Мойки, 69;59.933323;30.315319;kolos-osm-01483
Пекарня Колос, Санкт-Петербург, Невский, 35 литД;Санкт-Петербург, Невский просп., 35 литД;59.933373;30.330735;kolos-osm-01484
Пекарня Колос, Санкт-Петербург, Гороховая, 16/71;Санкт-Петербург, ул. Гороховая, 16/71;59.933640;30.314567;kolos-osm-01485
Пекарня Колос, Санкт-Петербург, Якубовича;Санкт-Петербург, ул. Якубовича, 4;59.933701;30.303311;kolos-osm-01486
Пекарня Колос, Санкт-Петербург, Конногвардейский;Санкт-Петербург, Конногвардейский бул., 9;59.933940;30.299429;kolos-osm-01487
Пекарня Колос, Санкт-Петербург, Исаакиевская;Санкт-Петербург, Исаакиевская пл., 1/2;59.934089;30.302864;kolos-osm-01488
Пекарня Колос, Санкт-Петербург, 5-я Советская;Санкт-Петербург, ул. 5-я Советская, 15-17/12;59.934157;30.369863;kolos-osm-01489
Пекарня Колос, Санкт-Петербург, Караванная;Санкт-Петербург, ул. Караванная, 24-26 литБ;59.934286;30.341341;kolos-osm-01490
Пекарня Колос, Санкт-Петербург, Невский, 52;Санкт-Петербург, Невский просп., 52;59.934405;30.336084;kolos-osm-01491
Пекарня Колос, Санкт-Петербург, канала Грибоедова, 18-20;Санкт-Петербург, наб. канала Грибоедова, 18-20;59.934513;30.326487;kolos-osm-01492
Пекарня Колос, Санкт-Петербург, Галерная;Санкт-Петербург, ул. Галерная, 8;59.934690;30.299219;kolos-osm-01493
Пекарня Колос, Санкт-Петербург, Лиговский, 23;Санкт-Петербург, Лиговский просп., 23;59.934852;30.363084;kolos-osm-01494
Пекарня Колос, Санкт-Петербург, Греческий;Санкт-Петербург, Греческий просп., 11 литА;59.935007;30.366391;kolos-osm-01495
Пекарня Колос, Санкт-Петербург, Невский, 48;Санкт-Петербург, Невский просп., 48;59.935367;30.334621;kolos-osm-01496
Пекарня Колос, Санкт-Петербург, Восстания;Санкт-Петербург, ул. Восстания, 10/51;59.935488;30.359909;kolos-osm-01497
Пекарня Колос, Санкт-Петербург, Шаумяна;Санкт-Петербург, просп. Шаумяна, 10 к1;59.935707;30.415811;kolos-osm-01498
Пекарня Колос, Санкт-Петербург, Малая Конюшенная;Санкт-Петербург, ул. Малая Конюшенная, 9;59.935811;30.324344;kolos-osm-01499
Пекарня Колос, Санкт-Петербург, реки Фонтанки, 17;Санкт-Петербург, наб. реки Фонтанки, 17;59.935949;30.343196;kolos-osm-01500
Пекарня Колос, Санкт-Петербург, Малая Конюшенная, 16/26;Санкт-Петербург, ул. Малая Конюшенная, 16/26;59.935969;30.325155;kolos-osm-01501
Пекарня Колос, Санкт-Петербург, реки Мойки;Санкт-Петербург, наб. реки Мойки, 59;59.936145;30.318762;kolos-osm-01502
Пекарня Колос, Санкт-Петербург, Новочеркасский;Санкт-Петербург, Новочеркасский просп., 21;59.936236;30.407591;kolos-osm-01503
Пекарня Колос, Санкт-Петербург, Лиговский, 17;Санкт-Петербург, Лиговский просп., 17;59.936371;30.364072;kolos-osm-01504
Пекарня Колос, Санкт-Петербург, Невский, 18;Санкт-Петербург, Невский просп., 18;59.936479;30.318284;kolos-osm-01505
Пекарня Колос, Санкт-Петербург, Невский, 16;Санкт-Петербург, Невский просп., 16;59.936610;30.317384;kolos-osm-01506
Пекарня Колос, Санкт-Петербург, Английская;Санкт-Петербург, Английская наб., 2;59.936676;30.300266;kolos-osm-01507
Пекарня Колос, Санкт-Петербург, 24-25-я линии В.О.;Санкт-Петербург, 24-25-я линии В.О., 25;59.936959;30.255705;kolos-osm-01508
Пекарня Колос, Санкт-Петербург, Большая Морская;Санкт-Петербург, ул. Большая Морская, 6;59.937277;30.317940;kolos-osm-01509
Пекарня Колос, Санкт-Петербург, Моисеенко;Санкт-Петербург, ул. Моисеенко, 27;59.937413;30.386226;kolos-osm-01510
Пекарня Колос, Санкт-Петербург, Кирилловская;Санкт-Петербург, ул. Кирилловская, 23;59.937450;30.385014;kolos-osm-01511
Пекарня Колос, Санкт-Петербург, Суворовский;Санкт-Петербург, Суворовский просп., 26-28;59.937471;30.373509;kolos-osm-01512
Пекарня Колос, Санкт-Петербург, 9-я Советская;Санкт-Петербург, ул. 9-я Советская, 10-12;59.937632;30.374818;kolos-osm-01513
Пекарня Колос, Санкт-Петербург, Греческий, 25;Санкт-Петербург, Греческий просп., 25;59.937985;30.369669;kolos-osm-01514
Пекарня Колос, Санкт-Петербург, Василеостровская;Санкт-Петербург, 11-я линия В.О., 14/39;59.938236;30.277186;kolos-osm-01515
Пекарня Колос, Санкт-Петербург, 11-я линия В.О.;Санкт-Петербург, 11-я линия В.О., 18 литВ;59.938453;30.275191;kolos-osm-01516
Пекарня Колос, Санкт-Петербург, Большая Конюшенная;Санкт-Петербург, ул. Большая Конюшенная, 4-6-8 литВ;59.938524;30.323789;kolos-osm-01517
Пекарня Колос, Санкт-Петербург, реки Мойки, 28;Санкт-Петербург, наб. реки Мойки, 28;59.938681;30.319859;kolos-osm-01518
Пекарня Колос, Санкт-Петербург, Инженерная;Санкт-Петербург, ул. Инженерная, 2-4 литД;59.938792;30.332882;kolos-osm-01519
Пекарня Колос, Санкт-Петербург, Некрасова;Санкт-Петербург, ул. Некрасова, 1/38;59.938899;30.348656;kolos-osm-01520
Пекарня Колос, Санкт-Петербург, 9-я линия В.О.;Санкт-Петербург, 9-я линия В.О., 16;59.939074;30.279607;kolos-osm-01521
Пекарня Колос, Санкт-Петербург, Большой В.О., 16/14;Санкт-Петербург, Большой просп. В.О., 16/14;59.939173;30.284547;kolos-osm-01522
Пекарня Колос, Санкт-Петербург, Большая Конюшенная, 2;Санкт-Петербург, ул. Большая Конюшенная, 2;59.939462;30.324237;kolos-osm-01523
Пекарня Колос, Санкт-Петербург, Большой В.О., 23;Санкт-Петербург, Большой просп. В.О., 23;59.939507;30.282487;kolos-osm-01524
Пекарня Колос, Санкт-Петербург, Шаумяна, 4 к1;Санкт-Петербург, просп. Шаумяна, 4 к1;59.939551;30.414824;kolos-osm-01525
Пекарня Колос, Санкт-Петербург, Чернышевская;Санкт-Петербург, ул. Маяковского, 23/6;59.939679;30.355959;kolos-osm-01526
Пекарня Колос, Санкт-Петербург, Шаумяна, 1;Санкт-Петербург, просп. Шаумяна, 1;59.940205;30.413695;kolos-osm-01527
Пекарня Колос, Санкт-Петербург, Малый В.О.;Санкт-Петербург, Малый просп. В.О., 62 к1;59.940232;30.251942;kolos-osm-01528
Пекарня Колос, Санкт-Петербург, Литейный;Санкт-Петербург, Литейный просп., 30;59.940459;30.348784;kolos-osm-01529
Пекарня Колос, Санкт-Петербург, Красногвардейская;Санкт-Петербург, Красногвардейская пл., 3 литЗ;59.940532;30.409008;kolos-osm-01530
Пекарня Колос, Санкт-Петербург, Красногвардейская, 3 литЕ;Санкт-Петербург, Красногвардейская пл., 3 литЕ;59.940604;30.410823;kolos-osm-01531
Пекарня Колос, Санкт-Петербург, Моховая;Санкт-Петербург, ул. Моховая, 31;59.940953;30.344977;kolos-osm-01532
Пекарня Колос, Санкт-Петербург, Дворцовая;Санкт-Петербург, Дворцовая наб., 38 литБ;59.941011;30.314466;kolos-osm-01533
Пекарня Колос, Санкт-Петербург, Суворовский, 40;Санкт-Петербург, Суворовский просп., 40;59.941397;30.379959;kolos-osm-01534
Пекарня Колос, Санкт-Петербург, 18-я линия В.О.;Санкт-Петербург, 18-я линия В.О., 51;59.941485;30.260461;kolos-osm-01535
Пекарня Колос, Санкт-Петербург, Якорная;Санкт-Петербург, ул. Якорная, 15 литБ;59.941684;30.434469;kolos-osm-01536
Пекарня Колос, Санкт-Петербург, Маяковского;Санкт-Петербург, ул. Маяковского, 37Г;59.941926;30.357358;kolos-osm-01537
Пекарня Колос, Санкт-Петербург, 8-я линия В.О.;Санкт-Петербург, 8-я линия В.О., 45/43;59.942076;30.276992;kolos-osm-01538
Пекарня Колос, Санкт-Петербург, Парадная;Санкт-Петербург, ул. Парадная, 3 к2;59.942119;30.367315;kolos-osm-01539
Пекарня Колос, Санкт-Петербург, Пестеля;Санкт-Петербург, ул. Пестеля, 17/25;59.942579;30.344998;kolos-osm-01540
Пекарня Колос, Санкт-Петербург, Кирочная;Санкт-Петербург, ул. Кирочная, 47;59.942694;30.379413;kolos-osm-01541
Пекарня Колос, Санкт-Петербург, 7-я линия В.О.;Санкт-Петербург, 7-я линия В.О., 52 литТ;59.942997;30.277562;kolos-osm-01542
Пекарня Колос, Санкт-Петербург, Якорная, 17;Санкт-Петербург, ул. Якорная, 17;59.943096;30.440489;kolos-osm-01543
Пекарня Колос, Санкт-Петербург, Пестеля, 14;Санкт-Петербург, ул. Пестеля, 14;59.943252;30.348252;kolos-osm-01544
Пекарня Колос, Санкт-Петербург, 7-я линия В.О., 54В;Санкт-Петербург, 7-я линия В.О., 54В;59.943481;30.277356;kolos-osm-01545
Пекарня Колос, Санкт-Петербург, Мошков;Санкт-Петербург, Мошков пер., 4;59.943487;30.321625;kolos-osm-01546
Пекарня Колос, Санкт-Петербург, Литейный, 20;Санкт-Петербург, Литейный просп., 20;59.943919;30.349741;kolos-osm-01547
Пекарня Колос, Санкт-Петербург, Кавалергардская;Санкт-Петербург, ул. Кавалергардская, 8;59.944013;30.382418;kolos-osm-01548
Пекарня Колос, Санкт-Петербург, Кирочная, 8 литБ;Санкт-Петербург, ул. Кирочная, 8 литБ;59.944152;30.351793;kolos-osm-01549
Пекарня Колос, Санкт-Петербург, Среднеохтинский;Санкт-Петербург, Среднеохтинский просп., 1 к1;59.944413;30.413407;kolos-osm-01550
Пекарня Колос, Санкт-Петербург, 5-я линия В.О.;Санкт-Петербург, 5-я линия В.О., 44 литБ;59.944523;30.280039;kolos-osm-01551
Пекарня Колос, Санкт-Петербург, Фурштатская;Санкт-Петербург, ул. Фурштатская, 31;59.944975;30.361969;kolos-osm-01552
Пекарня Колос, Санкт-Петербург, Фурштатская, 9;Санкт-Петербург, ул. Фурштатская, 9;59.945050;30.352471;kolos-osm-01553
Пекарня Колос, Санкт-Петербург, 2-я линия В.О.;Санкт-Петербург, 2-я линия В.О., 41/13;59.945099;30.283416;kolos-osm-01554
Пекарня Колос, Санкт-Петербург, Фурштатская, 48;Санкт-Петербург, ул. Фурштатская, 48;59.945301;30.363302;kolos-osm-01555
Пекарня Колос, Санкт-Петербург, Гагаринская;Санкт-Петербург, ул. Гагаринская, 15;59.945705;30.342526;kolos-osm-01556
Пекарня Колос, Санкт-Петербург, Спортивная;Санкт-Петербург, Кадетская линия В.О., 27А литД;59.945887;30.285934;kolos-osm-01557
Пекарня Колос, Санкт-Петербург, 1-я линия В.О.;Санкт-Петербург, 1-я линия В.О., 50;59.945977;30.285135;kolos-osm-01558
Пекарня Колос, Санкт-Петербург, 13-я линия В.О.;Санкт-Петербург, 13-я линия В.О., 72;59.946082;30.264656;kolos-osm-01559
Пекарня Колос, Санкт-Петербург, Малый В.О., 21;Санкт-Петербург, Малый просп. В.О., 21;59.946516;30.272083;kolos-osm-01560
Пекарня Колос, Санкт-Петербург, Кадетская линия В.О.;Санкт-Петербург, Кадетская линия В.О., 29;59.946619;30.285055;kolos-osm-01561
Пекарня Колос, Санкт-Петербург, Чернышевского;Санкт-Петербург, просп. Чернышевского, 10;59.947070;30.359654;kolos-osm-01562
Пекарня Колос, Санкт-Петербург, Энтузиастов;Санкт-Петербург, просп. Энтузиастов, 40;59.947215;30.474155;kolos-osm-01563
Пекарня Колос, Санкт-Петербург, 6-я линия;Санкт-Петербург, 6-я линия, 55;59.947753;30.273520;kolos-osm-01564
Пекарня Колос, Санкт-Петербург, Приморская;Санкт-Петербург, ул. Одоевского, 29;59.948091;30.235551;kolos-osm-01565
Пекарня Колос, Санкт-Петербург, 2-я линия В.О., 59/2;Санкт-Петербург, 2-я линия В.О., 59/2;59.948408;30.279778;kolos-osm-01566
Пекарня Колос, Санкт-Петербург, Потёмкинская;Санкт-Петербург, ул. Потёмкинская, 2 литГ;59.948573;30.368532;kolos-osm-01567
Пекарня Колос, Санкт-Петербург, Уральская;Санкт-Петербург, ул. Уральская, 2;59.949278;30.267216;kolos-osm-01568
Пекарня Колос, Санкт-Петербург, Таврическая;Санкт-Петербург, ул. Таврическая, 10;59.949424;30.377985;kolos-osm-01569
Пекарня Колос, Санкт-Петербург, Добролюбова;Санкт-Петербург, просп. Добролюбова, 5/1;59.949821;30.303476;kolos-osm-01570
Пекарня Колос, Санкт-Петербург, Ириновский;Санкт-Петербург, Ириновский просп., 1 литК;59.950165;30.447940;kolos-osm-01571
Пекарня Колос, Санкт-Петербург, Блохина;Санкт-Петербург, ул. Блохина, 4;59.950625;30.304146;kolos-osm-01572
Пекарня Колос, Санкт-Петербург, Кронверкский;Санкт-Петербург, Кронверкский просп., 71/46;59.952023;30.305510;kolos-osm-01573
Пекарня Колос, Санкт-Петербург, Большая Пороховская;Санкт-Петербург, ул. Большая Пороховская, 47;59.952788;30.431625;kolos-osm-01574
Пекарня Колос, Санкт-Петербург, Горьковская;Санкт-Петербург, Кронверкская наб., 3А;59.953199;30.321198;kolos-osm-01575
Пекарня Колос, Санкт-Петербург, Среднеохтинский, 25/19;Санкт-Петербург, Среднеохтинский просп., 25/19;59.953244;30.415254;kolos-osm-01576
Пекарня Колос, Санкт-Петербург, Съезжинская;Санкт-Петербург, ул. Съезжинская, 37;59.953867;30.306417;kolos-osm-01577
Пекарня Колос, Санкт-Петербург, Металлистов;Санкт-Петербург, просп. Металлистов, 19/30;59.954361;30.422935;kolos-osm-01578
Пекарня Колос, Санкт-Петербург, Чкаловская;Санкт-Петербург, ул. Большая Пушкарская, 4;59.954480;30.296290;kolos-osm-01579
Пекарня Колос, Санкт-Петербург, Красного Курсанта, 3;Санкт-Петербург, ул. Красного Курсанта, 3;59.954953;30.293326;kolos-osm-01580
Пекарня Колос, Санкт-Петербург, Уральская, 21;Санкт-Петербург, ул. Уральская, 21;59.955244;30.255205;kolos-osm-01581
Пекарня Колос, Санкт-Петербург, Введенская;Санкт-Петербург, ул. Введенская, 22;59.955333;30.307025;kolos-osm-01582
Пекарня Колос, Санкт-Петербург, Макарова;Санкт-Петербург, наб. Макарова, 32;59.955813;30.298547;kolos-osm-01583
Пекарня Колос, Санкт-Петербург, Большой П.С.;Санкт-Петербург, Большой просп. П.С., 23/1;59.956215;30.297456;kolos-osm-01584
Пекарня Колос, Санкт-Петербург, Куйбышева;Санкт-Петербург, ул. Куйбышева, 21;59.956458;30.331186;kolos-osm-01585
Пекарня Колос, Санкт-Петербург, Площадь Ленина;Санкт-Петербург, ул. Академика Лебедева, 15/1;59.956850;30.352278;kolos-osm-01586
Пекарня Колос, Санкт-Петербург, Кронверкский, 27;Санкт-Петербург, Кронверкский просп., 27;59.957028;30.317076;kolos-osm-01587
Пекарня Колос, Санкт-Петербург, Воскова;Санкт-Петербург, ул. Воскова, 7/18;59.957499;30.305124;kolos-osm-01588
Пекарня Колос, Санкт-Петербург, Сытнинская;Санкт-Петербург, ул. Сытнинская, 4П;59.957530;30.309070;kolos-osm-01589
Пекарня Колос, Санкт-Петербург, Куйбышева, 31;Санкт-Петербург, ул. Куйбышева, 31;59.957646;30.333836;kolos-osm-01590
Пекарня Колос, Санкт-Петербург, Комсомола;Санкт-Петербург, ул. Комсомола, 1-3 литБЫ;59.958365;30.364126;kolos-osm-01591
Пекарня Колос, Санкт-Петербург, Каменноостровский;Санкт-Петербург, Каменноостровский просп., 10;59.958387;30.318288;kolos-osm-01592
Пекарня Колос, Санкт-Петербург, Петроградская;Санкт-Петербург, Петроградская наб., 16;59.958614;30.334660;kolos-osm-01593
Пекарня Колос, Санкт-Петербург, Большая Пушкарская;Санкт-Петербург, ул. Большая Пушкарская, 28;59.958960;30.303709;kolos-osm-01594
Пекарня Колос, Санкт-Петербург, Большая Посадская;Санкт-Петербург, ул. Большая Посадская, 16 литВ;59.959147;30.325332;kolos-osm-01595
Пекарня Колос, Санкт-Петербург, Каменноостровский, 18/11 литБ;Санкт-Петербург, Каменноостровский просп., 18/11 литБ;59.959200;30.316446;kolos-osm-01596
Пекарня Колос, Санкт-Петербург, Певческий;Санкт-Петербург, Певческий пер., 7;59.959565;30.326551;kolos-osm-01597
Пекарня Колос, Санкт-Петербург, Каменноостровский, 13/2;Санкт-Петербург, Каменноостровский просп., 13/2;59.959638;30.318303;kolos-osm-01598
Пекарня Колос, Санкт-Петербург, Дивенская;Санкт-Петербург, ул. Дивенская, 5;59.960022;30.321300;kolos-osm-01599
Пекарня Колос, Санкт-Петербург, Ириновский, 32;Санкт-Петербург, Ириновский просп., 32;59.960071;30.481358;kolos-osm-01600
Пекарня Колос, Санкт-Петербург, Гатчинская;Санкт-Петербург, ул. Гатчинская, 2/54;59.960640;30.302700;kolos-osm-01601
Пекарня Колос, Санкт-Петербург, Петроградская, 24;Санкт-Петербург, Петроградская наб., 24;59.960883;30.334340;kolos-osm-01602
Пекарня Колос, Санкт-Петербург, Красного Курсанта, 25 литН;Санкт-Петербург, ул. Красного Курсанта, 25 литН;59.961112;30.279724;kolos-osm-01603
Пекарня Колос, Санкт-Петербург, Свердловская;Санкт-Петербург, Свердловская наб., 44 с2;59.961337;30.403561;kolos-osm-01604
Пекарня Колос, Санкт-Петербург, Большая Зеленина;Санкт-Петербург, ул. Большая Зеленина, 15;59.961905;30.291779;kolos-osm-01605
Пекарня Колос, Санкт-Петербург, Маршала Тухачевского;Санкт-Петербург, ул. Маршала Тухачевского, 5 к1;59.962222;30.431849;kolos-osm-01606
Пекарня Колос, Санкт-Петербург, Мира;Санкт-Петербург, ул. Мира, 37;59.962223;30.328622;kolos-osm-01607
Пекарня Колос, Санкт-Петербург, Корпусная;Санкт-Петербург, ул. Корпусная, 28Г;59.962767;30.286281;kolos-osm-01608
Пекарня Колос, Санкт-Петербург, Коммуны;Санкт-Петербург, ул. Коммуны, 64;59.963200;30.486868;kolos-osm-01609
Пекарня Колос, Санкт-Петербург, Чкаловский;Санкт-Петербург, Чкаловский просп., 32;59.963674;30.295226;kolos-osm-01610
Пекарня Колос, Санкт-Петербург, Большой П.С., 63;Санкт-Петербург, Большой просп. П.С., 63;59.963760;30.309032;kolos-osm-01611
Пекарня Колос, Санкт-Петербург, Пироговская;Санкт-Петербург, Пироговская наб., 17;59.964092;30.338178;kolos-osm-01612
Пекарня Колос, Санкт-Петербург, Выборгская;Санкт-Петербург, Большой Сампсониевский просп., 21;59.964108;30.343974;kolos-osm-01613
Пекарня Колос, Санкт-Петербург, Льва Толстого;Санкт-Петербург, ул. Льва Толстого, 1-3;59.965043;30.312621;kolos-osm-01614
Пекарня Колос, Санкт-Петербург, Льва Толстого, 6-8 литБ;Санкт-Петербург, ул. Льва Толстого, 6-8 литБ;59.965439;30.320256;kolos-osm-01615
Пекарня Колос, Санкт-Петербург, Рентгена;Санкт-Петербург, ул. Рентгена, 25;59.965912;30.329695;kolos-osm-01616
Пекарня Колос, Санкт-Петербург, Минеральная;Санкт-Петербург, ул. Минеральная, 23 литА;59.966120;30.367451;kolos-osm-01617
Пекарня Колос, Санкт-Петербург, Ординарная;Санкт-Петербург, ул. Ординарная, 11/85;59.966135;30.306541;kolos-osm-01618
Пекарня Колос, Санкт-Петербург, Большой П.С., 79;Санкт-Петербург, Большой просп. П.С., 79;59.966570;30.313780;kolos-osm-01619
Пекарня Колос, Санкт-Петербург, реки Карповки;Санкт-Петербург, наб. реки Карповки, 10;59.967532;30.312281;kolos-osm-01620
Пекарня Колос, Санкт-Петербург, Малый Сампсониевский;Санкт-Петербург, Малый Сампсониевский просп., 2;59.967948;30.340585;kolos-osm-01621
Пекарня Колос, Санкт-Петербург, Полюстровский;Санкт-Петербург, Полюстровский просп., 43;59.968523;30.389286;kolos-osm-01622
Пекарня Колос, Санкт-Петербург, Металлистов, 59;Санкт-Петербург, просп. Металлистов, 59;59.969070;30.409714;kolos-osm-01623
Пекарня Колос, Санкт-Петербург, Аптекарский;Санкт-Петербург, Аптекарский просп., 4 литС;59.969684;30.318428;kolos-osm-01624
Пекарня Колос, Санкт-Петербург, Смолячкова;Санкт-Петербург, ул. Смолячкова, 3;59.970143;30.338528;kolos-osm-01625
Пекарня Колос, Санкт-Петербург, Металлистов, 110;Санкт-Петербург, просп. Металлистов, 110;59.970315;30.401766;kolos-osm-01626
Пекарня Колос, Санкт-Петербург, Медиков;Санкт-Петербург, просп. Медиков, 9;59.970799;30.314694;kolos-osm-01627
Пекарня Колос, Санкт-Петербург, Профессора Попова;Санкт-Петербург, ул. Профессора Попова, 38 литС;59.971167;30.298527;kolos-osm-01628
Пекарня Колос, Санкт-Петербург, Профессора Попова, 37Щ;Санкт-Петербург, ул. Профессора Попова, 37Щ;59.971525;30.300625;kolos-osm-01629
Пекарня Колос, Санкт-Петербург, Большой Сампсониевский;Санкт-Петербург, Большой Сампсониевский просп., 59;59.972773;30.340226;kolos-osm-01630
Пекарня Колос, Санкт-Петербург, Аптекарский, 5;Санкт-Петербург, Аптекарский просп., 5;59.973375;30.320828;kolos-osm-01631
Пекарня Колос, Санкт-Петербург, Аптекарский, 18;Санкт-Петербург, Аптекарский просп., 18;59.974345;30.318510;kolos-osm-01632
Пекарня Колос, Санкт-Петербург, Академика Павлова;Санкт-Петербург, ул. Академика Павлова, 14А литД;59.974503;30.310552;kolos-osm-01633
Пекарня Колос, Санкт-Петербург, Менделеевская;Санкт-Петербург, ул. Менделеевская, 7;59.976758;30.364792;kolos-osm-01634
Пекарня Колос, Санкт-Петербург, Академика Павлова, 7;Санкт-Петербург, ул. Академика Павлова, 7;59.977785;30.314074;kolos-osm-01635
Пекарня Колос, Санкт-Петербург, Александра Матросова;Санкт-Петербург, ул. Александра Матросова, 3 с1;59.978709;30.335526;kolos-osm-01636
Пекарня Колос, Санкт-Петербург, Маршала Блюхера;Санкт-Петербург, просп. Маршала Блюхера, 7 к1;59.980984;30.374464;kolos-osm-01637
Пекарня Колос, Санкт-Петербург, Ушаковская;Санкт-Петербург, Ушаковская наб., 3 к1;59.981780;30.314167;kolos-osm-01638
Пекарня Колос, Санкт-Петербург, Лесная;Санкт-Петербург, Большой Сампсониевский просп., 69 к1;59.981884;30.337519;kolos-osm-01639
Пекарня Колос, Санкт-Петербург, Савушкина;Санкт-Петербург, ул. Савушкина, 68;59.983893;30.272711;kolos-osm-01640
Пекарня Колос, Санкт-Петербург, Парголовская;Санкт-Петербург, ул. Парголовская, 7;59.984413;30.346286;kolos-osm-01641
Пекарня Колос, Санкт-Петербург, Богословская;Санкт-Петербург, ул. Богословская, 4к1;59.984897;30.380345;kolos-osm-01642
Пекарня Колос, Санкт-Петербург, Маршала Блюхера, 12 литБ;Санкт-Петербург, просп. Маршала Блюхера, 12 литБ;59.985495;30.381903;kolos-osm-01643
Пекарня Колос, Санкт-Петербург, Чёрная речка;Санкт-Петербург, наб. Чёрной речки, 41 к7;59.985791;30.308204;kolos-osm-01644
Пекарня Колос, Санкт-Петербург, Карельский;Санкт-Петербург, Карельский пер., 2;59.986031;30.295035;kolos-osm-01645
Пекарня Колос, Санкт-Петербург, Тулонская аллея;Санкт-Петербург, Тулонская аллея, 8;59.986073;29.796252;kolos-osm-01646
Пекарня Колос, Санкт-Петербург, Белоостровская;Санкт-Петербург, ул. Белоостровская, 20;59.986924;30.318487;kolos-osm-01647
Пекарня Колос, Санкт-Петербург, Старая Деревня;Санкт-Петербург, Липовая аллея, 15;59.987003;30.256744;kolos-osm-01648
Пекарня Колос, Санкт-Петербург, Торжковская;Санкт-Петербург, ул. Торжковская, 5;59.987794;30.309356;kolos-osm-01649
Пекарня Колос, Санкт-Петербург, Коммунистическая;Санкт-Петербург, ул. Коммунистическая, 1;59.988060;29.769234;kolos-osm-01650
Пекарня Колос, Санкт-Петербург, Торфяная дорога;Санкт-Петербург, Торфяная дорога, 7В;59.989800;30.257019;kolos-osm-01651
Пекарня Колос, Санкт-Петербург, Ланское;Санкт-Петербург, Ланское ш., 13;59.990461;30.305172;kolos-osm-01652
Пекарня Колос, Санкт-Петербург, Торжковская, 24;Санкт-Петербург, ул. Торжковская, 24;59.991478;30.315247;kolos-osm-01653
Пекарня Колос, Санкт-Петербург, Рошаля;Санкт-Петербург, пл. Рошаля, 10;59.994013;29.778677;kolos-osm-01654
Пекарня Колос, Санкт-Петербург, Карбышева;Санкт-Петербург, ул. Карбышева, 6 с1;59.994016;30.357114;kolos-osm-01655
Пекарня Колос, Санкт-Петербург, Ленина, 25/2;Санкт-Петербург, просп. Ленина, 25/2;59.995682;29.764422;kolos-osm-01656
Пекарня Колос, Санкт-Петербург, Богатырский;Санкт-Петербург, Богатырский просп., 18 к4 с2;59.996431;30.256079;kolos-osm-01657
Пекарня Колос, Санкт-Петербург, Полевая Сабировская;Санкт-Петербург, ул. Полевая Сабировская, 56;59.997846;30.269151;kolos-osm-01658
Пекарня Колос, Санкт-Петербург, Площадь Мужества;Санкт-Петербург, просп. Непокорённых, 2;59.998325;30.367316;kolos-osm-01659
Пекарня Колос, Санкт-Петербург, Богатырский, 18 к1;Санкт-Петербург, Богатырский просп., 18 к1;59.999637;30.260413;kolos-osm-01660
Пекарня Колос, Санкт-Петербург, Пионерская;Санкт-Петербург, Богатырский просп., 7 к9;60.000183;30.287088;kolos-osm-01661
Пекарня Колос, Санкт-Петербург, 2-й Муринский;Санкт-Петербург, 2-й Муринский просп., 9;60.001323;30.333077;kolos-osm-01662
Пекарня Колос, Санкт-Петербург, Зосимова;Санкт-Петербург, ул. Зосимова, 1;60.001397;29.762318;kolos-osm-01663
Пекарня Колос, Санкт-Петербург, 2-й Муринский, 19;Санкт-Петербург, 2-й Муринский просп., 19;60.001451;30.339642;kolos-osm-01664
Пекарня Колос, Санкт-Петербург, 2-й Муринский, 10;Санкт-Петербург, 2-й Муринский просп., 10;60.002714;30.335604;kolos-osm-01665
Пекарня Колос, Санкт-Петербург, Богатырский, 42;Санкт-Петербург, Богатырский просп., 42;60.003248;30.228539;kolos-osm-01666
Пекарня Колос, Санкт-Петербург, Богатырский, 35 к1;Санкт-Петербург, Богатырский просп., 35 к1;60.003637;30.242025;kolos-osm-01667
Пекарня Колос, Санкт-Петербург, Гражданский;Санкт-Петербург, Гражданский просп., 22;60.003726;30.387537;kolos-osm-01668
Пекарня Колос, Санкт-Петербург, Политехническая;Санкт-Петербург, ул. Политехническая, 29 литЩ;60.005557;30.378290;kolos-osm-01669
Пекарня Колос, Санкт-Петербург, Шателена;Санкт-Петербург, ул. Шателена, 26А;60.005755;30.358851;kolos-osm-01670
Пекарня Колос, Санкт-Петербург, Богатырский, 49 к2;Санкт-Петербург, Богатырский просп., 49 к2;60.006603;30.222016;kolos-osm-01671
Пекарня Колос, Санкт-Петербург, Светлановский;Санкт-Петербург, Светлановский просп., 8;60.007358;30.336854;kolos-osm-01672
Пекарня Колос, Санкт-Петербург, Светлановский, 8;Санкт-Петербург, Светлановский просп., 8;60.007756;30.338462;kolos-osm-01673
Пекарня Колос, Санкт-Петербург, Верности;Санкт-Петербург, ул. Верности, 10 к3;60.008248;30.408130;kolos-osm-01674
Пекарня Колос, Санкт-Петербург, Жака Дюкло;Санкт-Петербург, ул. Жака Дюкло, 2/8;60.008536;30.360661;kolos-osm-01675
Пекарня Колос, Санкт-Петербург, Коломяжский;Санкт-Петербург, Коломяжский просп., 28 к3;60.008849;30.294694;kolos-osm-01676
Пекарня Колос, Санкт-Петербург, Науки;Санкт-Петербург, просп. Науки, 18;60.010322;30.410638;kolos-osm-01677
Пекарня Колос, Санкт-Петербург, Академическая;Санкт-Петербург, просп. Науки, 21;60.010987;30.400480;kolos-osm-01678
Пекарня Колос, Санкт-Петербург, Гражданский, 41 литА;Санкт-Петербург, Гражданский просп., 41 литА;60.011438;30.397132;kolos-osm-01679
Пекарня Колос, Санкт-Петербург, Фермское;Санкт-Петербург, Фермское ш., 10;60.012225;30.311676;kolos-osm-01680
Пекарня Колос, Санкт-Петербург, Новоцентральная;Санкт-Петербург, ул. Новоцентральная, 1/2;60.012820;30.011349;kolos-osm-01681
Пекарня Колос, Санкт-Петербург, Гражданский, 43 к1;Санкт-Петербург, Гражданский просп., 43 к1;60.013440;30.399463;kolos-osm-01682
Пекарня Колос, Санкт-Петербург, Коломяжский, 33;Санкт-Петербург, Коломяжский просп., 33;60.014638;30.294896;kolos-osm-01683
Пекарня Колос, Санкт-Петербург, Науки, 17 к2;Санкт-Петербург, просп. Науки, 17 к2;60.015014;30.385369;kolos-osm-01684
Пекарня Колос, Санкт-Петербург, Комендантский;Санкт-Петербург, Комендантский просп., 25 к1;60.016071;30.251021;kolos-osm-01685
Пекарня Колос, Санкт-Петербург, Удельная;Санкт-Петербург, ул. Афонская, 1 к2;60.016228;30.306337;kolos-osm-01686
Пекарня Колос, Санкт-Петербург, Удельный;Санкт-Петербург, Удельный просп., 25;60.017587;30.314824;kolos-osm-01687
Пекарня Колос, Санкт-Петербург, Планерная;Санкт-Петербург, ул. Планерная, 49 литБ;60.017706;30.229469;kolos-osm-01688
Пекарня Колос, Санкт-Петербург, Удельный, 27;Санкт-Петербург, Удельный просп., 27;60.018449;30.314505;kolos-osm-01689
Пекарня Колос, Санкт-Петербург, Энгельса;Санкт-Петербург, просп. Энгельса, 63 к1;60.018630;30.322270;kolos-osm-01690
Пекарня Колос, Санкт-Петербург, Королёва;Санкт-Петербург, просп. Королёва, 46 к1;60.022695;30.251405;kolos-osm-01691
Пекарня Колос, Санкт-Петербург, Вербная;Санкт-Петербург, ул. Вербная, 27;60.023533;30.298778;kolos-osm-01692
Пекарня Колос, Санкт-Петербург, Жака Дюкло, 20;Санкт-Петербург, ул. Жака Дюкло, 20;60.025315;30.334329;kolos-osm-01693
Пекарня Колос, Санкт-Петербург, Есенина;Санкт-Петербург, ул. Есенина, 1 к1;60.028045;30.330151;kolos-osm-01694
Пекарня Колос, Санкт-Петербург, Парашютная;Санкт-Петербург, ул. Парашютная, 42 к2;60.029351;30.249521;kolos-osm-01695
Пекарня Колос, Санкт-Петербург, Туристская;Санкт-Петербург, ул. Туристская, 22;60.030567;30.206188;kolos-osm-01696
Пекарня Колос, Санкт-Петербург, Озерки;Санкт-Петербург, ул. Сикейроса, 11 к1;60.034639;30.329569;kolos-osm-01697
Пекарня Колос, Санкт-Петербург, Культуры;Санкт-Петербург, просп. Культуры, 3а;60.035162;30.366035;kolos-osm-01698
Пекарня Колос, Санкт-Петербург, Есенина, 5Б;Санкт-Петербург, ул. Есенина, 5Б;60.036802;30.331068;kolos-osm-01699
Пекарня Колос, Санкт-Петербург, Луначарского;Санкт-Петербург, просп. Луначарского, 41;60.037062;30.357764;kolos-osm-01700
Пекарня Колос, Санкт-Петербург, Энгельса, 115 к1;Санкт-Петербург, просп. Энгельса, 115 к1;60.039594;30.326076;kolos-osm-01701
Пекарня Колос, Санкт-Петербург, Проспект Энгельса;Санкт-Петербург, Проспект Энгельса, 124;60.040514;30.324776;kolos-osm-01702
Пекарня Колос, Санкт-Петербург, Плесецкая;Санкт-Петербург, ул. Плесецкая, 28 к1;60.040571;30.238577;kolos-osm-01703
Пекарня Колос, Санкт-Петербург, Комендантский, 71;Санкт-Петербург, Комендантский просп., 71;60.041611;30.220910;kolos-osm-01704
Пекарня Колос, Санкт-Петербург, Кустодиева;Санкт-Петербург, ул. Кустодиева, 3 к2;60.042914;30.359338;kolos-osm-01705
Пекарня Колос, Санкт-Петербург, Художников;Санкт-Петербург, просп. Художников, 24 к1;60.045340;30.349672;kolos-osm-01706
Пекарня Колос, Санкт-Петербург, Проспект Просвещения;Санкт-Петербург, просп. Энгельса, 132 к1;60.047160;30.329180;kolos-osm-01707
Пекарня Колос, Санкт-Петербург, Асафьева;Санкт-Петербург, ул. Асафьева, 4 к4;60.048701;30.323842;kolos-osm-01708
Пекарня Колос, Санкт-Петербург, Выборгское;Санкт-Петербург, Выборгское ш., 76;60.048935;30.311603;kolos-osm-01709
Пекарня Колос, Санкт-Петербург, Просвещения;Санкт-Петербург, просп. Просвещения, 33 к1;60.049997;30.346423;kolos-osm-01710
Пекарня Колос, Санкт-Петербург, Энгельса, 139/21;Санкт-Петербург, просп. Энгельса, 139/21;60.051841;30.336917;kolos-osm-01711
Пекарня Колос, Санкт-Петербург, Хошимина;Санкт-Петербург, ул. Хошимина, 13 к1 литБ;60.052087;30.329769;kolos-osm-01712
Пекарня Колос, Санкт-Петербург, Сиреневый;Санкт-Петербург, Сиреневый бул., 11 к2 литА;60.052867;30.356655;kolos-osm-01713
Пекарня Колос, Санкт-Петербург, Выборгское, 17 к1;Санкт-Петербург, Выборгское ш., 17 к1;60.053966;30.310562;kolos-osm-01714
Пекарня Колос, Санкт-Петербург, Выборгское, 17;Санкт-Петербург, Выборгское ш., 17;60.054554;30.310568;kolos-osm-01715
Пекарня Колос, Санкт-Петербург, Орлово-Денисовский;Санкт-Петербург, Орлово-Денисовский просп., 19 к1;60.056264;30.268887;kolos-osm-01716
Пекарня Колос, Санкт-Петербург, Суздальское;Санкт-Петербург, Суздальское ш., 24 к3;60.057992;30.275144;kolos-osm-01717
Пекарня Колос, Санкт-Петербург, Жени Егоровой;Санкт-Петербург, ул. Жени Егоровой, 6;60.063604;30.308153;kolos-osm-01718
Пекарня Колос, Санкт-Петербург, Парнас;Санкт-Петербург, ул. Михаила Дудина, 19;60.068071;30.335008;kolos-osm-01719
Пекарня Колос, Санкт-Петербург, Фёдора Абрамова;Санкт-Петербург, ул. Фёдора Абрамова, 4Г;60.070120;30.336482;kolos-osm-01720
Пекарня Колос, Санкт-Петербург, Меркурьева;Санкт-Петербург, ул. Меркурьева, 6;60.071805;30.340550;kolos-osm-01721
Пекарня Колос, Санкт-Петербург, Валерия Гаврилина;Санкт-Петербург, ул. Валерия Гаврилина, 3 к1;60.074353;30.330403;kolos-osm-01722
Пекарня Колос, Санкт-Петербург, Николая Рубцова;Санкт-Петербург, ул. Николая Рубцова, 9;60.076977;30.341443;kolos-osm-01723
Пекарня Колос, Санкт-Петербург, Фёдора Абрамова, 21 к1;Санкт-Петербург, ул. Фёдора Абрамова, 21 к1;60.080613;30.344763;kolos-osm-01724
Пекарня Колос, Санкт-Петербург, Заречная;Санкт-Петербург, ул. Заречная, 52 к1;60.083915;30.351886;kolos-osm-01725
Пекарня Колос, Санкт-Петербург, Шишкина;Санкт-Петербург, ул. Шишкина, 299;60.085428;30.348037;kolos-osm-01726
Пекарня Колос, Санкт-Петербург, Токарева;Санкт-Петербург, ул. Токарева, 28;60.091752;29.954806;kolos-osm-01727
Пекарня Колос, Санкт-Петербург, Коммунаров;Санкт-Петербург, ул. Коммунаров, 2/4;60.093019;29.957119;kolos-osm-01728
Пекарня Колос, Санкт-Петербург, Ленинградское;Санкт-Петербург, Ленинградское ш., 81А;60.110424;30.299279;kolos-osm-01729
Пекарня Колос, Санкт-Петербург, Ленинградская, 54;Санкт-Петербург, ул. Ленинградская, 54;60.120534;30.171055;kolos-osm-01730
Пекарня Колос, Санкт-Петербург, Индустриальная;Санкт-Петербург, ул. Индустриальная, 5 к1;60.134381;30.208905;kolos-osm-01731
Пекарня Колос, Санкт-Петербург, Приморское;Санкт-Петербург, Приморское ш., 422А;60.163924;29.862005;kolos-osm-01732
Пекарня Колос, Санкт-Петербург, Привокзальная, 24 литА;Санкт-Петербург, ул. Привокзальная, 24 литА;60.185486;29.807036;kolos-osm-01733
Пекарня Колос, Санкт-Петербург, Вокзальная;Санкт-Петербург, ул. Вокзальная, 9Б литА;60.205951;29.702844;kolos-osm-01734
Пекарня Колос, Санкт-Петербург, Тракторная;Санкт-Петербург, ул. Тракторная, 1Б;60.248727;29.632720;kolos-osm-01735
