name;address;lat;lon;external_id
Пицца Квадрат, Москва-Сити;Пресненская наб., 12;55.7477;37.5393;pizza-square-01
Пицца Квадрат, Курская;ул. Земляной Вал, 9;55.76;37.6583;pizza-square-02
Пицца Квадрат, Тверская;Тверская-Ямская ул., 3;55.77;37.5975;pizza-square-03
Пицца Квадрат, Зарайск, Октябрьская;Зарайск, ул. Октябрьская, 7А;54.758728;38.886539;pizza-square-osm-00001
Пицца Квадрат, Зарайск, Дзержинского;Зарайск, ул. Дзержинского, 26;54.760484;38.881968;pizza-square-osm-00002
Пицца Квадрат, Зарайск, Карла Маркса;Зарайск, ул. Карла Маркса, 1;54.764818;38.879674;pizza-square-osm-00003
Пицца Квадрат, Кашира, Стрелецкая;Кашира, ул. Стрелецкая, 68;54.826455;38.148911;pizza-square-osm-00004
Пицца Квадрат, Кашира, Коммунистическая;Кашира, ул. Коммунистическая, 25;54.828589;38.154475;pizza-square-osm-00005
Пицца Квадрат, Кашира, Фабричная;Кашира, ул. Фабричная, 13;54.840470;38.142184;pizza-square-osm-00006
Пицца Квадрат, Озёры, Ленина;Озёры, ул. Ленина, 4А;54.853405;38.566103;pizza-square-osm-00007
Пицца Квадрат, Протвино, Ленина;Протвино, ул. Ленина, 6;54.864528;37.215001;pizza-square-osm-00008
Пицца Квадрат, Протвино, Победы;Протвино, ул. Победы, 5;54.865718;37.212923;pizza-square-osm-00009
Пицца Квадрат, Ступино, Чайковского;Ступино, ул. Чайковского, 48/5;54.885064;38.059075;pizza-square-osm-00010
Пицца Квадрат, Ступино, Андропова;Ступино, ул. Андропова, 34/7;54.886951;38.080035;pizza-square-osm-00011
Пицца Квадрат, Ступино, Победы;Ступино, просп. Победы, 63А;54.898221;38.078884;pizza-square-osm-00012
Пицца Квадрат, Ступино, Пристанционная;Ступино, ул. Пристанционная, 7А;54.899979;38.073795;pizza-square-osm-00013
Пицца Квадрат, Серпухов, Центральная;Серпухов, ул. Центральная, 148;54.913760;37.444002;pizza-square-osm-00014
Пицца Квадрат, Ступино, 100км М4;Ступино, 100км М4, вл6;54.915284;38.002592;pizza-square-osm-00015
Пицца Квадрат, Серпухов, Борисовское;Серпухов, Борисовское ш., 1;54.917333;37.425887;pizza-square-osm-00016
Пицца Квадрат, Серпухов, Ворошилова;Серпухов, ул. Ворошилова, 74;54.918404;37.427264;pizza-square-osm-00017
Пицца Квадрат, Серпухов, Ворошилова, 127;Серпухов, ул. Ворошилова, 127;54.920651;37.433518;pizza-square-osm-00018
Пицца Квадрат, Серпухов, Ворошилова, 188;Серпухов, ул. Ворошилова, 188;54.928008;37.450386;pizza-square-osm-00019
Пицца Квадрат, Серпухов, Советская;Серпухов, ул. Советская, 111;54.935064;37.448465;pizza-square-osm-00020
Пицца Квадрат, Луховицы, Пионерская;Луховицы, ул. Пионерская, 28;54.947797;39.018804;pizza-square-osm-00021
Пицца Квадрат, Луховицы, Гагарина;Луховицы, ул. Гагарина, 19;54.982288;39.041035;pizza-square-osm-00022
Пицца Квадрат, Коломна, Гаврилова;Коломна, ул. Гаврилова, 2;55.055657;38.747501;pizza-square-osm-00023
Пицца Квадрат, Коломна, Кирова;Коломна, просп. Кирова, 54;55.077703;38.761520;pizza-square-osm-00024
Пицца Квадрат, Коломна, Кирова, 27;Коломна, просп. Кирова, 27;55.080093;38.762511;pizza-square-osm-00025
Пицца Квадрат, Коломна, Октябрьской Революции;Коломна, ул. Октябрьской Революции, 366/2 с1;55.083428;38.801491;pizza-square-osm-00026
Пицца Квадрат, Коломна, Восстания;Коломна, пл. Восстания, 7;55.084466;38.804563;pizza-square-osm-00027
Пицца Квадрат, Коломна, Вокзальная;Коломна, ул. Вокзальная, 3А;55.085893;38.804189;pizza-square-osm-00028
Пицца Квадрат, Коломна, Октябрьской Революции, 318А;Коломна, ул. Октябрьской Революции, 318А;55.091903;38.774718;pizza-square-osm-00029
Пицца Квадрат, Коломна, Октябрьской Революции, 246;Коломна, ул. Октябрьской Революции, 246;55.096403;38.763191;pizza-square-osm-00030
Пицца Квадрат, Коломна, Зайцева;Коломна, ул. Зайцева, 2Б с1;55.107327;38.763166;pizza-square-osm-00031
Пицца Квадрат, Михнево, Советская;Михнево, ул. Советская, 4;55.121139;37.958137;pizza-square-osm-00032
Пицца Квадрат, Михнево, Кооперативная;Михнево, ул. Кооперативная, 2;55.121307;37.955124;pizza-square-osm-00033
Пицца Квадрат, Коломна, Центральная;Коломна, ул. Центральная, 152;55.123102;38.810498;pizza-square-osm-00034
Пицца Квадрат, Чехов, Чехова;Чехов, ул. Чехова, 16;55.145628;37.477951;pizza-square-osm-00035
Пицца Квадрат, Чехов, Вокзальная;Чехов, ул. Вокзальная, 8;55.148803;37.488960;pizza-square-osm-00036
Пицца Квадрат, Чехов, Симферопольское;Чехов, Симферопольское ш., 1;55.161163;37.467531;pizza-square-osm-00037
Пицца Квадрат, Воскресенск, Центральная;Воскресенск, ул. Центральная, 48Б;55.247671;38.527458;pizza-square-osm-00038
Пицца Квадрат, Воскресенск, Ломоносова;Воскресенск, ул. Ломоносова, 119 к2;55.272466;38.749455;pizza-square-osm-00039
Пицца Квадрат, Троицкое, Вишнёвая;Троицкое, ул. Вишнёвая, 36А;55.276749;37.619564;pizza-square-osm-00040
Пицца Квадрат, Воскресенск, Кагана;Воскресенск, ул. Кагана, 19 с1;55.311901;38.650970;pizza-square-osm-00041
Пицца Квадрат, Столбовая, Московская;Столбовая, ул. Московская, 3;55.316628;37.529109;pizza-square-osm-00042
Пицца Квадрат, Домодедово, Ленина;Домодедово, ул. Ленина, 15А;55.334422;37.851524;pizza-square-osm-00043
Пицца Квадрат, Столбовая, Железнодорожная;Столбовая, ул. Железнодорожная, 1;55.357985;37.525881;pizza-square-osm-00044
Пицца Квадрат, Домодедово, Заборье;Домодедово, ул. Заборье, 1Г;55.368379;37.784357;pizza-square-osm-00045
Пицца Квадрат, Столбовая, Школьная;Столбовая, ул. Школьная, 59;55.371891;37.491161;pizza-square-osm-00046
Пицца Квадрат, 50 лет Октября;просп. 50 лет Октября, 16;55.374183;37.539228;pizza-square-osm-00047
Пицца Квадрат, Егорьевск, Советская;Егорьевск, ул. Советская, 191;55.375064;39.048379;pizza-square-osm-00048
Пицца Квадрат, Заводская;ул. Заводская, 2;55.379512;37.547640;pizza-square-osm-00049
Пицца Квадрат, Егорьевск, Советская, 108/1Б;Егорьевск, ул. Советская, 108/1Б;55.381750;39.037506;pizza-square-osm-00050
Пицца Квадрат, Молодёжная;ул. Молодёжная, 10В;55.382624;37.538028;pizza-square-osm-00051
Пицца Квадрат, Наро-Фоминск, Ленина;Наро-Фоминск, ул. Ленина, 8;55.382882;36.727641;pizza-square-osm-00052
Пицца Квадрат, Наро-Фоминск, Свободы;Наро-Фоминск, пл. Свободы, 17А;55.385253;36.728765;pizza-square-osm-00053
Пицца Квадрат, Наро-Фоминск, Свободы, 9;Наро-Фоминск, пл. Свободы, 9;55.386809;36.734661;pizza-square-osm-00054
Пицца Квадрат, Наро-Фоминск, Свободы, 2 к1;Наро-Фоминск, пл. Свободы, 2 к1;55.388225;36.734844;pizza-square-osm-00055
Пицца Квадрат, Домодедово, трасса М-2 Крым 43-й километр;Домодедово, трасса М-2 Крым 43-й километр, 3;55.391656;37.603455;pizza-square-osm-00056
Пицца Квадрат, Домодедово, Курыжова;Домодедово, ул. Курыжова, 21;55.397746;37.772929;pizza-square-osm-00057
Пицца Квадрат, Домодедово, Курыжова, 21;Домодедово, ул. Курыжова, 21;55.398016;37.772460;pizza-square-osm-00058
Пицца Квадрат, Бронницы, Соловьиная роща;Бронницы, ул. Соловьиная роща, 5;55.407003;38.262296;pizza-square-osm-00059
Пицца Квадрат, Бронницы, Льва Толстого;Бронницы, ул. Льва Толстого, 9В;55.414027;38.273746;pizza-square-osm-00060
Пицца Квадрат, Домодедово, Академика Туполева;Домодедово, просп. Академика Туполева, 2А;55.416305;37.834658;pizza-square-osm-00061
Пицца Квадрат, Бронницы, Советская;Бронницы, ул. Советская, 110А;55.417689;38.279772;pizza-square-osm-00062
Пицца Квадрат, Кирова;ул. Кирова, 84;55.418835;37.505241;pizza-square-osm-00063
Пицца Квадрат, 65-летия Победы;бул. 65-летия Победы, 12;55.419909;37.480260;pizza-square-osm-00064
Пицца Квадрат, Академика Доллежаля;ул. Академика Доллежаля, 3 с2;55.423070;37.488570;pizza-square-osm-00065
Пицца Квадрат, Бронницы, Советская, 54;Бронницы, ул. Советская, 54;55.425156;38.266053;pizza-square-osm-00066
Пицца Квадрат, Кирова, 29;ул. Кирова, 29;55.425634;37.529440;pizza-square-osm-00067
Пицца Квадрат, Кирова, 15Г;ул. Кирова, 15Г;55.427210;37.534861;pizza-square-osm-00068
Пицца Квадрат, Рабочая;ул. Рабочая, 1;55.429185;37.552307;pizza-square-osm-00069
Пицца Квадрат, Кирова, 2А с1;ул. Кирова, 2А с1;55.430971;37.544750;pizza-square-osm-00070
Пицца Квадрат, Ленина;просп. Ленина, 158;55.431970;37.546055;pizza-square-osm-00071
Пицца Квадрат, Белоозёрский, Чкалова;Белоозёрский, ул. Чкалова, 34А;55.433807;38.527290;pizza-square-osm-00072
Пицца Квадрат, Барамзиной;ул. Барамзиной, 3 к2;55.434682;37.559989;pizza-square-osm-00073
Пицца Квадрат, Домодедово, Привокзальная;Домодедово, Привокзальная пл., 7;55.438124;37.773088;pizza-square-osm-00074
Пицца Квадрат, Домодедово, Советская;Домодедово, ул. Советская, 20 к1;55.440750;37.764407;pizza-square-osm-00075
Пицца Квадрат, Домодедово, А-105, 40-й километр;Домодедово, А-105, 40-й километр, с3;55.451365;37.859600;pizza-square-osm-00076
Пицца Квадрат, Плещеевская;ул. Плещеевская, 54Б;55.455927;37.589122;pizza-square-osm-00077
Пицца Квадрат, Белоозёрский, Молодёжная;Белоозёрский, ул. Молодёжная, 1Ж;55.460918;38.448792;pizza-square-osm-00078
Пицца Квадрат, Физическая;ул. Физическая, 10;55.465748;37.289639;pizza-square-osm-00079
Пицца Квадрат, Домодедово, М 4-Дон 33 км;Домодедово, М 4-Дон 33 км, с4;55.471916;37.750588;pizza-square-osm-00080
Пицца Квадрат, Рязановское;Рязановское ш., 19;55.472566;37.549050;pizza-square-osm-00081
Пицца Квадрат, Юных Ленинцев;просп. Юных Ленинцев, 61;55.481700;37.564602;pizza-square-osm-00082
Пицца Квадрат, Калужское;Калужское ш., 2;55.486377;37.322820;pizza-square-osm-00083
Пицца Квадрат, Городская;ул. Городская, вл6;55.492560;37.320869;pizza-square-osm-00084
Пицца Квадрат, Можайск, 1-я Железнодорожная;Можайск, ул. 1-я Железнодорожная, 54А;55.495222;36.032556;pizza-square-osm-00085
Пицца Квадрат, Можайск, 1-я Железнодорожная, 38;Можайск, ул. 1-я Железнодорожная, 38;55.498138;36.023263;pizza-square-osm-00086
Пицца Квадрат, Белоозёрский, Заводская;Белоозёрский, ул. Заводская, 20;55.498359;38.365303;pizza-square-osm-00087
Пицца Квадрат, автодорога Москва-Крым, 29 км;автодорога Москва-Крым, 29 км, 3;55.501545;37.608107;pizza-square-osm-00088
Пицца Квадрат, Симферопольское;Симферопольское ш., 7;55.502857;37.572525;pizza-square-osm-00089
Пицца Квадрат, Новостроевская;ул. Новостроевская, 6;55.504377;37.559305;pizza-square-osm-00090
Пицца Квадрат, Маршала Савицкого;ул. Маршала Савицкого, 6 к1;55.504863;37.578973;pizza-square-osm-00091
Пицца Квадрат, Киевское;Киевское ш., 2;55.509000;36.984591;pizza-square-osm-00092
Пицца Квадрат, Пушкинская;ул. Пушкинская, 2;55.510197;37.563363;pizza-square-osm-00093
Пицца Квадрат, 40 лет Октября;ул. 40 лет Октября, 11/2;55.511590;37.571217;pizza-square-osm-00094
Пицца Квадрат, Кедровая;ул. 6-я Нововатутинская, 2;55.514302;37.351656;pizza-square-osm-00095
Пицца Квадрат, Южная;ул. Южная, 3 к3;55.523964;37.586079;pizza-square-osm-00096
Пицца Квадрат, Новое;Новое ш., 2 к2;55.525386;37.585631;pizza-square-osm-00097
Пицца Квадрат, Мисайлово, зона придорожного сервиса автодороги МКАД - аэропорт Домодедово;Мисайлово, зона придорожного сервиса автодороги МКАД - аэропорт Домодедово, вл7 с3;55.529122;37.814611;pizza-square-osm-00098
Пицца Квадрат, Лесная;ул. Лесная, 20 к1;55.533093;37.618797;pizza-square-osm-00099
Пицца Квадрат, Сухановская;ул. Сухановская, 1 с1;55.535622;37.641354;pizza-square-osm-00100
Пицца Квадрат, Бунинская аллея;ул. Кадырова, 1;55.537181;37.511983;pizza-square-osm-00101
Пицца Квадрат, Улица Горчакова;ул. Южнобутовская, 42;55.539869;37.536383;pizza-square-osm-00102
Пицца Квадрат, Раменское, Центральная;Раменское, ул. Центральная, 110/3;55.540850;38.314296;pizza-square-osm-00103
Пицца Квадрат, Апрелевка, Горького;Апрелевка, ул. Горького, 19;55.541365;37.077002;pizza-square-osm-00104
Пицца Квадрат, Александры Монаховой;ул. Александры Монаховой, 90 к6;55.542693;37.478025;pizza-square-osm-00105
Пицца Квадрат, Жуковский, Старорязанская;Жуковский, ул. Старорязанская, 4;55.543599;38.078861;pizza-square-osm-00106
Пицца Квадрат, Апрелевка, Фадеева;Апрелевка, ул. Фадеева, 11;55.543811;37.084186;pizza-square-osm-00107
Пицца Квадрат, Видное, Олимпийская;Видное, ул. Олимпийская, 6;55.545900;37.699200;pizza-square-osm-00108
Пицца Квадрат, Улица Скобелевская;бул. Адмирала Ушакова, 5;55.547026;37.553002;pizza-square-osm-00109
Пицца Квадрат, Скобелевская;ул. Скобелевская, 19;55.547406;37.556518;pizza-square-osm-00110
Пицца Квадрат, Видное, Вокзальная;Видное, ул. Вокзальная, 1Ю;55.548231;37.684980;pizza-square-osm-00111
Пицца Квадрат, Видное, Донбасская;Видное, ул. Донбасская, 1;55.551350;37.683583;pizza-square-osm-00112
Пицца Квадрат, Потапово;ул. Эдварда Грига, 14;55.553938;37.500457;pizza-square-osm-00113
Пицца Квадрат, Мисайлово, Пригородное;Мисайлово, Пригородное ш., 16;55.556263;37.807525;pizza-square-osm-00114
Пицца Квадрат, Поляны;ул. Поляны, 5;55.557454;37.556454;pizza-square-osm-00115
Пицца Квадрат, Мисайлово, 25-й километр;Мисайлово, ул. 25-й километр, 106Ю;55.558826;37.775849;pizza-square-osm-00116
Пицца Квадрат, Мисайлово, Литературный;Мисайлово, Литературный бул., 7 с1;55.560087;37.811870;pizza-square-osm-00117
Пицца Квадрат, Молоково, Ново-Молоковский;Молоково, Ново-Молоковский бул., 10;55.563168;37.853715;pizza-square-osm-00118
Пицца Квадрат, Эдварда Грига;ул. Эдварда Грига, 1А;55.564854;37.490438;pizza-square-osm-00119
Пицца Квадрат, Раменское, Вокзальная;Раменское, ул. Вокзальная, 4Б;55.565826;38.226965;pizza-square-osm-00120
Пицца Квадрат, Видное, Старо-Нагорная;Видное, ул. Старо-Нагорная, 20;55.566486;37.690852;pizza-square-osm-00121
Пицца Квадрат, Улица Старокачаловская;ул. Грина, 32;55.568118;37.568870;pizza-square-osm-00122
Пицца Квадрат, Ольховая;ул. Сосенский Стан, 8;55.568888;37.465082;pizza-square-osm-00123
Пицца Квадрат, Бульвар Дмитрия Донского;ул. Старокачаловская, 5А;55.569588;37.579741;pizza-square-osm-00124
Пицца Квадрат, Сосновая;ул. Сосновая, 2;55.570503;37.449900;pizza-square-osm-00125
Пицца Квадрат, МКАД, 28-й километр;МКАД, 28-й километр, 2Б;55.572735;37.673960;pizza-square-osm-00126
Пицца Квадрат, Дмитрия Донского;бул. Дмитрия Донского, 1;55.574720;37.580211;pizza-square-osm-00127
Пицца Квадрат, Шатура, Ильича;Шатура, просп. Ильича, 52;55.575079;39.523353;pizza-square-osm-00128
Пицца Квадрат, Тучково, Восточная;Тучково, ул. Восточная, 25;55.577069;36.497878;pizza-square-osm-00129
Пицца Квадрат, Аннино;МКАД, 33-й километр, 6;55.578163;37.589309;pizza-square-osm-00130
Пицца Квадрат, Михневская;ул. Михневская, 4;55.578630;37.665336;pizza-square-osm-00131
Пицца Квадрат, Булатниковская;ул. Булатниковская, 1 к1А;55.579244;37.658172;pizza-square-osm-00132
Пицца Квадрат, Куровское, Советская;Куровское, ул. Советская, 125;55.579733;38.921938;pizza-square-osm-00133
Пицца Квадрат, Булатниковская, 2А;ул. Булатниковская, 2А;55.580489;37.652133;pizza-square-osm-00134
Пицца Квадрат, Кратово, Нижегородская;Кратово, ул. Нижегородская, 37А;55.581518;38.141006;pizza-square-osm-00135
Пицца Квадрат, Лыткарино, Парковая;Лыткарино, ул. Парковая, 2;55.582528;37.912539;pizza-square-osm-00136
Пицца Квадрат, Кубинка, Железнодорожная;Кубинка, ул. Железнодорожная, 1А с6;55.583339;36.702838;pizza-square-osm-00137
Пицца Квадрат, Кокошкино, Боровское;Кокошкино, Боровское ш., 136;55.585001;37.187515;pizza-square-osm-00138
Пицца Квадрат, Бирюлёвская;ул. Бирюлёвская, 43;55.586509;37.666478;pizza-square-osm-00139
Пицца Квадрат, посёлок Совхоза имени Ленина, МКАД, 24-й километр;посёлок Совхоза имени Ленина, МКАД, 24-й километр, 1;55.587814;37.723878;pizza-square-osm-00140
Пицца Квадрат, Николо-Хованская;ул. Николо-Хованская, 7с1;55.589439;37.451131;pizza-square-osm-00141
Пицца Квадрат, Раменское, Молодёжная;Раменское, ул. Молодёжная, 20;55.589925;38.251490;pizza-square-osm-00142
Пицца Квадрат, МКАД 35 Километр;МКАД 35 Километр, вл6 с3;55.590782;37.533188;pizza-square-osm-00143
Пицца Квадрат, Развилка, проектируемый № 5538;Развилка, проектируемый пр. № 5538, 15/1;55.592716;37.752886;pizza-square-osm-00144
Пицца Квадрат, Веласкеса;бул. Веласкеса, 5 к2;55.593205;37.459361;pizza-square-osm-00145
Пицца Квадрат, Хабарова;ул. Хабарова, 2;55.594249;37.352561;pizza-square-osm-00146
Пицца Квадрат, Дорожная;ул. Дорожная, 30;55.594393;37.616107;pizza-square-osm-00147
Пицца Квадрат, Кокошкино, Озёрная;Кокошкино, ул. Озёрная, 5А;55.595537;37.114821;pizza-square-osm-00148
Пицца Квадрат, Улица Академика Янгеля;Варшавское ш., 135Б;55.596248;37.602892;pizza-square-osm-00149
Пицца Квадрат, Кокошкино, Озёрная, 2;Кокошкино, ул. Озёрная, 2;55.596693;37.114434;pizza-square-osm-00150
Пицца Квадрат, Жуковский, Фрунзе;Жуковский, ул. Фрунзе, 1;55.597824;38.127844;pizza-square-osm-00151
Пицца Квадрат, Октябрьский, Подмосковная;Октябрьский, ул. Подмосковная, 37/2;55.598142;37.985684;pizza-square-osm-00152
Пицца Квадрат, Одоевского;пр. Одоевского, 11А;55.599048;37.516213;pizza-square-osm-00153
Пицца Квадрат, Кокошкино, Железнодорожная;Кокошкино, ул. Железнодорожная, 14/2;55.599134;37.169244;pizza-square-osm-00154
Пицца Квадрат, Бирюлёвская, 3 к1;ул. Бирюлёвская, 3 к1;55.600347;37.663220;pizza-square-osm-00155
Пицца Квадрат, Кировоградская;ул. Кировоградская, 23А;55.600583;37.598886;pizza-square-osm-00156
Пицца Квадрат, Жуковский, Московская;Жуковский, Московская пл., 1 с1;55.601273;38.134293;pizza-square-osm-00157
Пицца Квадрат, Октябрьский, Баулинская;Октябрьский, ул. Баулинская, 3А;55.602677;37.981462;pizza-square-osm-00158
Пицца Квадрат, Ильинский, Гудкова;Ильинский, ул. Гудкова, 20;55.603184;38.083699;pizza-square-osm-00159
Пицца Квадрат, Октябрьский, Ленина;Октябрьский, ул. Ленина, 60;55.603733;37.981032;pizza-square-osm-00160
Пицца Квадрат, Никитина;ул. Никитина, 2;55.604271;37.356349;pizza-square-osm-00161
Пицца Квадрат, Домодедовская;ул. Домодедовская, 25 к1;55.604839;37.713888;pizza-square-osm-00162
Пицца Квадрат, Ясенево;Новоясеневский просп., 30 с1;55.604890;37.536172;pizza-square-osm-00163
Пицца Квадрат, Филатов Луг;ул. Красулинская, 13;55.605382;37.413256;pizza-square-osm-00164
Пицца Квадрат, Новоясеневский;Новоясеневский просп., 24;55.606124;37.530177;pizza-square-osm-00165
Пицца Квадрат, Чертановская;ул. Чертановская, 48А;55.607183;37.589833;pizza-square-osm-00166
Пицца Квадрат, Гурьевский;Гурьевский пр., 27 к1;55.608009;37.755972;pizza-square-osm-00167
Пицца Квадрат, Липецкая;ул. Липецкая, 2 к8;55.608203;37.665252;pizza-square-osm-00168
Пицца Квадрат, Каширское;Каширское ш., 108 к2 с1;55.609825;37.716384;pizza-square-osm-00169
Пицца Квадрат, Аэропорт Внуково;ул. 1-я Рейсовая, 6А;55.610176;37.294686;pizza-square-osm-00170
Пицца Квадрат, Октябрьский, Спортивная;Октябрьский, ул. Спортивная, 2;55.610234;37.969218;pizza-square-osm-00171
Пицца Квадрат, Институтский;Институтский пр., 2;55.610536;37.464500;pizza-square-osm-00172
Пицца Квадрат, Ореховый;Ореховый бул., 13;55.611413;37.719561;pizza-square-osm-00173
Пицца Квадрат, Пражская;ул. Кировоградская, 13А;55.611909;37.607191;pizza-square-osm-00174
Пицца Квадрат, Кировоградская, 13А;ул. Кировоградская, 13А;55.612129;37.605195;pizza-square-osm-00175
Пицца Квадрат, Каширское, 61/15;Каширское ш., 61/15;55.612224;37.718100;pizza-square-osm-00176
Пицца Квадрат, Кировоградская, 13;ул. Кировоградская, 13;55.613000;37.605764;pizza-square-osm-00177
Пицца Квадрат, Орехово;ул. Дольская, 1 с38;55.613393;37.693142;pizza-square-osm-00178
Пицца Квадрат, Дольская;ул. Дольская, 1 с5;55.614356;37.680538;pizza-square-osm-00179
Пицца Квадрат, Каширское, 96 к1;Каширское ш., 96 к1;55.614856;37.712700;pizza-square-osm-00180
Пицца Квадрат, Голицыно, Привокзальная;Голицыно, Привокзальная пл., 1А;55.615552;36.986954;pizza-square-osm-00181
Пицца Квадрат, Борисовский;Борисовский пр., 40А;55.616813;37.727886;pizza-square-osm-00182
Пицца Квадрат, Тёплый Стан;ул. Профсоюзная, 129А;55.617761;37.508719;pizza-square-osm-00183
Пицца Квадрат, Чертановская, 32 с2;ул. Чертановская, 32 с2;55.618405;37.592121;pizza-square-osm-00184
Пицца Квадрат, Центральная;ул. Центральная, 27;55.618854;37.275582;pizza-square-osm-00185
Пицца Квадрат, Новоясеневский, 1;Новоясеневский просп., 1;55.619442;37.509188;pizza-square-osm-00186
Пицца Квадрат, Варшавское;Варшавское ш., 132/1;55.620763;37.609143;pizza-square-osm-00187
Пицца Квадрат, Каширское, 61Г;Каширское ш., 61Г;55.621463;37.713935;pizza-square-osm-00188
Пицца Квадрат, Царицыно;ул. Весёлая, 2;55.621558;37.667305;pizza-square-osm-00189
Пицца Квадрат, Луганская;ул. Луганская, 10;55.622262;37.667780;pizza-square-osm-00190
Пицца Квадрат, Мирный, Свободы;Мирный, ул. Свободы, 3;55.622567;37.945868;pizza-square-osm-00191
Пицца Квадрат, Луганская, 10 с3;ул. Луганская, 10 с3;55.622834;37.667211;pizza-square-osm-00192
Пицца Квадрат, Шипиловская;ул. Мусы Джалиля, 20;55.623289;37.742351;pizza-square-osm-00193
Пицца Квадрат, Чертановская, 20 с3;ул. Чертановская, 20 с3;55.624770;37.593831;pizza-square-osm-00194
Пицца Квадрат, Малаховка, Быковское;Малаховка, Быковское ш., 48;55.625178;38.011193;pizza-square-osm-00195
Пицца Квадрат, Лётчика Ульянина;ул. Лётчика Ульянина, 5;55.625718;37.307221;pizza-square-osm-00196
Пицца Квадрат, Быково, Пристанционная;Быково, Пристанционная пл., 7;55.626002;38.070597;pizza-square-osm-00197
Пицца Квадрат, Большие Вязёмы, Можайское;Большие Вязёмы, Можайское ш., 6;55.629421;37.003959;pizza-square-osm-00198
Пицца Квадрат, Борисово;ул. Мусы Джалиля, 4;55.629508;37.741092;pizza-square-osm-00199
Пицца Квадрат, Голицыно, Можайское;Голицыно, Можайское ш., 122;55.630140;36.983297;pizza-square-osm-00200
Пицца Квадрат, Коньково;ул. Профсоюзная, 128 к1;55.630688;37.515583;pizza-square-osm-00201
Пицца Квадрат, Дзержинский, Алексеевская;Дзержинский, ул. Алексеевская, 2Б;55.631347;37.808422;pizza-square-osm-00202
Пицца Квадрат, Лесной Городок, Центральная;Лесной Городок, ул. Центральная, 8;55.632484;37.211578;pizza-square-osm-00203
Пицца Квадрат, Кантемировская;Пролетарский просп., 24Б;55.632689;37.658752;pizza-square-osm-00204
Пицца Квадрат, Профсоюзная;ул. Профсоюзная, 109 к2;55.633273;37.520169;pizza-square-osm-00205
Пицца Квадрат, Рассказовка;ул. Анны Ахматовой, 11к1;55.634475;37.332055;pizza-square-osm-00206
Пицца Квадрат, Борисовские Пруды;ул. Борисовские Пруды, 8А;55.635089;37.736649;pizza-square-osm-00207
Пицца Квадрат, Борисовские Пруды, 31 с19;ул. Борисовские Пруды, 31 с19;55.636498;37.733609;pizza-square-osm-00208
Пицца Квадрат, Анны Ахматовой;ул. Анны Ахматовой, 7;55.636727;37.334384;pizza-square-osm-00209
Пицца Квадрат, микрорайон Северное Чертаново;микрорайон Северное Чертаново, 1 к2;55.637341;37.600333;pizza-square-osm-00210
Пицца Квадрат, Дзержинский, Академика Жукова;Дзержинский, ул. Академика Жукова, 7А;55.638124;37.838060;pizza-square-osm-00211
Пицца Квадрат, Борисовские Пруды, 26 к2;ул. Борисовские Пруды, 26 к2;55.638712;37.758280;pizza-square-osm-00212
Пицца Квадрат, Каширское, 53 к4;Каширское ш., 53 к4;55.639282;37.693630;pizza-square-osm-00213
Пицца Квадрат, Беляево;ул. Миклухо-Маклая, 36А;55.640039;37.533183;pizza-square-osm-00214
Пицца Квадрат, Балаклавский;Балаклавский просп., 5А;55.640123;37.608796;pizza-square-osm-00215
Пицца Квадрат, Новопеределкино;Боровское ш., 30А;55.640513;37.355168;pizza-square-osm-00216
Пицца Квадрат, Большие Вязёмы, Привокзальная;Большие Вязёмы, Привокзальная пл., с6/1;55.642376;37.099870;pizza-square-osm-00217
Пицца Квадрат, Азовская;ул. Азовская, 36;55.642378;37.593853;pizza-square-osm-00218
Пицца Квадрат, Батайский;Батайский пр., 51;55.643287;37.738989;pizza-square-osm-00219
Пицца Квадрат, Малаховка, Шоссейная;Малаховка, ул. Шоссейная, 10А;55.643663;38.008504;pizza-square-osm-00220
Пицца Квадрат, Солнцево;ул. Производственная, 12 к1;55.643836;37.390226;pizza-square-osm-00221
Пицца Квадрат, имени Воровского, Центральная;имени Воровского, ул. Центральная, 116;55.644452;38.371750;pizza-square-osm-00222
Пицца Квадрат, Тропарёво;Ленинский просп., 127;55.645874;37.476544;pizza-square-osm-00223
Пицца Квадрат, Каширское, 44 к4;Каширское ш., 44 к4;55.647498;37.663343;pizza-square-osm-00224
Пицца Квадрат, Бутлерова;ул. Бутлерова, 24 к2 с2;55.648145;37.537531;pizza-square-osm-00225
Пицца Квадрат, Поречная;ул. Поречная, 10;55.649332;37.769859;pizza-square-osm-00226
Пицца Квадрат, Поречная, 10;ул. Поречная, 10;55.649614;37.769255;pizza-square-osm-00227
Пицца Квадрат, Севастопольская;ул. Большая Юшуньская, 1А к4;55.650847;37.596323;pizza-square-osm-00228
Пицца Квадрат, Марьино;ул. Люблинская, 108А;55.651081;37.741487;pizza-square-osm-00229
Пицца Квадрат, Люблинская;ул. Люблинская, вл112А с3;55.651463;37.742840;pizza-square-osm-00230
Пицца Квадрат, Варшавская;1-й Котляковский пер., 4 к1;55.652286;37.630350;pizza-square-osm-00231
Пицца Квадрат, Каширская;Каширское ш., 26 к3;55.652969;37.647166;pizza-square-osm-00232
Пицца Квадрат, Научный;Научный пр., 19;55.653105;37.553517;pizza-square-osm-00233
Пицца Квадрат, Котельники, 1-й Покровский;Котельники, 1-й Покровский пр., 5;55.653452;37.843802;pizza-square-osm-00234
Пицца Квадрат, Каширское, 26;Каширское ш., 26;55.653632;37.647279;pizza-square-osm-00235
Пицца Квадрат, Каширское, 26 к2;Каширское ш., 26 к2;55.653677;37.648244;pizza-square-osm-00236
Пицца Квадрат, Каширский;Каширский пр., 25 к2;55.653984;37.624310;pizza-square-osm-00237
Пицца Квадрат, Зюзино;ул. Керченская, 1Б;55.655016;37.583528;pizza-square-osm-00238
Пицца Квадрат, Научный, 14А с1;Научный пр., 14А с1;55.655394;37.556090;pizza-square-osm-00239
Пицца Квадрат, Каховка;ул. Каховка, 29А;55.656088;37.569832;pizza-square-osm-00240
Пицца Квадрат, Калужская;ул. Профсоюзная, 82 к1 с1;55.656261;37.537873;pizza-square-osm-00241
Пицца Квадрат, Каховская;ул. Одесская, 16;55.656344;37.590328;pizza-square-osm-00242
Пицца Квадрат, Профсоюзная, 61;ул. Профсоюзная, 61;55.656688;37.541951;pizza-square-osm-00243
Пицца Квадрат, Научный, 6;Научный пр., 6;55.657302;37.552375;pizza-square-osm-00244
Пицца Квадрат, ВНИИССОК, Триумфальная;ВНИИССОК, ул. Триумфальная, 17;55.657812;37.227964;pizza-square-osm-00245
Пицца Квадрат, Братиславская;ул. Люблинская, 153;55.658231;37.741838;pizza-square-osm-00246
Пицца Квадрат, Люблинская, 153;ул. Люблинская, 153;55.658584;37.742047;pizza-square-osm-00247
Пицца Квадрат, Новоивановское, Боровское;Новоивановское, Боровское ш., 6;55.658659;37.401472;pizza-square-osm-00248
Пицца Квадрат, Томилино, Октябрьский;Томилино, Октябрьский просп., 411А;55.659242;37.917177;pizza-square-osm-00249
Пицца Квадрат, Боровское;Боровское ш., с20 пав57;55.659293;37.430814;pizza-square-osm-00250
Пицца Квадрат, Котельники, Новоегорьевское;Котельники, Новоегорьевское ш., 8 с7;55.659400;37.879858;pizza-square-osm-00251
Пицца Квадрат, Иловайская;ул. Иловайская, 10А;55.659931;37.721741;pizza-square-osm-00252
Пицца Квадрат, Воронцовская;Старокалужское ш., 65;55.660405;37.539447;pizza-square-osm-00253
Пицца Квадрат, Котельники, Новоегорьевское, 8;Котельники, Новоегорьевское ш., 8;55.660558;37.880826;pizza-square-osm-00254
Пицца Квадрат, Котельники, 2-й Покровский;Котельники, 2-й Покровский пр., 6 к1;55.660784;37.857076;pizza-square-osm-00255
Пицца Квадрат, Котельники, Новорязанское;Котельники, Новорязанское ш., 8;55.661658;37.880468;pizza-square-osm-00256
Пицца Квадрат, Красково, КСЗ;Красково, ул. КСЗ, 16;55.661912;37.996476;pizza-square-osm-00257
Пицца Квадрат, Юго-Западная;просп. Вернадского, 86Б с1;55.662270;37.480454;pizza-square-osm-00258
Пицца Квадрат, Томилино, Гаршина;Томилино, ул. Гаршина, 9/2;55.662650;37.957690;pizza-square-osm-00259
Пицца Квадрат, Вернадского;просп. Вернадского, 105;55.662825;37.485976;pizza-square-osm-00260
Пицца Квадрат, Вернадского, 86А;просп. Вернадского, 86А;55.663229;37.480672;pizza-square-osm-00261
Пицца Квадрат, Шоссейная;ул. Шоссейная, 90 с5;55.664173;37.710292;pizza-square-osm-00262
Пицца Квадрат, Вернадского, 84 с1;просп. Вернадского, 84 с1;55.665193;37.478839;pizza-square-osm-00263
Пицца Квадрат, Покрышкина;ул. Покрышкина, 4;55.665228;37.481468;pizza-square-osm-00264
Пицца Квадрат, Домостроительная;ул. Домостроительная, 1 к1;55.666079;37.426858;pizza-square-osm-00265
Пицца Квадрат, Никулинская;ул. Никулинская, 3А;55.666905;37.458544;pizza-square-osm-00266
Пицца Квадрат, Новаторская;Ленинский просп., 101;55.666925;37.515465;pizza-square-osm-00267
Пицца Квадрат, Коломенский;Коломенский пр., 7Б;55.667556;37.658543;pizza-square-osm-00268
Пицца Квадрат, Котельники, Новорязанское, 66;Котельники, Новорязанское ш., 66;55.668328;37.871287;pizza-square-osm-00269
Пицца Квадрат, Андропова;просп. Андропова, 48;55.669311;37.660667;pizza-square-osm-00270
Пицца Квадрат, Новые Черёмушки;ул. Профсоюзная, 56;55.669928;37.552945;pizza-square-osm-00271
Пицца Квадрат, Андропова, 39 с56;просп. Андропова, 39 с56;55.670412;37.671481;pizza-square-osm-00272
Пицца Квадрат, Одинцово, Восточная;Одинцово, ул. Восточная, 10 с2;55.670771;37.305482;pizza-square-osm-00273
Пицца Квадрат, Удальцова;ул. Удальцова, 1А;55.671044;37.518940;pizza-square-osm-00274
Пицца Квадрат, Одинцово, Союзная;Одинцово, ул. Союзная, 1Б;55.671460;37.283688;pizza-square-osm-00275
Пицца Квадрат, Озёрная;проектируемый пр. № 1980, 2;55.672379;37.443053;pizza-square-osm-00276
Пицца Квадрат, Котельники, Котельники;Котельники, Новорязанское ш., 3;55.672563;37.861613;pizza-square-osm-00277
Пицца Квадрат, Нагорная;Электролитный пр., 1Б;55.673074;37.620768;pizza-square-osm-00278
Пицца Квадрат, Тихорецкий;Тихорецкий бул., 1 с6;55.673147;37.781194;pizza-square-osm-00279
Пицца Квадрат, Люблино;ул. Совхозная, 39;55.673726;37.760128;pizza-square-osm-00280
Пицца Квадрат, Одинцово, Советская;Одинцово, ул. Советская, 26;55.674134;37.276370;pizza-square-osm-00281
Пицца Квадрат, Проспект Вернадского;просп. Вернадского, 41 с3;55.674413;37.504814;pizza-square-osm-00282
Пицца Квадрат, Электролитный;Электролитный пр., 7А с1;55.674596;37.612783;pizza-square-osm-00283
Пицца Квадрат, Котельники, Сосновая;Котельники, ул. Сосновая, 2 к4;55.675095;37.854654;pizza-square-osm-00284
Пицца Квадрат, Электролитный, 7 к2;Электролитный пр., 7 к2;55.675483;37.610620;pizza-square-osm-00285
Пицца Квадрат, Совхозная;ул. Совхозная, 45;55.676207;37.761602;pizza-square-osm-00286
Пицца Квадрат, Котельники, Новорязанское (дублёр);Котельники, Новорязанское ш. (дублёр), 1/1;55.676409;37.853962;pizza-square-osm-00287
Пицца Квадрат, Мичуринский Проспект, Олимпийская Деревня;ул. Мичуринский Проспект, Олимпийская Деревня, 3;55.676601;37.468101;pizza-square-osm-00288
Пицца Квадрат, Котельники, Лётчика Ларюшина;Котельники, ул. Лётчика Ларюшина, 16;55.676916;37.862773;pizza-square-osm-00289
Пицца Квадрат, Большая Очаковская;ул. Большая Очаковская, 40;55.677335;37.447559;pizza-square-osm-00290
Пицца Квадрат, Одинцово, Можайское;Одинцово, Можайское ш., 71Б;55.677473;37.280681;pizza-square-osm-00291
Пицца Квадрат, Садовники;ул. Садовники, 3;55.677481;37.651752;pizza-square-osm-00292
Пицца Квадрат, Котельники, Привольная;Котельники, ул. Привольная, 70 к1;55.677653;37.855256;pizza-square-osm-00293
Пицца Квадрат, Вернадского, 14А;просп. Вернадского, 14А;55.677958;37.507185;pizza-square-osm-00294
Пицца Квадрат, 1-й Нагатинский;1-й Нагатинский пр., 10;55.678442;37.632327;pizza-square-osm-00295
Пицца Квадрат, Коломенская;просп. Андропова, 30;55.678821;37.662817;pizza-square-osm-00296
Пицца Квадрат, Озёрная, 18;ул. Озёрная, 18;55.679011;37.456052;pizza-square-osm-00297
Пицца Квадрат, Люблинская, 113А;ул. Люблинская, 113А;55.679565;37.738891;pizza-square-osm-00298
Пицца Квадрат, Профсоюзная, 15;ул. Профсоюзная, 15;55.679592;37.565346;pizza-square-osm-00299
Пицца Квадрат, Нагатинская;Варшавское ш., 34;55.680576;37.623510;pizza-square-osm-00300
Пицца Квадрат, Нагорная, 12 к1;ул. Нагорная, 12 к1;55.680944;37.608087;pizza-square-osm-00301
Пицца Квадрат, Нагатинская, 2А;ул. Нагатинская, 2А;55.681477;37.624765;pizza-square-osm-00302
Пицца Квадрат, Одинцово, Маршала Жукова;Одинцово, ул. Маршала Жукова, 41Б;55.681533;37.263649;pizza-square-osm-00303
Пицца Квадрат, Севастопольский;Севастопольский просп., 15 к3;55.681758;37.598519;pizza-square-osm-00304
Пицца Квадрат, Вавиловская;Ленинский просп., 78;55.682057;37.535524;pizza-square-osm-00305
Пицца Квадрат, Нагатинский Затон;ул. Коломенская, 7;55.682233;37.702541;pizza-square-osm-00306
Пицца Квадрат, Андропова, 22 с2;просп. Андропова, 22 с2;55.682628;37.660972;pizza-square-osm-00307
Пицца Квадрат, Люберцы, Инициативная;Люберцы, ул. Инициативная, 14 с1;55.682826;37.898570;pizza-square-osm-00308
Пицца Квадрат, Люберцы, Инициативная, 14 с1;Люберцы, ул. Инициативная, 14 с1;55.683109;37.897646;pizza-square-osm-00309
Пицца Квадрат, Люберцы, Инициативная, 1А;Люберцы, ул. Инициативная, 1А;55.683536;37.898972;pizza-square-osm-00310
Пицца Квадрат, Краснодонская;ул. Краснодонская, 7/1 с1;55.684039;37.751702;pizza-square-osm-00311
Пицца Квадрат, Речников;ул. Речников, 9;55.684170;37.693892;pizza-square-osm-00312
Пицца Квадрат, Судостроительная;ул. Судостроительная, 37/11;55.684303;37.685807;pizza-square-osm-00313
Пицца Квадрат, Академическая;ул. Дмитрия Ульянова, 28;55.685393;37.579210;pizza-square-osm-00314
Пицца Квадрат, Люберцы, Жулебино;Люберцы, ул. Генерала Кузнецова, 22;55.685970;37.854515;pizza-square-osm-00315
Пицца Квадрат, Люберцы, Авиаконструктора Миля;Люберцы, ул. Авиаконструктора Миля, вл7;55.686083;37.853539;pizza-square-osm-00316
Пицца Квадрат, Одинцово, Можайское, 159;Одинцово, Можайское ш., 159;55.686629;37.306224;pizza-square-osm-00317
Пицца Квадрат, Очаковское;Очаковское ш., 34;55.686704;37.440199;pizza-square-osm-00318
Пицца Квадрат, Люберцы, 3-е Почтовое отделение;Люберцы, 3-е Почтовое отделение, 66А;55.687477;37.864667;pizza-square-osm-00319
Пицца Квадрат, Люберцы, Калинина;Люберцы, ул. Калинина, 14;55.688426;37.881242;pizza-square-osm-00320
Пицца Квадрат, Большая Черёмушкинская;ул. Большая Черёмушкинская, 11 корп 3;55.688519;37.596752;pizza-square-osm-00321
Пицца Квадрат, Крымская;Нагорный пр., 2;55.689011;37.618451;pizza-square-osm-00322
Пицца Квадрат, Мичуринский проспект;ул. Лобачевского, 112А с2;55.689911;37.473108;pizza-square-osm-00323
Пицца Квадрат, Старые Кузьминки;ул. Старые Кузьминки, 13 с1;55.690269;37.785583;pizza-square-osm-00324
Пицца Квадрат, Старые Кузьминки, 10;ул. Старые Кузьминки, 10;55.690483;37.787565;pizza-square-osm-00325
Пицца Квадрат, Университет;Ломоносовский просп., 19А;55.690730;37.539636;pizza-square-osm-00326
Пицца Квадрат, Печатники;ул. Шоссейная, 1 к2;55.691137;37.728081;pizza-square-osm-00327
Пицца Квадрат, Технопарк;просп. Андропова, 18 к7;55.691867;37.662596;pizza-square-osm-00328
Пицца Квадрат, Вернадского, 6;просп. Вернадского, 6;55.692184;37.528283;pizza-square-osm-00329
Пицца Квадрат, Новоивановское, Большой;Новоивановское, Большой бул., 42 к1;55.692993;37.347247;pizza-square-osm-00330
Пицца Квадрат, Раменки;ул. Раменки, 3 с1;55.693161;37.496769;pizza-square-osm-00331
Пицца Квадрат, Варшавское, 25А с6;Варшавское ш., 25А с6;55.693546;37.625109;pizza-square-osm-00332
Пицца Квадрат, Ленинский;Ленинский просп., 61/1;55.694152;37.558486;pizza-square-osm-00333
Пицца Квадрат, Люберцы, Митрофанова;Люберцы, ул. Митрофанова, 21А;55.694820;37.888586;pizza-square-osm-00334
Пицца Квадрат, Андропова, 18 к2;просп. Андропова, 18 к2;55.695590;37.662091;pizza-square-osm-00335
Пицца Квадрат, Андропова, 8;просп. Андропова, 8;55.696050;37.665489;pizza-square-osm-00336
Пицца Квадрат, Люберцы, Октябрьский;Люберцы, Октябрьский просп., 7А;55.696947;37.860868;pizza-square-osm-00337
Пицца Квадрат, Мичуринский;Мичуринский просп., 27 с4;55.697195;37.500030;pizza-square-osm-00338
Пицца Квадрат, Новоивановское, Чистяковой;Новоивановское, ул. Чистяковой, 26Б;55.697834;37.324066;pizza-square-osm-00339
Пицца Квадрат, Люберцы, 8 Марта;Люберцы, ул. 8 Марта, 20 к1;55.698641;37.884310;pizza-square-osm-00340
Пицца Квадрат, Марусино, Камова;Марусино, ул. Камова, 9 к1;55.698945;37.957793;pizza-square-osm-00341
Пицца Квадрат, Новоивановское, Вишнёвая;Новоивановское, ул. Вишнёвая, 41;55.699710;37.324905;pizza-square-osm-00342
Пицца Квадрат, Ташкентская;ул. Ташкентская, 28 с1;55.699819;37.806127;pizza-square-osm-00343
Пицца Квадрат, Мичуринский, 26;Мичуринский просп., 26;55.699859;37.500213;pizza-square-osm-00344
Пицца Квадрат, Люберцы, Лермонтовский проспект;Люберцы, Лермонтовский просп., 19 к2;55.700048;37.855806;pizza-square-osm-00345
Пицца Квадрат, Люберцы, Весенняя;Люберцы, ул. Весенняя, 12;55.700611;37.908271;pizza-square-osm-00346
Пицца Квадрат, Варшавское, 5 с2;Варшавское ш., 5 с2;55.701146;37.621923;pizza-square-osm-00347
Пицца Квадрат, Новоивановское, Эйнштейна;Новоивановское, бул. Эйнштейна, 3;55.701236;37.361627;pizza-square-osm-00348
Пицца Квадрат, Марусино, Некрасовка;Марусино, ул. Покровская, 20;55.701778;37.931554;pizza-square-osm-00349
Пицца Квадрат, Люберцы, Юности;Люберцы, ул. Юности, 3;55.701781;37.911351;pizza-square-osm-00350
Пицца Квадрат, Люберцы, Улица Рождественская;Люберцы, Улица Рождественская, 11;55.702180;37.914172;pizza-square-osm-00351
Пицца Квадрат, Марусино, Вертолётчиков;Марусино, ул. Вертолётчиков, 11;55.702993;37.940981;pizza-square-osm-00352
Пицца Квадрат, Кожуховская;ул. Трофимова, 32Г;55.703140;37.685358;pizza-square-osm-00353
Пицца Квадрат, Новоивановское, Кутузовская;Новоивановское, ул. Кутузовская, 4;55.703538;37.327145;pizza-square-osm-00354
Пицца Квадрат, Кузьминки;Волгоградский просп., 102;55.703839;37.773790;pizza-square-osm-00355
Пицца Квадрат, Новоивановское, Агрохимиков;Новоивановское, ул. Агрохимиков, с1;55.704245;37.356455;pizza-square-osm-00356
Пицца Квадрат, 8-я Текстильщиков;8-я ул. Текстильщиков, 5 к2;55.704377;37.741344;pizza-square-osm-00357
Пицца Квадрат, Маршала Чуйкова;ул. Маршала Чуйкова, 4;55.704509;37.763726;pizza-square-osm-00358
Пицца Квадрат, Тульская;ул. Большая Тульская, 50;55.704611;37.621143;pizza-square-osm-00359
Пицца Квадрат, Автозаводская;ул. Автозаводская, 18;55.705008;37.642406;pizza-square-osm-00360
Пицца Квадрат, Ленинский проспект;ул. Вавилова, 5Б с3;55.705303;37.588667;pizza-square-osm-00361
Пицца Квадрат, Новоивановское, Кутузовская, 23;Новоивановское, ул. Кутузовская, 23;55.705666;37.327248;pizza-square-osm-00362
Пицца Квадрат, Автозаводская, 13/1;ул. Автозаводская, 13/1;55.705839;37.656522;pizza-square-osm-00363
Пицца Квадрат, Вавилова;ул. Вавилова, 3;55.706127;37.593492;pizza-square-osm-00364
Пицца Квадрат, Волгоградский;Волгоградский просп., 119А;55.706447;37.765852;pizza-square-osm-00365
Пицца Квадрат, Текстильщики;ул. Люблинская, 4 с1;55.706692;37.730588;pizza-square-osm-00366
Пицца Квадрат, Вавилова, 3;ул. Вавилова, 3;55.706983;37.592753;pizza-square-osm-00367
Пицца Квадрат, 6-я Кожуховская;ул. 6-я Кожуховская, 17;55.707188;37.674402;pizza-square-osm-00368
Пицца Квадрат, Юго-Восточная;Самаркандский бул., 4;55.707664;37.828886;pizza-square-osm-00369
Пицца Квадрат, Люблинская, 4 к1;ул. Люблинская, 4 к1;55.707791;37.729968;pizza-square-osm-00370
Пицца Квадрат, Вавилова, 6;ул. Вавилова, 6;55.708351;37.587727;pizza-square-osm-00371
Пицца Квадрат, Люберцы, Улица Дмитриевского;Люберцы, ул. Каскадная, 21;55.708602;37.871762;pizza-square-osm-00372
Пицца Квадрат, Большая Тульская;ул. Большая Тульская, 13;55.708729;37.622091;pizza-square-osm-00373
Пицца Квадрат, Ломоносовский проспект;Ломоносовский просп., 36;55.709037;37.509767;pizza-square-osm-00374
Пицца Квадрат, Орджоникидзе;ул. Орджоникидзе, 11;55.709236;37.595928;pizza-square-osm-00375
Пицца Квадрат, Мастеркова;ул. Мастеркова, 1;55.709731;37.658720;pizza-square-osm-00376
Пицца Квадрат, Давыдково;ул. Верейская, 11;55.709739;37.447372;pizza-square-osm-00377
Пицца Квадрат, Орджоникидзе, 9 к1;ул. Орджоникидзе, 9 к1;55.710093;37.598941;pizza-square-osm-00378
Пицца Квадрат, Большая Тульская, 2;ул. Большая Тульская, 2;55.710476;37.620823;pizza-square-osm-00379
Пицца Квадрат, Ленинский, 37;Ленинский просп., 37;55.710738;37.586157;pizza-square-osm-00380
Пицца Квадрат, Даниловский Вал;ул. Даниловский Вал, 22 с3;55.711021;37.630635;pizza-square-osm-00381
Пицца Квадрат, Новоивановское, Западная;Новоивановское, ул. Западная, 79;55.711296;37.369629;pizza-square-osm-00382
Пицца Квадрат, Люберцы, Лухмановская;Люберцы, ул. Лухмановская, 2;55.711450;37.898322;pizza-square-osm-00383
Пицца Квадрат, Люберцы, Святоозёрская;Люберцы, ул. Святоозёрская, 18;55.712035;37.892086;pizza-square-osm-00384
Пицца Квадрат, Мытная;ул. Мытная, 74;55.712186;37.621111;pizza-square-osm-00385
Пицца Квадрат, Верейская;ул. Верейская, 41 с98;55.712196;37.430048;pizza-square-osm-00386
Пицца Квадрат, Окская;ул. Окская, 1 к1;55.712409;37.752004;pizza-square-osm-00387
Пицца Квадрат, 2-й Донской;2-й Донской пр., 4 с9;55.712717;37.594326;pizza-square-osm-00388
Пицца Квадрат, Волгоградский, 45 с1;Волгоградский просп., 45 с1;55.713085;37.721150;pizza-square-osm-00389
Пицца Квадрат, Воробьёвы горы;Лужнецкая наб., 24 с4;55.713211;37.558611;pizza-square-osm-00390
Пицца Квадрат, Выхино;Рязанский просп., 99 с2;55.713869;37.815853;pizza-square-osm-00391
Пицца Квадрат, Рязанский проспект;ул. 1-я Новокузьминская, 18;55.714045;37.791082;pizza-square-osm-00392
Пицца Квадрат, Рязанский;Рязанский просп., 99 с2;55.714420;37.816402;pizza-square-osm-00393
Пицца Квадрат, Васильцовский Стан;ул. Васильцовский Стан, 7 к1;55.714829;37.750277;pizza-square-osm-00394
Пицца Квадрат, Шаболовская;ул. Шаболовка, 59 к1;55.714966;37.608076;pizza-square-osm-00395
Пицца Квадрат, Дубровка;ул. Шарикоподшипниковская, 32;55.715955;37.676711;pizza-square-osm-00396
Пицца Квадрат, Вешняковская;ул. Вешняковская, 43;55.716114;37.821714;pizza-square-osm-00397
Пицца Квадрат, Можайское;Можайское ш., 45А;55.716531;37.407874;pizza-square-osm-00398
Пицца Квадрат, Окская, 44А;ул. Окская, 44А;55.716900;37.775554;pizza-square-osm-00399
Пицца Квадрат, Электроугли, Школьная;Электроугли, ул. Школьная, 29;55.717027;38.217255;pizza-square-osm-00400
Пицца Квадрат, Рязанский, 75 к3;Рязанский просп., 75 к3;55.717428;37.793989;pizza-square-osm-00401
Пицца Квадрат, Шарикоподшипниковская;ул. Шарикоподшипниковская, 13 с1;55.717625;37.677530;pizza-square-osm-00402
Пицца Квадрат, Спортивная;ул. Лужники, 24 с23;55.718806;37.557170;pizza-square-osm-00403
Пицца Квадрат, Партийный;Партийный пер., 1 к57 с2;55.719096;37.629723;pizza-square-osm-00404
Пицца Квадрат, Барвихинская;ул. Барвихинская, 16 к3;55.719594;37.387400;pizza-square-osm-00405
Пицца Квадрат, Вешняковская, 24 с1;ул. Вешняковская, 24 с1;55.719736;37.819676;pizza-square-osm-00406
Пицца Квадрат, Марусино, Косинское;Марусино, Косинское ш., 7;55.720254;37.973764;pizza-square-osm-00407
Пицца Квадрат, Хорошёвский;Хорошёвский пр., 14;55.720526;37.379757;pizza-square-osm-00408
Пицца Квадрат, Мытная, 46 с5;ул. Мытная, 46 с5;55.720573;37.615338;pizza-square-osm-00409
Пицца Квадрат, Павла Андреева;ул. Павла Андреева, 23 с10;55.720895;37.621396;pizza-square-osm-00410
Пицца Квадрат, Марусино, Косинское, 5/7;Марусино, Косинское ш., 5/7;55.721440;37.975002;pizza-square-osm-00411
Пицца Квадрат, Крымский вал;Крымский вал, 9 с33К;55.721519;37.589773;pizza-square-osm-00412
Пицца Квадрат, Дубининская;ул. Дубининская, 55 к1 с2;55.721837;37.635946;pizza-square-osm-00413
Пицца Квадрат, Люберцы, Лухмановская, 24А;Люберцы, ул. Лухмановская, 24А;55.722011;37.904902;pizza-square-osm-00414
Пицца Квадрат, Волгоградский проспект;Волгоградский просп., 32 к8;55.722490;37.690621;pizza-square-osm-00415
Пицца Квадрат, Ленинский, 11;Ленинский просп., 11;55.723387;37.603957;pizza-square-osm-00416
Пицца Квадрат, Крымский Вал;ул. Крымский Вал, 9 с20;55.723425;37.595791;pizza-square-osm-00417
Пицца Квадрат, Щипок;ул. Щипок, 22 с1;55.723727;37.635076;pizza-square-osm-00418
Пицца Квадрат, Серпуховская;ул. Большая Серпуховская, 29;55.723839;37.626930;pizza-square-osm-00419
Пицца Квадрат, Михайлова;ул. Михайлова, 30А к5;55.723843;37.777598;pizza-square-osm-00420
Пицца Квадрат, Михайлова, 33 к1;ул. Михайлова, 33 к1;55.724110;37.776757;pizza-square-osm-00421
Пицца Квадрат, Марусино, Романычева;Марусино, ул. Романычева, 2;55.724381;37.970068;pizza-square-osm-00422
Пицца Квадрат, Летниковская;ул. Летниковская, 10 с4;55.724770;37.643182;pizza-square-osm-00423
Пицца Квадрат, Михайлова, 30А;ул. Михайлова, 30А;55.725011;37.774043;pizza-square-osm-00424
Пицца Квадрат, Фрунзенская;ул. Ефремова, 10 к1;55.725332;37.575057;pizza-square-osm-00425
Пицца Квадрат, Большая Серпуховская;ул. Большая Серпуховская, 23;55.725943;37.625864;pizza-square-osm-00426
Пицца Квадрат, Пырьева;ул. Пырьева, 8;55.726005;37.527064;pizza-square-osm-00427
Пицца Квадрат, Славянский бульвар;Славянский бул., 9 к1;55.726380;37.467946;pizza-square-osm-00428
Пицца Квадрат, Стремянный;Стремянный пер., 35;55.726781;37.627383;pizza-square-osm-00429
Пицца Квадрат, Большая Серпуховская, 17 с1;ул. Большая Серпуховская, 17 с1;55.726816;37.625624;pizza-square-osm-00430
Пицца Квадрат, Люсиновская;ул. Люсиновская, 4;55.727155;37.622430;pizza-square-osm-00431
Пицца Квадрат, Крымский Вал, 9 с25;ул. Крымский Вал, 9 с25;55.727415;37.596926;pizza-square-osm-00432
Пицца Квадрат, Большая Серпуховская, 14/13 с1;ул. Большая Серпуховская, 14/13 с1;55.727798;37.624463;pizza-square-osm-00433
Пицца Квадрат, Кутузовский;Кутузовский просп., 57;55.727833;37.477636;pizza-square-osm-00434
Пицца Квадрат, Хользунова;пер. Хользунова, 1;55.728045;37.580023;pizza-square-osm-00435
Пицца Квадрат, Люсиновская, 11/12 с1;ул. Люсиновская, 11/12 с1;55.728254;37.623524;pizza-square-osm-00436
Пицца Квадрат, Комсомольский;Комсомольский просп., 24 с1;55.728450;37.580232;pizza-square-osm-00437
Пицца Квадрат, Октябрьская;Ленинский просп., 2/4;55.728776;37.608661;pizza-square-osm-00438
Пицца Квадрат, Добрынинская;ул. Коровий Вал, 1А с2;55.728845;37.622426;pizza-square-osm-00439
Пицца Квадрат, Электроугли, Центральная;Электроугли, ул. Центральная, 114А;55.729048;38.203858;pizza-square-osm-00440
Пицца Квадрат, Ленинский, 2А;Ленинский просп., 2А;55.729170;37.611474;pizza-square-osm-00441
Пицца Квадрат, Нижегородская;Рязанский просп., 2 к3;55.729383;37.734770;pizza-square-osm-00442
Пицца Квадрат, Павелецкая;Павелецкая пл., 1A c2;55.729576;37.640814;pizza-square-osm-00443
Пицца Квадрат, Кожевническая;ул. Кожевническая, 8/4 с1;55.729737;37.644132;pizza-square-osm-00444
Пицца Квадрат, Рязанский, 2 к2;Рязанский просп., 2 к2;55.729895;37.731670;pizza-square-osm-00445
Пицца Квадрат, Звенигород, Московская;Звенигород, ул. Московская, 12А;55.730137;36.853292;pizza-square-osm-00446
Пицца Квадрат, Валовая;ул. Валовая, 26;55.730398;37.627879;pizza-square-osm-00447
Пицца Квадрат, Павелецкая, 2 с1;Павелецкая пл., 2 с1;55.730448;37.634259;pizza-square-osm-00448
Пицца Квадрат, Кожевническая, 1 с1;ул. Кожевническая, 1 с1;55.730772;37.641764;pizza-square-osm-00449
Пицца Квадрат, Большая Якиманка;ул. Большая Якиманка, 56;55.731149;37.611691;pizza-square-osm-00450
Пицца Квадрат, Крестьянская Застава;Волгоградский просп., 3/5;55.731584;37.672778;pizza-square-osm-00451
Пицца Квадрат, Пролетарская;3-й Крутицкий пер., 18;55.731771;37.664217;pizza-square-osm-00452
Пицца Квадрат, аллея Жемчуговой;аллея Жемчуговой, 2 с1;55.732009;37.816474;pizza-square-osm-00453
Пицца Квадрат, Большая Якиманка, 50;ул. Большая Якиманка, 50;55.732230;37.610899;pizza-square-osm-00454
Пицца Квадрат, Погорельский;Погорельский пер., 7 с2;55.732369;37.621148;pizza-square-osm-00455
Пицца Квадрат, Воронцовская, 48;ул. Воронцовская, 48;55.732804;37.664048;pizza-square-osm-00456
Пицца Квадрат, 1-й Казанский просек;1-й Казанский просек, 1;55.732914;37.764179;pizza-square-osm-00457
Пицца Квадрат, Электросталь, Железнодорожная;Электросталь, ул. Железнодорожная, 2;55.732985;38.464770;pizza-square-osm-00458
Пицца Квадрат, Парк Культуры;Комсомольский просп., 4;55.733365;37.592515;pizza-square-osm-00459
Пицца Квадрат, Нижегородская, 31;ул. Нижегородская, 31;55.733490;37.712659;pizza-square-osm-00460
Пицца Квадрат, Пятницкая;ул. Пятницкая, 56 с1;55.733632;37.627383;pizza-square-osm-00461
Пицца Квадрат, Воронцовская, 35Б к1;ул. Воронцовская, 35Б к1;55.734322;37.662614;pizza-square-osm-00462
Пицца Квадрат, Вешняковская, 17Б;ул. Вешняковская, 17Б;55.734616;37.832037;pizza-square-osm-00463
Пицца Квадрат, 2-я Карачаровская;ул. 2-я Карачаровская, 1 с1;55.734732;37.752652;pizza-square-osm-00464
Пицца Квадрат, Пятницкая, 53;ул. Пятницкая, 53;55.734817;37.627923;pizza-square-osm-00465
Пицца Квадрат, Тимура Фрунзе;ул. Тимура Фрунзе, 11 с55;55.735027;37.586671;pizza-square-osm-00466
Пицца Квадрат, Большой Саввинский;Большой Саввинский пер., 9 с2;55.735148;37.569660;pizza-square-osm-00467
Пицца Квадрат, Полянка;ул. Большая Якиманка, 26;55.735641;37.612132;pizza-square-osm-00468
Пицца Квадрат, Большая Ордынка;ул. Большая Ордынка, 44 с4;55.735726;37.623045;pizza-square-osm-00469
Пицца Квадрат, Бахрушина;ул. Бахрушина, 11;55.736085;37.635078;pizza-square-osm-00470
Пицца Квадрат, Зубовский;Зубовский бул., 17 с1;55.736204;37.591113;pizza-square-osm-00471
Пицца Квадрат, Зубовский, 25;Зубовский бул., 25;55.736381;37.590490;pizza-square-osm-00472
Пицца Квадрат, Марксистская;ул. Марксистская, 7;55.736419;37.665469;pizza-square-osm-00473
Пицца Квадрат, Марксистская, 24;ул. Марксистская, 24;55.736802;37.661105;pizza-square-osm-00474
Пицца Квадрат, Садовническая;ул. Садовническая, 69;55.737132;37.642310;pizza-square-osm-00475
Пицца Квадрат, Плющиха;ул. Плющиха, 58 с1А;55.737254;37.575206;pizza-square-osm-00476
Пицца Квадрат, Третьяковская;ул. Новокузнецкая, 13 с1;55.737412;37.631565;pizza-square-osm-00477
Пицца Квадрат, Подъёмная;ул. Подъёмная, 1;55.737594;37.704477;pizza-square-osm-00478
Пицца Квадрат, Малая Калитниковская;ул. Малая Калитниковская, 1;55.737666;37.675683;pizza-square-osm-00479
Пицца Квадрат, Авиамоторная;ул. Авиамоторная, 67/8 с3;55.737907;37.721234;pizza-square-osm-00480
Пицца Квадрат, Новокузнецкая;ул. Новокузнецкая, 13 с1;55.737940;37.631188;pizza-square-osm-00481
Пицца Квадрат, Зубовский, 37 с1;Зубовский бул., 37 с1;55.737988;37.586460;pizza-square-osm-00482
Пицца Квадрат, Парк Победы;ул. Неверовского, 15;55.738105;37.513046;pizza-square-osm-00483
Пицца Квадрат, Большая Якиманка, 22 к3;ул. Большая Якиманка, 22 к3;55.738342;37.613486;pizza-square-osm-00484
Пицца Квадрат, Пятницкая, 37;ул. Пятницкая, 37;55.738601;37.628726;pizza-square-osm-00485
Пицца Квадрат, Барклая;ул. Барклая, 6 с5;55.738755;37.508199;pizza-square-osm-00486
Пицца Квадрат, Филёвский парк;ул. Минская, 14А;55.738808;37.484823;pizza-square-osm-00487
Пицца Квадрат, Пречистенка;ул. Пречистенка, 40/2 с2;55.739214;37.587325;pizza-square-osm-00488
Пицца Квадрат, Кутузовская;Кутузовский просп., 36 с2;55.739370;37.527780;pizza-square-osm-00489
Пицца Квадрат, Таганская;ул. Таганская, 32/1 с1;55.739498;37.664712;pizza-square-osm-00490
Пицца Квадрат, Кутузовский, 3;Кутузовский пр., 3;55.739649;37.523589;pizza-square-osm-00491
Пицца Квадрат, Марксистская, 10 с1;ул. Марксистская, 10 с1;55.739749;37.656753;pizza-square-osm-00492
Пицца Квадрат, 2-я Фрезерная;ул. 2-я Фрезерная, 14 с1Г;55.740033;37.745107;pizza-square-osm-00493
Пицца Квадрат, Новорогожская;ул. Новорогожская, 20;55.740037;37.687522;pizza-square-osm-00494
Пицца Квадрат, Садовническая, 57 с1;ул. Садовническая, 57 с1;55.740292;37.640951;pizza-square-osm-00495
Пицца Квадрат, Марксистская, 1 к1;ул. Марксистская, 1 к1;55.740428;37.658121;pizza-square-osm-00496
Пицца Квадрат, Ярцевская;ул. Ярцевская, 25А;55.740647;37.415326;pizza-square-osm-00497
Пицца Квадрат, Котельническая;Котельническая наб., 33 к1;55.740878;37.647963;pizza-square-osm-00498
Пицца Квадрат, Климентовский;Климентовский пер., 10 с1;55.740943;37.627778;pizza-square-osm-00499
Пицца Квадрат, Кутузовский, 36 с38;Кутузовский просп., 36 с38;55.741019;37.525622;pizza-square-osm-00500
Пицца Квадрат, Ярцевская, 25А;ул. Ярцевская, 25А;55.741177;37.415016;pizza-square-osm-00501
Пицца Квадрат, Таганская, 1/2 с2;ул. Таганская, 1/2 с2;55.741353;37.657437;pizza-square-osm-00502
Пицца Квадрат, Марусино, Андрея Белого;Марусино, ул. Андрея Белого, 3;55.741460;38.008133;pizza-square-osm-00503
Пицца Квадрат, 5-й Котельнический;5-й Котельнический пер., 12;55.741643;37.648401;pizza-square-osm-00504
Пицца Квадрат, Кропоткинская;Берсеневский пер., 3/10 с8;55.741800;37.609526;pizza-square-osm-00505
Пицца Квадрат, Лазо;ул. Лазо, 7 с4;55.742002;37.773844;pizza-square-osm-00506
Пицца Квадрат, Кутузовский, 32 к2;Кутузовский просп., 32 к2;55.742231;37.530922;pizza-square-osm-00507
Пицца Квадрат, Большой Факельный;Большой Факельный пер., 6/12;55.742472;37.662835;pizza-square-osm-00508
Пицца Квадрат, Большой Факельный, 3 с2;Большой Факельный пер., 3 с2;55.742634;37.663474;pizza-square-osm-00509
Пицца Квадрат, Марусино, Безымянная;Марусино, ул. Безымянная, 2;55.742701;38.039467;pizza-square-osm-00510
Пицца Квадрат, Болотная;Болотная наб., 15 к2;55.742936;37.612826;pizza-square-osm-00511
Пицца Квадрат, Большая Филёвская;ул. Большая Филёвская, 35;55.743051;37.481124;pizza-square-osm-00512
Пицца Квадрат, Пятницкая, 17/4 с1;ул. Пятницкая, 17/4 с1;55.743173;37.628452;pizza-square-osm-00513
Пицца Квадрат, Большая Филёвская, 35;ул. Большая Филёвская, 35;55.743424;37.480802;pizza-square-osm-00514
Пицца Квадрат, Новокосино;ул. Суздальская, 30/2;55.743632;37.863375;pizza-square-osm-00515
Пицца Квадрат, Смоленская;Ружейный пер., 6 с2;55.743794;37.580973;pizza-square-osm-00516
Пицца Квадрат, Фили;Багратионовский пр., 5;55.743918;37.508618;pizza-square-osm-00517
Пицца Квадрат, Багратионовский;Багратионовский пр., 5;55.744157;37.508137;pizza-square-osm-00518
Пицца Квадрат, Хрущёвский;Хрущёвский пер., 5 с3;55.744405;37.596007;pizza-square-osm-00519
Пицца Квадрат, Серафимовича;ул. Серафимовича, 2;55.744462;37.612882;pizza-square-osm-00520
Пицца Квадрат, Киевская;пл. Киевского Вокзала, 2;55.744564;37.565425;pizza-square-osm-00521
Пицца Квадрат, Багратионовский, 12;Багратионовский пр., 12;55.744867;37.508243;pizza-square-osm-00522
Пицца Квадрат, Московская Железная Дорога, Белорусское, 6-й километр;Московская Железная Дорога, Белорусское, 6-й километр, 4;55.744960;37.515074;pizza-square-osm-00523
Пицца Квадрат, Юбилейный;Юбилейный просп., 2А;55.745095;37.852706;pizza-square-osm-00524
Пицца Квадрат, Александра Солженицына;ул. Александра Солженицына, 25;55.745337;37.664518;pizza-square-osm-00525
Пицца Квадрат, Носовихинское;Носовихинское ш., 9;55.745487;37.860380;pizza-square-osm-00526
Пицца Квадрат, Римская;ул. Школьная, 48;55.745773;37.677504;pizza-square-osm-00527
Пицца Квадрат, Международная;ул. Международная, 9 с2;55.745874;37.682690;pizza-square-osm-00528
Пицца Квадрат, Марусино, Саввинское;Марусино, Саввинское ш., 7Б;55.746025;38.011211;pizza-square-osm-00529
Пицца Квадрат, Юбилейный, 3В;Юбилейный просп., 3В;55.746107;37.852374;pizza-square-osm-00530
Пицца Квадрат, Сергия Радонежского;ул. Сергия Радонежского, 2;55.746195;37.670621;pizza-square-osm-00531
Пицца Квадрат, Большая Дорогомиловская;ул. Большая Дорогомиловская, 12А;55.746453;37.561206;pizza-square-osm-00532
Пицца Квадрат, Южная, 10А;ул. Южная, 10А;55.746638;37.862590;pizza-square-osm-00533
Пицца Квадрат, Пресненская;Пресненская наб., 8 с1;55.746794;37.539099;pizza-square-osm-00534
Пицца Квадрат, Энтузиастов;ш. Энтузиастов, 12 к2;55.746871;37.706692;pizza-square-osm-00535
Пицца Квадрат, Николоямская;ул. Николоямская, 14 с1;55.747196;37.651035;pizza-square-osm-00536
Пицца Квадрат, Энтузиастов, 12 к2;ш. Энтузиастов, 12 к2;55.747236;37.707162;pizza-square-osm-00537
Пицца Квадрат, Арбат;ул. Арбат, 52 с1;55.747402;37.584347;pizza-square-osm-00538
Пицца Квадрат, Николоямская, 39/43 к1;ул. Николоямская, 39/43 к1;55.747587;37.659957;pizza-square-osm-00539
Пицца Квадрат, Софийская;Софийская наб., 30 с1;55.747817;37.621374;pizza-square-osm-00540
Пицца Квадрат, Тестовская;ул. Тестовская, 1;55.747975;37.532814;pizza-square-osm-00541
Пицца Квадрат, Пресненская, 8 с1;Пресненская наб., 8 с1;55.748205;37.538419;pizza-square-osm-00542
Пицца Квадрат, Власиха, Школьная;Власиха, ул. Школьная, 25;55.748269;37.165632;pizza-square-osm-00543
Пицца Квадрат, Деловой центр;Пресненская наб., 4/1;55.748566;37.543617;pizza-square-osm-00544
Пицца Квадрат, Пресненская, 2;Пресненская наб., 2;55.748635;37.539441;pizza-square-osm-00545
Пицца Квадрат, Плеханова;ул. Плеханова, 17 с20;55.748784;37.763566;pizza-square-osm-00546
Пицца Квадрат, Реутов, Носовихинское;Реутов, Носовихинское ш., 27;55.749074;37.877256;pizza-square-osm-00547
Пицца Квадрат, Перово;ул. 2-я Владимирская, 44/10;55.749185;37.785275;pizza-square-osm-00548
Пицца Квадрат, Реутов, имени Академика В.Н. Челомея;Реутов, ул. имени Академика В.Н. Челомея, 12А;55.749378;37.879498;pizza-square-osm-00549
Пицца Квадрат, Авиамоторная, 20/17;ул. Авиамоторная, 20/17;55.749386;37.718186;pizza-square-osm-00550
Пицца Квадрат, Реутов, Юбилейный;Реутов, Юбилейный просп., 42;55.749644;37.871927;pizza-square-osm-00551
Пицца Квадрат, Марусино, Октябрьская;Марусино, ул. Октябрьская, 25 к3 лит1-2;55.749753;38.000685;pizza-square-osm-00552
Пицца Квадрат, Реутов, Носовихинское, 4;Реутов, Носовихинское ш., 4;55.749919;37.886910;pizza-square-osm-00553
Пицца Квадрат, Новогиреево;Свободный просп., 35Б;55.750199;37.817251;pizza-square-osm-00554
Пицца Квадрат, Арбат, 25/36;ул. Арбат, 25/36;55.750216;37.594528;pizza-square-osm-00555
Пицца Квадрат, Зелёный;Зелёный просп., 15/37;55.750309;37.779966;pizza-square-osm-00556
Пицца Квадрат, Марусино, Пролетарская;Марусино, ул. Пролетарская, 2;55.750486;38.007320;pizza-square-osm-00557
Пицца Квадрат, Свободный;Свободный просп., 35А;55.750686;37.817431;pizza-square-osm-00558
Пицца Квадрат, Крылатское;Рублёвское ш., 42 к1;55.750847;37.412300;pizza-square-osm-00559
Пицца Квадрат, Энтузиастов, 20;ш. Энтузиастов, 20;55.750932;37.715533;pizza-square-osm-00560
Пицца Квадрат, Энтузиастов, 24;ш. Энтузиастов, 24;55.751030;37.717824;pizza-square-osm-00561
Пицца Квадрат, Боровицкая;Староваганьковский пер., 19 с1;55.751117;37.607066;pizza-square-osm-00562
Пицца Квадрат, Марусино, Октябрьская, 35;Марусино, ул. Октябрьская, 35;55.751367;37.999821;pizza-square-osm-00563
Пицца Квадрат, Свободный, 33Б;Свободный просп., 33Б;55.751481;37.818447;pizza-square-osm-00564
Пицца Квадрат, Марусино, Советская;Марусино, ул. Советская, 9;55.751503;38.011741;pizza-square-osm-00565
Пицца Квадрат, Балашиха, Центральная;Балашиха, ул. Центральная, 102 с1;55.751677;37.947218;pizza-square-osm-00566
Пицца Квадрат, Реутов, Юбилейный, 68;Реутов, Юбилейный просп., 68;55.751837;37.882672;pizza-square-osm-00567
Пицца Квадрат, Октября;ул. Октября, 10;55.751947;37.859381;pizza-square-osm-00568
Пицца Квадрат, Зелёный, 79А;Зелёный просп., 79А;55.752029;37.815880;pizza-square-osm-00569
Пицца Квадрат, Новый Арбат;ул. Новый Арбат, 21 с2;55.752140;37.586213;pizza-square-osm-00570
Пицца Квадрат, Завода Серп и Молот;пр. Завода Серп и Молот, 10;55.752196;37.703496;pizza-square-osm-00571
Пицца Квадрат, Кутузовский, 2/1 с6;Кутузовский просп., 2/1 с6;55.752280;37.567313;pizza-square-osm-00572
Пицца Квадрат, 3-я Владимирская;ул. 3-я Владимирская, 31/33;55.752586;37.791964;pizza-square-osm-00573
Пицца Квадрат, Александровский сад;Романов пер., 2/6 с1;55.752685;37.609340;pizza-square-osm-00574
Пицца Квадрат, Дзержинского;ул. Дзержинского, 11А;55.752784;37.860112;pizza-square-osm-00575
Пицца Квадрат, Реутов, Юбилейный, 49;Реутов, Юбилейный просп., 49;55.752992;37.878335;pizza-square-osm-00576
Пицца Квадрат, Свободный, 33А;Свободный просп., 33А;55.753122;37.818199;pizza-square-osm-00577
Пицца Квадрат, Нижняя Сыромятническая;ул. Нижняя Сыромятническая, 11 с52;55.753268;37.669210;pizza-square-osm-00578
Пицца Квадрат, Ленина, 1А;ул. Ленина, 1А;55.753395;37.857759;pizza-square-osm-00579
Пицца Квадрат, Борисоглебский;Борисоглебский пер., 9 с3;55.753783;37.588688;pizza-square-osm-00580
Пицца Квадрат, Шоссе Энтузиастов;ул. Электродная, 2 с32;55.753870;37.752909;pizza-square-osm-00581
Пицца Квадрат, Авиамоторная, 10 к1;ул. Авиамоторная, 10 к1;55.754012;37.715366;pizza-square-osm-00582
Пицца Квадрат, Реутов, Ашхабадская;Реутов, ул. Ашхабадская, 1В;55.754152;37.862122;pizza-square-osm-00583
Пицца Квадрат, Площадь Революции;ул. Ильинка, 3/8 с1;55.754210;37.623361;pizza-square-osm-00584
Пицца Квадрат, Чкаловская;Покровский бул., 11 с1-Д;55.754448;37.649102;pizza-square-osm-00585
Пицца Квадрат, Подсосенский;Подсосенский пер., 30 с2;55.754574;37.654012;pizza-square-osm-00586
Пицца Квадрат, Глубокий;Глубокий пер., 1/2;55.754724;37.569862;pizza-square-osm-00587
Пицца Квадрат, Манежная;Манежная пл., 1 с2;55.754761;37.613289;pizza-square-osm-00588
Пицца Квадрат, Красноказарменная;ул. Красноказарменная, 17;55.754919;37.708281;pizza-square-osm-00589
Пицца Квадрат, Покровский;Покровский бул., 14/6;55.755077;37.646934;pizza-square-osm-00590
Пицца Квадрат, Скатертный;Скатертный пер., 5 с2;55.755141;37.597118;pizza-square-osm-00591
Пицца Квадрат, Театральная;Красная пл., 1;55.755362;37.618219;pizza-square-osm-00592
Пицца Квадрат, Подсосенский, 23 с6;Подсосенский пер., 23 с6;55.755510;37.654675;pizza-square-osm-00593
Пицца Квадрат, Реутов, Октября;Реутов, ул. Октября, 44;55.755726;37.882191;pizza-square-osm-00594
Пицца Квадрат, Охотный ряд;Манежная пл., 1 с2;55.755896;37.614672;pizza-square-osm-00595
Пицца Квадрат, Большой Черкасский;Большой Черкасский пер., 17;55.756075;37.627504;pizza-square-osm-00596
Пицца Квадрат, Реутов, Ленина;Реутов, ул. Ленина, 15;55.756160;37.856888;pizza-square-osm-00597
Пицца Квадрат, Курского Вокзала;пл. Курского Вокзала, 1;55.756472;37.661363;pizza-square-osm-00598
Пицца Квадрат, Власиха, Ленина;Власиха, ул. Ленина, 4;55.756495;37.237272;pizza-square-osm-00599
Пицца Квадрат, Моховая;ул. Моховая, 15/1 с1;55.756615;37.614037;pizza-square-osm-00600
Пицца Квадрат, Баррикадная;Новинский бул., 22 с1;55.756684;37.584997;pizza-square-osm-00601
Пицца Квадрат, Мерзляковский;Мерзляковский пер., 22;55.756898;37.596961;pizza-square-osm-00602
Пицца Квадрат, Комсомольская;ул. Комсомольская, 18/2;55.756912;37.851573;pizza-square-osm-00603
Пицца Квадрат, Самокатная;ул. Самокатная, 4 с11;55.757128;37.676400;pizza-square-osm-00604
Пицца Квадрат, Лубянка;Большой Черкасский пер., 13 с4;55.757300;37.628364;pizza-square-osm-00605
Пицца Квадрат, Новинский;Новинский бул., 31;55.757436;37.583283;pizza-square-osm-00606
Пицца Квадрат, Энергетическая;ул. Энергетическая, 18;55.757521;37.712800;pizza-square-osm-00607
Пицца Квадрат, Металлургов;ул. Металлургов, 7/18;55.757570;37.780338;pizza-square-osm-00608
Пицца Квадрат, Большой Черкасский, 9;Большой Черкасский пер., 9;55.757844;37.626775;pizza-square-osm-00609
Пицца Квадрат, Новинский, 31;Новинский бул., 31;55.757850;37.583469;pizza-square-osm-00610
Пицца Квадрат, Самокатная, 2 к1;ул. Самокатная, 2 к1;55.757995;37.676364;pizza-square-osm-00611
Пицца Квадрат, Малый Черкасский;Малый Черкасский пер., 2;55.758168;37.625631;pizza-square-osm-00612
Пицца Квадрат, Театральный;Театральный пр., 2;55.758379;37.621048;pizza-square-osm-00613
Пицца Квадрат, Поварская;ул. Поварская, 52/55 с7;55.758391;37.586484;pizza-square-osm-00614
Пицца Квадрат, Шелепиха;ул. Ермакова Роща, 7А с3;55.758614;37.529522;pizza-square-osm-00615
Пицца Квадрат, Кузнецкий Мост;ул. Никольская, 19-21/1 с2;55.758715;37.624368;pizza-square-osm-00616
Пицца Квадрат, Китай-город;Армянский пер., 6;55.758814;37.637626;pizza-square-osm-00617
Пицца Квадрат, Газетный;Газетный пер., 17;55.758952;37.610758;pizza-square-osm-00618
Пицца Квадрат, Вознесенский;Вознесенский пер., 12 с1;55.759029;37.605485;pizza-square-osm-00619
Пицца Квадрат, Осенний;Осенний бул., 14;55.759099;37.408790;pizza-square-osm-00620
Пицца Квадрат, Нижний Сусальный;Нижний Сусальный пер., 5 с19;55.759248;37.666433;pizza-square-osm-00621
Пицца Квадрат, Подсосенский, 3 с2;Подсосенский пер., 3 с2;55.759457;37.650785;pizza-square-osm-00622
Пицца Квадрат, Большой Златоустинский;Большой Златоустинский пер., 1 с1;55.759790;37.631654;pizza-square-osm-00623
Пицца Квадрат, Уткина;ул. Уткина, 48;55.759885;37.744477;pizza-square-osm-00624
Пицца Квадрат, Леонтьевский;Леонтьевский пер., 14;55.760005;37.604443;pizza-square-osm-00625
Пицца Квадрат, Большая Бронная;ул. Большая Бронная, 2/6;55.760072;37.597336;pizza-square-osm-00626
Пицца Квадрат, Улица 1905 года;ул. Костикова, 3;55.760407;37.554637;pizza-square-osm-00627
Пицца Квадрат, Баррикадная, 21/34;ул. Баррикадная, 21/34;55.760566;37.579497;pizza-square-osm-00628
Пицца Квадрат, Красногорск, Экспериментальная;Красногорск, ул. Экспериментальная, 10;55.760690;37.230904;pizza-square-osm-00629
Пицца Квадрат, Пушечная;ул. Пушечная, 11 с2А;55.760735;37.624808;pizza-square-osm-00630
Пицца Квадрат, Малая Бронная;ул. Малая Бронная, 10;55.760792;37.596562;pizza-square-osm-00631
Пицца Квадрат, Чеховская;ул. Тверская, 6 с5;55.760890;37.610743;pizza-square-osm-00632
Пицца Квадрат, Большая Грузинская;ул. Большая Грузинская, 2/12 с3;55.761049;37.579665;pizza-square-osm-00633
Пицца Квадрат, Садовая-Кудринская;ул. Садовая-Кудринская, 8-10-12 с1;55.761166;37.586659;pizza-square-osm-00634
Пицца Квадрат, Краснопресненская;ул. Красная Пресня, 6/2 с1;55.761336;37.574785;pizza-square-osm-00635
Пицца Квадрат, Путейский;Путейский туп., 6;55.761587;37.659643;pizza-square-osm-00636
Пицца Квадрат, Тверская, 6 с2;ул. Тверская, 6 с2;55.761615;37.610769;pizza-square-osm-00637
Пицца Квадрат, Звенигородская;Шелепихинская наб., 34 к1;55.761719;37.512388;pizza-square-osm-00638
Пицца Квадрат, Неглинная;ул. Неглинная, 10;55.761890;37.620552;pizza-square-osm-00639
Пицца Квадрат, Большой Козихинский;Большой Козихинский пер., 4;55.761959;37.598641;pizza-square-osm-00640
Пицца Квадрат, Чистые пруды;ул. Мясницкая, 22 с1;55.762141;37.635047;pizza-square-osm-00641
Пицца Квадрат, Красная Пресня;ул. Красная Пресня, 28;55.762229;37.568425;pizza-square-osm-00642
Пицца Квадрат, Красная Пресня, 31;ул. Красная Пресня, 31;55.762353;37.563329;pizza-square-osm-00643
Пицца Квадрат, Кривоколенный;Кривоколенный пер., 14 с1;55.762411;37.636978;pizza-square-osm-00644
Пицца Квадрат, Малая Бронная, 21/13;ул. Малая Бронная, 21/13;55.762616;37.594970;pizza-square-osm-00645
Пицца Квадрат, Земляной Вал;ул. Земляной Вал, 7;55.762733;37.657512;pizza-square-osm-00646
Пицца Квадрат, Малый Казённый;Малый Казённый пер., 5А с32;55.762789;37.654527;pizza-square-osm-00647
Пицца Квадрат, Казакова;ул. Казакова, 18 с8;55.762825;37.670751;pizza-square-osm-00648
Пицца Квадрат, Молостовых;ул. Молостовых, 3Б;55.762959;37.833081;pizza-square-osm-00649
Пицца Квадрат, Глинищевский;Глинищевский пер., 3;55.763131;37.609570;pizza-square-osm-00650
Пицца Квадрат, Рождественка;ул. Рождественка, 11/4 к1 с4;55.763369;37.622441;pizza-square-osm-00651
Пицца Квадрат, Большой Палашёвский;Большой Палашёвский пер., 1/14 с1;55.763415;37.597136;pizza-square-osm-00652
Пицца Квадрат, Малая Грузинская;ул. Малая Грузинская, 12;55.763646;37.571925;pizza-square-osm-00653
Пицца Квадрат, Земляной Вал, 1/4 с1;ул. Земляной Вал, 1/4 с1;55.763656;37.657345;pizza-square-osm-00654
Пицца Квадрат, Трубная;ул. Петровские Линии, 2/18;55.763971;37.618269;pizza-square-osm-00655
Пицца Квадрат, Ермолаевский;Ермолаевский пер., 7;55.764138;37.590493;pizza-square-osm-00656
Пицца Квадрат, Петровка;ул. Петровка, 15/13 с5;55.764178;37.616817;pizza-square-osm-00657
Пицца Квадрат, Малый Козихинский;Малый Козихинский пер., 10;55.764371;37.596110;pizza-square-osm-00658
Пицца Квадрат, Петровка, 17;ул. Петровка, 17;55.764683;37.616459;pizza-square-osm-00659
Пицца Квадрат, Трёхпрудный;Трёхпрудный пер., 4 с1;55.764859;37.598499;pizza-square-osm-00660
Пицца Квадрат, Страстной;Страстной бул., 2;55.765070;37.606938;pizza-square-osm-00661
Пицца Квадрат, Петровский;Петровский пер., 1/30;55.765208;37.611040;pizza-square-osm-00662
Пицца Квадрат, Тургеневская;ул. Большая Лубянка, 24/15;55.765326;37.630926;pizza-square-osm-00663
Пицца Квадрат, Маяковская;Трёхпрудный пер., 10/2 с2;55.765565;37.597691;pizza-square-osm-00664
Пицца Квадрат, Большая Дмитровка;ул. Большая Дмитровка, 23;55.765755;37.610075;pizza-square-osm-00665
Пицца Квадрат, Пушкинская, 2;Пушкинская пл., 2;55.766007;37.607750;pizza-square-osm-00666
Пицца Квадрат, Петровка, 26 с9;ул. Петровка, 26 с9;55.766088;37.617696;pizza-square-osm-00667
Пицца Квадрат, Трёхпрудный, 15;Трёхпрудный пер., 15;55.766095;37.595692;pizza-square-osm-00668
Пицца Квадрат, Красные Ворота;Большой Харитоньевский пер., 24 с2;55.766186;37.650740;pizza-square-osm-00669
Пицца Квадрат, 2-я Бауманская;ул. 2-я Бауманская, 5 с12;55.766540;37.684602;pizza-square-osm-00670
Пицца Квадрат, Старая Басманная;ул. Старая Басманная, 20 с1;55.766660;37.664318;pizza-square-osm-00671
Пицца Квадрат, Петровский, 5 с5;Петровский пер., 5 с5;55.766747;37.613640;pizza-square-osm-00672
Пицца Квадрат, Красина;ул. Красина, 7 с1;55.766956;37.588454;pizza-square-osm-00673
Пицца Квадрат, Тверская, 22А;ул. Тверская, 22А;55.767032;37.601904;pizza-square-osm-00674
Пицца Квадрат, Рублёвское;Рублёвское ш., 62;55.767212;37.380562;pizza-square-osm-00675
Пицца Квадрат, Саянская;ул. Саянская, 2А;55.767252;37.824367;pizza-square-osm-00676
Пицца Квадрат, Тверская, 22;ул. Тверская, 22;55.767578;37.600804;pizza-square-osm-00677
Пицца Квадрат, Реутов, Мира;Реутов, просп. Мира, 24В;55.767618;37.864759;pizza-square-osm-00678
Пицца Квадрат, Настасьинский;Настасьинский пер., 5 с3;55.767739;37.603890;pizza-square-osm-00679
Пицца Квадрат, Сретенка;ул. Сретенка, 10;55.767826;37.631890;pizza-square-osm-00680
Пицца Квадрат, Красногорск, Центральная;Красногорск, ул. Центральная, 83;55.768013;37.250417;pizza-square-osm-00681
Пицца Квадрат, Бауманская;Старокирочный пер., 16/2 с1;55.768213;37.684079;pizza-square-osm-00682
Пицца Квадрат, Сретенка, 11;ул. Сретенка, 11;55.768421;37.631676;pizza-square-osm-00683
Пицца Квадрат, Бауманская, 56/17;ул. Бауманская, 56/17;55.768667;37.679056;pizza-square-osm-00684
Пицца Квадрат, 1-й Силикатный;1-й Силикатный пр., 14;55.768823;37.513098;pizza-square-osm-00685
Пицца Квадрат, Саянская, 9А;ул. Саянская, 9А;55.769288;37.832765;pizza-square-osm-00686
Пицца Квадрат, Тишинская;Тишинская пл., 3;55.769319;37.582393;pizza-square-osm-00687
Пицца Квадрат, Цветной;Цветной бул., 16/1;55.769514;37.622684;pizza-square-osm-00688
Пицца Квадрат, Садовая-Спасская;ул. Садовая-Спасская, 19 к1;55.769583;37.647162;pizza-square-osm-00689
Пицца Квадрат, Цветной бульвар;ул. Каретный Ряд, 3 c21;55.769831;37.609967;pizza-square-osm-00690
Пицца Квадрат, 1-я Тверская-Ямская;ул. 1-я Тверская-Ямская, 2 с1;55.769966;37.596552;pizza-square-osm-00691
Пицца Квадрат, Каретный Ряд;ул. Каретный Ряд, 3 c21;55.770182;37.609767;pizza-square-osm-00692
Пицца Квадрат, Старопименовский;Старопименовский пер., 18 с2;55.770344;37.604769;pizza-square-osm-00693
Пицца Квадрат, Сухаревская;Большой Сухаревский пер., 6;55.770505;37.627073;pizza-square-osm-00694
Пицца Квадрат, Сретенка, 28;ул. Сретенка, 28;55.770508;37.633219;pizza-square-osm-00695
Пицца Квадрат, 1-й Силикатный, 12 к1;1-й Силикатный пр., 12 к1;55.770651;37.512014;pizza-square-osm-00696
Пицца Квадрат, Электросталь, Ялагина;Электросталь, ул. Ялагина, 4;55.771053;38.434027;pizza-square-osm-00697
Пицца Квадрат, 2-я Брестская;ул. 2-я Брестская, 8;55.771123;37.590767;pizza-square-osm-00698
Пицца Квадрат, Малая Дмитровка;ул. Малая Дмитровка, 18А;55.771221;37.605612;pizza-square-osm-00699
Пицца Квадрат, Ладожская;ул. Ладожская, 4/6с3;55.771378;37.681546;pizza-square-osm-00700
Пицца Квадрат, 1-я Тверская-Ямская, 4;ул. 1-я Тверская-Ямская, 4;55.771502;37.594016;pizza-square-osm-00701
Пицца Квадрат, Реутов, Мира, 57Б;Реутов, просп. Мира, 57Б;55.771605;37.865384;pizza-square-osm-00702
Пицца Квадрат, Ладожская, 11;ул. Ладожская, 11;55.771633;37.684106;pizza-square-osm-00703
Пицца Квадрат, 3-я Тверская-Ямская;ул. 3-я Тверская-Ямская, 12 с1;55.771779;37.596599;pizza-square-osm-00704
Пицца Квадрат, Павловский Посад, Большая Покровская;Павловский Посад, ул. Большая Покровская, 35;55.771913;38.651549;pizza-square-osm-00705
Пицца Квадрат, Орликов;Орликов пер., 5 с1;55.772053;37.650370;pizza-square-osm-00706
Пицца Квадрат, Садовая-Спасская, 1/2 к4;ул. Садовая-Спасская, 1/2 к4;55.772280;37.641469;pizza-square-osm-00707
Пицца Квадрат, Белорусская;ул. Большая Грузинская, 60 с1;55.772375;37.585246;pizza-square-osm-00708
Пицца Квадрат, Новорязанская;ул. Новорязанская, 23 с1;55.772689;37.663522;pizza-square-osm-00709
Пицца Квадрат, Нахабино, Александра Невского;Нахабино, пр. Александра Невского, 1/2;55.772870;37.216024;pizza-square-osm-00710
Пицца Квадрат, Малая Сухаревская;Малая Сухаревская пл., 2/4;55.772979;37.628243;pizza-square-osm-00711
Пицца Квадрат, Большая Сухаревская;Большая Сухаревская пл., 1/2 с1;55.773011;37.633126;pizza-square-osm-00712
Пицца Квадрат, Комсомольская, 2;Комсомольская пл., 2;55.773250;37.656967;pizza-square-osm-00713
Пицца Квадрат, Ольховская;ул. Ольховская, 4 к2;55.773345;37.666066;pizza-square-osm-00714
Пицца Квадрат, Грузинский Вал;ул. Грузинский Вал, 11 с8;55.773647;37.576966;pizza-square-osm-00715
Пицца Квадрат, Большая Спасская;ул. Большая Спасская, 11 с1;55.773774;37.639543;pizza-square-osm-00716
Пицца Квадрат, Орехово-Зуево, Центральная;Орехово-Зуево, ул. Центральная, 29А;55.773883;39.151728;pizza-square-osm-00717
Пицца Квадрат, Нижняя Красносельская;ул. Нижняя Красносельская, 39 с1;55.774104;37.674483;pizza-square-osm-00718
Пицца Квадрат, 1-я Тверская-Ямская, 17;ул. 1-я Тверская-Ямская, 17;55.774291;37.588376;pizza-square-osm-00719
Пицца Квадрат, Тверская Застава;пл. Тверская Застава, 5 с9;55.774478;37.579622;pizza-square-osm-00720
Пицца Квадрат, Беговая;2-й Хорошёвский пр., 3А;55.774654;37.535798;pizza-square-osm-00721
Пицца Квадрат, Нижняя Красносельская, 35 с48;ул. Нижняя Красносельская, 35 с48;55.774811;37.673075;pizza-square-osm-00722
Пицца Квадрат, 1-й Хорошёвский;1-й Хорошёвский пр., 14 к1;55.775043;37.545494;pizza-square-osm-00723
Пицца Квадрат, Комсомольская, 2А;Комсомольская пл., 2А;55.775224;37.657176;pizza-square-osm-00724
Пицца Квадрат, Народное Ополчение;просп. Маршала Жукова, 21;55.775343;37.487485;pizza-square-osm-00725
Пицца Квадрат, Маршала Жукова;просп. Маршала Жукова, 26;55.775671;37.481481;pizza-square-osm-00726
Пицца Квадрат, Беговая, 4 с1;ул. Беговая, 4 с1;55.775811;37.555226;pizza-square-osm-00727
Пицца Квадрат, Новослободская;ул. Долгоруковская, 6;55.775980;37.603487;pizza-square-osm-00728
Пицца Квадрат, Реутов, Баландина;Реутов, ул. Баландина, 9;55.776278;37.890149;pizza-square-osm-00729
Пицца Квадрат, 1-я Тверская-Ямская, 36 с2;ул. 1-я Тверская-Ямская, 36 с2;55.776545;37.585911;pizza-square-osm-00730
Пицца Квадрат, Комсомольская, 5;Комсомольская пл., 5;55.776645;37.658123;pizza-square-osm-00731
Пицца Квадрат, Краснопрудная;ул. Краснопрудная, 1;55.776854;37.659350;pizza-square-osm-00732
Пицца Квадрат, Полежаевская;Хорошёвское ш., 27;55.777092;37.523458;pizza-square-osm-00733
Пицца Квадрат, Хорошёвское;Хорошёвское ш., 35А с1;55.777287;37.520865;pizza-square-osm-00734
Пицца Квадрат, Маршала Жукова, 2;просп. Маршала Жукова, 2;55.777461;37.504038;pizza-square-osm-00735
Пицца Квадрат, Павловский Посад, Вокзальная;Павловский Посад, ул. Вокзальная, 3;55.777626;38.675303;pizza-square-osm-00736
Пицца Квадрат, Комсомольская, 5 c2;Комсомольская пл., 5 c2;55.777913;37.654641;pizza-square-osm-00737
Пицца Квадрат, Долгоруковская;ул. Долгоруковская, 40;55.778194;37.601509;pizza-square-osm-00738
Пицца Квадрат, Нахабино, 29 км А/Д «Балтия» М-9;Нахабино, 29 км А/Д «Балтия» М-9, с1;55.778326;37.185836;pizza-square-osm-00739
Пицца Квадрат, Переведеновский;Переведеновский пер., 18 с7;55.778395;37.690067;pizza-square-osm-00740
Пицца Квадрат, Народного Ополчения;ул. Народного Ополчения, 23/1;55.778637;37.478062;pizza-square-osm-00741
Пицца Квадрат, Красносельская;ул. Краснопрудная, 22-24;55.778715;37.665309;pizza-square-osm-00742
Пицца Квадрат, Ленинградский;Ленинградский просп., 4/2;55.778837;37.581915;pizza-square-osm-00743
Пицца Квадрат, Электросталь, Тевосяна;Электросталь, ул. Тевосяна, 25;55.779011;38.446074;pizza-square-osm-00744
Пицца Квадрат, Ленинградский, 10;Ленинградский просп., 10;55.779335;37.580488;pizza-square-osm-00745
Пицца Квадрат, Верхняя Красносельская;ул. Верхняя Красносельская, 38/19;55.779547;37.665720;pizza-square-osm-00746
Пицца Квадрат, Беговая, 11;ул. Беговая, 11;55.779672;37.557149;pizza-square-osm-00747
Пицца Квадрат, Проспект Мира;просп. Мира, 40;55.779798;37.633661;pizza-square-osm-00748
Пицца Квадрат, Переведеновский, 13 с16;Переведеновский пер., 13 с16;55.779987;37.687294;pizza-square-osm-00749
Пицца Квадрат, Верхняя Красносельская, 34;ул. Верхняя Красносельская, 34;55.780242;37.664705;pizza-square-osm-00750
Пицца Квадрат, Мира;просп. Мира, 33 к1;55.780435;37.631993;pizza-square-osm-00751
Пицца Квадрат, Менделеевская;ул. Лесная, 45;55.780786;37.591412;pizza-square-osm-00752
Пицца Квадрат, Достоевская;ул. Селезнёвская, 34;55.780944;37.613116;pizza-square-osm-00753
Пицца Квадрат, Краснопрудная, 15;ул. Краснопрудная, 15;55.780965;37.668380;pizza-square-osm-00754
Пицца Квадрат, Селезнёвская;ул. Селезнёвская, 34 к3;55.781410;37.613786;pizza-square-osm-00755
Пицца Квадрат, Мира, 46;просп. Мира, 46;55.781410;37.634019;pizza-square-osm-00756
Пицца Квадрат, Электрозаводская;ул. Большая Семёновская, 26 с7;55.781616;37.706142;pizza-square-osm-00757
Пицца Квадрат, Новолесная;ул. Новолесная, 2;55.781870;37.591937;pizza-square-osm-00758
Пицца Квадрат, Семёновская;ул. Большая Семёновская, 49А;55.782008;37.715268;pizza-square-osm-00759
Пицца Квадрат, Большая Семёновская;ул. Большая Семёновская, 29/2;55.782187;37.709928;pizza-square-osm-00760
Пицца Квадрат, 3-я Ямского Поля;3-я ул. Ямского Поля, 13;55.782275;37.579787;pizza-square-osm-00761
Пицца Квадрат, Семёновская, 1;Семёновская пл., 1;55.782688;37.720367;pizza-square-osm-00762
Пицца Квадрат, Большая Семёновская, 17А;ул. Большая Семёновская, 17А;55.782783;37.706065;pizza-square-osm-00763
Пицца Квадрат, Павловский Посад, 1 Мая;Павловский Посад, ул. 1 Мая, 95А;55.783101;38.618927;pizza-square-osm-00764
Пицца Квадрат, 3-я Ямского Поля, 20 с2;3-я ул. Ямского Поля, 20 с2;55.783333;37.580727;pizza-square-osm-00765
Пицца Квадрат, Измайловский Вал;ул. Измайловский Вал, 2;55.783602;37.719048;pizza-square-osm-00766
Пицца Квадрат, Семёновская, 7 к17;Семёновская пл., 7 к17;55.783818;37.721907;pizza-square-osm-00767
Пицца Квадрат, Электросталь, Чернышевского;Электросталь, ул. Чернышевского, 33;55.784052;38.437982;pizza-square-osm-00768
Пицца Квадрат, Медовый;Медовый пер., 5 с6;55.784282;37.708966;pizza-square-osm-00769
Пицца Квадрат, Палиха;ул. Палиха, 10;55.784551;37.600200;pizza-square-osm-00770
Пицца Квадрат, Новослободская, 36/1 с1;ул. Новослободская, 36/1 с1;55.784711;37.596528;pizza-square-osm-00771
Пицца Квадрат, 3-я Хорошёвская;ул. 3-я Хорошёвская, 25 к4;55.784884;37.494114;pizza-square-osm-00772
Пицца Квадрат, Новослободская, 45 кВ;ул. Новослободская, 45 кВ;55.785114;37.595187;pizza-square-osm-00773
Пицца Квадрат, Правды;ул. Правды, 8 к7;55.785374;37.579232;pizza-square-osm-00774
Пицца Квадрат, Красногорск, Новорижское 26 км;Красногорск, Новорижское ш. 26 км, с4;55.785717;37.242427;pizza-square-osm-00775
Пицца Квадрат, Реутов, Реутовская;Реутов, ул. Реутовская, 20;55.785865;37.849791;pizza-square-osm-00776
Пицца Квадрат, Красногорск, Новорижское 26 км, вл3;Красногорск, Новорижское ш. 26 км, вл3;55.786245;37.246281;pizza-square-osm-00777
Пицца Квадрат, Реутов, Энтузиастов;Реутов, ш. Энтузиастов, 6Б;55.786367;37.880566;pizza-square-osm-00778
Пицца Квадрат, Сокольники;ул. Русаковская, 25;55.786902;37.675354;pizza-square-osm-00779
Пицца Квадрат, Динамо;Ленинградский просп., 36 с33;55.787123;37.566427;pizza-square-osm-00780
Пицца Квадрат, ЦСКА;Ходынский бул., 10Б с3;55.787215;37.529801;pizza-square-osm-00781
Пицца Квадрат, Русаковская;ул. Русаковская, 24;55.787864;37.680425;pizza-square-osm-00782
Пицца Квадрат, Партизанская;Измайловское ш., 69;55.788197;37.748010;pizza-square-osm-00783
Пицца Квадрат, Трифоновская;ул. Трифоновская, 4;55.788238;37.613418;pizza-square-osm-00784
Пицца Квадрат, Измайловское;Измайловское ш., 69Г;55.788365;37.750393;pizza-square-osm-00785
Пицца Квадрат, Ходынский;Ходынский бул., 2;55.788607;37.536333;pizza-square-osm-00786
Пицца Квадрат, Измайловский;Измайловский просп., 75/1;55.788903;37.793859;pizza-square-osm-00787
Пицца Квадрат, Измайловское, 71 с16;Измайловское ш., 71 с16;55.789040;37.749045;pizza-square-osm-00788
Пицца Квадрат, Измайловское, 71 с8;Измайловское ш., 71 с8;55.789293;37.748339;pizza-square-osm-00789
Пицца Квадрат, 3-я Рыбинская;ул. 3-я Рыбинская, 18 с22;55.789586;37.659405;pizza-square-osm-00790
Пицца Квадрат, Сокольническая;Сокольническая пл., 9 к2;55.789785;37.680639;pizza-square-osm-00791
Пицца Квадрат, Электросталь, Красная;Электросталь, ул. Красная, 10;55.789933;38.449788;pizza-square-osm-00792
Пицца Квадрат, Ленинградский, 35;Ленинградский просп., 35;55.790157;37.553892;pizza-square-osm-00793
Пицца Квадрат, Рижская;ул. Трифоновская, 57 с1;55.790269;37.631084;pizza-square-osm-00794
Пицца Квадрат, Таманская;ул. Таманская, 46 с1;55.790658;37.413775;pizza-square-osm-00795
Пицца Квадрат, Балашиха, Энтузиастов;Балашиха, ш. Энтузиастов, вл11 с4;55.790697;37.886851;pizza-square-osm-00796
Пицца Квадрат, Первомайская;ул. Нижняя Первомайская, 42;55.790791;37.806057;pizza-square-osm-00797
Пицца Квадрат, 14-я Парковая;ул. 14-я Парковая, 8;55.791040;37.815233;pizza-square-osm-00798
Пицца Квадрат, Петровский парк;Ленинградский просп., 36;55.791388;37.561025;pizza-square-osm-00799
Пицца Квадрат, Красногорск, Новолучанская;Красногорск, ул. Новолучанская, 21;55.791443;37.357597;pizza-square-osm-00800
Пицца Квадрат, Электросталь, Карла Маркса;Электросталь, ул. Карла Маркса, 12;55.792053;38.467588;pizza-square-osm-00801
Пицца Квадрат, Балашиха, Энтузиастов (дублёр);Балашиха, ш. Энтузиастов (дублёр), 48;55.792340;37.946160;pizza-square-osm-00802
Пицца Квадрат, Савёловская;ул. Нижняя Масловка, 10;55.792421;37.577817;pizza-square-osm-00803
Пицца Квадрат, Балашиха, Твардовского;Балашиха, ул. Твардовского, 12А;55.792678;37.978741;pizza-square-osm-00804
Пицца Квадрат, Октябрьское Поле;ул. Маршала Бирюзова, 13 с2;55.792884;37.493915;pizza-square-osm-00805
Пицца Квадрат, Проспект Мира, 92 с2;ул. Проспект Мира, 92 с2;55.792891;37.636465;pizza-square-osm-00806
Пицца Квадрат, Балашиха, Энтузиастов, 30;Балашиха, ш. Энтузиастов, 30;55.793135;37.936328;pizza-square-osm-00807
Пицца Квадрат, Марьина Роща;ул. Сущёвский Вал, 63;55.793273;37.620493;pizza-square-osm-00808
Пицца Квадрат, Первомайская, 73;ул. Первомайская, 73;55.793459;37.798576;pizza-square-osm-00809
Пицца Квадрат, 11-я Парковая;ул. 11-я Парковая, 19;55.793543;37.804962;pizza-square-osm-00810
Пицца Квадрат, Балашиха, Энтузиастов, 32А;Балашиха, ш. Энтузиастов, 32А;55.793615;37.936400;pizza-square-osm-00811
Пицца Квадрат, Балашиха, Некрасова;Балашиха, ул. Некрасова, 5;55.793746;37.973032;pizza-square-osm-00812
Пицца Квадрат, Балашиха, Энтузиастов, 4А;Балашиха, ш. Энтузиастов, 4А;55.794095;37.910934;pizza-square-osm-00813
Пицца Квадрат, Башиловская;ул. Башиловская, 3 к1;55.794113;37.576523;pizza-square-osm-00814
Пицца Квадрат, Электросталь, Карла Маркса, 20А;Электросталь, ул. Карла Маркса, 20А;55.794362;38.467090;pizza-square-osm-00815
Пицца Квадрат, Полтавская;ул. Полтавская, 4;55.794398;37.573881;pizza-square-osm-00816
Пицца Квадрат, Балашиха, Фадеева;Балашиха, ул. Фадеева, 3;55.794526;37.971643;pizza-square-osm-00817
Пицца Квадрат, Маршала Бирюзова;ул. Маршала Бирюзова, 16;55.794719;37.491826;pizza-square-osm-00818
Пицца Квадрат, Бутырская;ул. Бутырская, 9 к2;55.794867;37.583798;pizza-square-osm-00819
Пицца Квадрат, 3-я Парковая;ул. 3-я Парковая, 24;55.795113;37.782938;pizza-square-osm-00820
Пицца Квадрат, 9-я Парковая;ул. 9-я Парковая, 32;55.795604;37.800018;pizza-square-osm-00821
Пицца Квадрат, Сокольнического Круга;пр. Сокольнического Круга, 5;55.795763;37.677784;pizza-square-osm-00822
Пицца Квадрат, 9-я Парковая, 27;ул. 9-я Парковая, 27;55.796164;37.799048;pizza-square-osm-00823
Пицца Квадрат, Электросталь, Карла Маркса, 26;Электросталь, ул. Карла Маркса, 26;55.796223;38.465983;pizza-square-osm-00824
Пицца Квадрат, Электросталь, Карла Маркса, 17Б;Электросталь, ул. Карла Маркса, 17Б;55.796643;38.464876;pizza-square-osm-00825
Пицца Квадрат, Балашиха, Энтузиастов, 66А;Балашиха, ш. Энтузиастов, 66А;55.796807;37.970162;pizza-square-osm-00826
Пицца Квадрат, Преображенская площадь;ул. Большая Черкизовская, 5 к1;55.797238;37.719706;pizza-square-osm-00827
Пицца Квадрат, Измайловский, 47;Измайловский бул., 47;55.797269;37.799997;pizza-square-osm-00828
Пицца Квадрат, Красноармейская;ул. Красноармейская, 5;55.797461;37.548130;pizza-square-osm-00829
Пицца Квадрат, Митьковский;Митьковский пр., 8;55.797926;37.669320;pizza-square-osm-00830
Пицца Квадрат, Балашиха, Энтузиастов, 82;Балашиха, ш. Энтузиастов, 82;55.798414;37.987600;pizza-square-osm-00831
Пицца Квадрат, Колодезный;Колодезный пер., 2А с4;55.798698;37.695018;pizza-square-osm-00832
Пицца Квадрат, Строгино;ул. Таллинская, 14;55.798757;37.400307;pizza-square-osm-00833
Пицца Квадрат, Петровско-Разумовский;Петровско-Разумовский пр., 18;55.799015;37.567548;pizza-square-osm-00834
Пицца Квадрат, Полковая;ул. Полковая, 3 с5;55.799319;37.604703;pizza-square-osm-00835
Пицца Квадрат, Электросталь, Ленина;Электросталь, просп. Ленина, 10;55.799419;38.437514;pizza-square-osm-00836
Пицца Квадрат, Бутырская, 46 с2;ул. Бутырская, 46 с2;55.799424;37.584381;pizza-square-osm-00837
Пицца Квадрат, Аэропорт;Ленинградский просп., 60 к1;55.799576;37.535483;pizza-square-osm-00838
Пицца Квадрат, Краснобогатырская;ул. Краснобогатырская, 90 с1;55.799775;37.712139;pizza-square-osm-00839
Пицца Квадрат, Маршала Бирюзова, 34 к2;ул. Маршала Бирюзова, 34 к2;55.800172;37.481455;pizza-square-osm-00840
Пицца Квадрат, Дмитровская;ул. Вятская, 41А;55.800452;37.581442;pizza-square-osm-00841
Пицца Квадрат, Балашиха, Ленина;Балашиха, просп. Ленина, 72;55.800657;37.983184;pizza-square-osm-00842
Пицца Квадрат, Электросталь, Карла Маркса, 42;Электросталь, ул. Карла Маркса, 42;55.801102;38.463658;pizza-square-osm-00843
Пицца Квадрат, Большая Новодмитровская;ул. Большая Новодмитровская, 23 с9;55.801365;37.584974;pizza-square-osm-00844
Пицца Квадрат, Старая Купавна, Кирова;Старая Купавна, ул. Кирова, 21;55.801468;38.183257;pizza-square-osm-00845
Пицца Квадрат, Орехово-Зуево, Карла Либкнехта;Орехово-Зуево, ул. Карла Либкнехта, 6;55.802180;38.975675;pizza-square-osm-00846
Пицца Квадрат, Складочная;ул. Складочная, 1 с31;55.802329;37.594609;pizza-square-osm-00847
Пицца Квадрат, Юннатов;ул. Юннатов, 18;55.802730;37.558726;pizza-square-osm-00848
Пицца Квадрат, Черкизовская;Щёлковское ш., 2/1;55.802768;37.755596;pizza-square-osm-00849
Пицца Квадрат, Анненский;Анненский пр., 1 с20;55.802862;37.607278;pizza-square-osm-00850
Пицца Квадрат, Балашиха, Молодёжная;Балашиха, Молодёжная, 2А;55.803036;37.934332;pizza-square-osm-00851
Пицца Квадрат, Сокол;Ленинградский просп., 75Г с1;55.803130;37.512711;pizza-square-osm-00852
Пицца Квадрат, Ленинградский, 69 с1;Ленинградский просп., 69 с1;55.803269;37.518115;pizza-square-osm-00853
Пицца Квадрат, Красногорск, Ильинское;Красногорск, Ильинское ш., 14 к1;55.803815;37.322433;pizza-square-osm-00854
Пицца Квадрат, Панфилова;ул. Панфилова, 12;55.803952;37.496141;pizza-square-osm-00855
Пицца Квадрат, Щёлковская;Сиреневый бул., 31;55.804074;37.800850;pizza-square-osm-00856
Пицца Квадрат, Ленинградский, 70;Ленинградский просп., 70;55.804415;37.519687;pizza-square-osm-00857
Пицца Квадрат, 2-я Хуторская;ул. 2-я Хуторская, 38А с39;55.804525;37.566105;pizza-square-osm-00858
Пицца Квадрат, Орехово-Зуево, Ленина;Орехово-Зуево, ул. Ленина, 50;55.804894;38.983014;pizza-square-osm-00859
Пицца Квадрат, Ленинградский, 74 к1;Ленинградский просп., 74 к1;55.805206;37.516441;pizza-square-osm-00860
Пицца Квадрат, 3-я Парковая, 57;ул. 3-я Парковая, 57;55.805472;37.781420;pizza-square-osm-00861
Пицца Квадрат, Электросталь, Ногинское;Электросталь, Ногинское ш., 28;55.805545;38.428358;pizza-square-osm-00862
Пицца Квадрат, Ленинградский, 76А;Ленинградский просп., 76А;55.805735;37.514278;pizza-square-osm-00863
Пицца Квадрат, Строгинский;Строгинский бул., 1;55.805982;37.395226;pizza-square-osm-00864
Пицца Квадрат, Новодмитровская;ул. Новодмитровская, 1 с2;55.806095;37.583789;pizza-square-osm-00865
Пицца Квадрат, Бутырская, 89;ул. Бутырская, 89;55.806182;37.581416;pizza-square-osm-00866
Пицца Квадрат, Ленинградский, 74 к6;Ленинградский просп., 74 к6;55.806576;37.516916;pizza-square-osm-00867
Пицца Квадрат, Балашиха, Владимирская;Балашиха, ул. Владимирская, вл112 с1;55.806615;38.055571;pizza-square-osm-00868
Пицца Квадрат, Новодмитровская, 1 с10;ул. Новодмитровская, 1 с10;55.806934;37.583508;pizza-square-osm-00869
Пицца Квадрат, 15-я Парковая;ул. 15-я Парковая, 44А;55.807128;37.818544;pizza-square-osm-00870
Пицца Квадрат, Бутырская, 97;ул. Бутырская, 97;55.807478;37.578874;pizza-square-osm-00871
Пицца Квадрат, Алексеевская;ул. Проспект Мира, 95;55.807719;37.635113;pizza-square-osm-00872
Пицца Квадрат, Бутырская, 95;ул. Бутырская, 95;55.807723;37.580122;pizza-square-osm-00873
Пицца Квадрат, 9-я Парковая, 59 к2;ул. 9-я Парковая, 59 к2;55.808112;37.797991;pizza-square-osm-00874
Пицца Квадрат, Орехово-Зуево, Ленина, 95;Орехово-Зуево, ул. Ленина, 95;55.808166;38.986368;pizza-square-osm-00875
Пицца Квадрат, Амурская;ул. Амурская, 12А;55.808466;37.763663;pizza-square-osm-00876
Пицца Квадрат, Щукинская;ул. Маршала Василевского, 17;55.808963;37.462736;pizza-square-osm-00877
Пицца Квадрат, Ленинградский, 80 к28;Ленинградский просп., 80 к28;55.809188;37.513031;pizza-square-osm-00878
Пицца Квадрат, Краснобогатырская, 31 к2;ул. Краснобогатырская, 31 к2;55.809207;37.705813;pizza-square-osm-00879
Пицца Квадрат, Красногорск, Заводская;Красногорск, ул. Заводская, 27;55.809571;37.324517;pizza-square-osm-00880
Пицца Квадрат, Бульвар Рокоссовского;Тюменский пр., 5 с2;55.809670;37.740404;pizza-square-osm-00881
Пицца Квадрат, Маршала Катукова;ул. Маршала Катукова, 11 к1 с2;55.809920;37.404908;pizza-square-osm-00882
Пицца Квадрат, Щёлковское;Щёлковское ш., 74;55.810153;37.810386;pizza-square-osm-00883
Пицца Квадрат, Восточный, Щёлковское;Восточный, Щёлковское ш., 100 к100;55.810226;37.831077;pizza-square-osm-00884
Пицца Квадрат, Вучетича;ул. Вучетича, 13;55.810564;37.557964;pizza-square-osm-00885
Пицца Квадрат, Павловская Слобода, Центральная;Павловская Слобода, ул. Центральная, 16А;55.810674;37.006219;pizza-square-osm-00886
Пицца Квадрат, Дубосековская;ул. Дубосековская, 4А;55.810912;37.499029;pizza-square-osm-00887
Пицца Квадрат, Щёлковское (дублёр);Щёлковское ш. (дублёр), 75;55.811212;37.799950;pizza-square-osm-00888
Пицца Квадрат, Павловская Слобода, Центральная, 33;Павловская Слобода, ул. Центральная, 33;55.811465;37.023010;pizza-square-osm-00889
Пицца Квадрат, Мира, 101;просп. Мира, 101;55.811834;37.636348;pizza-square-osm-00890
Пицца Квадрат, Ольминского;пр. Ольминского, 3А;55.812073;37.631805;pizza-square-osm-00891
Пицца Квадрат, Тимирязевская;ул. Костякова, 9;55.812359;37.571632;pizza-square-osm-00892
Пицца Квадрат, Открытое;Открытое ш., 12 c2;55.812607;37.736591;pizza-square-osm-00893
Пицца Квадрат, Руставели;ул. Руставели, 12/7 кА;55.812839;37.593537;pizza-square-osm-00894
Пицца Квадрат, Восточный, Щёлковское, 100 к5;Восточный, Щёлковское ш., 100 к5;55.812945;37.835202;pizza-square-osm-00895
Пицца Квадрат, Балашиха, Крупешина;Балашиха, ул. Крупешина, 2Б;55.813380;37.960385;pizza-square-osm-00896
Пицца Квадрат, Уральская;ул. Уральская, 6 к1;55.814080;37.799299;pizza-square-osm-00897
Пицца Квадрат, Краснобогатырская, 2 с35;ул. Краснобогатырская, 2 с35;55.814194;37.691251;pizza-square-osm-00898
Пицца Квадрат, Тимирязевская, 16;ул. Тимирязевская, 16;55.814577;37.566015;pizza-square-osm-00899
Пицца Квадрат, Руставели, 7 с1;ул. Руставели, 7 с1;55.814939;37.586746;pizza-square-osm-00900
Пицца Квадрат, Бирюсинка;ул. Бирюсинка, 6;55.815038;37.779026;pizza-square-osm-00901
Пицца Квадрат, Уральская, 7;ул. Уральская, 7;55.815637;37.797517;pizza-square-osm-00902
Пицца Квадрат, Космонавта Волкова;ул. Космонавта Волкова, 20;55.815866;37.527741;pizza-square-osm-00903
Пицца Квадрат, Старая Купавна, М-7 Волга, 34-й километр;Старая Купавна, М-7 Волга, 34-й километр, 3;55.816040;38.132070;pizza-square-osm-00904
Пицца Квадрат, Габричевского;ул. Габричевского, 10 к2;55.816399;37.460948;pizza-square-osm-00905
Пицца Квадрат, Дмитровское;Дмитровское ш., 11;55.816402;37.574485;pizza-square-osm-00906
Пицца Квадрат, Красногорск, Железнодорожный;Красногорск, Железнодорожный пер., 7Б;55.816859;37.341274;pizza-square-osm-00907
Пицца Квадрат, Красногорск, Железнодорожный, 1А;Красногорск, Железнодорожный пер., 1А;55.817124;37.340226;pizza-square-osm-00908
Пицца Квадрат, Войковская;2-й Войковский пр., 2/11;55.817678;37.497186;pizza-square-osm-00909
Пицца Квадрат, Красногорск, Красногорский;Красногорск, Красногорский бул., 4А;55.817970;37.360753;pizza-square-osm-00910
Пицца Квадрат, Бирюсинка, 1/18 с1;ул. Бирюсинка, 1/18 с1;55.818043;37.778075;pizza-square-osm-00911
Пицца Квадрат, Уральская, 13;ул. Уральская, 13;55.818859;37.797241;pizza-square-osm-00912
Пицца Квадрат, ВДНХ;ул. Ярославская, 10 к5;55.818996;37.649541;pizza-square-osm-00913
Пицца Квадрат, Красногорск, Подмосковный;Красногорск, Подмосковный бул., 1А;55.819244;37.363413;pizza-square-osm-00914
Пицца Квадрат, Старая Купавна, Магистральная;Старая Купавна, ул. Магистральная, 59 с2;55.819358;38.167382;pizza-square-osm-00915
Пицца Квадрат, Красногорск, Ленина;Красногорск, ул. Ленина, 2;55.819496;37.320428;pizza-square-osm-00916
Пицца Квадрат, Красногорск, Ленина, 2;Красногорск, ул. Ленина, 2;55.819710;37.319899;pizza-square-osm-00917
Пицца Квадрат, Волоколамское;Волоколамское ш., 84;55.820059;37.456030;pizza-square-osm-00918
Пицца Квадрат, Уральская, 17;ул. Уральская, 17;55.820398;37.797523;pizza-square-osm-00919
Пицца Квадрат, Мякинино;ул. Международная, 12;55.820626;37.388009;pizza-square-osm-00920
Пицца Квадрат, Монтажная;ул. Монтажная, 1/4 с3;55.821108;37.764385;pizza-square-osm-00921
Пицца Квадрат, Космонавтов;ул. Космонавтов, 15;55.821562;37.660201;pizza-square-osm-00922
Пицца Квадрат, Балашиха, Свердлова;Балашиха, ул. Свердлова, 16/5;55.822299;37.969975;pizza-square-osm-00923
Пицца Квадрат, Зои и Александра Космодемьянских;ул. Зои и Александра Космодемьянских, 22 с2;55.822313;37.516974;pizza-square-osm-00924
Пицца Квадрат, Восточный, Кольцевая;Восточный, ул. Кольцевая, 3 к2;55.822570;37.875596;pizza-square-osm-00925
Пицца Квадрат, Восточный, Хабаровская;Восточный, ул. Хабаровская, 15;55.822710;37.823698;pizza-square-osm-00926
Пицца Квадрат, Балашиха, Третьяка;Балашиха, ул. Третьяка, 8;55.823120;37.951871;pizza-square-osm-00927
Пицца Квадрат, Бориса Галушкина;ул. Бориса Галушкина, 16;55.823469;37.656074;pizza-square-osm-00928
Пицца Квадрат, Ленинградское;Ленинградское ш., 21А с1;55.823566;37.493022;pizza-square-osm-00929
Пицца Квадрат, Балашиха, Лётная;Балашиха, ул. Лётная, 5/5;55.823799;37.944196;pizza-square-osm-00930
Пицца Квадрат, Ленинградское, 16А с4;Ленинградское ш., 16А с4;55.824143;37.496843;pizza-square-osm-00931
Пицца Квадрат, Тушинская;Волоколамское ш., 90 к2;55.824832;37.436422;pizza-square-osm-00932
Пицца Квадрат, Бориса Галушкина, 5;ул. Бориса Галушкина, 5;55.825176;37.653177;pizza-square-osm-00933
Пицца Квадрат, Волоколамский;Волоколамский пр., 1;55.825759;37.431584;pizza-square-osm-00934
Пицца Квадрат, 2-я Останкинская;ул. 2-я Останкинская, 3;55.826418;37.628823;pizza-square-osm-00935
Пицца Квадрат, Стратонавтов;пр. Стратонавтов, 9 к2;55.826663;37.436420;pizza-square-osm-00936
Пицца Квадрат, Красногорск, Октябрьская;Красногорск, ул. Октябрьская, 13;55.827163;37.332274;pizza-square-osm-00937
Пицца Квадрат, Балашиха, Свердлова, 30;Балашиха, ул. Свердлова, 30;55.827421;37.973038;pizza-square-osm-00938
Пицца Квадрат, Мира, 119;просп. Мира, 119;55.827706;37.626780;pizza-square-osm-00939
Пицца Квадрат, Ленинградское, 25;Ленинградское ш., 25;55.828228;37.489363;pizza-square-osm-00940
Пицца Квадрат, 1-я Останкинская;ул. 1-я Останкинская, 7А с18;55.828889;37.617220;pizza-square-osm-00941
Пицца Квадрат, Академика Комарова;ул. Академика Комарова, 5А;55.829193;37.594982;pizza-square-osm-00942
Пицца Квадрат, Восточный, Щёлковское, 3А;Восточный, Щёлковское ш., 3А;55.829685;37.915292;pizza-square-osm-00943
Пицца Квадрат, Мира, 186Б;просп. Мира, 186Б;55.830312;37.652037;pizza-square-osm-00944
Пицца Квадрат, Красногорск, Генерала Белобородова;Красногорск, ул. Генерала Белобородова, 28;55.831268;37.353631;pizza-square-osm-00945
Пицца Квадрат, Балашиха, Щёлковское;Балашиха, Щёлковское ш., 43;55.831426;37.924665;pizza-square-osm-00946
Пицца Квадрат, Мира, 119 с66А;просп. Мира, 119 с66А;55.831901;37.630936;pizza-square-osm-00947
Пицца Квадрат, Красногорск, Светлая;Красногорск, ул. Светлая, 3А с5;55.832428;37.279094;pizza-square-osm-00948
Пицца Квадрат, Мещерякова;ул. Мещерякова, 7 с1;55.832529;37.449654;pizza-square-osm-00949
Пицца Квадрат, Балашиха, Яганова;Балашиха, ул. Яганова, 3;55.833996;37.953484;pizza-square-osm-00950
Пицца Квадрат, Мира, 119 с25;просп. Мира, 119 с25;55.834051;37.620009;pizza-square-osm-00951
Пицца Квадрат, Красногорск, Космонавтов;Красногорск, бул. Космонавтов, 8Б;55.834885;37.282225;pizza-square-osm-00952
Пицца Квадрат, Мира, 119 с345;просп. Мира, 119 с345;55.835092;37.623870;pizza-square-osm-00953
Пицца Квадрат, Петровско-Разумовская;Лиственничная аллея, 16А к2;55.835177;37.569102;pizza-square-osm-00954
Пицца Квадрат, Красногорск, Пенягинская;Красногорск, ул. Пенягинская, 16;55.835496;37.360955;pizza-square-osm-00955
Пицца Квадрат, Мира, 119 с501;просп. Мира, 119 с501;55.835903;37.625874;pizza-square-osm-00956
Пицца Квадрат, Путилково, Волоколамская;Путилково, Пятницкое ш., 3;55.835965;37.385760;pizza-square-osm-00957
Пицца Квадрат, Красногорск, Генерала Белобородова, 13;Красногорск, ул. Генерала Белобородова, 13;55.836406;37.355368;pizza-square-osm-00958
Пицца Квадрат, Красногорск, Волоцкой;Красногорск, Волоцкой пер., 9;55.836992;37.352040;pizza-square-osm-00959
Пицца Квадрат, Михалковская;ул. Михалковская, 4;55.837250;37.537882;pizza-square-osm-00960
Пицца Квадрат, Ногинск, Юбилейная;Ногинск, ул. Юбилейная, 12А;55.837285;38.403822;pizza-square-osm-00961
Пицца Квадрат, Сельскохозяйственная;ул. Сельскохозяйственная, 17 к3;55.837931;37.634176;pizza-square-osm-00962
Пицца Квадрат, Путилково, Новотушинский;Путилково, Новотушинский пр., 8 к1;55.838569;37.379415;pizza-square-osm-00963
Пицца Квадрат, Водный стадион;ул. Адмирала Макарова, 14;55.838923;37.488230;pizza-square-osm-00964
Пицца Квадрат, Головинское;Головинское ш., 1;55.839621;37.488309;pizza-square-osm-00965
Пицца Квадрат, Нахабино, Институтская;Нахабино, ул. Институтская, 1;55.840301;37.167500;pizza-square-osm-00966
Пицца Квадрат, Кронштадтский;Кронштадтский бул., 5Б с1;55.840701;37.486606;pizza-square-osm-00967
Пицца Квадрат, Нахабино, Институтская, 21А;Нахабино, ул. Институтская, 21А;55.840902;37.184675;pizza-square-osm-00968
Пицца Квадрат, Михалковская, 38 с6;ул. Михалковская, 38 с6;55.841287;37.518169;pizza-square-osm-00969
Пицца Квадрат, Нахабино, Школьная;Нахабино, ул. Школьная, 2;55.841671;37.146145;pizza-square-osm-00970
Пицца Квадрат, Большие Дворы, Новая;Большие Дворы, ул. Новая, 22;55.841950;38.654500;pizza-square-osm-00971
Пицца Квадрат, Путилково, Митинская;Путилково, ул. Митинская, 16;55.842438;37.373356;pizza-square-osm-00972
Пицца Квадрат, Окружная;Гостиничный пр., 4Б;55.843282;37.577442;pizza-square-osm-00973
Пицца Квадрат, Путилково, Митино;Путилково, ул. Митинская, 25 к4;55.843607;37.363724;pizza-square-osm-00974
Пицца Квадрат, Фабрициуса;ул. Фабрициуса, 30;55.843959;37.438645;pizza-square-osm-00975
Пицца Квадрат, Локомотивный;Локомотивный пр., 19;55.844451;37.573958;pizza-square-osm-00976
Пицца Квадрат, Путилково, Дубравная;Путилково, ул. Дубравная, 33;55.845042;37.359249;pizza-square-osm-00977
Пицца Квадрат, Свободы;ул. Свободы, 42;55.845290;37.455327;pizza-square-osm-00978
Пицца Квадрат, Мира, 211 к2;просп. Мира, 211 к2;55.845749;37.659943;pizza-square-osm-00979
Пицца Квадрат, Путилково, Митинская, 27А;Путилково, ул. Митинская, 27А;55.846134;37.360269;pizza-square-osm-00980
Пицца Квадрат, Путилково, Дубравная, 34/29;Путилково, ул. Дубравная, 34/29;55.846157;37.358707;pizza-square-osm-00981
Пицца Квадрат, 3-й Нижнелихоборский;3-й Нижнелихоборский пр., 15/27;55.846984;37.571994;pizza-square-osm-00982
Пицца Квадрат, Путилково, Митинская, 40 к3;Путилково, ул. Митинская, 40 к3;55.847560;37.361073;pizza-square-osm-00983
Пицца Квадрат, Сходненская;ул. Сходненская, 35 к1;55.848371;37.439043;pizza-square-osm-00984
Пицца Квадрат, Берёзовая аллея;Берёзовая аллея, 5А с1-3;55.848393;37.618523;pizza-square-osm-00985
Пицца Квадрат, Владыкино;Алтуфьевское ш., 2 к1;55.848908;37.587553;pizza-square-osm-00986
Пицца Квадрат, Яна Райниса;бул. Яна Райниса, 14 к1;55.849253;37.420009;pizza-square-osm-00987
Пицца Квадрат, Яна Райниса, 49;бул. Яна Райниса, 49;55.850166;37.404332;pizza-square-osm-00988
Пицца Квадрат, Нахабино, Красноармейская;Нахабино, ул. Красноармейская, 68;55.850687;37.177908;pizza-square-osm-00989
Пицца Квадрат, Свиблово;ул. Снежная, 16 к1;55.851200;37.645759;pizza-square-osm-00990
Пицца Квадрат, Большие Дворы, Ленинская;Большие Дворы, ул. Ленинская, 130;55.851720;38.637328;pizza-square-osm-00991
Пицца Квадрат, Сельскохозяйственная, 35А;ул. Сельскохозяйственная, 35А;55.851948;37.622174;pizza-square-osm-00992
Пицца Квадрат, Туристская;ул. Туристская, 19 к1;55.852285;37.421476;pizza-square-osm-00993
Пицца Квадрат, Алтуфьевское;Алтуфьевское ш., 8Б;55.852560;37.586021;pizza-square-osm-00994
Пицца Квадрат, Путилково, Пятницкое шоссе;Путилково, Ангелов пер., 6;55.853462;37.347302;pizza-square-osm-00995
Пицца Квадрат, Речной вокзал;ул. Фестивальная, 2А;55.853911;37.475924;pizza-square-osm-00996
Пицца Квадрат, Ногинск, Комсомольская;Ногинск, ул. Комсомольская, 22А;55.854329;38.449241;pizza-square-osm-00997
Пицца Квадрат, Путилково, Пятницкое;Путилково, Пятницкое ш., 39;55.855154;37.355022;pizza-square-osm-00998
Пицца Квадрат, Снежная;ул. Снежная, 27;55.855900;37.653302;pizza-square-osm-00999
Пицца Квадрат, Балашиха, Центральная, 1;Балашиха, ул. Центральная, 1;55.856259;37.978861;pizza-square-osm-01000
Пицца Квадрат, Нахабино, 1-я Волоколамская;Нахабино, ул. 1-я Волоколамская, 41;55.856821;37.172744;pizza-square-osm-01001
Пицца Квадрат, Верхние Лихоборы;Дмитровское ш., 73 с1;55.857133;37.559115;pizza-square-osm-01002
Пицца Квадрат, Отрадное, Пятницкое шоссе;Отрадное, ул. Барышиха, 48;55.857858;37.343821;pizza-square-osm-01003
Пицца Квадрат, Путилково, МКАД, 71-й километр;Путилково, МКАД, 71-й километр, с16А;55.858908;37.394889;pizza-square-osm-01004
Пицца Квадрат, Дубнинская;ул. Дубнинская, 15 к1;55.860425;37.567372;pizza-square-osm-01005
Пицца Квадрат, Нахабино, 1-я Волоколамская, 1Б;Нахабино, ул. 1-я Волоколамская, 1Б;55.861134;37.163824;pizza-square-osm-01006
Пицца Квадрат, Ярославское;Ярославское ш., 55А;55.861639;37.691574;pizza-square-osm-01007
Пицца Квадрат, Отрадное;ул. Санникова, 13;55.862093;37.598127;pizza-square-osm-01008
Пицца Квадрат, Алтуфьевское, 24-1;Алтуфьевское ш., 24-1;55.862556;37.585351;pizza-square-osm-01009
Пицца Квадрат, Путилково, Путилковское;Путилково, Путилковское ш., 25Б;55.863177;37.389252;pizza-square-osm-01010
Пицца Квадрат, Хачатуряна;ул. Хачатуряна, 20А;55.863203;37.605542;pizza-square-osm-01011
Пицца Квадрат, Планерная;ул. Планерная, 14;55.864055;37.436652;pizza-square-osm-01012
Пицца Квадрат, Дубнинская, 12 к2;ул. Дубнинская, 12 к2;55.864202;37.568991;pizza-square-osm-01013
Пицца Квадрат, Алтуфьевское, 28;Алтуфьевское ш., 28;55.864800;37.585256;pizza-square-osm-01014
Пицца Квадрат, Ленинградское, 63 к1;Ленинградское ш., 63 к1;55.865586;37.462220;pizza-square-osm-01015
Пицца Квадрат, Ярославское, 54;Ярославское ш., 54;55.865631;37.704705;pizza-square-osm-01016
Пицца Квадрат, Беломорская;ул. Беломорская, 9;55.866536;37.471683;pizza-square-osm-01017
Пицца Квадрат, Петрозаводская;ул. Петрозаводская, 19 с3;55.866790;37.489323;pizza-square-osm-01018
Пицца Квадрат, Петрозаводская, 24Б;ул. Петрозаводская, 24Б;55.867123;37.493456;pizza-square-osm-01019
Пицца Квадрат, Бабушкинская;ул. Енисейская, 22 к2;55.869083;37.664798;pizza-square-osm-01020
Пицца Квадрат, Дежнёва;пр. Дежнёва, 29 к1;55.869937;37.632066;pizza-square-osm-01021
Пицца Квадрат, Путилково, Новотушинская;Путилково, ул. Новотушинская, 3;55.870059;37.400057;pizza-square-osm-01022
Пицца Квадрат, Отрадное, Пятницкая;Отрадное, ул. Пятницкая, 19;55.870929;37.319764;pizza-square-osm-01023
Пицца Квадрат, Щёлково, Юбилейная;Щёлково, ул. Юбилейная, 1Г;55.871742;37.989076;pizza-square-osm-01024
Пицца Квадрат, Бескудниковский;Бескудниковский бул., 57 к1;55.872523;37.538367;pizza-square-osm-01025
Пицца Квадрат, Бескудниковский, 40 к2;Бескудниковский бул., 40 к2;55.873996;37.550042;pizza-square-osm-01026
Пицца Квадрат, Полярная;ул. Полярная, 10;55.874462;37.638124;pizza-square-osm-01027
Пицца Квадрат, Староватутинский;Староватутинский пр., 14;55.875588;37.665427;pizza-square-osm-01028
Пицца Квадрат, Алтуфьевское, 48 к3;Алтуфьевское ш., 48 к3;55.876457;37.589499;pizza-square-osm-01029
Пицца Квадрат, Ногинск, Декабристов;Ногинск, ул. Декабристов, 106А;55.876488;38.432016;pizza-square-osm-01030
Пицца Квадрат, Яхромская;Дмитровское ш., 107А к5;55.877553;37.539447;pizza-square-osm-01031
Пицца Квадрат, Молодцова;ул. Молодцова, 2А;55.877801;37.645560;pizza-square-osm-01032
Пицца Квадрат, Сабурово, Сабурово;Сабурово, Сабурово, 156А;55.879014;37.266345;pizza-square-osm-01033
Пицца Квадрат, Ховрино;ул. Дыбенко, 7;55.879216;37.480286;pizza-square-osm-01034
Пицца Квадрат, Отрадное, ​Пятницкое 9 километр;Отрадное, ​Пятницкое ш. 9 километр, с2/1;55.879897;37.319390;pizza-square-osm-01035
Пицца Квадрат, Правобережная;ул. Правобережная, 1А;55.880304;37.448294;pizza-square-osm-01036
Пицца Квадрат, Софьи Ковалевской;ул. Софьи Ковалевской, 1 с3;55.880389;37.530869;pizza-square-osm-01037
Пицца Квадрат, Электрогорск, Горького;Электрогорск, ул. Горького, 3А с6;55.882944;38.783509;pizza-square-osm-01038
Пицца Квадрат, Полярная, 27 к4;ул. Полярная, 27 к4;55.883503;37.635439;pizza-square-osm-01039
Пицца Квадрат, Бибирево;ул. Пришвина, 26;55.884457;37.604284;pizza-square-osm-01040
Пицца Квадрат, Электрогорск, Будённого;Электрогорск, ул. Будённого, 2;55.885038;38.795323;pizza-square-osm-01041
Пицца Квадрат, Пришвина;ул. Пришвина, 22;55.885499;37.602111;pizza-square-osm-01042
Пицца Квадрат, Путилково, Строителей;Путилково, ул. Строителей, 4А к1;55.886163;37.413893;pizza-square-osm-01043
Пицца Квадрат, Медведково;ул. Широкая, 12;55.886471;37.659657;pizza-square-osm-01044
Пицца Квадрат, Сабурово, Парковая;Сабурово, ул. Парковая, 2А;55.886790;37.265955;pizza-square-osm-01045
Пицца Квадрат, Сабурово, Северная;Сабурово, ул. Северная, 42;55.887088;37.265038;pizza-square-osm-01046
Пицца Квадрат, Широкая;ул. Широкая, 2А;55.887693;37.640233;pizza-square-osm-01047
Пицца Квадрат, Широкая, 11;ул. Широкая, 11;55.888147;37.661054;pizza-square-osm-01048
Пицца Квадрат, Ленинградское, вл5;Ленинградское ш., вл5;55.888638;37.433916;pizza-square-osm-01049
Пицца Квадрат, Снегири, Московская;Снегири, ул. Московская, 34;55.889222;37.023416;pizza-square-osm-01050
Пицца Квадрат, Лобненская;ул. Лобненская, 4А;55.889668;37.537553;pizza-square-osm-01051
Пицца Квадрат, Алтуфьевское, 83;Алтуфьевское ш., 83;55.890450;37.585579;pizza-square-osm-01052
Пицца Квадрат, Лескова;ул. Лескова, 25;55.891601;37.622449;pizza-square-osm-01053
Пицца Квадрат, Мытищи, Селезнёва;Мытищи, ул. Селезнёва, 33;55.891722;37.727260;pizza-square-osm-01054
Пицца Квадрат, Пролетарская, 8 с1;ул. Пролетарская, 8 с1;55.892196;37.440235;pizza-square-osm-01055
Пицца Квадрат, Алтуфьево;Шенкурский пр., 6;55.893024;37.591192;pizza-square-osm-01056
Пицца Квадрат, Маяковского;ул. Маяковского, 12;55.893861;37.442966;pizza-square-osm-01057
Пицца Квадрат, Корнейчука;ул. Корнейчука, 54;55.894136;37.628534;pizza-square-osm-01058
Пицца Квадрат, Маяковского, 1А;ул. Маяковского, 1А;55.894798;37.448357;pizza-square-osm-01059
Пицца Квадрат, Ленинградское, вл9;Ленинградское ш., вл9;55.895132;37.427219;pizza-square-osm-01060
Пицца Квадрат, Долгопрудный, Лианозово;Долгопрудный, ул. Дубнинская, 52 с3;55.896452;37.554893;pizza-square-osm-01061
Пицца Квадрат, Долгопрудный, Совхозная;Долгопрудный, ул. Совхозная, 4с1;55.897170;37.480824;pizza-square-osm-01062
Пицца Квадрат, Лескова, 1;ул. Лескова, 1;55.898156;37.588355;pizza-square-osm-01063
Пицца Квадрат, Мельникова;просп. Мельникова, 1;55.898570;37.406330;pizza-square-osm-01064
Пицца Квадрат, Дружбы;ул. Дружбы, 1А;55.899014;37.409485;pizza-square-osm-01065
Пицца Квадрат, Долгопрудный, Угличская;Долгопрудный, ул. Угличская, 13 с20;55.899145;37.572209;pizza-square-osm-01066
Пицца Квадрат, Ленинградское, 27А;Ленинградское ш., 27А;55.899540;37.423996;pizza-square-osm-01067
Пицца Квадрат, Мытищи, Ярморочная;Мытищи, ул. Ярморочная, 7М;55.900194;37.681330;pizza-square-osm-01068
Пицца Квадрат, Репина;ул. Репина, 4Е;55.901654;37.423206;pizza-square-osm-01069
Пицца Квадрат, Сабурово, Пятницкое;Сабурово, Пятницкое ш., 51Д;55.901891;37.264346;pizza-square-osm-01070
Пицца Квадрат, Истра, Воскресенская;Истра, Воскресенская пл., 3Г;55.903756;36.858336;pizza-square-osm-01071
Пицца Квадрат, Заводская, 10;ул. Заводская, 10;55.904632;37.431566;pizza-square-osm-01072
Пицца Квадрат, Свердловский, Центральная;Свердловский, ул. Центральная, 78А;55.905520;38.093332;pizza-square-osm-01073
Пицца Квадрат, Сабурово, ​Пятницкое 13 км;Сабурово, ​Пятницкое ш. 13 км, c1;55.905541;37.254679;pizza-square-osm-01074
Пицца Квадрат, Ленинградское, 32;Ленинградское ш., 32;55.907561;37.411822;pizza-square-osm-01075
Пицца Квадрат, Мытищи, Лётная;Мытищи, ул. Лётная, 28А;55.908216;37.719966;pizza-square-osm-01076
Пицца Квадрат, Путилково, Молодёжная;Путилково, ул. Молодёжная, 76;55.908540;37.390080;pizza-square-osm-01077
Пицца Квадрат, Долгопрудный, Дмитровское;Долгопрудный, Дмитровское ш., 163А к1;55.909037;37.540813;pizza-square-osm-01078
Пицца Квадрат, Долгопрудный, Дмитровское, 163А к1;Долгопрудный, Дмитровское ш., 163А к1;55.909874;37.540281;pizza-square-osm-01079
Пицца Квадрат, Ленинградское, 1;Ленинградское ш., 1;55.910153;37.394297;pizza-square-osm-01080
Пицца Квадрат, Мытищи, Лётная, 17;Мытищи, ул. Лётная, 17;55.911221;37.726155;pizza-square-osm-01081
Пицца Квадрат, Королёв, Ярославское;Королёв, Ярославское ш., 101;55.911411;37.778239;pizza-square-osm-01082
Пицца Квадрат, Щёлково, Советская;Щёлково, ул. Советская, 16;55.912312;37.999818;pizza-square-osm-01083
Пицца Квадрат, Истра, Главного Конструктора В.И.Адасько;Истра, ул. Главного Конструктора В.И.Адасько, 9;55.912520;36.860795;pizza-square-osm-01084
Пицца Квадрат, Королёв, Пионерская;Королёв, ул. Пионерская, 8Г;55.913125;37.814375;pizza-square-osm-01085
Пицца Квадрат, Королёв, Горького;Королёв, ул. Горького, 3А;55.913682;37.859557;pizza-square-osm-01086
Пицца Квадрат, Истра, Щеголева;Истра, ул. Щеголева, 15А/1;55.914372;36.863897;pizza-square-osm-01087
Пицца Квадрат, Мытищи, Колонцова;Мытищи, ул. Колонцова, 5/2;55.914758;37.764032;pizza-square-osm-01088
Пицца Квадрат, Мытищи, Шараповский;Мытищи, Шараповский пр., 1;55.915396;37.760616;pizza-square-osm-01089
Пицца Квадрат, Королёв, Коммунальная;Королёв, ул. Коммунальная, 1;55.915579;37.845063;pizza-square-osm-01090
Пицца Квадрат, Мытищи, Шараповский, 11;Мытищи, Шараповский пр., 11;55.916136;37.760829;pizza-square-osm-01091
Пицца Квадрат, Королёв, Октябрьский;Королёв, Октябрьский бул., 22;55.916866;37.843270;pizza-square-osm-01092
Пицца Квадрат, Германа Титова;ул. Германа Титова, 10А с1;55.918345;37.412764;pizza-square-osm-01093
Пицца Квадрат, Вашутинское;Вашутинское ш., 36А с1;55.919012;37.421327;pizza-square-osm-01094
Пицца Квадрат, Щёлково, Пушкина;Щёлково, ул. Пушкина, 2А;55.919588;37.973767;pizza-square-osm-01095
Пицца Квадрат, Истра, Советская;Истра, ул. Советская, 25;55.919834;36.862000;pizza-square-osm-01096
Пицца Квадрат, Мытищи, Мира;Мытищи, ул. Мира, с32/2;55.920768;37.719857;pizza-square-osm-01097
Пицца Квадрат, Королёв, Королёва;Королёв, просп. Королёва, 1;55.921053;37.834945;pizza-square-osm-01098
Пицца Квадрат, Мытищи, Мира, с32/2;Мытищи, ул. Мира, с32/2;55.921148;37.719360;pizza-square-osm-01099
Пицца Квадрат, Королёв, Хлебозаводская;Королёв, ул. Хлебозаводская, 6с1;55.921945;37.796040;pizza-square-osm-01100
Пицца Квадрат, Мытищи, Мира, 40;Мытищи, ул. Мира, 40;55.922369;37.714975;pizza-square-osm-01101
Пицца Квадрат, Королёв, Фрунзе;Королёв, ул. Фрунзе, 2А;55.923887;37.822092;pizza-square-osm-01102
Пицца Квадрат, Щёлково, Пролетарский;Щёлково, Пролетарский просп., 10;55.923985;38.001698;pizza-square-osm-01103
Пицца Квадрат, Королёв, Попова;Королёв, ул. Попова, 6;55.924945;37.790993;pizza-square-osm-01104
Пицца Квадрат, Загорянский, Чкаловская;Загорянский, ул. Чкаловская, 10;55.925614;37.889337;pizza-square-osm-01105
Пицца Квадрат, Королёв, Грабина;Королёв, ул. Грабина, 10;55.926045;37.816307;pizza-square-osm-01106
Пицца Квадрат, Королёв, Грабина, 3/1;Королёв, ул. Грабина, 3/1;55.926870;37.815749;pizza-square-osm-01107
Пицца Квадрат, Долгопрудный, Дмитровское, 165Е к10;Долгопрудный, Дмитровское ш., 165Е к10;55.927958;37.542409;pizza-square-osm-01108
Пицца Квадрат, Мытищи, Астрахова;Мытищи, просп. Астрахова, с7/1;55.928147;37.731949;pizza-square-osm-01109
Пицца Квадрат, Андреевка, Вахнеевка;Андреевка, ул. Вахнеевка, 1;55.929048;37.193419;pizza-square-osm-01110
Пицца Квадрат, Долгопрудный, Дмитровское, 169 к1;Долгопрудный, Дмитровское ш., 169 к1;55.929801;37.544171;pizza-square-osm-01111
Пицца Квадрат, Долгопрудный, Первомайская;Долгопрудный, ул. Первомайская, 9/4;55.931762;37.520235;pizza-square-osm-01112
Пицца Квадрат, Долгопрудный, космонавта Сереброва А.А.;Долгопрудный, бул. космонавта Сереброва А.А., 1;55.934964;37.500550;pizza-square-osm-01113
Пицца Квадрат, Долгопрудный, 9-я Северная линия;Долгопрудный, 9-я Северная линия, 3А;55.936739;37.552326;pizza-square-osm-01114
Пицца Квадрат, Долгопрудный, Комсомольская;Долгопрудный, ул. Комсомольская, 2;55.938175;37.520172;pizza-square-osm-01115
Пицца Квадрат, Долгопрудный, Рыночная;Долгопрудный, Рыночная пл., 9;55.939520;37.519612;pizza-square-osm-01116
Пицца Квадрат, Долгопрудный, Лихачёвское;Долгопрудный, Лихачёвское ш., 11Б;55.941194;37.491536;pizza-square-osm-01117
Пицца Квадрат, Долгопрудный, Лихачёвское, 11Б;Долгопрудный, Лихачёвское ш., 11Б;55.941305;37.492159;pizza-square-osm-01118
Пицца Квадрат, Сабурово, Юбилейный;Сабурово, Юбилейный пр., с7;55.943949;37.305503;pizza-square-osm-01119
Пицца Квадрат, Долгопрудный, Дирижабельная;Долгопрудный, ул. Дирижабельная, 26;55.945550;37.507717;pizza-square-osm-01120
Пицца Квадрат, Долгопрудный, Дирижабельная, 23;Долгопрудный, ул. Дирижабельная, 23;55.946253;37.505900;pizza-square-osm-01121
Пицца Квадрат, Долгопрудный, Пацаева;Долгопрудный, просп. Пацаева, 12;55.948544;37.499789;pizza-square-osm-01122
Пицца Квадрат, Отрадное, Синявинская;Отрадное, ул. Синявинская, 9;55.949021;37.348224;pizza-square-osm-01123
Пицца Квадрат, Сабурово, Кирова;Сабурово, ул. Кирова, 1;55.950410;37.298100;pizza-square-osm-01124
Пицца Квадрат, Долгопрудный, Парковая;Долгопрудный, ул. Парковая, 32А;55.951159;37.496920;pizza-square-osm-01125
Пицца Квадрат, Отрадное, Ленинградское;Отрадное, Ленинградское ш., 376А;55.953070;37.347316;pizza-square-osm-01126
Пицца Квадрат, Фрязино, Мира;Фрязино, просп. Мира, 20;55.955020;38.059898;pizza-square-osm-01127
Пицца Квадрат, Фрязино, Октябрьская;Фрязино, ул. Октябрьская, 9;55.955473;38.042167;pizza-square-osm-01128
Пицца Квадрат, Долгопрудный, Ангарская;Долгопрудный, ул. Ангарская, 44;55.957720;37.573457;pizza-square-osm-01129
Пицца Квадрат, Фрязино, Комсомольская;Фрязино, ул. Комсомольская, 19;55.960269;38.042727;pizza-square-osm-01130
Пицца Квадрат, Фрязино, Вокзальная;Фрязино, ул. Вокзальная, 3;55.963028;38.043744;pizza-square-osm-01131
Пицца Квадрат, Черкизово, Осташковское;Черкизово, Осташковское ш., 22 к3;55.963495;37.668643;pizza-square-osm-01132
Пицца Квадрат, Андреевка, Кутузовское;Андреевка, Кутузовское ш., к2309А;55.964903;37.186650;pizza-square-osm-01133
Пицца Квадрат, Андреевка, Георгиевский;Андреевка, Георгиевский просп., 37 к2;55.966599;37.151223;pizza-square-osm-01134
Пицца Квадрат, Долгопрудный, Госпитальная;Долгопрудный, ул. Госпитальная, 1А;55.969594;37.507675;pizza-square-osm-01135
Пицца Квадрат, Долгопрудный, Новое;Долгопрудный, Новое ш., 1;55.974515;37.519749;pizza-square-osm-01136
Пицца Квадрат, Андреевка, Сходненская;Андреевка, ул. Сходненская, 2/1;55.975848;37.309374;pizza-square-osm-01137
Пицца Квадрат, Ивантеевка, Первомайская;Ивантеевка, ул. Первомайская, 35;55.976498;37.908825;pizza-square-osm-01138
Пицца Квадрат, Ивантеевка, Студенческий;Ивантеевка, Студенческий пр., 4;55.979003;37.907113;pizza-square-osm-01139
Пицца Квадрат, Андреевка, Новокрюковская;Андреевка, ул. Новокрюковская, 9;55.980230;37.171971;pizza-square-osm-01140
Пицца Квадрат, Лобня, Шереметьевское;Лобня, Шереметьевское ш., с37;55.980927;37.412035;pizza-square-osm-01141
Пицца Квадрат, Андреевка, Жилинская;Андреевка, ул. Жилинская, 1;55.983265;37.142761;pizza-square-osm-01142
Пицца Квадрат, № 4922;пр. № 4922, 4 с1;55.984269;37.217131;pizza-square-osm-01143
Пицца Квадрат, Георгиевский;Георгиевский просп., 4;55.986549;37.210990;pizza-square-osm-01144
Пицца Квадрат, Савёлкинский;Савёлкинский пр., 2;55.991487;37.215572;pizza-square-osm-01145
Пицца Квадрат, Пушкино, Пушкинское;Пушкино, Пушкинское ш., 10;55.995235;37.867504;pizza-square-osm-01146
Пицца Квадрат, Лобня, Новая;Лобня, ул. Новая, 5;55.996680;37.422064;pizza-square-osm-01147
Пицца Квадрат, Лобня, Катюшки;Лобня, ул. Катюшки, 62А;56.003728;37.449738;pizza-square-osm-01148
Пицца Квадрат, Лобня, Дмитровская;Лобня, ул. Дмитровская, 3;56.005585;37.540702;pizza-square-osm-01149
Пицца Квадрат, Лобня, Лермонтова;Лобня, ул. Лермонтова, 2/1;56.007206;37.467335;pizza-square-osm-01150
Пицца Квадрат, Андреевка, Конструктора Лукина;Андреевка, ул. Конструктора Лукина, 14 с1;56.007446;37.156914;pizza-square-osm-01151
Пицца Квадрат, Лобня, Ленина;Лобня, ул. Ленина, 67;56.008380;37.448089;pizza-square-osm-01152
Пицца Квадрат, Панфиловский;Панфиловский просп., 6А;56.008970;37.199739;pizza-square-osm-01153
Пицца Квадрат, Лобня, Юбилейная;Лобня, ул. Юбилейная, 3;56.009702;37.475925;pizza-square-osm-01154
Пицца Квадрат, Лобня, Ленина, 16;Лобня, ул. Ленина, 16;56.012253;37.476670;pizza-square-osm-01155
Пицца Квадрат, Лобня, Маяковского;Лобня, ул. Маяковского, 5А;56.012781;37.484366;pizza-square-osm-01156
Пицца Квадрат, Лобня, Ленина, 2/2;Лобня, ул. Ленина, 2/2;56.013769;37.482881;pizza-square-osm-01157
Пицца Квадрат, Лобня, Маяковского, 4;Лобня, ул. Маяковского, 4;56.014220;37.482966;pizza-square-osm-01158
Пицца Квадрат, Голубое, Дачная;Голубое, ул. Дачная, 1;56.017898;37.019662;pizza-square-osm-01159
Пицца Квадрат, Пушкино, Александра Меня;Пушкино, ул. Александра Меня, 3;56.027930;37.863919;pizza-square-osm-01160
Пицца Квадрат, Шаховская, 1-я Советская;Шаховская, ул. 1-я Советская, 30;56.031007;35.515033;pizza-square-osm-01161
Пицца Квадрат, Лесной, Центральная;Лесной, ул. Центральная, 1А;56.043841;37.977161;pizza-square-osm-01162
Пицца Квадрат, Некрасовский, Юности;Некрасовский, ул. Юности, 2;56.047992;37.547286;pizza-square-osm-01163
Пицца Квадрат, Некрасовский, Дмитровское;Некрасовский, Дмитровское ш., 2Б с1;56.055900;37.531967;pizza-square-osm-01164
Пицца Квадрат, Поварово, Ленинградское;Поварово, Ленинградское ш., 1;56.075429;37.128698;pizza-square-osm-01165
Пицца Квадрат, Некрасовский, Привокзальная;Некрасовский, ул. Привокзальная, 3А;56.090230;37.505021;pizza-square-osm-01166
Пицца Квадрат, Некрасовский, Проезжая;Некрасовский, ул. Проезжая, 43;56.135719;37.572438;pizza-square-osm-01167
Пицца Квадрат, Солнечногорск, Обухово;Солнечногорск, Обухово, с183;56.145632;36.917635;pizza-square-osm-01168
Пицца Квадрат, Деденево, Набережная;Деденево, ул. Набережная, 3А;56.171981;37.507075;pizza-square-osm-01169
Пицца Квадрат, Солнечногорск, Юности;Солнечногорск, ул. Юности, 2;56.179755;37.003391;pizza-square-osm-01170
Пицца Квадрат, Солнечногорск, Советская;Солнечногорск, ул. Советская, 4;56.184117;36.975187;pizza-square-osm-01171
Пицца Квадрат, Солнечногорск, Почтовая;Солнечногорск, ул. Почтовая, 17/8;56.184981;36.976837;pizza-square-osm-01172
Пицца Квадрат, Солнечногорск, Красная;Солнечногорск, ул. Красная, 118;56.188161;36.977302;pizza-square-osm-01173
Пицца Квадрат, Солнечногорск, Красная, 152;Солнечногорск, ул. Красная, 152;56.193128;36.969517;pizza-square-osm-01174
Пицца Квадрат, Деденево, Московское;Деденево, Московское ш., 2Д;56.230922;37.527443;pizza-square-osm-01175
Пицца Квадрат, Хотьково, Михеенко;Хотьково, ул. Михеенко, 20А;56.252737;37.977719;pizza-square-osm-01176
Пицца Квадрат, Деденево, Дмитровское;Деденево, Дмитровское ш., 84А;56.276893;37.600318;pizza-square-osm-01177
Пицца Квадрат, Сергиев Посад, Красной Армии;Сергиев Посад, просп. Красной Армии, 12;56.297559;38.128942;pizza-square-osm-01178
Пицца Квадрат, Сергиев Посад, Красной Армии, 84/22;Сергиев Посад, просп. Красной Армии, 84/22;56.302280;38.130171;pizza-square-osm-01179
Пицца Квадрат, Сергиев Посад, 1-я Рыбная;Сергиев Посад, ул. 1-я Рыбная, 10;56.304470;38.134521;pizza-square-osm-01180
Пицца Квадрат, Сергиев Посад, Красной Армии, 138/2;Сергиев Посад, просп. Красной Армии, 138/2;56.311404;38.134772;pizza-square-osm-01181
Пицца Квадрат, Сергиев Посад, Карла Маркса;Сергиев Посад, ул. Карла Маркса, 7;56.312101;38.138190;pizza-square-osm-01182
Пицца Квадрат, Клин, 60 лет Комсомола;Клин, ул. 60 лет Комсомола, 6 к1;56.317630;36.755041;pizza-square-osm-01183
Пицца Квадрат, Клин, Чайковского;Клин, ул. Чайковского, 70Б;56.317888;36.765668;pizza-square-osm-01184
Пицца Квадрат, Сергиев Посад, Красной Армии, 203В;Сергиев Посад, просп. Красной Армии, 203В;56.322792;38.143999;pizza-square-osm-01185
Пицца Квадрат, Сергиев Посад, Зубачевская;Сергиев Посад, ул. Зубачевская, 11А;56.327595;38.158908;pizza-square-osm-01186
Пицца Квадрат, Клин, Карла Маркса;Клин, ул. Карла Маркса, 2;56.332920;36.711846;pizza-square-osm-01187
Пицца Квадрат, Клин, Советская;Клин, Советская пл., 11/1;56.333717;36.733722;pizza-square-osm-01188
Пицца Квадрат, Дмитров, Московская;Дмитров, ул. Московская, 23А;56.336155;37.513313;pizza-square-osm-01189
Пицца Квадрат, Дмитров, Загорская;Дмитров, ул. Загорская, 22;56.342699;37.516609;pizza-square-osm-01190
Пицца Квадрат, Дмитров, Профессиональная;Дмитров, ул. Профессиональная, 5;56.349926;37.519960;pizza-square-osm-01191
Пицца Квадрат, Дмитров, Профессиональная, 3;Дмитров, ул. Профессиональная, 3;56.352500;37.523115;pizza-square-osm-01192
Пицца Квадрат, Богородское, Слободка;Богородское, ул. Слободка, 79А;56.496813;38.186062;pizza-square-osm-01193
Пицца Квадрат, Запрудня, Первомайская;Запрудня, ул. Первомайская, 6А;56.561006;37.428703;pizza-square-osm-01194
Пицца Квадрат, Дубна, Энтузиастов;Дубна, ул. Энтузиастов, 4 с1;56.729566;37.159199;pizza-square-osm-01195
Пицца Квадрат, Дубна, Боголюбова;Дубна, просп. Боголюбова, 44А с1;56.729869;37.143049;pizza-square-osm-01196
Пицца Квадрат, Дубна, Боголюбова, 24А;Дубна, просп. Боголюбова, 24А;56.735908;37.157581;pizza-square-osm-01197
Пицца Квадрат, Дубна, Боголюбова, 15;Дубна, просп. Боголюбова, 15;56.736919;37.164403;pizza-square-osm-01198
Пицца Квадрат, Дубна, Дачная;Дубна, ул. Дачная, 2Б;56.742926;37.177639;pizza-square-osm-01199
Пицца Квадрат, Дубна, Программистов;Дубна, ул. Программистов, 15;56.751774;37.172563;pizza-square-osm-01200
Пицца Квадрат, Санкт-Петербург, Вишнёвая;Санкт-Петербург, ул. Вишнёвая, 2Г;59.614867;30.364958;pizza-square-osm-01201
Пицца Квадрат, Санкт-Петербург, Бумажников;Санкт-Петербург, ул. Бумажников, 7А;59.626777;30.400325;pizza-square-osm-01202
Пицца Квадрат, Санкт-Петербург, Советская;Санкт-Петербург, ул. Советская, 50;59.663351;30.114231;pizza-square-osm-01203
Пицца Квадрат, Санкт-Петербург, Киевское;Санкт-Петербург, Киевское ш., 147А;59.682056;30.243426;pizza-square-osm-01204
Пицца Квадрат, Санкт-Петербург, Садовая;Санкт-Петербург, ул. Садовая, 20ВД;59.686515;30.453621;pizza-square-osm-01205
Пицца Квадрат, Санкт-Петербург, Садовая, 20 литН;Санкт-Петербург, ул. Садовая, 20 литН;59.693628;30.461137;pizza-square-osm-01206
Пицца Квадрат, Санкт-Петербург, Красносельское;Санкт-Петербург, Красносельское ш., 23А;59.703559;30.370975;pizza-square-osm-01207
Пицца Квадрат, Санкт-Петербург, Гусарская;Санкт-Петербург, ул. Гусарская, 4 литТ;59.706255;30.390726;pizza-square-osm-01208
Пицца Квадрат, Санкт-Петербург, Парковая;Санкт-Петербург, ул. Парковая, 26/2;59.710474;30.402682;pizza-square-osm-01209
Пицца Квадрат, Санкт-Петербург, Садовая, 9;Санкт-Петербург, ул. Садовая, 9;59.715593;30.395159;pizza-square-osm-01210
Пицца Квадрат, Санкт-Петербург, Оранжерейная;Санкт-Петербург, ул. Оранжерейная, 13/52;59.718097;30.406983;pizza-square-osm-01211
Пицца Квадрат, Санкт-Петербург, Московская;Санкт-Петербург, ул. Московская, 25;59.719166;30.405535;pizza-square-osm-01212
Пицца Квадрат, Санкт-Петербург, Пушкинская;Санкт-Петербург, ул. Пушкинская, 32/24;59.720824;30.409667;pizza-square-osm-01213
Пицца Квадрат, Санкт-Петербург, Привокзальная;Санкт-Петербург, Привокзальная пл., 2;59.721870;30.427913;pizza-square-osm-01214
Пицца Квадрат, Санкт-Петербург, Восстановления;Санкт-Петербург, ул. Восстановления, 14 с2;59.723422;30.085739;pizza-square-osm-01215
Пицца Квадрат, Санкт-Петербург, Оранжерейная, 58;Санкт-Петербург, ул. Оранжерейная, 58;59.727286;30.417909;pizza-square-osm-01216
Пицца Квадрат, Санкт-Петербург, Ленина;Санкт-Петербург, просп. Ленина, 85;59.729028;30.083270;pizza-square-osm-01217
Пицца Квадрат, Санкт-Петербург, Веры Слуцкой;Санкт-Петербург, ул. Веры Слуцкой, 89;59.732664;30.577238;pizza-square-osm-01218
Пицца Квадрат, Санкт-Петербург, Ленинградская;Санкт-Петербург, ул. Ленинградская, 93;59.733403;30.397977;pizza-square-osm-01219
Пицца Квадрат, Санкт-Петербург, Ленина, 102 к1;Санкт-Петербург, просп. Ленина, 102 к1;59.734766;30.089155;pizza-square-osm-01220
Пицца Квадрат, Санкт-Петербург, Ленина, 69;Санкт-Петербург, просп. Ленина, 69;59.735547;30.088449;pizza-square-osm-01221
Пицца Квадрат, Санкт-Петербург, Трудящихся;Санкт-Петербург, бул. Трудящихся, 15 к5;59.737050;30.569722;pizza-square-osm-01222
Пицца Квадрат, Санкт-Петербург, Полоцкая;Санкт-Петербург, ул. Полоцкая, 10;59.738222;30.462949;pizza-square-osm-01223
Пицца Квадрат, Санкт-Петербург, Пролетарская;Санкт-Петербург, ул. Пролетарская, 36;59.740695;30.585536;pizza-square-osm-01224
Пицца Квадрат, Санкт-Петербург, Пролетарская, 36А;Санкт-Петербург, ул. Пролетарская, 36А;59.740924;30.583101;pizza-square-osm-01225
Пицца Квадрат, Санкт-Петербург, Октябрьская;Санкт-Петербург, ул. Октябрьская, 21;59.747125;30.614858;pizza-square-osm-01226
Пицца Квадрат, Санкт-Петербург, Пулковское;Санкт-Петербург, Пулковское ш., 111 с2;59.749228;30.311502;pizza-square-osm-01227
Пицца Квадрат, Санкт-Петербург, Труда;Санкт-Петербург, ул. Труда, 22/15;59.749501;30.612056;pizza-square-osm-01228
Пицца Квадрат, Санкт-Петербург, Ленина, 70;Санкт-Петербург, просп. Ленина, 70;59.749903;30.566568;pizza-square-osm-01229
Пицца Квадрат, Санкт-Петербург, Московское;Санкт-Петербург, Московское ш., 296;59.756883;30.479165;pizza-square-osm-01230
Пицца Квадрат, Санкт-Петербург, Георгия Гречко;Санкт-Петербург, ул. Георгия Гречко, 3;59.759871;30.321225;pizza-square-osm-01231
Пицца Квадрат, Санкт-Петербург, Георгия Гречко, 1;Санкт-Петербург, ул. Георгия Гречко, 1;59.761744;30.323950;pizza-square-osm-01232
Пицца Квадрат, Санкт-Петербург, Весенняя;Санкт-Петербург, ул. Весенняя, 1А;59.775072;30.039690;pizza-square-osm-01233
Пицца Квадрат, Санкт-Петербург, Аннинское;Санкт-Петербург, Аннинское ш., 76;59.781814;30.126485;pizza-square-osm-01234
Пицца Квадрат, Санкт-Петербург, Красносельское, 40 к2 литБ;Санкт-Петербург, Красносельское ш., 40 к2 литБ;59.787863;30.143421;pizza-square-osm-01235
Пицца Квадрат, Санкт-Петербург, десантника Вадима Чугунова;Санкт-Петербург, бул. десантника Вадима Чугунова, 10/6;59.789519;30.168584;pizza-square-osm-01236
Пицца Квадрат, Санкт-Петербург, Пулковское, 60;Санкт-Петербург, Пулковское ш., 60;59.793484;30.331674;pizza-square-osm-01237
Пицца Квадрат, Санкт-Петербург, Овцинская;Санкт-Петербург, ул. Овцинская, 72;59.802098;30.633442;pizza-square-osm-01238
Пицца Квадрат, Санкт-Петербург, Валдайская;Санкт-Петербург, ул. Валдайская, 1 с1;59.803596;30.382666;pizza-square-osm-01239
Пицца Квадрат, Санкт-Петербург, Новгородский;Санкт-Петербург, Новгородский просп., 10 к2;59.807130;30.369962;pizza-square-osm-01240
Пицца Квадрат, Санкт-Петербург, Центральная;Санкт-Петербург, ул. Центральная, 10 к1;59.808040;30.068709;pizza-square-osm-01241
Пицца Квадрат, Санкт-Петербург, Красносельское, 9;Санкт-Петербург, Красносельское ш., 9;59.808188;30.076498;pizza-square-osm-01242
Пицца Квадрат, Санкт-Петербург, Невская;Санкт-Петербург, ул. Невская, 7/4;59.809073;30.089203;pizza-square-osm-01243
Пицца Квадрат, Санкт-Петербург, Невская, 6;Санкт-Петербург, ул. Невская, 6;59.809612;30.083508;pizza-square-osm-01244
Пицца Квадрат, Санкт-Петербург, Школьная;Санкт-Петербург, ул. Школьная, 2А;59.810834;30.380019;pizza-square-osm-01245
Пицца Квадрат, Санкт-Петербург, Софийская;Санкт-Петербург, ул. Софийская, 108 к1 с1;59.813660;30.459277;pizza-square-osm-01246
Пицца Квадрат, Санкт-Петербург, Пулковское, 42;Санкт-Петербург, Пулковское ш., 42;59.816474;30.325456;pizza-square-osm-01247
Пицца Квадрат, Санкт-Петербург, Пулковское, 40 к2;Санкт-Петербург, Пулковское ш., 40 к2;59.819696;30.326947;pizza-square-osm-01248
Пицца Квадрат, Санкт-Петербург, Волхонское;Санкт-Петербург, Волхонское ш., 39А с1;59.823603;30.086257;pizza-square-osm-01249
Пицца Квадрат, Санкт-Петербург, Малая Балканская;Санкт-Петербург, ул. Малая Балканская, 36 к3;59.826706;30.394314;pizza-square-osm-01250
Пицца Квадрат, Санкт-Петербург, Олеко Дундича;Санкт-Петербург, ул. Олеко Дундича, 10 к2;59.828461;30.392361;pizza-square-osm-01251
Пицца Квадрат, Санкт-Петербург, Купчино;Санкт-Петербург, Балканская пл., 5 литН;59.828990;30.377368;pizza-square-osm-01252
Пицца Квадрат, Санкт-Петербург, Советский;Санкт-Петербург, Советский просп., 43 к1;59.829479;30.537655;pizza-square-osm-01253
Пицца Квадрат, Санкт-Петербург, Рыбацкое;Санкт-Петербург, ул. Тепловозная, 31;59.830866;30.503671;pizza-square-osm-01254
Пицца Квадрат, Санкт-Петербург, Балканская;Санкт-Петербург, Балканская пл., 1;59.831053;30.378194;pizza-square-osm-01255
Пицца Квадрат, Санкт-Петербург, Ярослава Гашека;Санкт-Петербург, ул. Ярослава Гашека, 9 к1;59.831963;30.390211;pizza-square-osm-01256
Пицца Квадрат, Санкт-Петербург, Ветеранов;Санкт-Петербург, просп. Ветеранов, 114 к4;59.832513;30.195423;pizza-square-osm-01257
Пицца Квадрат, Санкт-Петербург, Звёздная;Санкт-Петербург, ул. Ленсовета, 97;59.832584;30.347250;pizza-square-osm-01258
Пицца Квадрат, Санкт-Петербург, Ветеранов, 110;Санкт-Петербург, просп. Ветеранов, 110;59.832670;30.204027;pizza-square-osm-01259
Пицца Квадрат, Санкт-Петербург, Бухарестская;Санкт-Петербург, ул. Бухарестская, 89;59.833064;30.414883;pizza-square-osm-01260
Пицца Квадрат, Санкт-Петербург, Звёздная, 3 к1;Санкт-Петербург, ул. Звёздная, 3 к1;59.833376;30.349216;pizza-square-osm-01261
Пицца Квадрат, Санкт-Петербург, Пулковская;Санкт-Петербург, ул. Пулковская, 14;59.834132;30.351346;pizza-square-osm-01262
Пицца Квадрат, Санкт-Петербург, Ветеранов, 148;Санкт-Петербург, просп. Ветеранов, 148;59.834257;30.155981;pizza-square-osm-01263
Пицца Квадрат, Санкт-Петербург, Ветеранов, 160А;Санкт-Петербург, просп. Ветеранов, 160А;59.834918;30.146436;pizza-square-osm-01264
Пицца Квадрат, Санкт-Петербург, Звёздная, 16;Санкт-Петербург, ул. Звёздная, 16;59.835561;30.365703;pizza-square-osm-01265
Пицца Квадрат, Санкт-Петербург, Ветеранов, 171 к1;Санкт-Петербург, просп. Ветеранов, 171 к1;59.836431;30.111942;pizza-square-osm-01266
Пицца Квадрат, Санкт-Петербург, Ветеранов, 204 с1;Санкт-Петербург, просп. Ветеранов, 204 с1;59.836683;30.105825;pizza-square-osm-01267
Пицца Квадрат, Санкт-Петербург, Кубинская;Санкт-Петербург, ул. Кубинская, 82 к3 литА;59.837636;30.303890;pizza-square-osm-01268
Пицца Квадрат, Санкт-Петербург, Ветеранов, 183;Санкт-Петербург, просп. Ветеранов, 183;59.839492;30.098384;pizza-square-osm-01269
Пицца Квадрат, Санкт-Петербург, Будапештская;Санкт-Петербург, ул. Будапештская, 92;59.839505;30.396497;pizza-square-osm-01270
Пицца Квадрат, Санкт-Петербург, Ветеранов, 169 к4;Санкт-Петербург, просп. Ветеранов, 169 к4;59.840021;30.115666;pizza-square-osm-01271
Пицца Квадрат, Санкт-Петербург, Ветеранов, 53/56 литИ;Санкт-Петербург, просп. Ветеранов, 53/56 литИ;59.840875;30.238944;pizza-square-osm-01272
Пицца Квадрат, Санкт-Петербург, Ветеранов, 169 к6 с1;Санкт-Петербург, просп. Ветеранов, 169 к6 с1;59.840995;30.113926;pizza-square-osm-01273
Пицца Квадрат, Санкт-Петербург, 2-я Комсомольская;Санкт-Петербург, ул. 2-я Комсомольская, 13 к1;59.841428;30.143372;pizza-square-osm-01274
Пицца Квадрат, Санкт-Петербург, Проспект Ветеранов;Санкт-Петербург, бул. Новаторов, 159;59.842018;30.251754;pizza-square-osm-01275
Пицца Квадрат, Санкт-Петербург, Пионерстроя;Санкт-Петербург, ул. Пионерстроя, 4;59.842270;30.131497;pizza-square-osm-01276
Пицца Квадрат, Санкт-Петербург, Орджоникидзе;Санкт-Петербург, ул. Орджоникидзе, 13;59.843840;30.330809;pizza-square-osm-01277
Пицца Квадрат, Санкт-Петербург, Софийская, 89;Санкт-Петербург, ул. Софийская, 89;59.844094;30.431493;pizza-square-osm-01278
Пицца Квадрат, Санкт-Петербург, Малая Каштановая аллея;Санкт-Петербург, Малая Каштановая аллея, 8;59.845203;30.394576;pizza-square-osm-01279
Пицца Квадрат, Санкт-Петербург, Дунайский;Санкт-Петербург, Дунайский просп., 62;59.845318;30.418056;pizza-square-osm-01280
Пицца Квадрат, Санкт-Петербург, Стачек;Санкт-Петербург, просп. Стачек, 208;59.847143;30.226444;pizza-square-osm-01281
Пицца Квадрат, Санкт-Петербург, Варшавская;Санкт-Петербург, ул. Варшавская, 65 к2;59.847940;30.314214;pizza-square-osm-01282
Пицца Квадрат, Санкт-Петербург, Московский;Санкт-Петербург, Московский просп., 220литА;59.848118;30.322484;pizza-square-osm-01283
Пицца Квадрат, Санкт-Петербург, Димитрова;Санкт-Петербург, ул. Димитрова, 18/1;59.848687;30.387110;pizza-square-osm-01284
Пицца Квадрат, Санкт-Петербург, Димитрова, 18 к1;Санкт-Петербург, ул. Димитрова, 18 к1;59.849198;30.388257;pizza-square-osm-01285
Пицца Квадрат, Санкт-Петербург, Маршала Захарова;Санкт-Петербург, ул. Маршала Захарова, 33 к1;59.849897;30.206915;pizza-square-osm-01286
Пицца Квадрат, Санкт-Петербург, Конституции;Санкт-Петербург, пл. Конституции, 1 к2;59.850515;30.301412;pizza-square-osm-01287
Пицца Квадрат, Санкт-Петербург, ул. Типанова;Санкт-Петербург, ул. Типанова, 4;59.850722;30.324852;pizza-square-osm-01288
Пицца Квадрат, Санкт-Петербург, Обуховской Обороны;Санкт-Петербург, просп. Обуховской Обороны, 271;59.851120;30.478284;pizza-square-osm-01289
Пицца Квадрат, Санкт-Петербург, Космонавтов;Санкт-Петербург, просп. Космонавтов, 45;59.851635;30.350944;pizza-square-osm-01290
Пицца Квадрат, Санкт-Петербург, Будённого;Санкт-Петербург, просп. Будённого, 31 к1;59.852097;30.094192;pizza-square-osm-01291
Пицца Квадрат, Санкт-Петербург, Маршала Жукова;Санкт-Петербург, просп. Маршала Жукова, 43 к1;59.852227;30.216211;pizza-square-osm-01292
Пицца Квадрат, Санкт-Петербург, Витебский;Санкт-Петербург, Витебский просп., 47А;59.852309;30.364113;pizza-square-osm-01293
Пицца Квадрат, Санкт-Петербург, Космонавтов, 42;Санкт-Петербург, просп. Космонавтов, 42;59.852436;30.354208;pizza-square-osm-01294
Пицца Квадрат, Санкт-Петербург, Московский, 191А;Санкт-Петербург, Московский просп., 191А;59.853283;30.316543;pizza-square-osm-01295
Пицца Квадрат, Санкт-Петербург, Типанова;Санкт-Петербург, ул. Типанова, 3;59.853693;30.326240;pizza-square-osm-01296
Пицца Квадрат, Санкт-Петербург, Кузнецова;Санкт-Петербург, просп. Кузнецова, 22 к1;59.854494;30.186112;pizza-square-osm-01297
Пицца Квадрат, Санкт-Петербург, Славы;Санкт-Петербург, просп. Славы, 23 к4;59.856054;30.382209;pizza-square-osm-01298
Пицца Квадрат, Санкт-Петербург, Новоизмайловский;Санкт-Петербург, Новоизмайловский просп., 40 к2;59.856658;30.306158;pizza-square-osm-01299
Пицца Квадрат, Санкт-Петербург, Новоизмайловский, 34 к1;Санкт-Петербург, Новоизмайловский просп., 34 к1;59.857841;30.305962;pizza-square-osm-01300
Пицца Квадрат, Санкт-Петербург, Будапештская, 39;Санкт-Петербург, ул. Будапештская, 39;59.858099;30.377492;pizza-square-osm-01301
Пицца Квадрат, Санкт-Петербург, Героев;Санкт-Петербург, просп. Героев, 31;59.858926;30.153499;pizza-square-osm-01302
Пицца Квадрат, Санкт-Петербург, Доблести;Санкт-Петербург, ул. Доблести, 17 к1;59.859944;30.175490;pizza-square-osm-01303
Пицца Квадрат, Санкт-Петербург, Южное;Санкт-Петербург, Южное ш., 45 к3;59.860336;30.414909;pizza-square-osm-01304
Пицца Квадрат, Санкт-Петербург, Маршала Казакова;Санкт-Петербург, ул. Маршала Казакова, 35 литА;59.862040;30.211555;pizza-square-osm-01305
Пицца Квадрат, Санкт-Петербург, Южное, 45 к2;Санкт-Петербург, Южное ш., 45 к2;59.862144;30.413185;pizza-square-osm-01306
Пицца Квадрат, Санкт-Петербург, Обуховской Обороны, 227 к1;Санкт-Петербург, просп. Обуховской Обороны, 227 к1;59.864760;30.468961;pizza-square-osm-01307
Пицца Квадрат, Санкт-Петербург, Парк Победы;Санкт-Петербург, Московский просп., 190;59.864997;30.321340;pizza-square-osm-01308
Пицца Квадрат, Санкт-Петербург, Варшавская, 23 к3;Санкт-Петербург, ул. Варшавская, 23 к3;59.865900;30.311512;pizza-square-osm-01309
Пицца Квадрат, Санкт-Петербург, Международная;Санкт-Петербург, ул. Бухарестская, 31 к1 литА;59.866213;30.384136;pizza-square-osm-01310
Пицца Квадрат, Санкт-Петербург, Бассейная;Санкт-Петербург, ул. Бассейная, 12;59.866321;30.315488;pizza-square-osm-01311
Пицца Квадрат, Санкт-Петербург, Новоизмайловский, 16 к11;Санкт-Петербург, Новоизмайловский просп., 16 к11;59.866934;30.307457;pizza-square-osm-01312
Пицца Квадрат, Санкт-Петербург, Автово;Санкт-Петербург, просп. Стачек, 75;59.867316;30.260084;pizza-square-osm-01313
Пицца Квадрат, Санкт-Петербург, Стачек, 90;Санкт-Петербург, просп. Стачек, 90;59.868181;30.260703;pizza-square-osm-01314
Пицца Квадрат, Санкт-Петербург, Космонавтов, 14;Санкт-Петербург, просп. Космонавтов, 14;59.868952;30.350254;pizza-square-osm-01315
Пицца Квадрат, Санкт-Петербург, Автовская;Санкт-Петербург, ул. Автовская, 21;59.869536;30.272048;pizza-square-osm-01316
Пицца Квадрат, Санкт-Петербург, Бухарестская, 74 литБ;Санкт-Петербург, ул. Бухарестская, 74 литБ;59.870275;30.381978;pizza-square-osm-01317
Пицца Квадрат, Санкт-Петербург, Кузнецовская;Санкт-Петербург, ул. Кузнецовская, 26;59.871783;30.311618;pizza-square-osm-01318
Пицца Квадрат, Санкт-Петербург, Пражская;Санкт-Петербург, ул. Пражская, 26 к1;59.872942;30.391477;pizza-square-osm-01319
Пицца Квадрат, Санкт-Петербург, Бухарестская, 72 к1Б;Санкт-Петербург, ул. Бухарестская, 72 к1Б;59.875072;30.376859;pizza-square-osm-01320
Пицца Квадрат, Санкт-Петербург, Электросила;Санкт-Петербург, ул. Благодатная, 33;59.875469;30.311509;pizza-square-osm-01321
Пицца Квадрат, Санкт-Петербург, Ломоносовская;Санкт-Петербург, ул. Ивановская, 6;59.875840;30.446634;pizza-square-osm-01322
Пицца Квадрат, Санкт-Петербург, Московский, 176;Санкт-Петербург, Московский просп., 176;59.877075;30.320849;pizza-square-osm-01323
Пицца Квадрат, Санкт-Петербург, Софийская, 31;Санкт-Петербург, ул. Софийская, 31;59.877123;30.397850;pizza-square-osm-01324
Пицца Квадрат, Санкт-Петербург, Бабушкина;Санкт-Петербург, ул. Бабушкина, 40;59.877511;30.443166;pizza-square-osm-01325
Пицца Квадрат, Санкт-Петербург, Октябрьская, 68 к2;Санкт-Петербург, Октябрьская наб., 68 к2;59.878489;30.457734;pizza-square-osm-01326
Пицца Квадрат, Санкт-Петербург, Решетникова;Санкт-Петербург, ул. Решетникова, 3;59.878786;30.322024;pizza-square-osm-01327
Пицца Квадрат, Санкт-Петербург, Московский, 139 к1;Санкт-Петербург, Московский просп., 139 к1;59.879600;30.318530;pizza-square-osm-01328
Пицца Квадрат, Санкт-Петербург, Кировский завод;Санкт-Петербург, ул. Васи Алексеева, 1;59.879616;30.263180;pizza-square-osm-01329
Пицца Квадрат, Санкт-Петербург, Народная;Санкт-Петербург, ул. Народная, 4 к2;59.880156;30.458890;pizza-square-osm-01330
Пицца Квадрат, Санкт-Петербург, Стачек, 66;Санкт-Петербург, просп. Стачек, 66;59.880665;30.262859;pizza-square-osm-01331
Пицца Квадрат, Санкт-Петербург, Халтурина;Санкт-Петербург, ул. Халтурина, 1Б;59.880749;29.864096;pizza-square-osm-01332
Пицца Квадрат, Санкт-Петербург, Санкт-Петербургский;Санкт-Петербург, Санкт-Петербургский просп., 60 литТ;59.881256;29.891668;pizza-square-osm-01333
Пицца Квадрат, Санкт-Петербург, Санкт-Петербургский, 60;Санкт-Петербург, Санкт-Петербургский просп., 60;59.882214;29.891103;pizza-square-osm-01334
Пицца Квадрат, Санкт-Петербург, Дальневосточный;Санкт-Петербург, Дальневосточный просп., 60;59.882440;30.470040;pizza-square-osm-01335
Пицца Квадрат, Санкт-Петербург, Дальневосточный, 57 к1;Санкт-Петербург, Дальневосточный просп., 57 к1;59.883072;30.468036;pizza-square-osm-01336
Пицца Квадрат, Санкт-Петербург, Стачек, 47 с92;Санкт-Петербург, просп. Стачек, 47 с92;59.884043;30.238903;pizza-square-osm-01337
Пицца Квадрат, Санкт-Петербург, Трефолева;Санкт-Петербург, ул. Трефолева, 2 литР;59.884991;30.279650;pizza-square-osm-01338
Пицца Квадрат, Санкт-Петербург, Огородный;Санкт-Петербург, Огородный пер., 23;59.885135;30.275242;pizza-square-osm-01339
Пицца Квадрат, Санкт-Петербург, Большевиков;Санкт-Петербург, просп. Большевиков, 44;59.887883;30.490998;pizza-square-osm-01340
Пицца Квадрат, Санкт-Петербург, Стачек, 39;Санкт-Петербург, просп. Стачек, 39;59.888274;30.267917;pizza-square-osm-01341
Пицца Квадрат, Санкт-Петербург, Новоовсянниковская;Санкт-Петербург, ул. Новоовсянниковская, 19 к1;59.888814;30.260798;pizza-square-osm-01342
Пицца Квадрат, Санкт-Петербург, Московские ворота;Санкт-Петербург, Московский просп., 109 литА;59.889836;30.318851;pizza-square-osm-01343
Пицца Квадрат, Санкт-Петербург, Баррикадная;Санкт-Петербург, ул. Баррикадная, 28;59.891318;30.261941;pizza-square-osm-01344
Пицца Квадрат, Санкт-Петербург, Московский, 103;Санкт-Петербург, Московский просп., 103;59.892295;30.317848;pizza-square-osm-01345
Пицца Квадрат, Санкт-Петербург, Крыленко;Санкт-Петербург, ул. Крыленко, 3 к1 ст1;59.893261;30.454721;pizza-square-osm-01346
Пицца Квадрат, Санкт-Петербург, Нарвская;Санкт-Петербург, просп. Стачек, 15;59.894830;30.274927;pizza-square-osm-01347
Пицца Квадрат, Санкт-Петербург, Елизаровская;Санкт-Петербург, ул. Бабушкина, 17;59.895691;30.424253;pizza-square-osm-01348
Пицца Квадрат, Санкт-Петербург, Ораниенбаумский;Санкт-Петербург, Ораниенбаумский просп., 39 литБ;59.896172;29.773621;pizza-square-osm-01349
Пицца Квадрат, Санкт-Петербург, Салова;Санкт-Петербург, ул. Салова, 36;59.896221;30.377750;pizza-square-osm-01350
Пицца Квадрат, Санкт-Петербург, Бабушкина, 8 к2;Санкт-Петербург, ул. Бабушкина, 8 к2;59.897116;30.422543;pizza-square-osm-01351
Пицца Квадрат, Санкт-Петербург, Лиговский;Санкт-Петербург, Лиговский просп., 283 литА;59.897264;30.333988;pizza-square-osm-01352
Пицца Квадрат, Санкт-Петербург, Искровский;Санкт-Петербург, Искровский просп., 29 к2;59.898409;30.473017;pizza-square-osm-01353
Пицца Квадрат, Санкт-Петербург, Промышленная;Санкт-Петербург, ул. Промышленная, 16;59.898550;30.269158;pizza-square-osm-01354
Пицца Квадрат, Санкт-Петербург, Дыбенко;Санкт-Петербург, ул. Дыбенко, 6 к2;59.900089;30.451785;pizza-square-osm-01355
Пицца Квадрат, Санкт-Петербург, Стачек, 9;Санкт-Петербург, пл. Стачек, 9;59.900143;30.272139;pizza-square-osm-01356
Пицца Квадрат, Санкт-Петербург, Обуховской Обороны, 83/2;Санкт-Петербург, просп. Обуховской Обороны, 83/2;59.900648;30.426895;pizza-square-osm-01357
Пицца Квадрат, Санкт-Петербург, Победы;Санкт-Петербург, ул. Победы, 27;59.901538;29.768591;pizza-square-osm-01358
Пицца Квадрат, Санкт-Петербург, Победы, 22/7;Санкт-Петербург, ул. Победы, 22/7;59.901943;29.770346;pizza-square-osm-01359
Пицца Квадрат, Санкт-Петербург, Морская;Санкт-Петербург, ул. Морская, 94;59.902265;29.818595;pizza-square-osm-01360
Пицца Квадрат, Санкт-Петербург, Седова;Санкт-Петербург, ул. Седова, 10 к2 литВ;59.902865;30.395202;pizza-square-osm-01361
Пицца Квадрат, Санкт-Петербург, Михайловская;Санкт-Петербург, ул. Михайловская, 40/7;59.903503;29.768344;pizza-square-osm-01362
Пицца Квадрат, Санкт-Петербург, Центральная, 33;Санкт-Петербург, ул. Центральная, 33;59.904211;30.505562;pizza-square-osm-01363
Пицца Квадрат, Санкт-Петербург, Дальневосточный, 22 к1 литА;Санкт-Петербург, Дальневосточный просп., 22 к1 литА;59.904806;30.454939;pizza-square-osm-01364
Пицца Квадрат, Санкт-Петербург, Московский, 73;Санкт-Петербург, Московский просп., 73;59.905403;30.318028;pizza-square-osm-01365
Пицца Квадрат, Санкт-Петербург, Красного Флота;Санкт-Петербург, ул. Красного Флота, 23А;59.905783;29.779202;pizza-square-osm-01366
Пицца Квадрат, Санкт-Петербург, Заозёрная;Санкт-Петербург, ул. Заозёрная, 14 литА;59.905822;30.324653;pizza-square-osm-01367
Пицца Квадрат, Санкт-Петербург, Обводного канала;Санкт-Петербург, наб. Обводного канала, 134-136-138 литВМ;59.906679;30.281488;pizza-square-osm-01368
Пицца Квадрат, Санкт-Петербург, Балтийская;Санкт-Петербург, наб. Обводного канала, 120 литБ;59.906940;30.298595;pizza-square-osm-01369
Пицца Квадрат, Санкт-Петербург, Шкапина;Санкт-Петербург, ул. Шкапина, 10;59.907335;30.296223;pizza-square-osm-01370
Пицца Квадрат, Санкт-Петербург, Шкапина, 10;Санкт-Петербург, ул. Шкапина, 10;59.907444;30.295060;pizza-square-osm-01371
Пицца Квадрат, Санкт-Петербург, Старо-Петергофский;Санкт-Петербург, Старо-Петергофский просп., 18 литМ;59.908152;30.275266;pizza-square-osm-01372
Пицца Квадрат, Санкт-Петербург, Обводного канала, 138 к1;Санкт-Петербург, наб. Обводного канала, 138 к1;59.908670;30.279978;pizza-square-osm-01373
Пицца Квадрат, Санкт-Петербург, Двинская;Санкт-Петербург, ул. Двинская, 9;59.909031;30.247355;pizza-square-osm-01374
Пицца Квадрат, Санкт-Петербург, Боровая;Санкт-Петербург, ул. Боровая, 59-61 литА;59.909959;30.339766;pizza-square-osm-01375
Пицца Квадрат, Санкт-Петербург, Обводный канал;Санкт-Петербург, ул. Воронежская, 98;59.910552;30.344258;pizza-square-osm-01376
Пицца Квадрат, Санкт-Петербург, Лиговский, 172;Санкт-Петербург, Лиговский просп., 172;59.911164;30.348487;pizza-square-osm-01377
Пицца Квадрат, Санкт-Петербург, Технологический институт 1;Санкт-Петербург, Московский просп., 49;59.911622;30.317686;pizza-square-osm-01378
Пицца Квадрат, Санкт-Петербург, Улица Дыбенко;Санкт-Петербург, просп. Большевиков, 10 к1 литА;59.912100;30.479109;pizza-square-osm-01379
Пицца Квадрат, Санкт-Петербург, Дерптский;Санкт-Петербург, Дерптский пер., 15/11;59.912124;30.287871;pizza-square-osm-01380
Пицца Квадрат, Санкт-Петербург, Ленинградская, 1;Санкт-Петербург, ул. Ленинградская, 1;59.912431;30.504607;pizza-square-osm-01381
Пицца Квадрат, Санкт-Петербург, Обводного канала, 14 литМ;Санкт-Петербург, наб. Обводного канала, 14 литМ;59.912768;30.375668;pizza-square-osm-01382
Пицца Квадрат, Санкт-Петербург, Рижский;Санкт-Петербург, Рижский просп., 58;59.913030;30.275044;pizza-square-osm-01383
Пицца Квадрат, Санкт-Петербург, Рижский, 35;Санкт-Петербург, Рижский просп., 35;59.913431;30.277398;pizza-square-osm-01384
Пицца Квадрат, Санкт-Петербург, Лиговский, 161;Санкт-Петербург, Лиговский просп., 161;59.913993;30.349317;pizza-square-osm-01385
Пицца Квадрат, Санкт-Петербург, Технологический институт 2;Санкт-Петербург, ул. Бронницкая, 15;59.914341;30.322386;pizza-square-osm-01386
Пицца Квадрат, Санкт-Петербург, Лиговский, 130;Санкт-Петербург, Лиговский просп., 130;59.914549;30.350643;pizza-square-osm-01387
Пицца Квадрат, Санкт-Петербург, Лиговский, 153;Санкт-Петербург, Лиговский просп., 153;59.914837;30.349382;pizza-square-osm-01388
Пицца Квадрат, Санкт-Петербург, Московский, 32;Санкт-Петербург, Московский просп., 32;59.915334;30.318481;pizza-square-osm-01389
Пицца Квадрат, Санкт-Петербург, Дворцовый;Санкт-Петербург, Дворцовый просп., 57/11;59.915647;29.768193;pizza-square-osm-01390
Пицца Квадрат, Санкт-Петербург, Измайловский;Санкт-Петербург, Измайловский просп., 2А;59.916163;30.308009;pizza-square-osm-01391
Пицца Квадрат, Санкт-Петербург, 1-я Красноармейская;Санкт-Петербург, ул. 1-я Красноармейская, 12;59.916234;30.313132;pizza-square-osm-01392
Пицца Квадрат, Санкт-Петербург, Бронницкая;Санкт-Петербург, ул. Бронницкая, 5 литВ;59.916236;30.320375;pizza-square-osm-01393
Пицца Квадрат, Санкт-Петербург, Бадаева;Санкт-Петербург, ул. Бадаева, 2;59.916547;30.455019;pizza-square-osm-01394
Пицца Квадрат, Санкт-Петербург, Загородный;Санкт-Петербург, Загородный просп., 74;59.916916;30.318994;pizza-square-osm-01395
Пицца Квадрат, Санкт-Петербург, 1-я Красноармейская, 1/21 литД;Санкт-Петербург, ул. 1-я Красноармейская, 1/21 литД;59.916986;30.317631;pizza-square-osm-01396
Пицца Квадрат, Санкт-Петербург, Воронежская;Санкт-Петербург, ул. Воронежская, 5;59.917966;30.348750;pizza-square-osm-01397
Пицца Квадрат, Санкт-Петербург, Марата;Санкт-Петербург, ул. Марата, 86;59.918842;30.338511;pizza-square-osm-01398
Пицца Квадрат, Санкт-Петербург, Проспект Большевиков;Санкт-Петербург, ул. Коллонтай, 18;59.918956;30.464434;pizza-square-osm-01399
Пицца Квадрат, Санкт-Петербург, Лиговский проспект;Санкт-Петербург, Лиговский просп., 111-113-115 литИ;59.919247;30.352689;pizza-square-osm-01400
Пицца Квадрат, Санкт-Петербург, Марата, 86;Санкт-Петербург, ул. Марата, 86;59.919468;30.339548;pizza-square-osm-01401
Пицца Квадрат, Санкт-Петербург, Загородный, 52;Санкт-Петербург, Загородный просп., 52;59.919692;30.329889;pizza-square-osm-01402
Пицца Квадрат, Санкт-Петербург, Римского-Корсакова;Санкт-Петербург, просп. Римского-Корсакова, 81;59.920134;30.284763;pizza-square-osm-01403
Пицца Квадрат, Санкт-Петербург, Площадь Александра Невского 1;Санкт-Петербург, просп. Обуховской Обороны, 3 литБ;59.920226;30.394591;pizza-square-osm-01404
Пицца Квадрат, Санкт-Петербург, реки Фонтанки;Санкт-Петербург, наб. реки Фонтанки, 112;59.920518;30.315129;pizza-square-osm-01405
Пицца Квадрат, Санкт-Петербург, Лиговский, 88;Санкт-Петербург, Лиговский просп., 88;59.920839;30.354957;pizza-square-osm-01406
Пицца Квадрат, Санкт-Петербург, Загородный, 45А;Санкт-Петербург, Загородный просп., 45А;59.921202;30.329463;pizza-square-osm-01407
Пицца Квадрат, Санкт-Петербург, Лиговский, 105;Санкт-Петербург, Лиговский просп., 105;59.921528;30.354184;pizza-square-osm-01408
Пицца Квадрат, Санкт-Петербург, Лиговский, 74;Санкт-Петербург, Лиговский просп., 74;59.921821;30.355859;pizza-square-osm-01409
Пицца Квадрат, Санкт-Петербург, Кременчугская;Санкт-Петербург, ул. Кременчугская, 13 к2;59.922236;30.370212;pizza-square-osm-01410
Пицца Квадрат, Санкт-Петербург, Звенигородская;Санкт-Петербург, ул. Звенигородская, 1 к2;59.922339;30.336047;pizza-square-osm-01411
Пицца Квадрат, Санкт-Петербург, Владимирская;Санкт-Петербург, ул. Социалистическая, 12;59.922479;30.343062;pizza-square-osm-01412
Пицца Квадрат, Санкт-Петербург, Гороховая;Санкт-Петербург, ул. Гороховая, 69;59.922679;30.330409;pizza-square-osm-01413
Пицца Квадрат, Санкт-Петербург, Марата, 54/34;Санкт-Петербург, ул. Марата, 54/34;59.922856;30.350371;pizza-square-osm-01414
Пицца Квадрат, Санкт-Петербург, Правды;Санкт-Петербург, ул. Правды, 9;59.923195;30.341729;pizza-square-osm-01415
Пицца Квадрат, Санкт-Петербург, Кременчугская, 11 к3;Санкт-Петербург, ул. Кременчугская, 11 к3;59.923387;30.371523;pizza-square-osm-01416
Пицца Квадрат, Санкт-Петербург, Спасская;Санкт-Петербург, ул. Садовая, 50Б литБ;59.923528;30.310440;pizza-square-osm-01417
Пицца Квадрат, Санкт-Петербург, Невский;Санкт-Петербург, Невский просп., 175;59.923863;30.383770;pizza-square-osm-01418
Пицца Квадрат, Санкт-Петербург, Гороховая, 56 литА;Санкт-Петербург, ул. Гороховая, 56 литА;59.923935;30.329135;pizza-square-osm-01419
Пицца Квадрат, Санкт-Петербург, Новочеркасская;Санкт-Петербург, ул. Таллинская, 11;59.924144;30.415010;pizza-square-osm-01420
Пицца Квадрат, Санкт-Петербург, Театральная;Санкт-Петербург, Театральная пл., 18;59.924416;30.296449;pizza-square-osm-01421
Пицца Квадрат, Санкт-Петербург, Лиговский, 50 литБ;Санкт-Петербург, Лиговский просп., 50 литБ;59.924472;30.361553;pizza-square-osm-01422
Пицца Квадрат, Санкт-Петербург, Вознесенский;Санкт-Петербург, Вознесенский просп., 35;59.924493;30.307679;pizza-square-osm-01423
Пицца Квадрат, Санкт-Петербург, Новочеркасский;Санкт-Петербург, Новочеркасский просп., 49/20;59.924716;30.415280;pizza-square-osm-01424
Пицца Квадрат, Санкт-Петербург, Садовая, 49;Санкт-Петербург, ул. Садовая, 49;59.924844;30.312806;pizza-square-osm-01425
Пицца Квадрат, Санкт-Петербург, Сенная площадь;Санкт-Петербург, Московский просп., 4А;59.924909;30.319184;pizza-square-osm-01426
Пицца Квадрат, Санкт-Петербург, Коллонтай;Санкт-Петербург, ул. Коллонтай, 41 к1;59.924984;30.495536;pizza-square-osm-01427
Пицца Квадрат, Санкт-Петербург, Миргородская;Санкт-Петербург, ул. Миргородская, 20;59.925155;30.373367;pizza-square-osm-01428
Пицца Квадрат, Санкт-Петербург, Синопская;Санкт-Петербург, Синопская наб., 10;59.925483;30.389653;pizza-square-osm-01429
Пицца Квадрат, Санкт-Петербург, канала Грибоедова;Санкт-Петербург, наб. канала Грибоедова, 66;59.925638;30.312747;pizza-square-osm-01430
Пицца Квадрат, Санкт-Петербург, Площадь Александра Невского 2;Санкт-Петербург, Невский просп., 139 литБ;59.925771;30.375746;pizza-square-osm-01431
Пицца Квадрат, Санкт-Петербург, Достоевская;Санкт-Петербург, Загородный просп., 20;59.925922;30.342177;pizza-square-osm-01432
Пицца Квадрат, Санкт-Петербург, канала Грибоедова, 105;Санкт-Петербург, наб. канала Грибоедова, 105;59.926032;30.299953;pizza-square-osm-01433
Пицца Квадрат, Санкт-Петербург, Загородный, 11;Санкт-Петербург, Загородный просп., 11;59.926426;30.342624;pizza-square-osm-01434
Пицца Квадрат, Санкт-Петербург, Гороховая, 46;Санкт-Петербург, ул. Гороховая, 46;59.926579;30.325091;pizza-square-osm-01435
Пицца Квадрат, Санкт-Петербург, канала Грибоедова, 96;Санкт-Петербург, наб. канала Грибоедова, 96;59.926745;30.302114;pizza-square-osm-01436
Пицца Квадрат, Санкт-Петербург, Марата, 26/11;Санкт-Петербург, ул. Марата, 26/11;59.926800;30.352824;pizza-square-osm-01437
Пицца Квадрат, Санкт-Петербург, Ломоносова;Санкт-Петербург, ул. Ломоносова, 24;59.926944;30.340512;pizza-square-osm-01438
Пицца Квадрат, Санкт-Петербург, канала Грибоедова, 54;Санкт-Петербург, наб. канала Грибоедова, 54;59.927091;30.315704;pizza-square-osm-01439
Пицца Квадрат, Санкт-Петербург, Площадь Восстания;Санкт-Петербург, Лиговский просп., 30;59.927253;30.359841;pizza-square-osm-01440
Пицца Квадрат, Санкт-Петербург, Российский;Санкт-Петербург, Российский просп., 10;59.927429;30.471491;pizza-square-osm-01441
Пицца Квадрат, Санкт-Петербург, Лиговский, 30;Санкт-Петербург, Лиговский просп., 30;59.927501;30.360844;pizza-square-osm-01442
Пицца Квадрат, Санкт-Петербург, Кузнечный;Санкт-Петербург, Кузнечный пер., 2-4 литБ;59.927667;30.349865;pizza-square-osm-01443
Пицца Квадрат, Санкт-Петербург, Гороховая, 38;Санкт-Петербург, ул. Гороховая, 38;59.927863;30.322749;pizza-square-osm-01444
Пицца Квадрат, Санкт-Петербург, Гаванская;Санкт-Петербург, ул. Гаванская, 4;59.927938;30.241950;pizza-square-osm-01445
Пицца Квадрат, Санкт-Петербург, Владимирский;Санкт-Петербург, Владимирский просп., 23;59.928062;30.346258;pizza-square-osm-01446
Пицца Квадрат, Санкт-Петербург, Новочеркасский, 43/17;Санкт-Петербург, Новочеркасский просп., 43/17;59.928395;30.410846;pizza-square-osm-01447
Пицца Квадрат, Санкт-Петербург, Невский проспект;Санкт-Петербург, ул. Садовая, 28-30 к49;59.928455;30.331901;pizza-square-osm-01448
Пицца Квадрат, Санкт-Петербург, Херсонская;Санкт-Петербург, ул. Херсонская, 12-14;59.928520;30.380987;pizza-square-osm-01449
Пицца Квадрат, Санкт-Петербург, Рубинштейна;Санкт-Петербург, ул. Рубинштейна, 30;59.928701;30.344668;pizza-square-osm-01450
Пицца Квадрат, Санкт-Петербург, Гончарная;Санкт-Петербург, ул. Гончарная, 18;59.928953;30.367116;pizza-square-osm-01451
Пицца Квадрат, Санкт-Петербург, Лиговский, 53;Санкт-Петербург, Лиговский просп., 53;59.929015;30.359276;pizza-square-osm-01452
Пицца Квадрат, Санкт-Петербург, Большой В.О.;Санкт-Петербург, Большой просп. В.О., 89/1;59.929224;30.247686;pizza-square-osm-01453
Пицца Квадрат, Санкт-Петербург, Дмитровский;Санкт-Петербург, Дмитровский пер., 15;59.929380;30.349960;pizza-square-osm-01454
Пицца Квадрат, Санкт-Петербург, Невский, 85 литВ;Санкт-Петербург, Невский просп., 85 литВ;59.929443;30.361312;pizza-square-osm-01455
Пицца Квадрат, Санкт-Петербург, Российский, 14;Санкт-Петербург, Российский просп., 14;59.929598;30.472269;pizza-square-osm-01456
Пицца Квадрат, Санкт-Петербург, реки Мойки;Санкт-Петербург, наб. реки Мойки, 90 литК;59.929636;30.301118;pizza-square-osm-01457
Пицца Квадрат, Санкт-Петербург, Невский, 85 литГ2;Санкт-Петербург, Невский просп., 85 литГ2;59.929808;30.362467;pizza-square-osm-01458
Пицца Квадрат, Санкт-Петербург, Гороховая, 28;Санкт-Петербург, ул. Гороховая, 28;59.929948;30.320059;pizza-square-osm-01459
Пицца Квадрат, Санкт-Петербург, реки Мойки, 84 литБ;Санкт-Петербург, наб. реки Мойки, 84 литБ;59.930286;30.302159;pizza-square-osm-01460
Пицца Квадрат, Санкт-Петербург, Невский, 91;Санкт-Петербург, Невский просп., 91;59.930405;30.364919;pizza-square-osm-01461
Пицца Квадрат, Санкт-Петербург, Гаванская, 15;Санкт-Петербург, ул. Гаванская, 15;59.930482;30.241144;pizza-square-osm-01462
Пицца Квадрат, Санкт-Петербург, Владимирский, 9А;Санкт-Петербург, Владимирский просп., 9А;59.930644;30.347455;pizza-square-osm-01463
Пицца Квадрат, Санкт-Петербург, Ладожская;Санкт-Петербург, Заневский просп., 65 к1;59.930659;30.432741;pizza-square-osm-01464
Пицца Квадрат, Санкт-Петербург, Бакунина;Санкт-Петербург, просп. Бакунина, 31;59.930827;30.384733;pizza-square-osm-01465
Пицца Квадрат, Санкт-Петербург, Рубинштейна, 7;Санкт-Петербург, ул. Рубинштейна, 7;59.931184;30.344327;pizza-square-osm-01466
Пицца Квадрат, Санкт-Петербург, Маяковская;Санкт-Петербург, ул. Марата, 1/71;59.931241;30.354916;pizza-square-osm-01467
Пицца Квадрат, Санкт-Петербург, канала Грибоедова, 39;Санкт-Петербург, наб. канала Грибоедова, 39;59.931399;30.321563;pizza-square-osm-01468
Пицца Квадрат, Санкт-Петербург, Заневский;Санкт-Петербург, Заневский просп., 73;59.931423;30.442088;pizza-square-osm-01469
Пицца Квадрат, Санкт-Петербург, Адмиралтейская;Санкт-Петербург, пер. Гривцова, 4;59.931598;30.312877;pizza-square-osm-01470
Пицца Квадрат, Санкт-Петербург, Гаванская, 19;Санкт-Петербург, ул. Гаванская, 19;59.931665;30.240871;pizza-square-osm-01471
Пицца Квадрат, Санкт-Петербург, Галерная;Санкт-Петербург, ул. Галерная, 26;59.931851;30.291378;pizza-square-osm-01472
Пицца Квадрат, Санкт-Петербург, Восстания;Санкт-Петербург, пл. Восстания, 1;59.931964;30.360578;pizza-square-osm-01473
Пицца Квадрат, Санкт-Петербург, Невский, 96;Санкт-Петербург, Невский просп., 96;59.932038;30.354718;pizza-square-osm-01474
Пицца Квадрат, Санкт-Петербург, Гостиный двор;Санкт-Петербург, пл. Островского, 5;59.932255;30.335170;pizza-square-osm-01475
Пицца Квадрат, Санкт-Петербург, 3-я Советская;Санкт-Петербург, ул. 3-я Советская, 5;59.932317;30.369238;pizza-square-osm-01476
Пицца Квадрат, Санкт-Петербург, Заневский, 73;Санкт-Петербург, Заневский просп., 73;59.932491;30.440104;pizza-square-osm-01477
Пицца Квадрат, Санкт-Петербург, Конногвардейский;Санкт-Петербург, Конногвардейский бул., 4;59.932582;30.297442;pizza-square-osm-01478
Пицца Квадрат, Санкт-Петербург, Ломоносова, 2;Санкт-Петербург, ул. Ломоносова, 2;59.932626;30.326686;pizza-square-osm-01479
Пицца Квадрат, Санкт-Петербург, реки Мойки, 56;Санкт-Петербург, наб. реки Мойки, 56;59.932680;30.315510;pizza-square-osm-01480
Пицца Квадрат, Санкт-Петербург, Ворошилова;Санкт-Петербург, ул. Ворошилова, 31 к4;59.932952;30.462860;pizza-square-osm-01481
Пицца Квадрат, Санкт-Петербург, Большая Морская;Санкт-Петербург, ул. Большая Морская, 36;59.933103;30.311082;pizza-square-osm-01482
Пицца Квадрат, Санкт-Петербург, Горный институт;Санкт-Петербург, 26-я линия В.О., 15 к2;59.933127;30.256903;pizza-square-osm-01483
Пицца Квадрат, Санкт-Петербург, Галерная, 20-22;Санкт-Петербург, ул. Галерная, 20-22;59.933485;30.296641;pizza-square-osm-01484
Пицца Квадрат, Санкт-Петербург, Греческий;Санкт-Петербург, Греческий просп., 1А литВ;59.933557;30.364171;pizza-square-osm-01485
Пицца Квадрат, Санкт-Петербург, Восстания, 11;Санкт-Петербург, ул. Восстания, 11;59.933697;30.360403;pizza-square-osm-01486
Пицца Квадрат, Санкт-Петербург, Галерная, 17;Санкт-Петербург, ул. Галерная, 17;59.934047;30.297070;pizza-square-osm-01487
Пицца Квадрат, Санкт-Петербург, Большая Морская, 25;Санкт-Петербург, ул. Большая Морская, 25;59.934088;30.312880;pizza-square-osm-01488
Пицца Квадрат, Санкт-Петербург, Ульяны Громовой;Санкт-Петербург, пер. Ульяны Громовой, 3;59.934156;30.361522;pizza-square-osm-01489
Пицца Квадрат, Санкт-Петербург, Мытнинская;Санкт-Петербург, ул. Мытнинская, 15;59.934303;30.378612;pizza-square-osm-01490
Пицца Квадрат, Санкт-Петербург, Хасанская;Санкт-Петербург, ул. Хасанская, 17 к1;59.934483;30.496866;pizza-square-osm-01491
Пицца Квадрат, Санкт-Петербург, Синопская, 52;Санкт-Петербург, Синопская наб., 52;59.934551;30.392229;pizza-square-osm-01492
Пицца Квадрат, Санкт-Петербург, Суворовский;Санкт-Петербург, Суворовский просп., 15;59.934767;30.372106;pizza-square-osm-01493
Пицца Квадрат, Санкт-Петербург, Заневский, 77;Санкт-Петербург, Заневский просп., 77;59.934925;30.443155;pizza-square-osm-01494
Пицца Квадрат, Санкт-Петербург, Садовая, 13-15/50 литБ;Санкт-Петербург, ул. Садовая, 13-15/50 литБ;59.935029;30.335735;pizza-square-osm-01495
Пицца Квадрат, Санкт-Петербург, Кирпичный;Санкт-Петербург, Кирпичный пер., 6;59.935270;30.316058;pizza-square-osm-01496
Пицца Квадрат, Санкт-Петербург, Хасанская, 15;Санкт-Петербург, ул. Хасанская, 15;59.935425;30.490232;pizza-square-osm-01497
Пицца Квадрат, Санкт-Петербург, Кирпичный, 3;Санкт-Петербург, Кирпичный пер., 3;59.935610;30.315675;pizza-square-osm-01498
Пицца Квадрат, Санкт-Петербург, Невский, 21;Санкт-Петербург, Невский просп., 21;59.935724;30.321904;pizza-square-osm-01499
Пицца Квадрат, Санкт-Петербург, Греческий, 15;Санкт-Петербург, Греческий просп., 15;59.935830;30.367277;pizza-square-osm-01500
Пицца Квадрат, Санкт-Петербург, Садовая, 7-9-11;Санкт-Петербург, ул. Садовая, 7-9-11;59.935934;30.335696;pizza-square-osm-01501
Пицца Квадрат, Санкт-Петербург, Новгородская;Санкт-Петербург, ул. Новгородская, 13;59.936003;30.386573;pizza-square-osm-01502
Пицца Квадрат, Санкт-Петербург, Большая Конюшенная;Санкт-Петербург, ул. Большая Конюшенная, 31;59.936126;30.321848;pizza-square-osm-01503
Пицца Квадрат, Санкт-Петербург, Итальянская;Санкт-Петербург, ул. Итальянская, 15;59.936237;30.334064;pizza-square-osm-01504
Пицца Квадрат, Санкт-Петербург, Хасанская, 14 к3;Санкт-Петербург, ул. Хасанская, 14 к3;59.936485;30.487467;pizza-square-osm-01505
Пицца Квадрат, Санкт-Петербург, Наставников;Санкт-Петербург, просп. Наставников, 3 к1;59.936517;30.488923;pizza-square-osm-01506
Пицца Квадрат, Санкт-Петербург, Жуковского;Санкт-Петербург, ул. Жуковского, 18 литБ;59.936736;30.356813;pizza-square-osm-01507
Пицца Квадрат, Санкт-Петербург, Новгородская, 18;Санкт-Петербург, ул. Новгородская, 18;59.936906;30.386371;pizza-square-osm-01508
Пицца Квадрат, Санкт-Петербург, 8-я Советская;Санкт-Петербург, ул. 8-я Советская, 14;59.937090;30.373076;pizza-square-osm-01509
Пицца Квадрат, Санкт-Петербург, Невский, 22а литА;Санкт-Петербург, Невский просп., 22а литА;59.937162;30.323134;pizza-square-osm-01510
Пицца Квадрат, Санкт-Петербург, Моисеенко;Санкт-Петербург, ул. Моисеенко, 43 литБ;59.937396;30.393594;pizza-square-osm-01511
Пицца Квадрат, Санкт-Петербург, Средний В.О.;Санкт-Петербург, Средний просп. В.О., 76/18;59.937523;30.259873;pizza-square-osm-01512
Пицца Квадрат, Санкт-Петербург, Большая Конюшенная, 10;Санкт-Петербург, ул. Большая Конюшенная, 10;59.937703;30.323384;pizza-square-osm-01513
Пицца Квадрат, Санкт-Петербург, Энергетиков;Санкт-Петербург, просп. Энергетиков, 8 к1;59.937932;30.434806;pizza-square-osm-01514
Пицца Квадрат, Санкт-Петербург, Белинского;Санкт-Петербург, ул. Белинского, 1/32;59.938029;30.344616;pizza-square-osm-01515
Пицца Квадрат, Санкт-Петербург, 17-я линия В.О.;Санкт-Петербург, 17-я линия В.О., 22 литБ;59.938380;30.266854;pizza-square-osm-01516
Пицца Квадрат, Санкт-Петербург, Василеостровская;Санкт-Петербург, Большой просп. В.О., 22;59.938471;30.282093;pizza-square-osm-01517
Пицца Квадрат, Санкт-Петербург, Чернышевская;Санкт-Петербург, ул. Некрасова, 50;59.938678;30.365411;pizza-square-osm-01518
Пицца Квадрат, Санкт-Петербург, Малый В.О.;Санкт-Петербург, Малый просп. В.О., 88;59.938882;30.228610;pizza-square-osm-01519
Пицца Квадрат, Санкт-Петербург, Университетская;Санкт-Петербург, Университетская наб., 15;59.938926;30.296229;pizza-square-osm-01520
Пицца Квадрат, Санкт-Петербург, Новгородская, 20;Санкт-Петербург, ул. Новгородская, 20;59.938946;30.385541;pizza-square-osm-01521
Пицца Квадрат, Санкт-Петербург, реки Мойки, 26;Санкт-Петербург, наб. реки Мойки, 26;59.939106;30.320475;pizza-square-osm-01522
Пицца Квадрат, Санкт-Петербург, Моховая;Санкт-Петербург, ул. Моховая, 43;59.939196;30.344862;pizza-square-osm-01523
Пицца Квадрат, Санкт-Петербург, Большой В.О., 16/14;Санкт-Петербург, Большой просп. В.О., 16/14;59.939394;30.286008;pizza-square-osm-01524
Пицца Квадрат, Санкт-Петербург, Кирочная;Санкт-Петербург, ул. Кирочная, 70;59.939657;30.390973;pizza-square-osm-01525
Пицца Квадрат, Санкт-Петербург, Ленская;Санкт-Петербург, ул. Ленская, 17 к1;59.939826;30.494124;pizza-square-osm-01526
Пицца Квадрат, Санкт-Петербург, Магнитогорская;Санкт-Петербург, ул. Магнитогорская, 51;59.939912;30.432028;pizza-square-osm-01527
Пицца Квадрат, Санкт-Петербург, Конюшенная;Санкт-Петербург, Конюшенная пл., 2В;59.940038;30.325907;pizza-square-osm-01528
Пицца Квадрат, Санкт-Петербург, Ленская, 16 к1;Санкт-Петербург, ул. Ленская, 16 к1;59.940274;30.496431;pizza-square-osm-01529
Пицца Квадрат, Санкт-Петербург, Конюшенная, 2;Санкт-Петербург, Конюшенная пл., 2;59.940570;30.326938;pizza-square-osm-01530
Пицца Квадрат, Санкт-Петербург, Литейный;Санкт-Петербург, Литейный просп., 35;59.940679;30.348110;pizza-square-osm-01531
Пицца Квадрат, Санкт-Петербург, 1-я линия В.О.;Санкт-Петербург, 1-я линия В.О., 18/2;59.940889;30.291013;pizza-square-osm-01532
Пицца Квадрат, Санкт-Петербург, Наличная;Санкт-Петербург, ул. Наличная, 35 к1;59.941112;30.232718;pizza-square-osm-01533
Пицца Квадрат, Санкт-Петербург, Большой В.О., 5;Санкт-Петербург, Большой просп. В.О., 5;59.941294;30.288574;pizza-square-osm-01534
Пицца Квадрат, Санкт-Петербург, 7-я линия В.О.;Санкт-Петербург, 7-я линия В.О., 38;59.941535;30.280124;pizza-square-osm-01535
Пицца Квадрат, Санкт-Петербург, Средний В.О., 49;Санкт-Петербург, Средний просп. В.О., 49;59.941579;30.272712;pizza-square-osm-01536
Пицца Квадрат, Санкт-Петербург, Моховая, 26;Санкт-Петербург, ул. Моховая, 26;59.941839;30.345464;pizza-square-osm-01537
Пицца Квадрат, Санкт-Петербург, Нахимова;Санкт-Петербург, ул. Нахимова, 5;59.941929;30.224466;pizza-square-osm-01538
Пицца Квадрат, Санкт-Петербург, Марсово поле;Санкт-Петербург, Марсово поле, 7;59.942149;30.329809;pizza-square-osm-01539
Пицца Квадрат, Санкт-Петербург, Короленко;Санкт-Петербург, ул. Короленко, 14;59.942489;30.350252;pizza-square-osm-01540
Пицца Квадрат, Санкт-Петербург, Миллионная;Санкт-Петербург, ул. Миллионная, 27;59.942607;30.320956;pizza-square-osm-01541
Пицца Квадрат, Санкт-Петербург, Пестеля;Санкт-Петербург, ул. Пестеля, 27;59.942767;30.349483;pizza-square-osm-01542
Пицца Квадрат, Санкт-Петербург, 16-я линия В.О.;Санкт-Петербург, 16-я линия В.О., 71/50;59.942933;30.261386;pizza-square-osm-01543
Пицца Квадрат, Санкт-Петербург, Кадетская линия В.О.;Санкт-Петербург, Кадетская линия В.О., 7/2;59.943139;30.289317;pizza-square-osm-01544
Пицца Квадрат, Санкт-Петербург, Манежный;Санкт-Петербург, Манежный пер., 2;59.943348;30.350581;pizza-square-osm-01545
Пицца Квадрат, Санкт-Петербург, Миллионная, 4/1 литБ;Санкт-Петербург, ул. Миллионная, 4/1 литБ;59.943616;30.326464;pizza-square-osm-01546
Пицца Квадрат, Санкт-Петербург, Манежный, 14 литБ;Санкт-Петербург, Манежный пер., 14 литБ;59.943839;30.358143;pizza-square-osm-01547
Пицца Квадрат, Санкт-Петербург, 9-я линия В.О.;Санкт-Петербург, 9-я линия В.О., 46;59.943934;30.273982;pizza-square-osm-01548
Пицца Квадрат, Санкт-Петербург, Тульская;Санкт-Петербург, ул. Тульская, 2А;59.944088;30.388132;pizza-square-osm-01549
Пицца Квадрат, Санкт-Петербург, Моховая, 13;Санкт-Петербург, ул. Моховая, 13;59.944283;30.344952;pizza-square-osm-01550
Пицца Квадрат, Санкт-Петербург, Индустриальный;Санкт-Петербург, Индустриальный просп., 19А;59.944604;30.479876;pizza-square-osm-01551
Пицца Квадрат, Санкт-Петербург, Спортивная;Санкт-Петербург, Тучков пер., 12;59.944930;30.288716;pizza-square-osm-01552
Пицца Квадрат, Санкт-Петербург, Суворовский, 56;Санкт-Петербург, Суворовский просп., 56;59.945001;30.386669;pizza-square-osm-01553
Пицца Квадрат, Санкт-Петербург, Приморская;Санкт-Петербург, ул. Беринга, 27 к1;59.945019;30.237400;pizza-square-osm-01554
Пицца Квадрат, Санкт-Петербург, Фурштатская;Санкт-Петербург, ул. Фурштатская, 22;59.945387;30.355365;pizza-square-osm-01555
Пицца Квадрат, Санкт-Петербург, 17-я линия В.О., 64;Санкт-Петербург, 17-я линия В.О., 64;59.945492;30.258397;pizza-square-osm-01556
Пицца Квадрат, Санкт-Петербург, Литейный, 7;Санкт-Петербург, Литейный просп., 7;59.945838;30.348403;pizza-square-osm-01557
Пицца Квадрат, Санкт-Петербург, 6-я линия В.О.;Санкт-Петербург, 6-я линия В.О., 45 литВ;59.945857;30.275772;pizza-square-osm-01558
Пицца Квадрат, Санкт-Петербург, 3-я линия В.О.;Санкт-Петербург, 3-я линия В.О., 46;59.946191;30.281498;pizza-square-osm-01559
Пицца Квадрат, Санкт-Петербург, 6-я линия В.О., 47;Санкт-Петербург, 6-я линия В.О., 47;59.946433;30.275132;pizza-square-osm-01560
Пицца Квадрат, Санкт-Петербург, Литейный, 5/19;Санкт-Петербург, Литейный просп., 5/19;59.946518;30.348364;pizza-square-osm-01561
Пицца Квадрат, Санкт-Петербург, 10-11-я линии В.О.;Санкт-Петербург, 10-11-я линии В.О., 57;59.946752;30.268304;pizza-square-osm-01562
Пицца Квадрат, Санкт-Петербург, Коммуны;Санкт-Петербург, ул. Коммуны, 17;59.946866;30.506261;pizza-square-osm-01563
Пицца Квадрат, Санкт-Петербург, Макарова;Санкт-Петербург, наб. Макарова, 22;59.947319;30.284248;pizza-square-osm-01564
Пицца Квадрат, Санкт-Петербург, Одоевского;Санкт-Петербург, ул. Одоевского, 27;59.948043;30.237078;pizza-square-osm-01565
Пицца Квадрат, Санкт-Петербург, Захарьевская;Санкт-Петербург, ул. Захарьевская, 14 литГ;59.948077;30.359085;pizza-square-osm-01566
Пицца Квадрат, Санкт-Петербург, Одоевского, 33;Санкт-Петербург, ул. Одоевского, 33;59.948465;30.233252;pizza-square-osm-01567
Пицца Квадрат, Санкт-Петербург, Новосмоленская;Санкт-Петербург, Новосмоленская наб., 1;59.948909;30.230794;pizza-square-osm-01568
Пицца Квадрат, Санкт-Петербург, Ставропольская;Санкт-Петербург, ул. Ставропольская, 10;59.949547;30.385520;pizza-square-osm-01569
Пицца Квадрат, Санкт-Петербург, Ударников;Санкт-Петербург, просп. Ударников, 19 к1;59.949603;30.466720;pizza-square-osm-01570
Пицца Квадрат, Санкт-Петербург, Добролюбова;Санкт-Петербург, просп. Добролюбова, 16 к2;59.950240;30.294527;pizza-square-osm-01571
Пицца Квадрат, Санкт-Петербург, Блохина;Санкт-Петербург, ул. Блохина, 1/75;59.950677;30.305949;pizza-square-osm-01572
Пицца Квадрат, Санкт-Петербург, Пугачёва;Санкт-Петербург, ул. Пугачёва, 9;59.951524;30.418119;pizza-square-osm-01573
Пицца Квадрат, Санкт-Петербург, Ударников, 27;Санкт-Петербург, просп. Ударников, 27;59.952399;30.477031;pizza-square-osm-01574
Пицца Квадрат, Санкт-Петербург, Горьковская;Санкт-Петербург, Кронверкская наб., 3;59.953297;30.322131;pizza-square-osm-01575
Пицца Квадрат, Санкт-Петербург, Большая Пороховская;Санкт-Петербург, ул. Большая Пороховская, 50;59.953410;30.430203;pizza-square-osm-01576
Пицца Квадрат, Санкт-Петербург, Большая Пороховская, 16/27;Санкт-Петербург, ул. Большая Пороховская, 16/27;59.953643;30.415390;pizza-square-osm-01577
Пицца Квадрат, Санкт-Петербург, Кронверкский;Санкт-Петербург, Кронверкский просп., 59;59.954514;30.307050;pizza-square-osm-01578
Пицца Квадрат, Санкт-Петербург, Энергетиков, 26 литБ;Санкт-Петербург, просп. Энергетиков, 26 литБ;59.954761;30.436379;pizza-square-osm-01579
Пицца Квадрат, Санкт-Петербург, Кораблестроителей;Санкт-Петербург, ул. Кораблестроителей, 36 к1;59.954889;30.218402;pizza-square-osm-01580
Пицца Квадрат, Санкт-Петербург, Куйбышева;Санкт-Петербург, ул. Куйбышева, 5;59.954974;30.327101;pizza-square-osm-01581
Пицца Квадрат, Санкт-Петербург, Кронверкский, 53;Санкт-Петербург, Кронверкский просп., 53;59.955547;30.308107;pizza-square-osm-01582
Пицца Квадрат, Санкт-Петербург, КИМа;Санкт-Петербург, просп. КИМа, 32;59.955631;30.241439;pizza-square-osm-01583
Пицца Квадрат, Санкт-Петербург, Площадь Ленина;Санкт-Петербург, пл. Ленина, 6;59.955995;30.356258;pizza-square-osm-01584
Пицца Квадрат, Санкт-Петербург, Куйбышева, 15;Санкт-Петербург, ул. Куйбышева, 15;59.956197;30.330502;pizza-square-osm-01585
Пицца Квадрат, Санкт-Петербург, Кронверкский, 47;Санкт-Петербург, Кронверкский просп., 47;59.956688;30.311449;pizza-square-osm-01586
Пицца Квадрат, Санкт-Петербург, Кронверкский, 45;Санкт-Петербург, Кронверкский просп., 45;59.956826;30.312216;pizza-square-osm-01587
Пицца Квадрат, Санкт-Петербург, Сытнинская;Санкт-Петербург, Сытнинская пл., 3;59.957035;30.311093;pizza-square-osm-01588
Пицца Квадрат, Санкт-Петербург, Малая Посадская;Санкт-Петербург, ул. Малая Посадская, 20;59.957336;30.324516;pizza-square-osm-01589
Пицца Квадрат, Санкт-Петербург, Пискарёвский;Санкт-Петербург, Пискарёвский просп., 1;59.957832;30.405685;pizza-square-osm-01590
Пицца Квадрат, Санкт-Петербург, Боткинская;Санкт-Петербург, ул. Боткинская, 6;59.957885;30.352879;pizza-square-osm-01591
Пицца Квадрат, Санкт-Петербург, Чапаева;Санкт-Петербург, ул. Чапаева, 3;59.958304;30.333102;pizza-square-osm-01592
Пицца Квадрат, Санкт-Петербург, Чкаловская;Санкт-Петербург, ул. Пионерская, 31;59.958457;30.288694;pizza-square-osm-01593
Пицца Квадрат, Санкт-Петербург, Большой П.С.;Санкт-Петербург, Большой просп. П.С., 33А;59.958982;30.301406;pizza-square-osm-01594
Пицца Квадрат, Санкт-Петербург, Революции;Санкт-Петербург, ш. Революции, 41/39;59.959232;30.439422;pizza-square-osm-01595
Пицца Квадрат, Санкт-Петербург, Кропоткина;Санкт-Петербург, ул. Кропоткина, 1;59.959240;30.311860;pizza-square-osm-01596
Пицца Квадрат, Санкт-Петербург, Чкаловский;Санкт-Петербург, Чкаловский просп., 7;59.959445;30.289149;pizza-square-osm-01597
Пицца Квадрат, Санкт-Петербург, Большая Зеленина;Санкт-Петербург, ул. Большая Зеленина, 3;59.959821;30.295203;pizza-square-osm-01598
Пицца Квадрат, Санкт-Петербург, Лазо;Санкт-Петербург, ул. Лазо, 13;59.960091;30.483631;pizza-square-osm-01599
Пицца Квадрат, Санкт-Петербург, Лесной;Санкт-Петербург, Лесной просп., 1А;59.960321;30.354062;pizza-square-osm-01600
Пицца Квадрат, Санкт-Петербург, Большой П.С., 41;Санкт-Петербург, Большой просп. П.С., 41;59.960440;30.303826;pizza-square-osm-01601
Пицца Квадрат, Санкт-Петербург, Свердловская;Санкт-Петербург, Свердловская наб., 44 с1;59.960704;30.403998;pizza-square-osm-01602
Пицца Квадрат, Санкт-Петербург, Жукова;Санкт-Петербург, ул. Жукова, 2А литБ;59.961084;30.406671;pizza-square-osm-01603
Пицца Квадрат, Санкт-Петербург, Свердловская, 44;Санкт-Петербург, Свердловская наб., 44;59.961331;30.402027;pizza-square-osm-01604
Пицца Квадрат, Санкт-Петербург, Петроградская;Санкт-Петербург, ул. Большая Монетная, 17-19 литБ;59.961855;30.319943;pizza-square-osm-01605
Пицца Квадрат, Санкт-Петербург, Кондратьевский;Санкт-Петербург, Кондратьевский просп., 7;59.961989;30.378862;pizza-square-osm-01606
Пицца Квадрат, Санкт-Петербург, 3-я Жерновская;Санкт-Петербург, ул. 3-я Жерновская, 4;59.962283;30.487546;pizza-square-osm-01607
Пицца Квадрат, Санкт-Петербург, Комиссара Смирнова;Санкт-Петербург, ул. Комиссара Смирнова, 6/5;59.962489;30.352421;pizza-square-osm-01608
Пицца Квадрат, Санкт-Петербург, Малый П.С.;Санкт-Петербург, Малый просп. П.С., 57;59.962826;30.301131;pizza-square-osm-01609
Пицца Квадрат, Санкт-Петербург, Коммуны, 59 литБ;Санкт-Петербург, ул. Коммуны, 59 литБ;59.963062;30.488254;pizza-square-osm-01610
Пицца Квадрат, Санкт-Петербург, Петергофская;Санкт-Петербург, ул. Петергофская, 12;59.963532;30.278724;pizza-square-osm-01611
Пицца Квадрат, Санкт-Петербург, Адмирала Лазарева;Санкт-Петербург, наб. Адмирала Лазарева, 22;59.964319;30.276856;pizza-square-osm-01612
Пицца Квадрат, Санкт-Петербург, Ленина, 46/23;Санкт-Петербург, ул. Ленина, 46/23;59.964680;30.297499;pizza-square-osm-01613
Пицца Квадрат, Санкт-Петербург, Минеральная;Санкт-Петербург, ул. Минеральная, 29;59.964767;30.364765;pizza-square-osm-01614
Пицца Квадрат, Санкт-Петербург, Малый П.С., 82;Санкт-Петербург, Малый просп. П.С., 82;59.965135;30.304438;pizza-square-osm-01615
Пицца Квадрат, Санкт-Петербург, Кондратьевский, 32 литА;Санкт-Петербург, Кондратьевский просп., 32 литА;59.965766;30.382014;pizza-square-osm-01616
Пицца Квадрат, Санкт-Петербург, Коммуны, 76;Санкт-Петербург, ул. Коммуны, 76;59.966207;30.482911;pizza-square-osm-01617
Пицца Квадрат, Санкт-Петербург, Выборгская;Санкт-Петербург, Нейшлотский пер., 1;59.966684;30.343494;pizza-square-osm-01618
Пицца Квадрат, Санкт-Петербург, Малый П.С., 87;Санкт-Петербург, Малый просп. П.С., 87;59.966746;30.307536;pizza-square-osm-01619
Пицца Квадрат, Санкт-Петербург, Барочная;Санкт-Петербург, ул. Барочная, 10 к1 литА;59.967400;30.288151;pizza-square-osm-01620
Пицца Квадрат, Санкт-Петербург, Пискарёвский, 16;Санкт-Петербург, Пискарёвский просп., 16;59.967471;30.409533;pizza-square-osm-01621
Пицца Квадрат, Санкт-Петербург, Выборгская, 29;Санкт-Петербург, Выборгская наб., 29;59.967976;30.338118;pizza-square-osm-01622
Пицца Квадрат, Санкт-Петербург, Каменноостровский;Санкт-Петербург, Каменноостровский просп., 45 литА;59.968938;30.308816;pizza-square-osm-01623
Пицца Квадрат, Санкт-Петербург, Чкаловский, 60;Санкт-Петербург, Чкаловский просп., 60;59.969074;30.303302;pizza-square-osm-01624
Пицца Квадрат, Санкт-Петербург, Профессора Попова;Санкт-Петербург, ул. Профессора Попова, 2 литТ;59.970733;30.323992;pizza-square-osm-01625
Пицца Квадрат, Санкт-Петербург, Смолячкова;Санкт-Петербург, ул. Смолячкова, 12А;59.970937;30.342605;pizza-square-osm-01626
Пицца Квадрат, Санкт-Петербург, Львовская;Санкт-Петербург, ул. Львовская, 27;59.971177;30.420201;pizza-square-osm-01627
Пицца Квадрат, Санкт-Петербург, Профессора Попова, 43;Санкт-Петербург, ул. Профессора Попова, 43;59.971302;30.291908;pizza-square-osm-01628
Пицца Квадрат, Санкт-Петербург, Энергетиков, 70 литВ;Санкт-Петербург, просп. Энергетиков, 70 литВ;59.971544;30.435047;pizza-square-osm-01629
Пицца Квадрат, Санкт-Петербург, Кондратьевский, 49;Санкт-Петербург, Кондратьевский просп., 49;59.972227;30.388645;pizza-square-osm-01630
Пицца Квадрат, Санкт-Петербург, Менделеевская;Санкт-Петербург, ул. Менделеевская, 2;59.973096;30.350994;pizza-square-osm-01631
Пицца Квадрат, Санкт-Петербург, Кондратьевский, 51 к1;Санкт-Петербург, Кондратьевский просп., 51 к1;59.973625;30.389810;pizza-square-osm-01632
Пицца Квадрат, Санкт-Петербург, Медиков;Санкт-Петербург, просп. Медиков, 10 к1;59.974518;30.316315;pizza-square-osm-01633
Пицца Квадрат, Санкт-Петербург, Большой Сампсониевский;Санкт-Петербург, Большой Сампсониевский просп., 62;59.975412;30.338569;pizza-square-osm-01634
Пицца Квадрат, Санкт-Петербург, Академика Павлова;Санкт-Петербург, ул. Академика Павлова, 12М;59.976720;30.309518;pizza-square-osm-01635
Пицца Квадрат, Санкт-Петербург, Академика Павлова, 7;Санкт-Петербург, ул. Академика Павлова, 7;59.977828;30.315044;pizza-square-osm-01636
Пицца Квадрат, Санкт-Петербург, Пискарёвский, 39;Санкт-Петербург, Пискарёвский просп., 39;59.979476;30.421828;pizza-square-osm-01637
Пицца Квадрат, Санкт-Петербург, Кантемировская;Санкт-Петербург, ул. Кантемировская, 2;59.980832;30.324924;pizza-square-osm-01638
Пицца Квадрат, Санкт-Петербург, Лесная;Санкт-Петербург, Большой Сампсониевский просп., 69 к3;59.982300;30.336850;pizza-square-osm-01639
Пицца Квадрат, Санкт-Петербург, Зотовский;Санкт-Петербург, Зотовский просп., 9;59.983226;30.456433;pizza-square-osm-01640
Пицца Квадрат, Санкт-Петербург, Полюстровский;Санкт-Петербург, Полюстровский просп., 72;59.983958;30.361768;pizza-square-osm-01641
Пицца Квадрат, Санкт-Петербург, Пискарёвский, 40;Санкт-Петербург, Пискарёвский просп., 40;59.984597;30.424850;pizza-square-osm-01642
Пицца Квадрат, Санкт-Петербург, Белоостровская;Санкт-Петербург, ул. Белоостровская, 10;59.984989;30.327072;pizza-square-osm-01643
Пицца Квадрат, Санкт-Петербург, Кантемировская, 26 к2;Санкт-Петербург, ул. Кантемировская, 26 к2;59.985599;30.345879;pizza-square-osm-01644
Пицца Квадрат, Санкт-Петербург, Петровская;Санкт-Петербург, ул. Петровская, 5;59.986079;29.783815;pizza-square-osm-01645
Пицца Квадрат, Санкт-Петербург, Чёрная речка;Санкт-Петербург, ул. Савушкина, 9;59.986183;30.296555;pizza-square-osm-01646
Пицца Квадрат, Санкт-Петербург, Кушелевская дорога;Санкт-Петербург, Кушелевская дорога, 1 к1;59.986670;30.366661;pizza-square-osm-01647
Пицца Квадрат, Санкт-Петербург, Белоостровская, 22;Санкт-Петербург, ул. Белоостровская, 22;59.987009;30.317257;pizza-square-osm-01648
Пицца Квадрат, Санкт-Петербург, Макаровская;Санкт-Петербург, ул. Макаровская, 2А литБ;59.987341;29.762414;pizza-square-osm-01649
Пицца Квадрат, Санкт-Петербург, Кушелевская дорога, 3 к2;Санкт-Петербург, Кушелевская дорога, 3 к2;59.988069;30.369683;pizza-square-osm-01650
Пицца Квадрат, Санкт-Петербург, Ланское;Санкт-Петербург, Ланское ш., 5;59.989467;30.302385;pizza-square-osm-01651
Пицца Квадрат, Санкт-Петербург, Старая Деревня;Санкт-Петербург, Торфяная дорога, 6;59.990509;30.254397;pizza-square-osm-01652
Пицца Квадрат, Санкт-Петербург, Торфяная дорога;Санкт-Петербург, Торфяная дорога, 7 литТ;59.990563;30.258011;pizza-square-osm-01653
Пицца Квадрат, Санкт-Петербург, Торфяная дорога, 10;Санкт-Петербург, Торфяная дорога, 10;59.992212;30.254452;pizza-square-osm-01654
Пицца Квадрат, Санкт-Петербург, Карбышева;Санкт-Петербург, ул. Карбышева, 6 с1;59.993114;30.356195;pizza-square-osm-01655
Пицца Квадрат, Санкт-Петербург, Политехническая;Санкт-Петербург, ул. Политехническая, 9Т;59.993291;30.358663;pizza-square-osm-01656
Пицца Квадрат, Санкт-Петербург, Торфяная дорога, 17 к1;Санкт-Петербург, Торфяная дорога, 17 к1;59.995127;30.256099;pizza-square-osm-01657
Пицца Квадрат, Санкт-Петербург, Полевая Сабировская;Санкт-Петербург, ул. Полевая Сабировская, 47 к1;59.996753;30.273919;pizza-square-osm-01658
Пицца Квадрат, Санкт-Петербург, Площадь Мужества;Санкт-Петербург, просп. Непокорённых, 6 к1;59.997890;30.369910;pizza-square-osm-01659
Пицца Квадрат, Санкт-Петербург, 2-й Муринский;Санкт-Петербург, 2-й Муринский просп., 51;59.998550;30.360643;pizza-square-osm-01660
Пицца Квадрат, Санкт-Петербург, Политехническая, 17 к 1;Санкт-Петербург, ул. Политехническая, 17 к 1;59.999412;30.366038;pizza-square-osm-01661
Пицца Квадрат, Санкт-Петербург, 2-й Муринский, 41;Санкт-Петербург, 2-й Муринский просп., 41;59.999748;30.352590;pizza-square-osm-01662
Пицца Квадрат, Санкт-Петербург, Тореза;Санкт-Петербург, просп. Тореза, 9;60.000172;30.364483;pizza-square-osm-01663
Пицца Квадрат, Санкт-Петербург, Хлопина;Санкт-Петербург, ул. Хлопина, 2;60.001556;30.366914;pizza-square-osm-01664
Пицца Квадрат, Санкт-Петербург, Гаккелевская;Санкт-Петербург, ул. Гаккелевская, 23;60.001660;30.256678;pizza-square-osm-01665
Пицца Квадрат, Санкт-Петербург, Байконурская;Санкт-Петербург, ул. Байконурская, 9 к2;60.002045;30.275696;pizza-square-osm-01666
Пицца Квадрат, Санкт-Петербург, Энгельса;Санкт-Петербург, просп. Энгельса, 21;60.002783;30.328157;pizza-square-osm-01667
Пицца Квадрат, Санкт-Петербург, Туристская;Санкт-Петербург, ул. Туристская, 28 к1;60.002969;30.209412;pizza-square-osm-01668
Пицца Квадрат, Санкт-Петербург, Туристская, 25;Санкт-Петербург, ул. Туристская, 25;60.003978;30.211929;pizza-square-osm-01669
Пицца Квадрат, Санкт-Петербург, Туристская, 30 к1;Санкт-Петербург, ул. Туристская, 30 к1;60.004699;30.210271;pizza-square-osm-01670
Пицца Квадрат, Санкт-Петербург, Пионерская;Санкт-Петербург, Коломяжский просп., 17 к2;60.005137;30.301380;pizza-square-osm-01671
Пицца Квадрат, Санкт-Петербург, Богатырский;Санкт-Петербург, Богатырский просп., 54/32 с3;60.005997;30.211009;pizza-square-osm-01672
Пицца Квадрат, Санкт-Петербург, Науки;Санкт-Петербург, просп. Науки, 44 литА;60.006589;30.425192;pizza-square-osm-01673
Пицца Квадрат, Санкт-Петербург, Комендантский проспект;Санкт-Петербург, ул. Ильюшина, 1 к1;60.007692;30.257064;pizza-square-osm-01674
Пицца Квадрат, Санкт-Петербург, Науки, 36;Санкт-Петербург, просп. Науки, 36;60.008282;30.420048;pizza-square-osm-01675
Пицца Квадрат, Санкт-Петербург, Политехническая, 29А;Санкт-Петербург, ул. Политехническая, 29А;60.009036;30.369818;pizza-square-osm-01676
Пицца Квадрат, Санкт-Петербург, Уточкина;Санкт-Петербург, ул. Уточкина, 2 к1;60.009969;30.261530;pizza-square-osm-01677
Пицца Квадрат, Санкт-Петербург, Академическая;Санкт-Петербург, ул. Бутлерова, 42;60.010462;30.403856;pizza-square-osm-01678
Пицца Квадрат, Санкт-Петербург, Комендантский;Санкт-Петербург, Комендантский просп., 17 к1;60.011054;30.257178;pizza-square-osm-01679
Пицца Квадрат, Санкт-Петербург, Науки, 21;Санкт-Петербург, просп. Науки, 21;60.011396;30.400652;pizza-square-osm-01680
Пицца Квадрат, Санкт-Петербург, Обручевых;Санкт-Петербург, ул. Обручевых, 5;60.012153;30.378884;pizza-square-osm-01681
Пицца Квадрат, Санкт-Петербург, Обручевых, 5;Санкт-Петербург, ул. Обручевых, 5;60.012727;30.379338;pizza-square-osm-01682
Пицца Квадрат, Санкт-Петербург, Науки, 19 к3;Санкт-Петербург, просп. Науки, 19 к3;60.013679;30.394116;pizza-square-osm-01683
Пицца Квадрат, Санкт-Петербург, Науки, 12 к3;Санкт-Петербург, просп. Науки, 12 к3;60.014469;30.393863;pizza-square-osm-01684
Пицца Квадрат, Санкт-Петербург, Науки, 17к2;Санкт-Петербург, просп. Науки, 17к2;60.015091;30.386334;pizza-square-osm-01685
Пицца Квадрат, Санкт-Петербург, Гражданский;Санкт-Петербург, Гражданский просп., 84;60.016046;30.398557;pizza-square-osm-01686
Пицца Квадрат, Санкт-Петербург, Удельная;Санкт-Петербург, ул. Енотаевская, 13;60.016618;30.318059;pizza-square-osm-01687
Пицца Квадрат, Санкт-Петербург, Ярославский;Санкт-Петербург, Ярославский просп., 45;60.017240;30.320211;pizza-square-osm-01688
Пицца Квадрат, Санкт-Петербург, Фермское;Санкт-Петербург, Фермское ш., 39;60.017448;30.312562;pizza-square-osm-01689
Пицца Квадрат, Санкт-Петербург, Тихорецкий;Санкт-Петербург, Тихорецкий просп., 17 литГ;60.019503;30.370345;pizza-square-osm-01690
Пицца Квадрат, Санкт-Петербург, Планерная;Санкт-Петербург, ул. Планерная, 57 к1;60.021762;30.224169;pizza-square-osm-01691
Пицца Квадрат, Санкт-Петербург, Вербная;Санкт-Петербург, ул. Вербная, 21;60.022824;30.292189;pizza-square-osm-01692
Пицца Квадрат, Санкт-Петербург, Энгельса, 83;Санкт-Петербург, просп. Энгельса, 83;60.023882;30.319945;pizza-square-osm-01693
Пицца Квадрат, Санкт-Петербург, Земский;Санкт-Петербург, Земский пер., 8В;60.025541;30.289941;pizza-square-osm-01694
Пицца Квадрат, Санкт-Петербург, Щербакова;Санкт-Петербург, ул. Щербакова, 11;60.029047;30.295748;pizza-square-osm-01695
Пицца Квадрат, Санкт-Петербург, Есенина;Санкт-Петербург, ул. Есенина, 1/1;60.030041;30.330358;pizza-square-osm-01696
Пицца Квадрат, Санкт-Петербург, Королёва;Санкт-Петербург, просп. Королёва, 61;60.031290;30.243289;pizza-square-osm-01697
Пицца Квадрат, Санкт-Петербург, Планерная, 93 с1;Санкт-Петербург, ул. Планерная, 93 с1;60.032290;30.197153;pizza-square-osm-01698
Пицца Квадрат, Санкт-Петербург, Планерная, 97 к1 с1;Санкт-Петербург, ул. Планерная, 97 к1 с1;60.033103;30.195071;pizza-square-osm-01699
Пицца Квадрат, Санкт-Петербург, Плесецкая;Санкт-Петербург, ул. Плесецкая, 10 с1;60.034419;30.217713;pizza-square-osm-01700
Пицца Квадрат, Санкт-Петербург, Парашютная;Санкт-Петербург, ул. Парашютная, 61 к1;60.035089;30.250259;pizza-square-osm-01701
Пицца Квадрат, Санкт-Петербург, Художников;Санкт-Петербург, просп. Художников, 11;60.035942;30.344906;pizza-square-osm-01702
Пицца Квадрат, Санкт-Петербург, Луначарского;Санкт-Петербург, просп. Луначарского, 76 к2;60.036482;30.365644;pizza-square-osm-01703
Пицца Квадрат, Санкт-Петербург, Культуры;Санкт-Петербург, просп. Культуры, 7А;60.037228;30.367838;pizza-square-osm-01704
Пицца Квадрат, Санкт-Петербург, Озерки;Санкт-Петербург, просп. Энгельса, 115 к1;60.038265;30.326130;pizza-square-osm-01705
Пицца Квадрат, Санкт-Петербург, Комендантский, 69;Санкт-Петербург, Комендантский просп., 69;60.039562;30.224055;pizza-square-osm-01706
Пицца Квадрат, Санкт-Петербург, Энгельса, 124 к1;Санкт-Петербург, просп. Энгельса, 124 к1;60.039650;30.324055;pizza-square-osm-01707
Пицца Квадрат, Санкт-Петербург, Комендантский, 71;Санкт-Петербург, Комендантский просп., 71;60.040577;30.222239;pizza-square-osm-01708
Пицца Квадрат, Санкт-Петербург, Просвещения;Санкт-Петербург, просп. Просвещения, 43;60.045619;30.362690;pizza-square-osm-01709
Пицца Квадрат, Санкт-Петербург, Художников, 26 к3 с1;Санкт-Петербург, просп. Художников, 26 к3 с1;60.047719;30.352406;pizza-square-osm-01710
Пицца Квадрат, Санкт-Петербург, Художников, 30 к1;Санкт-Петербург, просп. Художников, 30 к1;60.050086;30.354699;pizza-square-osm-01711
Пицца Квадрат, Санкт-Петербург, Проспект Просвещения;Санкт-Петербург, просп. Просвещения, 27;60.051288;30.340023;pizza-square-osm-01712
Пицца Квадрат, Санкт-Петербург, Есенина, 32 к1;Санкт-Петербург, ул. Есенина, 32 к1;60.052156;30.340966;pizza-square-osm-01713
Пицца Квадрат, Санкт-Петербург, Просвещения, 36/141;Санкт-Петербург, просп. Просвещения, 36/141;60.052913;30.336155;pizza-square-osm-01714
Пицца Квадрат, Санкт-Петербург, Всеволода Боброва;Санкт-Петербург, ул. Всеволода Боброва, 25;60.054134;29.999839;pizza-square-osm-01715
Пицца Квадрат, Санкт-Петербург, Просвещения, 30 к1;Санкт-Петербург, просп. Просвещения, 30 к1;60.054768;30.328008;pizza-square-osm-01716
Пицца Квадрат, Санкт-Петербург, Просвещения, 26;Санкт-Петербург, просп. Просвещения, 26;60.055755;30.324044;pizza-square-osm-01717
Пицца Квадрат, Санкт-Петербург, Энгельса, 154;Санкт-Петербург, просп. Энгельса, 154;60.058954;30.337447;pizza-square-osm-01718
Пицца Квадрат, Санкт-Петербург, Композиторов;Санкт-Петербург, ул. Композиторов, 31Б;60.060832;30.318023;pizza-square-osm-01719
Пицца Квадрат, Санкт-Петербург, Парнас;Санкт-Петербург, ул. Михаила Дудина, 15 к1;60.067143;30.339074;pizza-square-osm-01720
Пицца Квадрат, Санкт-Петербург, Брюлловская;Санкт-Петербург, ул. Брюлловская, 5;60.068913;30.313588;pizza-square-osm-01721
Пицца Квадрат, Санкт-Петербург, Заречная;Санкт-Петербург, ул. Заречная, 17;60.072139;30.317947;pizza-square-osm-01722
Пицца Квадрат, Санкт-Петербург, Заречная, 10 с1;Санкт-Петербург, ул. Заречная, 10 с1;60.072663;30.321792;pizza-square-osm-01723
Пицца Квадрат, Санкт-Петербург, Тихоокеанская;Санкт-Петербург, ул. Тихоокеанская, 1 корпус 2;60.073164;30.242924;pizza-square-osm-01724
Пицца Квадрат, Санкт-Петербург, Выборгское;Санкт-Петербург, Выборгское ш., 216 к1;60.074781;30.272875;pizza-square-osm-01725
Пицца Квадрат, Санкт-Петербург, Фёдора Абрамова;Санкт-Петербург, ул. Фёдора Абрамова, 21 к1;60.079563;30.343905;pizza-square-osm-01726
Пицца Квадрат, Санкт-Петербург, Заречная, 33;Санкт-Петербург, ул. Заречная, 33;60.080238;30.332491;pizza-square-osm-01727
Пицца Квадрат, Санкт-Петербург, Приморское;Санкт-Петербург, Приморское ш., 264А;60.082298;29.957251;pizza-square-osm-01728
Пицца Квадрат, Санкт-Петербург, Токарева;Санкт-Петербург, ул. Токарева, 1;60.086065;29.955731;pizza-square-osm-01729
Пицца Квадрат, Санкт-Петербург, Коммунаров;Санкт-Петербург, ул. Коммунаров, 2В;60.093564;29.956814;pizza-square-osm-01730
Пицца Квадрат, Санкт-Петербург, Ленинградская, 38;Санкт-Петербург, ул. Ленинградская, 38;60.122663;30.164531;pizza-square-osm-01731
Пицца Квадрат, Санкт-Петербург, Выборгское, 25;Санкт-Петербург, Выборгское ш., 25;60.142673;30.207207;pizza-square-osm-01732
Пицца Квадрат, Санкт-Петербург, Восточно-Выборгское;Санкт-Петербург, Восточно-Выборгское ш., 25 к7;60.143226;30.206696;pizza-square-osm-01733
Пицца Квадрат, Санкт-Петербург, Приморское, 422Б;Санкт-Петербург, Приморское ш., 422Б;60.163479;29.860683;pizza-square-osm-01734
Пицца Квадрат, Санкт-Петербург, Ленина, 50А;Санкт-Петербург, просп. Ленина, 50А;60.204940;29.706984;pizza-square-osm-01735
