name;address;lat;lon;external_id
Тёплая плошка, Москва-Сити;Пресненская наб., 10;55.748;37.5376;warm-bowl-01
Тёплая плошка, Чистые пруды;Чистопрудный бульвар, 12;55.7631;37.6436;warm-bowl-02
Тёплая плошка, Арбат;Новый Арбат, 15;55.7524;37.588;warm-bowl-03
Тёплая плошка, Таганская;ул. Таганская, 2;55.7413;37.6541;warm-bowl-04
Тёплая плошка, Зарайск, Революции;Зарайск, пл. Революции, 1;54.757897;38.874231;warm-bowl-osm-00001
Тёплая плошка, Зарайск, Карла Маркса;Зарайск, ул. Карла Маркса, 47;54.759305;38.878123;warm-bowl-osm-00002
Тёплая плошка, Зарайск, Красноармейская;Зарайск, ул. Красноармейская, 36Б;54.760227;38.875725;warm-bowl-osm-00003
Тёплая плошка, Кашира, Коммунистическая;Кашира, ул. Коммунистическая, 104;54.827056;38.154343;warm-bowl-osm-00004
Тёплая плошка, Пущино, Виткевича;Пущино, ул. Виткевича, 8Г;54.834897;37.622196;warm-bowl-osm-00005
Тёплая плошка, Ступино, Горловская;Ступино, ул. Горловская, 73;54.842712;38.040834;warm-bowl-osm-00006
Тёплая плошка, Кашира, Центральная;Кашира, ул. Центральная, 4;54.842942;38.244021;warm-bowl-osm-00007
Тёплая плошка, Озёры, Советский;Озёры, Советский пер., 1;54.853879;38.558206;warm-bowl-osm-00008
Тёплая плошка, Протвино, Ленина;Протвино, ул. Ленина, 9;54.867547;37.216013;warm-bowl-osm-00009
Тёплая плошка, Протвино, Ленина, 32;Протвино, ул. Ленина, 32;54.879243;37.223862;warm-bowl-osm-00010
Тёплая плошка, Кашира, Центральная, 37;Кашира, ул. Центральная, 37;54.887922;38.225260;warm-bowl-osm-00011
Тёплая плошка, Ступино, Калинина;Ступино, ул. Калинина, 38 к1;54.892839;38.069611;warm-bowl-osm-00012
Тёплая плошка, Серпухов, Клубный;Серпухов, Клубный пер., 1;54.906300;37.404550;warm-bowl-osm-00013
Тёплая плошка, Серпухов, Ленина;Серпухов, пл. Ленина, 8;54.913772;37.414529;warm-bowl-osm-00014
Тёплая плошка, Серпухов, Ворошилова;Серпухов, ул. Ворошилова, 50;54.916397;37.419671;warm-bowl-osm-00015
Тёплая плошка, Серпухов, Ворошилова, 137;Серпухов, ул. Ворошилова, 137;54.923263;37.440120;warm-bowl-osm-00016
Тёплая плошка, Серпухов, Звёздная;Серпухов, ул. Звёздная, 6А;54.924200;37.450995;warm-bowl-osm-00017
Тёплая плошка, Серпухов, Подольская;Серпухов, ул. Подольская, 53;54.929991;37.431724;warm-bowl-osm-00018
Тёплая плошка, Серпухов, Ворошилова, 214;Серпухов, ул. Ворошилова, 214;54.935744;37.449494;warm-bowl-osm-00019
Тёплая плошка, Луховицы, Куйбышева;Луховицы, ул. Куйбышева, 108;54.964285;39.026858;warm-bowl-osm-00020
Тёплая плошка, Серпухов, Школьная;Серпухов, ул. Школьная, 14;55.021330;37.388746;warm-bowl-osm-00021
Тёплая плошка, Михнево, 40 лет Победы;Михнево, ул. 40 лет Победы, 7;55.056266;37.763584;warm-bowl-osm-00022
Тёплая плошка, Коломна, Щуровская;Коломна, ул. Щуровская, 20;55.062377;38.849781;warm-bowl-osm-00023
Тёплая плошка, Коломна, Суворова;Коломна, ул. Суворова, 46;55.074884;38.798012;warm-bowl-osm-00024
Тёплая плошка, Коломна, Зелёная;Коломна, ул. Зелёная, 9А;55.079395;38.769806;warm-bowl-osm-00025
Тёплая плошка, Коломна, Макеева;Коломна, ул. Макеева, 1А;55.083695;38.762012;warm-bowl-osm-00026
Тёплая плошка, Коломна, Октябрьской Революции;Коломна, ул. Октябрьской Революции, 297;55.087356;38.793666;warm-bowl-osm-00027
Тёплая плошка, Коломна, Коломенская;Коломна, ул. Коломенская, 4;55.091908;38.766801;warm-bowl-osm-00028
Тёплая плошка, Коломна, Октябрьской Революции, 217;Коломна, ул. Октябрьской Революции, 217;55.099777;38.758422;warm-bowl-osm-00029
Тёплая плошка, Коломна, Площадь 2х Революций;Коломна, Площадь 2х Революций, 2;55.102085;38.756203;warm-bowl-osm-00030
Тёплая плошка, Коломна, Лажечникова;Коломна, ул. Лажечникова, 13;55.104695;38.754662;warm-bowl-osm-00031
Тёплая плошка, Коломна, Пушкина;Коломна, ул. Пушкина, 2;55.105599;38.764595;warm-bowl-osm-00032
Тёплая плошка, Михнево, Московская;Михнево, ул. Московская, 24Б;55.123200;37.944365;warm-bowl-osm-00033
Тёплая плошка, Чехов, Дружбы;Чехов, ул. Дружбы, 33А;55.144505;37.454828;warm-bowl-osm-00034
Тёплая плошка, Чехов, Симферопольское;Чехов, Симферопольское ш., 11;55.165252;37.467969;warm-bowl-osm-00035
Тёплая плошка, Михнево, Центральная;Михнево, ул. Центральная, 14;55.193529;37.876340;warm-bowl-osm-00036
Тёплая плошка, Троицкое, Заря;Троицкое, ул. Заря, 31;55.274565;37.840609;warm-bowl-osm-00037
Тёплая плошка, Столбовая, Родниковая;Столбовая, ул. Родниковая, 1;55.312263;37.529212;warm-bowl-osm-00038
Тёплая плошка, Калужское;Калужское ш., 108Б;55.319180;37.154580;warm-bowl-osm-00039
Тёплая плошка, Воскресенск, Советская;Воскресенск, ул. Советская, 4;55.319876;38.683477;warm-bowl-osm-00040
Тёплая плошка, Верея, Советская;Верея, Советская пл., 9;55.343353;36.183817;warm-bowl-osm-00041
Тёплая плошка, Столбовая, Товарная;Столбовая, ул. Товарная, 1А;55.358542;37.527834;warm-bowl-osm-00042
Тёплая плошка, Столбовая, Садовая;Столбовая, ул. Садовая, 4Б;55.364248;37.508040;warm-bowl-osm-00043
Тёплая плошка, Столбовая, Московская;Столбовая, ул. Московская, 17;55.364544;37.530765;warm-bowl-osm-00044
Тёплая плошка, Егорьевск, Ленина;Егорьевск, просп. Ленина, 2;55.372967;39.052410;warm-bowl-osm-00045
Тёплая плошка, Егорьевск, Александра Невского;Егорьевск, ул. Александра Невского, 1Е;55.376332;39.032216;warm-bowl-osm-00046
Тёплая плошка, Наро-Фоминск, Профсоюзная;Наро-Фоминск, ул. Профсоюзная, 1;55.379298;36.734990;warm-bowl-osm-00047
Тёплая плошка, Егорьевск, Советская;Егорьевск, ул. Советская, 121;55.380394;39.040254;warm-bowl-osm-00048
Тёплая плошка, Наро-Фоминск, Ленина;Наро-Фоминск, ул. Ленина, 8;55.383139;36.728560;warm-bowl-osm-00049
Тёплая плошка, Егорьевск, Советская, 50;Егорьевск, ул. Советская, 50;55.385680;39.031140;warm-bowl-osm-00050
Тёплая плошка, Наро-Фоминск, Свободы;Наро-Фоминск, пл. Свободы, 3;55.386951;36.736066;warm-bowl-osm-00051
Тёплая плошка, Большая Серпуховская;ул. Большая Серпуховская, 229/3;55.388491;37.541851;warm-bowl-osm-00052
Тёплая плошка, Домодедово, трасса М-2 Крым 41-й километр;Домодедово, трасса М-2 Крым 41-й километр, 1 с3Г;55.399326;37.603699;warm-bowl-osm-00053
Тёплая плошка, Домодедово, М-2 Крым, 41-й километр;Домодедово, М-2 Крым, 41-й километр, 1к3;55.401517;37.600170;warm-bowl-osm-00054
Тёплая плошка, Наро-Фоминск, Кубинское;Наро-Фоминск, Кубинское ш., 2А;55.407566;36.718168;warm-bowl-osm-00055
Тёплая плошка, Машиностроителей;ул. Машиностроителей, 44 к3;55.411564;37.582882;warm-bowl-osm-00056
Тёплая плошка, Чехова;ул. Чехова, 1;55.414077;37.528228;warm-bowl-osm-00057
Тёплая плошка, Домодедово, Каширское;Домодедово, Каширское ш., 107 с52;55.417831;37.782332;warm-bowl-osm-00058
Тёплая плошка, Кирова;ул. Кирова, 84;55.419179;37.504919;warm-bowl-osm-00059
Тёплая плошка, Бронницы, Советская;Бронницы, ул. Советская, 119;55.421652;38.276224;warm-bowl-osm-00060
Тёплая плошка, Свердлова;ул. Свердлова, 36В;55.421866;37.535842;warm-bowl-osm-00061
Тёплая плошка, Ленинградская;ул. Ленинградская, 31;55.424301;37.493178;warm-bowl-osm-00062
Тёплая плошка, Февральская;ул. Февральская, 5;55.427476;37.559790;warm-bowl-osm-00063
Тёплая плошка, Бронницы, Центральная;Бронницы, ул. Центральная, 15;55.429231;38.240566;warm-bowl-osm-00064
Тёплая плошка, Калужское, 5;Калужское ш., 5;55.429692;37.276747;warm-bowl-osm-00065
Тёплая плошка, Революционный;Революционный просп., 13;55.431775;37.561263;warm-bowl-osm-00066
Тёплая плошка, Красногвардейский;Красногвардейский бул., 48Б;55.431989;37.491651;warm-bowl-osm-00067
Тёплая плошка, Февральская, 67;ул. Февральская, 67;55.433298;37.545111;warm-bowl-osm-00068
Тёплая плошка, Домодедово, Октябрьская;Домодедово, ул. Октябрьская, 47;55.433977;37.755929;warm-bowl-osm-00069
Тёплая плошка, Фёдорова;ул. Фёдорова, 16;55.436347;37.550667;warm-bowl-osm-00070
Тёплая плошка, Домодедово, Привокзальная;Домодедово, Привокзальная пл., 7;55.438917;37.773000;warm-bowl-osm-00071
Тёплая плошка, Домодедово, Станционная;Домодедово, ул. Станционная, 5А;55.443010;37.776178;warm-bowl-osm-00072
Тёплая плошка, Домодедово, Промышленная;Домодедово, ул. Промышленная, 11/17;55.451383;37.765765;warm-bowl-osm-00073
Тёплая плошка, Домодедово, Каширское, 3А;Домодедово, Каширское ш., 3А;55.451742;37.763204;warm-bowl-osm-00074
Тёплая плошка, Дорожная;ул. Дорожная, 32;55.464035;36.939220;warm-bowl-osm-00075
Тёплая плошка, Сиреневый;Сиреневый бул., 11;55.470253;37.296134;warm-bowl-osm-00076
Тёплая плошка, Подольская;ул. Подольская, 14;55.470294;37.546191;warm-bowl-osm-00077
Тёплая плошка, Белоозёрский, Воробьёвка;Белоозёрский, ул. Воробьёвка, 42А;55.472758;38.412834;warm-bowl-osm-00078
Тёплая плошка, Академическая;Академическая пл., 3;55.484351;37.304729;warm-bowl-osm-00079
Тёплая плошка, Молоково, Центральная;Молоково, Центральная пл., 2;55.486847;37.978598;warm-bowl-osm-00080
Тёплая плошка, Можайск, Вокзальная;Можайск, ул. Вокзальная, 30;55.492724;36.035135;warm-bowl-osm-00081
Тёплая плошка, Можайск, Ямская;Можайск, ул. Ямская, 1;55.496700;36.018720;warm-bowl-osm-00082
Тёплая плошка, 1-я Ватутинская;ул. 1-я Ватутинская, 3;55.501602;37.332194;warm-bowl-osm-00083
Тёплая плошка, Можайск, Партизанская;Можайск, ул. Партизанская, 4;55.503405;36.205262;warm-bowl-osm-00084
Тёплая плошка, Можайск, Мира;Можайск, ул. Мира, 11/1;55.505011;36.031285;warm-bowl-osm-00085
Тёплая плошка, Сапроново, Берёзовая аллея;Сапроново, Берёзовая аллея, 1;55.507425;37.768152;warm-bowl-osm-00086
Тёплая плошка, Белоозёрский, Первомайская;Белоозёрский, ул. Первомайская, 5А;55.510377;38.339715;warm-bowl-osm-00087
Тёплая плошка, Симферопольское;Симферопольское ш., 3;55.512510;37.575469;warm-bowl-osm-00088
Тёплая плошка, Мостотреста;ул. Мостотреста, 14;55.515272;37.575501;warm-bowl-osm-00089
Тёплая плошка, Чечёрский;Чечёрский пр., 51;55.524264;37.518557;warm-bowl-osm-00090
Тёплая плошка, Рябиновая;ул. Рябиновая, 15с1;55.525890;37.386853;warm-bowl-osm-00091
Тёплая плошка, Сапроново, Западный квартал;Сапроново, ул. Западный квартал, 5 к1;55.532818;37.717003;warm-bowl-osm-00092
Тёплая плошка, Чечёрский, 56 к1;Чечёрский пр., 56 к1;55.533233;37.527135;warm-bowl-osm-00093
Тёплая плошка, Южнобутовская;ул. Южнобутовская, 69;55.535227;37.527832;warm-bowl-osm-00094
Тёплая плошка, Полевая;ул. Полевая, 1А;55.540119;37.432321;warm-bowl-osm-00095
Тёплая плошка, Кокошкино, Луговая;Кокошкино, ул. Луговая, 20А с3;55.540330;37.183959;warm-bowl-osm-00096
Тёплая плошка, Апрелевка, Семёна Гордого;Апрелевка, ул. Семёна Гордого, 7;55.542217;37.153652;warm-bowl-osm-00097
Тёплая плошка, Жуковский, Старорязанская;Жуковский, ул. Старорязанская, 4;55.544063;38.078800;warm-bowl-osm-00098
Тёплая плошка, Улица Горчакова;ул. Адмирала Лазарева, 24;55.546766;37.532469;warm-bowl-osm-00099
Тёплая плошка, Видное, Вокзальная;Видное, ул. Вокзальная, 1;55.547747;37.683863;warm-bowl-osm-00100
Тёплая плошка, Бартеневская;ул. Бартеневская, 39;55.547801;37.522635;warm-bowl-osm-00101
Тёплая плошка, Видное, Кооперативная;Видное, ул. Кооперативная, 2;55.548708;37.681449;warm-bowl-osm-00102
Тёплая плошка, Улица Скобелевская;ул. Поляны, 22;55.551629;37.547627;warm-bowl-osm-00103
Тёплая плошка, Видное, микрорайон Солнечный;Видное, микрорайон Солнечный, 10;55.551868;37.702780;warm-bowl-osm-00104
Тёплая плошка, Эдварда Грига;ул. Эдварда Грига, 16 к2;55.554564;37.503253;warm-bowl-osm-00105
Тёплая плошка, Видное, Советский;Видное, Советский пр., 3;55.554766;37.709832;warm-bowl-osm-00106
Тёплая плошка, Эдварда Грига, 15;ул. Эдварда Грига, 15;55.555535;37.506386;warm-bowl-osm-00107
Тёплая плошка, Мисайлово, Литературный;Мисайлово, Литературный бул., 1;55.557042;37.812319;warm-bowl-osm-00108
Тёплая плошка, Сосенки;Калужское ш., 77;55.557757;37.434797;warm-bowl-osm-00109
Тёплая плошка, Видное, Садовая;Видное, ул. Садовая, 12А;55.558172;37.708023;warm-bowl-osm-00110
Тёплая плошка, Мисайлово, Молодёжный;Мисайлово, Молодёжный бул., 6;55.558868;37.815642;warm-bowl-osm-00111
Тёплая плошка, Акиньшинская;ул. Акиньшинская, 1А;55.559840;37.237166;warm-bowl-osm-00112
Тёплая плошка, Мисайлово, Володарское;Мисайлово, Володарское ш., 2В/1;55.561128;37.829538;warm-bowl-osm-00113
Тёплая плошка, Раменское, Михалевича;Раменское, ул. Михалевича, 70;55.561221;38.247639;warm-bowl-osm-00114
Тёплая плошка, Раменское, 100-й Свирской Дивизии;Раменское, ул. 100-й Свирской Дивизии, 4;55.563606;38.206819;warm-bowl-osm-00115
Тёплая плошка, Раменское, Куйбышева;Раменское, ул. Куйбышева, 39А;55.564887;38.200948;warm-bowl-osm-00116
Тёплая плошка, Калининец, Центральная;Калининец, ул. Центральная, 1Б;55.565857;36.996974;warm-bowl-osm-00117
Тёплая плошка, Видное, Старо-Нагорная;Видное, ул. Старо-Нагорная, 20;55.566608;37.689626;warm-bowl-osm-00118
Тёплая плошка, Грина;ул. Грина, 15;55.568404;37.564624;warm-bowl-osm-00119
Тёплая плошка, Раменское, Карла Маркса;Раменское, ул. Карла Маркса, 6;55.569393;38.226579;warm-bowl-osm-00120
Тёплая плошка, Раменское, Карла Маркса, 8;Раменское, ул. Карла Маркса, 8;55.569923;38.228104;warm-bowl-osm-00121
Тёплая плошка, Жуковский, Речной;Жуковский, Речной пр., 21 с6;55.570716;38.098683;warm-bowl-osm-00122
Тёплая плошка, Куликовская;ул. Куликовская, 1Б;55.571797;37.565437;warm-bowl-osm-00123
Тёплая плошка, Коммунарка;ул. Александры Монаховой, 10;55.572679;37.473643;warm-bowl-osm-00124
Тёплая плошка, микрорайон Эдальго;микрорайон Эдальго, 1;55.572738;37.485772;warm-bowl-osm-00125
Тёплая плошка, Шатура, Советская;Шатура, ул. Советская, 33;55.574205;39.533116;warm-bowl-osm-00126
Тёплая плошка, МКАД, 33-й километр;МКАД, 33-й километр, 1;55.575164;37.600453;warm-bowl-osm-00127
Тёплая плошка, Кубинка, Наро-Фоминское;Кубинка, Наро-Фоминское ш., 14;55.576632;36.695063;warm-bowl-osm-00128
Тёплая плошка, Раменское, Чугунова;Раменское, ул. Чугунова, 15А;55.576671;38.207681;warm-bowl-osm-00129
Тёплая плошка, Раменское, Октябрьская;Раменское, ул. Октябрьская, 35А;55.578262;38.247433;warm-bowl-osm-00130
Тёплая плошка, Раменское, Северное;Раменское, Северное ш., 2;55.578811;38.215496;warm-bowl-osm-00131
Тёплая плошка, Шатура, Академическая;Шатура, ул. Академическая, 11;55.579249;39.514764;warm-bowl-osm-00132
Тёплая плошка, Кратово, Туполева;Кратово, ул. Туполева, 18;55.580500;38.139179;warm-bowl-osm-00133
Тёплая плошка, Краснознаменск, Строителей;Краснознаменск, ул. Строителей, 9А;55.582355;37.044547;warm-bowl-osm-00134
Тёплая плошка, Развилка, Каширское шоссе, 23-й километр;Развилка, Каширское шоссе, 23-й километр, 4;55.583192;37.743735;warm-bowl-osm-00135
Тёплая плошка, Островцы, Центральная;Островцы, ул. Центральная, 172;55.583629;38.012571;warm-bowl-osm-00136
Тёплая плошка, Медынская;ул. Медынская, 7;55.586512;37.648030;warm-bowl-osm-00137
Тёплая плошка, посёлок Совхоза имени Ленина, МКАД 24-й километр;посёлок Совхоза имени Ленина, МКАД 24-й километр, 1;55.586759;37.724213;warm-bowl-osm-00138
Тёплая плошка, Николо-Хованская;ул. Николо-Хованская, 7 с1;55.588707;37.450955;warm-bowl-osm-00139
Тёплая плошка, Улица Академика Янгеля;Варшавское ш., 141 к7;55.590081;37.601334;warm-bowl-osm-00140
Тёплая плошка, Жуковский, Пушкина;Жуковский, ул. Пушкина, 4;55.590824;38.127965;warm-bowl-osm-00141
Тёплая плошка, Краснознаменск, Победы;Краснознаменск, ул. Победы, 28б;55.591134;37.033912;warm-bowl-osm-00142
Тёплая плошка, Веласкеса;бул. Веласкеса, 2;55.591607;37.456026;warm-bowl-osm-00143
Тёплая плошка, Жуковский, Ломоносова;Жуковский, ул. Ломоносова, 10;55.592306;38.121255;warm-bowl-osm-00144
Тёплая плошка, Веласкеса, 7к3;бул. Веласкеса, 7к3;55.593570;37.460514;warm-bowl-osm-00145
Тёплая плошка, Жуковский, Маяковского;Жуковский, ул. Маяковского, 18;55.594734;38.123533;warm-bowl-osm-00146
Тёплая плошка, МКАД 38 Километр;МКАД 38 Километр, вл4Б с3;55.595629;37.514186;warm-bowl-osm-00147
Тёплая плошка, Развилка, 6-й Берёзовый;Развилка, 6-й Берёзовый пр., 1;55.596331;37.774920;warm-bowl-osm-00148
Тёплая плошка, Варшавское;Варшавское ш., 150Б;55.597162;37.601191;warm-bowl-osm-00149
Тёплая плошка, Тучково, Советская;Тучково, ул. Советская, 1;55.597883;36.467575;warm-bowl-osm-00150
Тёплая плошка, Жуковский, Жуковского;Жуковский, ул. Жуковского, 5;55.598496;38.116440;warm-bowl-osm-00151
Тёплая плошка, Голицыно, Минское;Голицыно, Минское ш., 45;55.598800;36.959593;warm-bowl-osm-00152
Тёплая плошка, Развилка, Цветочная;Развилка, ул. Цветочная, 1А;55.600690;37.795839;warm-bowl-osm-00153
Тёплая плошка, Жуковский, Мясищева;Жуковский, ул. Мясищева, 1;55.600837;38.106785;warm-bowl-osm-00154
Тёплая плошка, Краснознаменск, Победы, 6Е;Краснознаменск, ул. Победы, 6Е;55.601403;37.035203;warm-bowl-osm-00155
Тёплая плошка, Вильнюсская;ул. Вильнюсская, 7 к2;55.602681;37.523921;warm-bowl-osm-00156
Тёплая плошка, Голицыно, Минское, 45;Голицыно, Минское ш., 45;55.603363;37.011147;warm-bowl-osm-00157
Тёплая плошка, Аэропорт Внуково;ул. 2-я Рейсовая, 2 к3;55.603727;37.290548;warm-bowl-osm-00158
Тёплая плошка, Раменское, Шоссейная;Раменское, ул. Шоссейная, 21;55.604170;38.428215;warm-bowl-osm-00159
Тёплая плошка, Краснознаменск, Гагарина;Краснознаменск, ул. Гагарина, 10;55.604371;37.030147;warm-bowl-osm-00160
Тёплая плошка, Ильинский, Молодёжная;Ильинский, ул. Молодёжная, 15 с2;55.604508;38.092708;warm-bowl-osm-00161
Тёплая плошка, Тамбовская;ул. Тамбовская, 8 к2;55.604918;37.744942;warm-bowl-osm-00162
Тёплая плошка, 1-й микрорайон;1-й микрорайон, 5Б;55.605461;37.354100;warm-bowl-osm-00163
Тёплая плошка, Чертановская;ул. Чертановская, 45А;55.607522;37.593856;warm-bowl-osm-00164
Тёплая плошка, Красного Маяка;ул. Красного Маяка, 15А с1;55.608299;37.579473;warm-bowl-osm-00165
Тёплая плошка, Ильинский, Королёва;Ильинский, ул. Королёва, 6 с3;55.608907;38.092218;warm-bowl-osm-00166
Тёплая плошка, Ясенево;Литовский бул., 4;55.609472;37.526941;warm-bowl-osm-00167
Тёплая плошка, Ильинский, Королёва, 4 с2;Ильинский, ул. Королёва, 4 с2;55.609706;38.093183;warm-bowl-osm-00168
Тёплая плошка, 1-я Рейсовая;ул. 1-я Рейсовая, 4А;55.609883;37.294156;warm-bowl-osm-00169
Тёплая плошка, Давыдово, Советская;Давыдово, ул. Советская, 53А;55.610566;38.854423;warm-bowl-osm-00170
Тёплая плошка, Елецкая;ул. Елецкая, 4 к1;55.611493;37.730453;warm-bowl-osm-00171
Тёплая плошка, Литовский;Литовский бул., 22 с1;55.611525;37.537018;warm-bowl-osm-00172
Тёплая плошка, Ильинский, Опалённой Юности;Ильинский, ул. Опалённой Юности, 28;55.611962;38.096144;warm-bowl-osm-00173
Тёплая плошка, Орехово;Шипиловский пр., 39 к3;55.612527;37.696716;warm-bowl-osm-00174
Тёплая плошка, Ореховый;Ореховый бул., 26А;55.614348;37.756626;warm-bowl-osm-00175
Тёплая плошка, Литовский, 1А;Литовский бул., 1А;55.614737;37.527786;warm-bowl-osm-00176
Тёплая плошка, Чертановская, 36 с1;ул. Чертановская, 36 с1;55.615433;37.591900;warm-bowl-osm-00177
Тёплая плошка, Соловьиный;Соловьиный пр., 6А;55.615635;37.549895;warm-bowl-osm-00178
Тёплая плошка, Тёплый Стан;Новоясеневский просп., вл2Б с2;55.616734;37.509120;warm-bowl-osm-00179
Тёплая плошка, Ильинский, Праволинейная;Ильинский, ул. Праволинейная, 15А;55.618511;38.093891;warm-bowl-osm-00180
Тёплая плошка, Ореховый, 33 с3;Ореховый пр., 33 с3;55.618839;37.730136;warm-bowl-osm-00181
Тёплая плошка, Новоясеневский;Новоясеневский просп., 1;55.619049;37.509329;warm-bowl-osm-00182
Тёплая плошка, Шипиловская;ул. Шипиловская, 36 к1;55.620281;37.721150;warm-bowl-osm-00183
Тёплая плошка, Каширское;Каширское ш., 61 к2;55.621022;37.713584;warm-bowl-osm-00184
Тёплая плошка, Южная;ул. Кировоградская, 14;55.622759;37.605519;warm-bowl-osm-00185
Тёплая плошка, Днепропетровская;ул. Днепропетровская, 2;55.622856;37.604469;warm-bowl-osm-00186
Тёплая плошка, Маршала Захарова;ул. Маршала Захарова, 6 к1;55.623601;37.705103;warm-bowl-osm-00187
Тёплая плошка, Кировоградская;ул. Кировоградская, 12 к2;55.624135;37.608927;warm-bowl-osm-00188
Тёплая плошка, Профсоюзная;ул. Профсоюзная, 142 к1;55.625125;37.508953;warm-bowl-osm-00189
Тёплая плошка, Андрея Тарковского;бул. Андрея Тарковского, 9;55.625454;37.343466;warm-bowl-osm-00190
Тёплая плошка, Борисовский;Борисовский пр., 14 к1;55.625775;37.721773;warm-bowl-osm-00191
Тёплая плошка, Дзержинский, Томилинская;Дзержинский, ул. Томилинская, 20А;55.627403;37.863991;warm-bowl-osm-00192
Тёплая плошка, Дзержинский, Лесная;Дзержинский, ул. Лесная, 30;55.628105;37.871699;warm-bowl-osm-00193
Тёплая плошка, Рассказовка;бул. Андрея Тарковского, 1;55.629723;37.341538;warm-bowl-osm-00194
Тёплая плошка, Малаховка, Быковское;Малаховка, Быковское ш., 31;55.630257;37.986677;warm-bowl-osm-00195
Тёплая плошка, Коньково;ул. Профсоюзная, 126 к3;55.630983;37.516774;warm-bowl-osm-00196
Тёплая плошка, Мирный, Быковское;Мирный, Быковское ш., 55А;55.631845;37.977192;warm-bowl-osm-00197
Тёплая плошка, Лесной Городок, Школьная;Лесной Городок, ул. Школьная, 2;55.633350;37.212940;warm-bowl-osm-00198
Тёплая плошка, Давыдово, Комсомольская;Давыдово, ул. Комсомольская, 5;55.633537;38.929602;warm-bowl-osm-00199
Тёплая плошка, Лесной Городок, Фасадная;Лесной Городок, ул. Фасадная, 2;55.633915;37.215480;warm-bowl-osm-00200
Тёплая плошка, Румянцево;Киевское ш., дв4с2кВ;55.634647;37.439743;warm-bowl-osm-00201
Тёплая плошка, Борисово;ул. Борисовские Пруды, 10 к1;55.635434;37.739722;warm-bowl-osm-00202
Тёплая плошка, Новопеределкино;Боровское ш., 50;55.635814;37.347653;warm-bowl-osm-00203
Тёплая плошка, Одинцово, Рассказовка;Одинцово, ул. Анны Ахматовой, 10;55.636806;37.333242;warm-bowl-osm-00204
Тёплая плошка, 1-й Капотнинский;1-й Капотнинский пр., 12 с1;55.637487;37.792584;warm-bowl-osm-00205
Тёплая плошка, Миклухо-Маклая;ул. Миклухо-Маклая, 40 соор1;55.637958;37.541291;warm-bowl-osm-00206
Тёплая плошка, Кантемировская;ул. Кантемировская, 14;55.638236;37.668838;warm-bowl-osm-00207
Тёплая плошка, Балаклавский;Балаклавский просп., 5А;55.640259;37.608142;warm-bowl-osm-00208
Тёплая плошка, Академика Бакулева;ул. Академика Бакулева, 3;55.640641;37.484520;warm-bowl-osm-00209
Тёплая плошка, Шолохова;ул. Шолохова, 22;55.641150;37.348881;warm-bowl-osm-00210
Тёплая плошка, Большие Вязёмы, Железнодорожная;Большие Вязёмы, ул. Железнодорожная, лит17;55.641725;37.098938;warm-bowl-osm-00211
Тёплая плошка, Боровское;Боровское ш., 31;55.642493;37.361208;warm-bowl-osm-00212
Тёплая плошка, Беляево;ул. Миклухо-Маклая, 24А;55.642627;37.523376;warm-bowl-osm-00213
Тёплая плошка, Солнцево;ул. Производственная, 10 к1;55.643881;37.386437;warm-bowl-osm-00214
Тёплая плошка, Малаховка, Рельсовая;Малаховка, ул. Рельсовая, 1 с4;55.644493;38.008161;warm-bowl-osm-00215
Тёплая плошка, Миклухо-Маклая, 18 к2;ул. Миклухо-Маклая, 18 к2;55.644863;37.519859;warm-bowl-osm-00216
Тёплая плошка, Донецкая;ул. Донецкая, 34 к1;55.645196;37.704439;warm-bowl-osm-00217
Тёплая плошка, Миклухо-Маклая, 37;ул. Миклухо-Маклая, 37;55.645572;37.521118;warm-bowl-osm-00218
Тёплая плошка, Производственная;ул. Производственная, 8 к2;55.646042;37.389110;warm-bowl-osm-00219
Тёплая плошка, Новочеркасский;Новочеркасский бул., 32;55.646202;37.732308;warm-bowl-osm-00220
Тёплая плошка, Севастопольская;Симферопольский бул., 22 к2;55.647566;37.604863;warm-bowl-osm-00221
Тёплая плошка, Каширское, 46 к1;Каширское ш., 46 к1;55.647818;37.665100;warm-bowl-osm-00222
Тёплая плошка, Котельники, Железнодорожная;Котельники, ул. Железнодорожная, 39;55.648283;37.854217;warm-bowl-osm-00223
Тёплая плошка, Марьино;ул. Люблинская, 116 с1;55.648618;37.743664;warm-bowl-osm-00224
Тёплая плошка, Ленинский;Ленинский просп., 121/1 к3;55.649158;37.484290;warm-bowl-osm-00225
Тёплая плошка, Богданова;ул. Богданова, 52А;55.649634;37.393432;warm-bowl-osm-00226
Тёплая плошка, Луговой;Луговой пр., 2;55.650952;37.751007;warm-bowl-osm-00227
Тёплая плошка, Академика Волгина;ул. Академика Волгина, 8А;55.651391;37.516999;warm-bowl-osm-00228
Тёплая плошка, Ленинский, 158 с3;Ленинский просп., 158 с3;55.651574;37.481901;warm-bowl-osm-00229
Тёплая плошка, Университет дружбы народов;ул. Миклухо-Маклая, 13;55.652524;37.504706;warm-bowl-osm-00230
Тёплая плошка, Перерва;ул. Перерва, 30;55.652575;37.733862;warm-bowl-osm-00231
Тёплая плошка, Миклухо-Маклая, 13;ул. Миклухо-Маклая, 13;55.652780;37.504170;warm-bowl-osm-00232
Тёплая плошка, Зюзино;ул. Каховка, 23 к5;55.653719;37.575355;warm-bowl-osm-00233
Тёплая плошка, Котельники, 1-й Покровский;Котельники, 1-й Покровский пр., 4;55.653739;37.847170;warm-bowl-osm-00234
Тёплая плошка, Говорово;ул. 50 лет Октября, 4 с2;55.654345;37.415380;warm-bowl-osm-00235
Тёплая плошка, Одинцово, Рябиновая;Одинцово, ул. Рябиновая, 1 к1;55.654623;37.266633;warm-bowl-osm-00236
Тёплая плошка, Каширская;Каширское ш., 24 с3;55.654849;37.647022;warm-bowl-osm-00237
Тёплая плошка, Миклухо-Маклая, 5;ул. Миклухо-Маклая, 5;55.655193;37.499920;warm-bowl-osm-00238
Тёплая плошка, Калужская;ул. Профсоюзная, 56;55.655664;37.541795;warm-bowl-osm-00239
Тёплая плошка, Обручева;ул. Обручева, 30/1 с1;55.656346;37.527913;warm-bowl-osm-00240
Тёплая плошка, ВНИИССОК, Липовая;ВНИИССОК, ул. Липовая, 3;55.656895;37.215487;warm-bowl-osm-00241
Тёплая плошка, Одинцово, Акуловская;Одинцово, ул. Акуловская, 23;55.657023;37.252473;warm-bowl-osm-00242
Тёплая плошка, Воронцовская;ул. Обручева, 23 к3;55.657443;37.529220;warm-bowl-osm-00243
Тёплая плошка, 26-ти Бакинских Комиссаров;ул. 26-ти Бакинских Комиссаров, 4 к2;55.657951;37.494239;warm-bowl-osm-00244
Тёплая плошка, Братиславская;ул. Перерва, 56/2;55.658480;37.749293;warm-bowl-osm-00245
Тёплая плошка, Обручева, 16 к1;ул. Обручева, 16 к1;55.658682;37.514498;warm-bowl-osm-00246
Тёплая плошка, Малаховка, Менжинского;Малаховка, ул. Менжинского, 49А;55.659012;38.027979;warm-bowl-osm-00247
Тёплая плошка, Перерва, 41;ул. Перерва, 41;55.659265;37.746999;warm-bowl-osm-00248
Тёплая плошка, Томилино, Егорьевское;Томилино, Егорьевское ш., 20/1;55.659424;37.934192;warm-bowl-osm-00249
Тёплая плошка, Варшавская;Варшавское ш., 73;55.659585;37.620412;warm-bowl-osm-00250
Тёплая плошка, Обручева, 11;ул. Обручева, 11;55.660032;37.514637;warm-bowl-osm-00251
Тёплая плошка, Котельники, Новорязанское;Котельники, Новорязанское ш., 8 с15;55.660627;37.877418;warm-bowl-osm-00252
Тёплая плошка, Юго-Западная;ул. 26-ти Бакинских Комиссаров, 14;55.661127;37.487071;warm-bowl-osm-00253
Тёплая плошка, ВНИИССОК, 1-е Успенское;ВНИИССОК, 1-е Успенское ш., 1 с7;55.661316;37.182455;warm-bowl-osm-00254
Тёплая плошка, Профсоюзная, 76;ул. Профсоюзная, 76;55.661344;37.544382;warm-bowl-osm-00255
Тёплая плошка, Люблинская;ул. Люблинская, 78 к2;55.662035;37.733915;warm-bowl-osm-00256
Тёплая плошка, Вернадского;просп. Вернадского, 86А;55.662467;37.481480;warm-bowl-osm-00257
Тёплая плошка, Красково, Гаршина;Красково, ул. Гаршина, 11 с3;55.662621;37.965493;warm-bowl-osm-00258
Тёплая плошка, Люберцы, Октябрьский;Люберцы, Октябрьский просп., 368;55.662699;37.911163;warm-bowl-osm-00259
Тёплая плошка, Томилино, Гаршина;Томилино, ул. Гаршина, 3;55.662928;37.953885;warm-bowl-osm-00260
Тёплая плошка, Озёрная;ул. Озёрная, 52;55.663838;37.436510;warm-bowl-osm-00261
Тёплая плошка, Ленинский, 109;Ленинский просп., 109;55.664006;37.511240;warm-bowl-osm-00262
Тёплая плошка, Покрышкина;ул. Покрышкина, 5;55.664501;37.468875;warm-bowl-osm-00263
Тёплая плошка, Люблинская, 84;ул. Люблинская, 84;55.665308;37.740420;warm-bowl-osm-00264
Тёплая плошка, Котельники, Юбилейная;Котельники, ул. Юбилейная, 4А;55.666440;37.879275;warm-bowl-osm-00265
Тёплая плошка, Новаторская;ул. Новаторов, 16А;55.667093;37.523978;warm-bowl-osm-00266
Тёплая плошка, Верхние Поля;ул. Верхние Поля, 45 к4;55.667941;37.776932;warm-bowl-osm-00267
Тёплая плошка, Новые Черёмушки;ул. Гарибальди, 36;55.668329;37.560264;warm-bowl-osm-00268
Тёплая плошка, Академика Пилюгина;ул. Академика Пилюгина, 18;55.668377;37.534248;warm-bowl-osm-00269
Тёплая плошка, Совхозная;ул. Совхозная, 3 с2;55.669417;37.742858;warm-bowl-osm-00270
Тёплая плошка, Вернадского, 76А;просп. Вернадского, 76А;55.670094;37.493613;warm-bowl-osm-00271
Тёплая плошка, Нагорная;Электролитный пр., 16 к3;55.670579;37.610410;warm-bowl-osm-00272
Тёплая плошка, Академика Пилюгина, 3;ул. Академика Пилюгина, 3;55.671033;37.528854;warm-bowl-osm-00273
Тёплая плошка, Андропова;просп. Андропова, 39 с26;55.671209;37.669354;warm-bowl-osm-00274
Тёплая плошка, Озёрная, 42;ул. Озёрная, 42;55.671974;37.446483;warm-bowl-osm-00275
Тёплая плошка, Одинцово, Транспортная;Одинцово, ул. Транспортная, 8 с6;55.672133;37.297552;warm-bowl-osm-00276
Тёплая плошка, Коломенская;просп. Андропова, 37;55.672912;37.664561;warm-bowl-osm-00277
Тёплая плошка, Люблинская, 62;ул. Люблинская, 62;55.672945;37.738942;warm-bowl-osm-00278
Тёплая плошка, Шоссейная;ул. Шоссейная, 51 с1;55.673352;37.722340;warm-bowl-osm-00279
Тёплая плошка, Электролитный;Электролитный пр., 3 с33;55.673817;37.619510;warm-bowl-osm-00280
Тёплая плошка, Ленинский, 90/3;Ленинский просп., 90/3;55.673858;37.520400;warm-bowl-osm-00281
Тёплая плошка, Большая Очаковская;ул. Большая Очаковская, 47А;55.674206;37.440113;warm-bowl-osm-00282
Тёплая плошка, Котельники, МКАД, 12-й километр;Котельники, МКАД, 12-й километр, 1;55.675016;37.836708;warm-bowl-osm-00283
Тёплая плошка, Олимпийская Деревня;пр. Олимпийская Деревня, 4 к3;55.675336;37.470940;warm-bowl-osm-00284
Тёплая плошка, Рябиновая, 44 с3;ул. Рябиновая, 44 с3;55.675813;37.436424;warm-bowl-osm-00285
Тёплая плошка, Кравченко;ул. Кравченко, 8 с6;55.676202;37.519506;warm-bowl-osm-00286
Тёплая плошка, Проспект Вернадского;просп. Вернадского, 16;55.676348;37.504070;warm-bowl-osm-00287
Тёплая плошка, Нагорная, 25 с1;ул. Нагорная, 25 с1;55.676626;37.599835;warm-bowl-osm-00288
Тёплая плошка, Ремизова;ул. Ремизова, 6;55.677532;37.597972;warm-bowl-osm-00289
Тёплая плошка, Кравченко, 12А;ул. Кравченко, 12А;55.677671;37.516311;warm-bowl-osm-00290
Тёплая плошка, Новочерёмушкинская;ул. Новочерёмушкинская, 34 к1 с2;55.677885;37.572098;warm-bowl-osm-00291
Тёплая плошка, Люберцы, Котельники;Люберцы, ул. Лётчика Ларюшина, 4 к2;55.678118;37.866273;warm-bowl-osm-00292
Тёплая плошка, Гарибальди;ул. Гарибальди, 3А;55.678208;37.535004;warm-bowl-osm-00293
Тёплая плошка, Кленовый бульвар;ул. Речников, 32;55.678485;37.688835;warm-bowl-osm-00294
Тёплая плошка, Нагатинский Затон;Коломенская наб., 14 к2;55.678853;37.701964;warm-bowl-osm-00295
Тёплая плошка, Речников;ул. Речников, 21Б;55.679044;37.690038;warm-bowl-osm-00296
Тёплая плошка, Одинцово, Красногорское;Одинцово, Красногорское ш., 8 к3;55.679056;37.275420;warm-bowl-osm-00297
Тёплая плошка, Коштоянца;ул. Коштоянца, 1А;55.679399;37.492772;warm-bowl-osm-00298
Тёплая плошка, Кржижановского;ул. Кржижановского, 15 к1;55.680381;37.570363;warm-bowl-osm-00299
Тёплая плошка, Коштоянца, 1/83;ул. Коштоянца, 1/83;55.680382;37.493830;warm-bowl-osm-00300
Тёплая плошка, Вернадского, 33;просп. Вернадского, 33;55.680825;37.514618;warm-bowl-osm-00301
Тёплая плошка, Коштоянца, 2 к1;ул. Коштоянца, 2 к1;55.681252;37.491944;warm-bowl-osm-00302
Тёплая плошка, Корабельная;ул. Корабельная, 17 к1;55.681764;37.696561;warm-bowl-osm-00303
Тёплая плошка, Люберцы, Октябрьский, 127;Люберцы, Октябрьский просп., 127;55.681776;37.887889;warm-bowl-osm-00304
Тёплая плошка, Люберцы, Волковская;Люберцы, ул. Волковская, 2А к7;55.682261;37.895093;warm-bowl-osm-00305
Тёплая плошка, Севастопольский;Севастопольский просп., 15 к1;55.682750;37.599510;warm-bowl-osm-00306
Тёплая плошка, Люберцы, Кирова;Люберцы, ул. Кирова, 38;55.682966;37.876876;warm-bowl-osm-00307
Тёплая плошка, Вавиловская;ул. Вавилова, 66;55.683132;37.549163;warm-bowl-osm-00308
Тёплая плошка, Севастопольский, 15 к1;Севастопольский просп., 15 к1;55.683189;37.599983;warm-bowl-osm-00309
Тёплая плошка, Ломоносовский;Ломоносовский просп., 1/64;55.684089;37.551058;warm-bowl-osm-00310
Тёплая плошка, Нагатинская;Варшавское ш., 26 с6;55.684168;37.621273;warm-bowl-osm-00311
Тёплая плошка, Люберцы, 65 лет Победы;Люберцы, ул. 65 лет Победы, 1 литЧ;55.684588;37.888911;warm-bowl-osm-00312
Тёплая плошка, Люберцы, 65 лет Победы, 1 к18;Люберцы, ул. 65 лет Победы, 1 к18;55.685079;37.887985;warm-bowl-osm-00313
Тёплая плошка, Ленинский, 77 к1;Ленинский просп., 77 к1;55.685354;37.542510;warm-bowl-osm-00314
Тёплая плошка, Люблинская, 40;ул. Люблинская, 40;55.685983;37.736473;warm-bowl-osm-00315
Тёплая плошка, Корабельная, 3А;ул. Корабельная, 3А;55.686240;37.700411;warm-bowl-osm-00316
Тёплая плошка, Ленинский, 72/2;Ленинский просп., 72/2;55.686717;37.540127;warm-bowl-osm-00317
Тёплая плошка, Ленинский, 70/11;Ленинский просп., 70/11;55.687626;37.541110;warm-bowl-osm-00318
Тёплая плошка, Крымская;Нагорный пр., 6;55.688130;37.615972;warm-bowl-osm-00319
Тёплая плошка, 60-летия Октября;просп. 60-летия Октября, 20;55.688377;37.573229;warm-bowl-osm-00320
Тёплая плошка, 60-летия Октября, 20;просп. 60-летия Октября, 20;55.688743;37.573771;warm-bowl-osm-00321
Тёплая плошка, Люберцы, Октябрьский, 55А;Люберцы, Октябрьский просп., 55А;55.689798;37.870751;warm-bowl-osm-00322
Тёплая плошка, Университет;просп. Вернадского, 9/10;55.690348;37.534485;warm-bowl-osm-00323
Тёплая плошка, Люберцы, Жулебино;Люберцы, ул. Маршала Полубоярова, 1Б;55.690756;37.860307;warm-bowl-osm-00324
Тёплая плошка, Варшавское, 18 к2;Варшавское ш., 18 к2;55.691378;37.621055;warm-bowl-osm-00325
Тёплая плошка, Люберцы, Красногорская;Люберцы, ул. Красногорская, 1А;55.691548;37.880568;warm-bowl-osm-00326
Тёплая плошка, Раменский;Раменский бул., 1;55.691902;37.516522;warm-bowl-osm-00327
Тёплая плошка, Дмитрия Ульянова;ул. Дмитрия Ульянова, 5А;55.691924;37.561350;warm-bowl-osm-00328
Тёплая плошка, Дмитрия Ульянова, 5;ул. Дмитрия Ульянова, 5;55.692261;37.561856;warm-bowl-osm-00329
Тёплая плошка, Новоивановское, Новая;Новоивановское, ул. Новая, 100 с4;55.692922;37.385878;warm-bowl-osm-00330
Тёплая плошка, Руза, Красная;Руза, ул. Красная, 59 с1;55.693240;36.211332;warm-bowl-osm-00331
Тёплая плошка, Новоивановское, Чистяковой;Новоивановское, ул. Чистяковой, 3;55.694314;37.331308;warm-bowl-osm-00332
Тёплая плошка, Ленинский, 61/1;Ленинский просп., 61/1;55.694537;37.557888;warm-bowl-osm-00333
Тёплая плошка, Василия Ланового;ул. Василия Ланового, 3;55.695675;37.476939;warm-bowl-osm-00334
Тёплая плошка, Новоданиловская;Новоданиловская наб., 10;55.696055;37.625658;warm-bowl-osm-00335
Тёплая плошка, 60-летия Октября, 15;просп. 60-летия Октября, 15;55.696973;37.578491;warm-bowl-osm-00336
Тёплая плошка, Люберцы, Попова;Люберцы, ул. Попова, 34/1;55.697169;37.901027;warm-bowl-osm-00337
Тёплая плошка, Архитектора Щусева;ул. Архитектора Щусева, 4 к1;55.697978;37.634126;warm-bowl-osm-00338
Тёплая плошка, Люберцы, Лермонтовский проспект;Люберцы, Жулебинский бул., 10/6;55.698302;37.850006;warm-bowl-osm-00339
Тёплая плошка, Юных Ленинцев;ул. Юных Ленинцев, 10/15 к1;55.698898;37.739115;warm-bowl-osm-00340
Тёплая плошка, Артюхиной;ул. Артюхиной, 14/8;55.698990;37.737695;warm-bowl-osm-00341
Тёплая плошка, Новоивановское, Западная;Новоивановское, ул. Западная, с181;55.699462;37.343733;warm-bowl-osm-00342
Тёплая плошка, Люберцы, Михельсона;Люберцы, ул. Михельсона, 53А;55.699745;37.866817;warm-bowl-osm-00343
Тёплая плошка, ЗИЛ;просп. Лихачёва, 15;55.700121;37.644868;warm-bowl-osm-00344
Тёплая плошка, Автозаводская;ул. Автозаводская, 23Б к2;55.700392;37.650609;warm-bowl-osm-00345
Тёплая плошка, Варшавское, 7 к1;Варшавское ш., 7 к1;55.700712;37.621786;warm-bowl-osm-00346
Тёплая плошка, Руза, Солнцева;Руза, ул. Солнцева, 3;55.700859;36.193266;warm-bowl-osm-00347
Тёплая плошка, Кузьминки;ул. Зеленодольская, 42;55.701429;37.764868;warm-bowl-osm-00348
Тёплая плошка, Ломоносовский проспект;Мичуринский просп., 7 к1;55.701610;37.511802;warm-bowl-osm-00349
Тёплая плошка, Есенинский;Есенинский бул., 12 к1;55.701693;37.777058;warm-bowl-osm-00350
Тёплая плошка, Руза, Солнцева, 7;Руза, ул. Солнцева, 7;55.702326;36.192693;warm-bowl-osm-00351
Тёплая плошка, Раменки;Мичуринский просп., 16;55.702386;37.504570;warm-bowl-osm-00352
Тёплая плошка, Автозаводская, 23А к2;ул. Автозаводская, 23А к2;55.702896;37.648553;warm-bowl-osm-00353
Тёплая плошка, Ломоносовский, 29 к1;Ломоносовский просп., 29 к1;55.703637;37.516645;warm-bowl-osm-00354
Тёплая плошка, Тульская;Варшавское ш., 1 с1-2;55.703987;37.625709;warm-bowl-osm-00355
Тёплая плошка, Варшавское, 1 с6;Варшавское ш., 1 с6;55.704168;37.624549;warm-bowl-osm-00356
Тёплая плошка, Кожуховская;2-й Южнопортовый пр., 27А с2;55.704438;37.691894;warm-bowl-osm-00357
Тёплая плошка, Духовской;Духовской пер., 17 с11;55.704589;37.615526;warm-bowl-osm-00358
Тёплая плошка, Люберцы, Лухмановская;Люберцы, ул. Юности, 13 к1;55.704791;37.905901;warm-bowl-osm-00359
Тёплая плошка, Новоивановское, Агрохимиков;Новоивановское, ул. Агрохимиков, 2А;55.705080;37.366559;warm-bowl-osm-00360
Тёплая плошка, Автозаводская, 18;ул. Автозаводская, 18;55.705330;37.641456;warm-bowl-osm-00361
Тёплая плошка, Волгоградский;Волгоградский просп., 121/35;55.705654;37.767617;warm-bowl-osm-00362
Тёплая плошка, Волгоградский, 117 к1;Волгоградский просп., 117 к1;55.706207;37.763752;warm-bowl-osm-00363
Тёплая плошка, Аминьевское;Аминьевское ш., 6;55.706726;37.456840;warm-bowl-osm-00364
Тёплая плошка, Сколковское;Сколковское ш., 32;55.706986;37.402803;warm-bowl-osm-00365
Тёплая плошка, Южнопортовая;ул. Южнопортовая, 5 c26;55.707058;37.688886;warm-bowl-osm-00366
Тёплая плошка, Беловежская;ул. Беловежская, 10;55.707172;37.395212;warm-bowl-osm-00367
Тёплая плошка, Аминьевское, 6;Аминьевское ш., 6;55.707584;37.456722;warm-bowl-osm-00368
Тёплая плошка, 4-й Верхний Михайловский;4-й Верхний Михайловский пр., 1;55.708084;37.606961;warm-bowl-osm-00369
Тёплая плошка, Даниловская;Даниловская наб., 2 к4;55.708102;37.642015;warm-bowl-osm-00370
Тёплая плошка, Нежинская;ул. Нежинская, 13 к2;55.708523;37.470332;warm-bowl-osm-00371
Тёплая плошка, Ленинская Слобода;ул. Ленинская Слобода, 19 с1;55.708660;37.655392;warm-bowl-osm-00372
Тёплая плошка, Холодильный;Холодильный пер., 3 с2;55.708857;37.624789;warm-bowl-osm-00373
Тёплая плошка, Большая Тульская;ул. Большая Тульская, 13;55.709087;37.622317;warm-bowl-osm-00374
Тёплая плошка, Холодильный, 4;Холодильный пер., 4;55.709368;37.623945;warm-bowl-osm-00375
Тёплая плошка, Люберцы, Дмитриевского;Люберцы, ул. Дмитриевского, 23;55.709617;37.895781;warm-bowl-osm-00376
Тёплая плошка, Холодильный, 2 с2;Холодильный пер., 2 с2;55.709899;37.624006;warm-bowl-osm-00377
Тёплая плошка, Орджоникидзе;ул. Орджоникидзе, 3;55.710166;37.603470;warm-bowl-osm-00378
Тёплая плошка, Верейская;ул. Верейская, 17;55.710537;37.443938;warm-bowl-osm-00379
Тёплая плошка, Серпуховский Вал;ул. Серпуховский Вал, 21 к1;55.710931;37.610618;warm-bowl-osm-00380
Тёплая плошка, Ленинский проспект;Ленинский просп., 30;55.711073;37.585219;warm-bowl-osm-00381
Тёплая плошка, Шаболовка;ул. Шаболовка, 58;55.711568;37.605422;warm-bowl-osm-00382
Тёплая плошка, Ленинская Слобода, 26 с2;ул. Ленинская Слобода, 26 с2;55.711902;37.656511;warm-bowl-osm-00383
Тёплая плошка, Даниловский Вал;ул. Даниловский Вал, 11;55.712109;37.629443;warm-bowl-osm-00384
Тёплая плошка, Воробьёвы горы;ул. Лужники, 24 с21;55.712220;37.564643;warm-bowl-osm-00385
Тёплая плошка, Лужнецкая;Лужнецкая наб., 24;55.712782;37.558986;warm-bowl-osm-00386
Тёплая плошка, Окская;ул. Фёдора Полетаева, 7;55.713471;37.777556;warm-bowl-osm-00387
Тёплая плошка, Рябиновая, 14;ул. Рябиновая, 14;55.713582;37.421781;warm-bowl-osm-00388
Тёплая плошка, Мосфильмовская;ул. Мосфильмовская, 23;55.713889;37.513745;warm-bowl-osm-00389
Тёплая плошка, Донская;Донская пл., 1 с27;55.714180;37.600853;warm-bowl-osm-00390
Тёплая плошка, Дубровка;1-я ул. Машиностроения, 16;55.714477;37.672789;warm-bowl-osm-00391
Тёплая плошка, Рублёво-Успенское;Рублёво-Успенское ш., с19;55.714971;37.106169;warm-bowl-osm-00392
Тёплая плошка, Учительская;ул. Учительская, 28;55.715537;37.075432;warm-bowl-osm-00393
Тёплая плошка, Лужники;ул. Лужники, 24 с34;55.715974;37.546215;warm-bowl-osm-00394
Тёплая плошка, Можайское;Можайское ш., 45Б;55.716417;37.406774;warm-bowl-osm-00395
Тёплая плошка, Люберцы, Руднёвка;Люберцы, ул. Руднёвка, 19;55.716593;37.887079;warm-bowl-osm-00396
Тёплая плошка, Хамовнический Вал;ул. Хамовнический Вал, 6;55.716928;37.575674;warm-bowl-osm-00397
Тёплая плошка, Рязанский проспект;Рязанский просп., 46 к2;55.717138;37.791548;warm-bowl-osm-00398
Тёплая плошка, Люсиновская;ул. Люсиновская, 62;55.717678;37.622041;warm-bowl-osm-00399
Тёплая плошка, Симоновский Вал;ул. Симоновский Вал, 26 к2;55.718124;37.661684;warm-bowl-osm-00400
Тёплая плошка, Шарикоподшипниковская;ул. Шарикоподшипниковская, 14;55.718611;37.673386;warm-bowl-osm-00401
Тёплая плошка, Электроугли, Школьная;Электроугли, ул. Школьная, 57;55.718910;38.231038;warm-bowl-osm-00402
Тёплая плошка, Мосфильмовская, 1А;ул. Мосфильмовская, 1А;55.718938;37.525627;warm-bowl-osm-00403
Тёплая плошка, 1-й Грайвороновский;1-й Грайвороновский пр., 3;55.719482;37.724871;warm-bowl-osm-00404
Тёплая плошка, Дербеневская;ул. Дербеневская, 17;55.719839;37.648102;warm-bowl-osm-00405
Тёплая плошка, Можайское, 30;Можайское ш., 30;55.719860;37.419637;warm-bowl-osm-00406
Тёплая плошка, Павловская;ул. Павловская, 7;55.719936;37.628037;warm-bowl-osm-00407
Тёплая плошка, Шаболовская;Ленинский просп., 15А;55.720486;37.600492;warm-bowl-osm-00408
Тёплая плошка, Паперника;ул. Паперника, 9;55.720615;37.786831;warm-bowl-osm-00409
Тёплая плошка, Дербеневская, 11;Дербеневская наб., 11;55.721044;37.652419;warm-bowl-osm-00410
Тёплая плошка, Шаболовка, 29 к2;ул. Шаболовка, 29 к2;55.721523;37.610567;warm-bowl-osm-00411
Тёплая плошка, Симоновский Вал, 15;ул. Симоновский Вал, 15;55.721646;37.664423;warm-bowl-osm-00412
Тёплая плошка, Спортивная;Комсомольский просп., 42 с2;55.721865;37.572598;warm-bowl-osm-00413
Тёплая плошка, Фрунзенская;Фрунзенская наб., 36/2;55.722224;37.584478;warm-bowl-osm-00414
Тёплая плошка, Серпуховская;ул. Люсиновская, 36/50;55.722576;37.621654;warm-bowl-osm-00415
Тёплая плошка, имени Воровского, Воровского;имени Воровского, ул. Воровского, 10 с2;55.722813;38.345088;warm-bowl-osm-00416
Тёплая плошка, Усачёва;ул. Усачёва, 35 с2;55.723050;37.560587;warm-bowl-osm-00417
Тёплая плошка, Вешняковская;ул. Вешняковская, 18А;55.723482;37.825441;warm-bowl-osm-00418
Тёплая плошка, Усачёва, 29 к9;ул. Усачёва, 29 к9;55.723744;37.562214;warm-bowl-osm-00419
Тёплая плошка, Шаболовка, 17;ул. Шаболовка, 17;55.723937;37.611294;warm-bowl-osm-00420
Тёплая плошка, Усачёва, 29 с5;ул. Усачёва, 29 с5;55.724144;37.564392;warm-bowl-osm-00421
Тёплая плошка, Усачёва, 29 к1;ул. Усачёва, 29 к1;55.724477;37.563935;warm-bowl-osm-00422
Тёплая плошка, Летниковская;ул. Летниковская, 10 с1;55.724790;37.644005;warm-bowl-osm-00423
Тёплая плошка, Стахановская;Рязанский просп., 10 с18;55.725225;37.760326;warm-bowl-osm-00424
Тёплая плошка, Минская;ул. Минская, 2Б;55.725341;37.497261;warm-bowl-osm-00425
Тёплая плошка, Новоивановское, Рублёвский;Новоивановское, Рублёвский пр., 40 к3;55.725652;37.326368;warm-bowl-osm-00426
Тёплая плошка, Комсомольский;Комсомольский просп., 27 с5;55.726048;37.581454;warm-bowl-osm-00427
Тёплая плошка, Рязанский;Рязанский просп., 6А;55.726342;37.752911;warm-bowl-osm-00428
Тёплая плошка, Большая Пироговская;ул. Большая Пироговская, 53/55;55.726697;37.561671;warm-bowl-osm-00429
Тёплая плошка, Усачёва, 26;ул. Усачёва, 26;55.727328;37.567681;warm-bowl-osm-00430
Тёплая плошка, Усачёва, 11И;ул. Усачёва, 11И;55.727536;37.570651;warm-bowl-osm-00431
Тёплая плошка, Рязанский, 2/2 к2;Рязанский просп., 2/2 к2;55.727715;37.741057;warm-bowl-osm-00432
Тёплая плошка, Павелецкая;ул. Кожевническая, 14 с3;55.727781;37.646406;warm-bowl-osm-00433
Тёплая плошка, Марусино, 1 Мая;Марусино, ул. 1 Мая, 8А;55.727919;38.027683;warm-bowl-osm-00434
Тёплая плошка, Комсомольский, 21/10;Комсомольский просп., 21/10;55.728111;37.584349;warm-bowl-osm-00435
Тёплая плошка, Марусино, Саввинская;Марусино, ул. Саввинская, 10;55.728275;38.030664;warm-bowl-osm-00436
Тёплая плошка, Летниковская, 2 с3;ул. Летниковская, 2 с3;55.728705;37.643385;warm-bowl-osm-00437
Тёплая плошка, Новодевичий;Новодевичий пр., 4;55.728753;37.558896;warm-bowl-osm-00438
Тёплая плошка, Звенигород, Московская;Звенигород, ул. Московская, 38;55.728887;36.860985;warm-bowl-osm-00439
Тёплая плошка, Малая Пироговская;ул. Малая Пироговская, 13;55.729194;37.569771;warm-bowl-osm-00440
Тёплая плошка, Добрынинская;ул. Коровий Вал, 1А с1;55.729355;37.621902;warm-bowl-osm-00441
Тёплая плошка, Волгоградский, 15;Волгоградский просп., 15;55.729405;37.677088;warm-bowl-osm-00442
Тёплая плошка, Комсомольский, 17;Комсомольский просп., 17;55.729590;37.587485;warm-bowl-osm-00443
Тёплая плошка, Кожевническая;ул. Кожевническая, 7 с1;55.729927;37.645181;warm-bowl-osm-00444
Тёплая плошка, Звенигород, Московская, 17;Звенигород, ул. Московская, 17;55.730132;36.855919;warm-bowl-osm-00445
Тёплая плошка, Житная;ул. Житная, 4;55.730155;37.622281;warm-bowl-osm-00446
Тёплая плошка, Оболенский;Оболенский пер., 9 к1;55.730317;37.579210;warm-bowl-osm-00447
Тёплая плошка, Шлюзовая;Шлюзовая наб., 4 с2;55.730760;37.644998;warm-bowl-osm-00448
Тёплая плошка, Валовая;ул. Валовая, 26;55.730792;37.628700;warm-bowl-osm-00449
Тёплая плошка, Павелецкая, 3;Павелецкая пл., 3;55.731140;37.639016;warm-bowl-osm-00450
Тёплая плошка, Пролетарская;Крестьянская пл., 10 с20;55.731468;37.657397;warm-bowl-osm-00451
Тёплая плошка, Звенигород, Пролетарская;Звенигород, ул. Пролетарская, 19/6;55.731827;36.852913;warm-bowl-osm-00452
Тёплая плошка, Шлюзовая, 4;Шлюзовая наб., 4;55.731847;37.644380;warm-bowl-osm-00453
Тёплая плошка, Крестьянская Застава;Волгоградский просп., 1с1;55.732231;37.671672;warm-bowl-osm-00454
Тёплая плошка, Парк Культуры;Оболенский пер., 5;55.732498;37.584202;warm-bowl-osm-00455
Тёплая плошка, Льва Толстого;ул. Льва Толстого, 10 с2;55.732542;37.589284;warm-bowl-osm-00456
Тёплая плошка, Большой Саввинский;Большой Саввинский пер., 12 с12;55.732785;37.564994;warm-bowl-osm-00457
Тёплая плошка, Студенческая;Бережковская наб., 20;55.733292;37.551742;warm-bowl-osm-00458
Тёплая плошка, Большой Саввинский, 12 с6;Большой Саввинский пер., 12 с6;55.733413;37.563990;warm-bowl-osm-00459
Тёплая плошка, Талалихина;ул. Талалихина, 24 с3;55.733519;37.678541;warm-bowl-osm-00460
Тёплая плошка, Воронцовская, 35Б к1;ул. Воронцовская, 35Б к1;55.734021;37.663043;warm-bowl-osm-00461
Тёплая плошка, Саввинская;Саввинская наб., 19 с1Б;55.734297;37.564908;warm-bowl-osm-00462
Тёплая плошка, Татарская;ул. Татарская, 5 с1;55.734575;37.638198;warm-bowl-osm-00463
Тёплая плошка, Садовническая;ул. Садовническая, 79;55.734810;37.642793;warm-bowl-osm-00464
Тёплая плошка, Марксистская;ул. Марксистская, 9;55.734842;37.668048;warm-bowl-osm-00465
Тёплая плошка, Бережковская;Бережковская наб., 20 с69;55.735132;37.551224;warm-bowl-osm-00466
Тёплая плошка, Большие Каменщики;ул. Большие Каменщики, 21/8;55.735438;37.657377;warm-bowl-osm-00467
Тёплая плошка, Погодинская;ул. Погодинская, 2;55.735678;37.572628;warm-bowl-osm-00468
Тёплая плошка, Филёвский парк;ул. Кастанаевская, 38;55.735902;37.479967;warm-bowl-osm-00469
Тёплая плошка, Василисы Кожиной;ул. Василисы Кожиной, 13;55.736115;37.499483;warm-bowl-osm-00470
Тёплая плошка, Саввинская, 11;Саввинская наб., 11;55.736225;37.568117;warm-bowl-osm-00471
Тёплая плошка, Пречистенская;Пречистенская наб., 5;55.736415;37.600679;warm-bowl-osm-00472
Тёплая плошка, Зубовская;ул. Зубовская, 7;55.736592;37.583354;warm-bowl-osm-00473
Тёплая плошка, Турчанинов;Турчанинов пер., 3 с5;55.736843;37.595800;warm-bowl-osm-00474
Тёплая плошка, Талалихина, 6 с1;ул. Талалихина, 6 с1;55.736908;37.675844;warm-bowl-osm-00475
Тёплая плошка, Садовническая, 82;ул. Садовническая, 82;55.737318;37.640766;warm-bowl-osm-00476
Тёплая плошка, Полянка;ул. Большая Якиманка, 19;55.737330;37.615167;warm-bowl-osm-00477
Тёплая плошка, Киевская;Бережковская наб., 14;55.737473;37.563920;warm-bowl-osm-00478
Тёплая плошка, Новокузнецкая;ул. Большая Татарская, 35 с3;55.737709;37.635192;warm-bowl-osm-00479
Тёплая плошка, Садовническая, 80;ул. Садовническая, 80;55.737900;37.641552;warm-bowl-osm-00480
Тёплая плошка, Василисы Кожиной, 1 к1;ул. Василисы Кожиной, 1 к1;55.737962;37.505948;warm-bowl-osm-00481
Тёплая плошка, Кусковская;ул. Кусковская, 1Б;55.737974;37.764446;warm-bowl-osm-00482
Тёплая плошка, Померанцев;Померанцев пер., 3;55.738246;37.594637;warm-bowl-osm-00483
Тёплая плошка, Большая Якиманка;ул. Большая Якиманка, 22;55.738441;37.614914;warm-bowl-osm-00484
Тёплая плошка, Бурденко;ул. Бурденко, 1;55.738476;37.582013;warm-bowl-osm-00485
Тёплая плошка, Плющиха;ул. Плющиха, 53/25 с1;55.738767;37.576388;warm-bowl-osm-00486
Тёплая плошка, Остоженка;ул. Остоженка, 27 к2;55.739025;37.597419;warm-bowl-osm-00487
Тёплая плошка, Пречистенская, 15 с2/1;Пречистенская наб., 15 с2/1;55.739075;37.605565;warm-bowl-osm-00488
Тёплая плошка, Марусино, Героев;Марусино, просп. Героев, 12;55.739246;38.001345;warm-bowl-osm-00489
Тёплая плошка, Народная;ул. Народная, 4 с1;55.739503;37.651797;warm-bowl-osm-00490
Тёплая плошка, Маяковского;пер. Маяковского, 2;55.739559;37.659627;warm-bowl-osm-00491
Тёплая плошка, Болотная;Болотная наб., 3 с2;55.739954;37.609263;warm-bowl-osm-00492
Тёплая плошка, Минская, 11 с1А;ул. Минская, 11 с1А;55.740052;37.481985;warm-bowl-osm-00493
Тёплая плошка, Таганская, 12 с5;Таганская пл., 12 с5;55.740221;37.653926;warm-bowl-osm-00494
Тёплая плошка, Таганская, 17;ул. Таганская, 17;55.740337;37.662835;warm-bowl-osm-00495
Тёплая плошка, Озерковская;Озерковская наб., 22/24 с3;55.740449;37.636073;warm-bowl-osm-00496
Тёплая плошка, Таганская, 13 с2;ул. Таганская, 13 с2;55.740724;37.660466;warm-bowl-osm-00497
Тёплая плошка, Озерковская, 22/24;Озерковская наб., 22/24;55.740818;37.637748;warm-bowl-osm-00498
Тёплая плошка, Плющиха, 42 с2;ул. Плющиха, 42 с2;55.740841;37.575243;warm-bowl-osm-00499
Тёплая плошка, Багратионовская;ул. Барклая, 8;55.741071;37.503198;warm-bowl-osm-00500
Тёплая плошка, Большой Лёвшинский;Большой Лёвшинский пер., 19 с2;55.741180;37.585445;warm-bowl-osm-00501
Тёплая плошка, Большой Факельный;Большой Факельный пер., 9/11;55.741384;37.664963;warm-bowl-osm-00502
Тёплая плошка, Таганская, 1 с1;ул. Таганская, 1 с1;55.741486;37.656778;warm-bowl-osm-00503
Тёплая плошка, Пречистенка;ул. Пречистенка, 24/1;55.741715;37.593659;warm-bowl-osm-00504
Тёплая плошка, Кропоткинская;Пожарский пер., 15;55.741813;37.600855;warm-bowl-osm-00505
Тёплая плошка, Евразии;пл. Евразии, 2;55.742062;37.567829;warm-bowl-osm-00506
Тёплая плошка, Берсеневская;Берсеневская наб., 12 с1;55.742323;37.609146;warm-bowl-osm-00507
Тёплая плошка, Болотная, 15 к1;Болотная наб., 15 к1;55.742499;37.612869;warm-bowl-osm-00508
Тёплая плошка, Минская, 22;ул. Минская, 22;55.742684;37.481223;warm-bowl-osm-00509
Тёплая плошка, Остоженка, 8 с1;ул. Остоженка, 8 с1;55.742782;37.600732;warm-bowl-osm-00510
Тёплая плошка, Багратионовский;Багратионовский пр., 7 к20Б;55.742953;37.503513;warm-bowl-osm-00511
Тёплая плошка, Нижняя Радищевская;ул. Нижняя Радищевская, 2;55.742982;37.651786;warm-bowl-osm-00512
Тёплая плошка, Багратионовский, 7 к20В;Багратионовский пр., 7 к20В;55.743294;37.506040;warm-bowl-osm-00513
Тёплая плошка, Верхняя Радищевская;ул. Верхняя Радищевская, 19/3 с2;55.743466;37.653468;warm-bowl-osm-00514
Тёплая плошка, Смоленская;ул. Плющиха, 20/2;55.743657;37.578136;warm-bowl-osm-00515
Тёплая плошка, Оршанская;ул. Оршанская, 13;55.743812;37.401610;warm-bowl-osm-00516
Тёплая плошка, Киевского Вокзала;пл. Киевского Вокзала, 2;55.743965;37.565663;warm-bowl-osm-00517
Тёплая плошка, Смоленская-Сенная;Смоленская-Сенная пл., 23/25;55.744201;37.583019;warm-bowl-osm-00518
Тёплая плошка, Киевского Вокзала, 2;пл. Киевского Вокзала, 2;55.744392;37.564825;warm-bowl-osm-00519
Тёплая плошка, Большой Овчинниковский;Большой Овчинниковский пер., 18/1 с2;55.744468;37.633640;warm-bowl-osm-00520
Тёплая плошка, Берсеневская, 20/2;Берсеневская наб., 20/2;55.744665;37.610909;warm-bowl-osm-00521
Тёплая плошка, Марусино, Пионерская;Марусино, ул. Пионерская, 9А;55.744880;38.027005;warm-bowl-osm-00522
Тёплая плошка, Большой Афанасьевский;Большой Афанасьевский пер., 4;55.744966;37.597665;warm-bowl-osm-00523
Тёплая плошка, Пятницкая;ул. Пятницкая, 5;55.745204;37.627249;warm-bowl-osm-00524
Тёплая плошка, Денежный;Денежный пер., 20;55.745350;37.586723;warm-bowl-osm-00525
Тёплая плошка, Яузская;ул. Яузская, 11/6 к5;55.745681;37.652416;warm-bowl-osm-00526
Тёплая плошка, Фили;Багратионовский пр., 1А к1;55.745788;37.513575;warm-bowl-osm-00527
Тёплая плошка, Деловой центр;Кутузовский просп., 22;55.745892;37.549262;warm-bowl-osm-00528
Тёплая плошка, Новокосино;Носовихинское ш., 11;55.746062;37.862112;warm-bowl-osm-00529
Тёплая плошка, Тучковская;ул. Тучковская, 11 к2;55.746166;37.508993;warm-bowl-osm-00530
Тёплая плошка, Душинская;ул. Душинская, 14;55.746243;37.704857;warm-bowl-osm-00531
Тёплая плошка, Тараса Шевченко;наб. Тараса Шевченко, 23А;55.746472;37.546398;warm-bowl-osm-00532
Тёплая плошка, Садовническая, 20 с1;ул. Садовническая, 20 с1;55.746640;37.630659;warm-bowl-osm-00533
Тёплая плошка, Большая Дорогомиловская;ул. Большая Дорогомиловская, 16;55.746642;37.556849;warm-bowl-osm-00534
Тёплая плошка, Балчуг;ул. Балчуг, 7;55.746945;37.626639;warm-bowl-osm-00535
Тёплая плошка, Староконюшенный;Староконюшенный пер., 20;55.747125;37.595020;warm-bowl-osm-00536
Тёплая плошка, Пресненская;Пресненская наб., 8 с1;55.747239;37.538746;warm-bowl-osm-00537
Тёплая плошка, Арбат, 55;ул. Арбат, 55;55.747428;37.585444;warm-bowl-osm-00538
Тёплая плошка, Садовническая, 8;ул. Садовническая, 8;55.747622;37.627676;warm-bowl-osm-00539
Тёплая плошка, Пресненская, 10 с2;Пресненская наб., 10 с2;55.747742;37.535031;warm-bowl-osm-00540
Тёплая плошка, Перово;ул. Перовская, вл37А;55.747898;37.778742;warm-bowl-osm-00541
Тёплая плошка, Рублёвское;Рублёвское ш., 28;55.747979;37.425716;warm-bowl-osm-00542
Тёплая плошка, Зелёный;Зелёный просп., 8Б;55.748179;37.776073;warm-bowl-osm-00543
Тёплая плошка, Арбат, 38/1 с1;ул. Арбат, 38/1 с1;55.748503;37.587935;warm-bowl-osm-00544
Тёплая плошка, Раушская;Раушская наб., 4/5 с1;55.748571;37.627156;warm-bowl-osm-00545
Тёплая плошка, 1-й Николощеповский;1-й Николощеповский пер., 6 с2;55.748689;37.580295;warm-bowl-osm-00546
Тёплая плошка, Пресненская, 2;Пресненская наб., 2;55.749039;37.539556;warm-bowl-osm-00547
Тёплая плошка, 1-й Красногвардейский;1-й Красногвардейский пр., 21 с2;55.749244;37.534188;warm-bowl-osm-00548
Тёплая плошка, Пресненская, 4 к1;Пресненская наб., 4 к1;55.749285;37.542943;warm-bowl-osm-00549
Тёплая плошка, Зелёный, 5/12 с1;Зелёный просп., 5/12 с1;55.749456;37.774345;warm-bowl-osm-00550
Тёплая плошка, Яузская, 5;ул. Яузская, 5;55.749564;37.644879;warm-bowl-osm-00551
Тёплая плошка, Реутов, Новокосино;Реутов, ул. Котовского, 1;55.749891;37.867147;warm-bowl-osm-00552
Тёплая плошка, 1-й Перова Поля;1-й пр. Перова Поля, 9 с1;55.749940;37.770507;warm-bowl-osm-00553
Тёплая плошка, Проточный;Проточный пер., 3-5 с1;55.750110;37.580967;warm-bowl-osm-00554
Тёплая плошка, Реутов, Юбилейный;Реутов, Юбилейный просп., 40;55.750221;37.871410;warm-bowl-osm-00555
Тёплая плошка, Марусино, Октябрьская;Марусино, ул. Октябрьская, 1А;55.750492;38.005375;warm-bowl-osm-00556
Тёплая плошка, Боровицкая;Филипповский пер., 15/5;55.750675;37.598612;warm-bowl-osm-00557
Тёплая плошка, 1-й Красногвардейский, 19;1-й Красногвардейский пр., 19;55.750744;37.536444;warm-bowl-osm-00558
Тёплая плошка, Авиамоторная;пр. Завода Серп и Молот, 5 с3;55.750926;37.710276;warm-bowl-osm-00559
Тёплая плошка, Новинский;Новинский бул., 3 с1;55.751048;37.582595;warm-bowl-osm-00560
Тёплая плошка, Реутов, Носовихинское;Реутов, Носовихинское ш., 233;55.751101;37.929618;warm-bowl-osm-00561
Тёплая плошка, Балашиха, Граничная;Балашиха, ул. Граничная, 4А;55.751295;37.986798;warm-bowl-osm-00562
Тёплая плошка, Мукомольный;Мукомольный пр., 2;55.751320;37.526599;warm-bowl-osm-00563
Тёплая плошка, Арбатская;ул. Арбат, 9 с1;55.751507;37.597861;warm-bowl-osm-00564
Тёплая плошка, Балашиха, Центральная;Балашиха, ул. Центральная, 44А;55.751608;37.953524;warm-bowl-osm-00565
Тёплая плошка, Новинский, 7 с1;Новинский бул., 7 с1;55.751664;37.582692;warm-bowl-osm-00566
Тёплая плошка, Арбат, 1;ул. Арбат, 1;55.751855;37.599162;warm-bowl-osm-00567
Тёплая плошка, Нижняя Сыромятническая;ул. Нижняя Сыромятническая, 10 с4;55.752032;37.670161;warm-bowl-osm-00568
Тёплая плошка, Новый Арбат;ул. Новый Арбат, 21;55.752135;37.585460;warm-bowl-osm-00569
Тёплая плошка, Новый Арбат, 11 с1;ул. Новый Арбат, 11 с1;55.752201;37.595855;warm-bowl-osm-00570
Тёплая плошка, Красноказарменная;ул. Красноказарменная, 14А к6;55.752269;37.711763;warm-bowl-osm-00571
Тёплая плошка, Арбатская, 14;Арбатская пл., 14;55.752409;37.601725;warm-bowl-osm-00572
Тёплая плошка, Китай-город;ул. Варварка, 14;55.752634;37.631675;warm-bowl-osm-00573
Тёплая плошка, Подколокольный;Подколокольный пер., 16/2 с1;55.752806;37.645620;warm-bowl-osm-00574
Тёплая плошка, Новый Арбат, 30/9;ул. Новый Арбат, 30/9;55.752882;37.582230;warm-bowl-osm-00575
Тёплая плошка, Александровский сад;Воздвиженка, 4/7 ст1;55.753021;37.610829;warm-bowl-osm-00576
Тёплая плошка, Новозаводская;ул. Новозаводская, 12А;55.753142;37.502850;warm-bowl-osm-00577
Тёплая плошка, Поварская;ул. Поварская, 10 с1;55.753390;37.598091;warm-bowl-osm-00578
Тёплая плошка, Новозаводская, 12/11;ул. Новозаводская, 12/11;55.753406;37.504097;warm-bowl-osm-00579
Тёплая плошка, Солянка;ул. Солянка, 4 с1;55.753698;37.637339;warm-bowl-osm-00580
Тёплая плошка, Романов;Романов пер., 2/6 с13;55.753871;37.609784;warm-bowl-osm-00581
Тёплая плошка, Красноказарменная, 19;ул. Красноказарменная, 19;55.754065;37.709825;warm-bowl-osm-00582
Тёплая плошка, Калашный;Калашный пер., 4/1;55.754185;37.602626;warm-bowl-osm-00583
Тёплая плошка, Солянка, 1/2 с2;ул. Солянка, 1/2 с2;55.754196;37.638605;warm-bowl-osm-00584
Тёплая плошка, Подкопаевский;Подкопаевский пер., 4А;55.754513;37.642293;warm-bowl-osm-00585
Тёплая плошка, Площадь Революции;ул. Ильинка, 3/8 с5;55.754624;37.624731;warm-bowl-osm-00586
Тёплая плошка, Реутов, Ашхабадская;Реутов, ул. Ашхабадская, 5;55.754681;37.863332;warm-bowl-osm-00587
Тёплая плошка, Большой Спасоглинищевский;Большой Спасоглинищевский пер., 9/1;55.754808;37.636473;warm-bowl-osm-00588
Тёплая плошка, Курская;4-й Сыромятнический пер., 3/5 с3;55.754999;37.667156;warm-bowl-osm-00589
Тёплая плошка, Красная;Красная пл., 3;55.755091;37.621099;warm-bowl-osm-00590
Тёплая плошка, Верхний Сусальный;Верхний Сусальный пер., 4/6 с3;55.755219;37.660680;warm-bowl-osm-00591
Тёплая плошка, Береговой;Береговой пр., 5 к3;55.755439;37.507710;warm-bowl-osm-00592
Тёплая плошка, Реутов, Ленина;Реутов, ул. Ленина, 6;55.755574;37.858274;warm-bowl-osm-00593
Тёплая плошка, 4-й Сыромятнический;4-й Сыромятнический пер., 1 с6;55.755740;37.664731;warm-bowl-osm-00594
Тёплая плошка, Скатертный;Скатертный пер., 13;55.755928;37.594546;warm-bowl-osm-00595
Тёплая плошка, Мантулинская;ул. Мантулинская, 5 с8;55.756078;37.553810;warm-bowl-osm-00596
Тёплая плошка, Береговой, 5 к2;Береговой пр., 5 к2;55.756205;37.509513;warm-bowl-osm-00597
Тёплая плошка, Петроверигский;Петроверигский пер., 4 с4;55.756435;37.636863;warm-bowl-osm-00598
Тёплая плошка, Чкаловская;Казарменный пер., 6;55.756512;37.650156;warm-bowl-osm-00599
Тёплая плошка, Никольская;ул. Никольская, 11-13 с2;55.756615;37.621479;warm-bowl-osm-00600
Тёплая плошка, Большая Никитская;ул. Большая Никитская, 15;55.756696;37.603995;warm-bowl-osm-00601
Тёплая плошка, Большая Никитская, 17 с2;ул. Большая Никитская, 17 с2;55.756791;37.603201;warm-bowl-osm-00602
Тёплая плошка, Покровский;Покровский бул., 8 с2;55.756989;37.646306;warm-bowl-osm-00603
Тёплая плошка, Буракова;ул. Буракова, 29;55.757104;37.735430;warm-bowl-osm-00604
Тёплая плошка, Земляной Вал;ул. Земляной Вал, 32;55.757185;37.657213;warm-bowl-osm-00605
Тёплая плошка, Охотный ряд;ул. Охотный Ряд, 2;55.757335;37.616966;warm-bowl-osm-00606
Тёплая плошка, Тверская;ул. Тверская, 3;55.757492;37.613035;warm-bowl-osm-00607
Тёплая плошка, Тверская, 5/6;ул. Тверская, 5/6;55.757686;37.611443;warm-bowl-osm-00608
Тёплая плошка, Маросейка;ул. Маросейка, 9 с8;55.757728;37.634997;warm-bowl-osm-00609
Тёплая плошка, Баррикадная;ул. Поварская, 52;55.757865;37.585879;warm-bowl-osm-00610
Тёплая плошка, Театральная;Театральный пр., 2;55.758012;37.621252;warm-bowl-osm-00611
Тёплая плошка, Малая Никитская;ул. Малая Никитская, 19 с2;55.758121;37.590878;warm-bowl-osm-00612
Тёплая плошка, Лефортовский Вал;ул. Лефортовский Вал, 11;55.758254;37.700660;warm-bowl-osm-00613
Тёплая плошка, Шмитовский;Шмитовский пр., 14 к1;55.758437;37.551170;warm-bowl-osm-00614
Тёплая плошка, Строителей;ул. Строителей, 6А;55.758569;37.846234;warm-bowl-osm-00615
Тёплая плошка, Малый Конюшковский;Малый Конюшковский пер., 2;55.758633;37.580100;warm-bowl-osm-00616
Тёплая плошка, Шмитовский, 10/7;Шмитовский пр., 10/7;55.758749;37.552851;warm-bowl-osm-00617
Тёплая плошка, Подсосенский;Подсосенский пер., 3;55.758897;37.650460;warm-bowl-osm-00618
Тёплая плошка, Малая Никитская, 24 с7;ул. Малая Никитская, 24 с7;55.759055;37.588724;warm-bowl-osm-00619
Тёплая плошка, Улица 1905 года;Шмитовский пр., 2 с1;55.759260;37.556755;warm-bowl-osm-00620
Тёплая плошка, Кудринская;Кудринская пл., 1;55.759374;37.581671;warm-bowl-osm-00621
Тёплая плошка, Камергерский;Камергерский пер., 2;55.759472;37.612958;warm-bowl-osm-00622
Тёплая плошка, Земляной Вал, 25 с2;ул. Земляной Вал, 25 с2;55.759714;37.659711;warm-bowl-osm-00623
Тёплая плошка, Малая Никитская, 24 с5;ул. Малая Никитская, 24 с5;55.759910;37.587222;warm-bowl-osm-00624
Тёплая плошка, Камергерский, 3;Камергерский пер., 3;55.759935;37.613000;warm-bowl-osm-00625
Тёплая плошка, Большая Дмитровка;ул. Большая Дмитровка, 5/6 с3;55.760078;37.614249;warm-bowl-osm-00626
Тёплая плошка, Нижний Сусальный;Нижний Сусальный пер., 5 с4;55.760290;37.663722;warm-bowl-osm-00627
Тёплая плошка, 3-я Соколиной Горы;3-я ул. Соколиной Горы, 1;55.760469;37.735511;warm-bowl-osm-00628
Тёплая плошка, Кузнецкий Мост;ул. Пушечная, 4 с1;55.760707;37.622272;warm-bowl-osm-00629
Тёплая плошка, Сергея Макеева;ул. Сергея Макеева, 9 к1;55.760736;37.549800;warm-bowl-osm-00630
Тёплая плошка, Лубянка;ул. Мясницкая, 7 с1;55.760852;37.631646;warm-bowl-osm-00631
Тёплая плошка, Армянский;Армянский пер., 3-5 с10;55.760956;37.635507;warm-bowl-osm-00632
Тёплая плошка, Петровка;ул. Петровка, 3 с1;55.761054;37.619166;warm-bowl-osm-00633
Тёплая плошка, Милютинский;Милютинский пер., 3;55.761349;37.631571;warm-bowl-osm-00634
Тёплая плошка, 2-я Черногрязская;ул. 2-я Черногрязская, 6 к1;55.761359;37.547107;warm-bowl-osm-00635
Тёплая плошка, Трёхгорный Вал;ул. Трёхгорный Вал, 20;55.761482;37.562217;warm-bowl-osm-00636
Тёплая плошка, Большая Грузинская;ул. Большая Грузинская, 4-6;55.761703;37.579567;warm-bowl-osm-00637
Тёплая плошка, 2-я Синичкина;2-я ул. Синичкина, 19;55.761735;37.717205;warm-bowl-osm-00638
Тёплая плошка, Трёхгорный Вал, 24;ул. Трёхгорный Вал, 24;55.761909;37.562591;warm-bowl-osm-00639
Тёплая плошка, Сергея Макеева, 9 к2;ул. Сергея Макеева, 9 к2;55.761983;37.550733;warm-bowl-osm-00640
Тёплая плошка, Краснопресненская;ул. Красная Пресня, 26 с2;55.762100;37.569267;warm-bowl-osm-00641
Тёплая плошка, Чеховская;ул. Большая Дмитровка, 13;55.762235;37.613445;warm-bowl-osm-00642
Тёплая плошка, Крылатское;ул. Осенняя, 11;55.762435;37.404440;warm-bowl-osm-00643
Тёплая плошка, Богословский;Богословский пер., 8/15;55.762565;37.599587;warm-bowl-osm-00644
Тёплая плошка, Неглинная;ул. Неглинная, 11;55.762565;37.619804;warm-bowl-osm-00645
Тёплая плошка, Спиридоньевский;Спиридоньевский пер., 10А;55.762678;37.595630;warm-bowl-osm-00646
Тёплая плошка, Красная Пресня;ул. Красная Пресня, 44 с1;55.762784;37.565210;warm-bowl-osm-00647
Тёплая плошка, Энтузиастов;ш. Энтузиастов, 86 с6;55.762924;37.798381;warm-bowl-osm-00648
Тёплая плошка, Радио;ул. Радио, 14 с1;55.762946;37.679470;warm-bowl-osm-00649
Тёплая плошка, Тверская, 17;ул. Тверская, 17;55.763177;37.607085;warm-bowl-osm-00650
Тёплая плошка, Ермолаевский;Ермолаевский пер., 6;55.763302;37.589726;warm-bowl-osm-00651
Тёплая плошка, Большая Дмитровка, 24 с3;ул. Большая Дмитровка, 24 с3;55.763435;37.612802;warm-bowl-osm-00652
Тёплая плошка, Новогиреевская;ул. Новогиреевская, 1 к3;55.763667;37.794165;warm-bowl-osm-00653
Тёплая плошка, Большой Козихинский;Большой Козихинский пер., 15;55.763807;37.595700;warm-bowl-osm-00654
Тёплая плошка, Неглинная, 12 кА;ул. Неглинная, 12 кА;55.763853;37.620217;warm-bowl-osm-00655
Тёплая плошка, Тверской;Тверской бул., 28;55.764084;37.605313;warm-bowl-osm-00656
Тёплая плошка, Красные Ворота;ул. Машкова, 22 с1;55.764330;37.655204;warm-bowl-osm-00657
Тёплая плошка, Красноказарменная, 3/1;ул. Красноказарменная, 3/1;55.764556;37.689345;warm-bowl-osm-00658
Тёплая плошка, Машкова;ул. Машкова, 21;55.764696;37.653935;warm-bowl-osm-00659
Тёплая плошка, Большая Декабрьская;ул. Большая Декабрьская, 3 с1;55.764764;37.557798;warm-bowl-osm-00660
Тёплая плошка, Тургеневская;Фролов пер., 2;55.764918;37.636207;warm-bowl-osm-00661
Тёплая плошка, Мясницкая;ул. Мясницкая, 30/1/2 с2;55.765198;37.638669;warm-bowl-osm-00662
Тёплая плошка, Петровка, 19 с1;ул. Петровка, 19 с1;55.765347;37.615959;warm-bowl-osm-00663
Тёплая плошка, Бобров;Бобров пер., 4 с1;55.765356;37.634305;warm-bowl-osm-00664
Тёплая плошка, Трубная;ул. Неглинная, 27;55.765713;37.620058;warm-bowl-osm-00665
Тёплая плошка, Маяковская;Ермолаевский пер., 18А;55.765739;37.593552;warm-bowl-osm-00666
Тёплая плошка, Тверская, 19А;ул. Тверская, 19А;55.765902;37.602754;warm-bowl-osm-00667
Тёплая плошка, Петровка, 23/10 с7;ул. Петровка, 23/10 с7;55.766096;37.614983;warm-bowl-osm-00668
Тёплая плошка, Пресненский Вал;ул. Пресненский Вал, 14 к4;55.766191;37.567931;warm-bowl-osm-00669
Тёплая плошка, Большая Садовая;ул. Большая Садовая, 6 с2;55.766494;37.592176;warm-bowl-osm-00670
Тёплая плошка, Большой Харитоньевский;Большой Харитоньевский пер., 25/10;55.766595;37.651451;warm-bowl-osm-00671
Тёплая плошка, Рождественский;Рождественский бул., 1;55.766717;37.624372;warm-bowl-osm-00672
Тёплая плошка, Страстной;Страстной бул., 12 с5;55.766951;37.612477;warm-bowl-osm-00673
Тёплая плошка, Пушкинская;Страстной бул., 7 с1;55.767096;37.608128;warm-bowl-osm-00674
Тёплая плошка, Большой Путинковский;Большой Путинковский пер., 5;55.767303;37.607521;warm-bowl-osm-00675
Тёплая плошка, Сретенка;ул. Сретенка, 5 с1;55.767319;37.631417;warm-bowl-osm-00676
Тёплая плошка, Настасьинский;Настасьинский пер., 5;55.767418;37.604726;warm-bowl-osm-00677
Тёплая плошка, Большой Козловский;Большой Козловский пер., 3;55.767656;37.646746;warm-bowl-osm-00678
Тёплая плошка, Настасьинский, 7;Настасьинский пер., 7;55.767753;37.605261;warm-bowl-osm-00679
Тёплая плошка, Старая Купавна, Центральная;Старая Купавна, ул. Центральная, 46Ас1;55.767913;38.218336;warm-bowl-osm-00680
Тёплая плошка, Колокольников;Колокольников пер., 3 с2;55.768023;37.624827;warm-bowl-osm-00681
Тёплая плошка, Мясницкая, 46 с1;ул. Мясницкая, 46 с1;55.768219;37.644490;warm-bowl-osm-00682
Тёплая плошка, Реутов, Фабричная;Реутов, ул. Фабричная, 4;55.768456;37.874897;warm-bowl-osm-00683
Тёплая плошка, Гашека;ул. Гашека, 7 с1;55.768788;37.589356;warm-bowl-osm-00684
Тёплая плошка, Бауманская;ул. Бауманская, вл 47;55.768934;37.680810;warm-bowl-osm-00685
Тёплая плошка, Тверская, 31/4;ул. Тверская, 31/4;55.768998;37.596494;warm-bowl-osm-00686
Тёплая плошка, Сретенский бульвар;просп. Академика Сахарова, 7;55.769372;37.641564;warm-bowl-osm-00687
Тёплая плошка, Малая Дмитровка;ул. Малая Дмитровка, 15;55.769470;37.605222;warm-bowl-osm-00688
Тёплая плошка, 1-я Магистральная;ул. 1-я Магистральная, 19/2;55.769517;37.522874;warm-bowl-osm-00689
Тёплая плошка, Триумфальная;Триумфальная пл., 2/2;55.769705;37.595186;warm-bowl-osm-00690
Тёплая плошка, Народное Ополчение;Карамышевская наб., 10 к1;55.769827;37.483089;warm-bowl-osm-00691
Тёплая плошка, Посланников;Посланников пер., 18 с1;55.770217;37.683669;warm-bowl-osm-00692
Тёплая плошка, Даев;Даев пер., 19;55.770225;37.637529;warm-bowl-osm-00693
Тёплая плошка, Большой Сухаревский;Большой Сухаревский пер., 2/24;55.770438;37.625617;warm-bowl-osm-00694
Тёплая плошка, Садовая-Спасская;ул. Садовая-Спасская, 12/23 с2;55.770517;37.642022;warm-bowl-osm-00695
Тёплая плошка, Балашиха, Рябиновая;Балашиха, ул. Рябиновая, 1;55.770745;37.962035;warm-bowl-osm-00696
Тёплая плошка, Трубная, 23 к2;ул. Трубная, 23 к2;55.770796;37.625206;warm-bowl-osm-00697
Тёплая плошка, Ладожская;ул. Ладожская, 2/37;55.771147;37.679335;warm-bowl-osm-00698
Тёплая плошка, Садовая-Триумфальная;ул. Садовая-Триумфальная, 12/14 с1;55.771200;37.601156;warm-bowl-osm-00699
Тёплая плошка, Академика Сахарова;просп. Академика Сахарова, 7;55.771291;37.644039;warm-bowl-osm-00700
Тёплая плошка, Малая Почтовая;ул. Малая Почтовая, 12;55.771385;37.689699;warm-bowl-osm-00701
Тёплая плошка, Малая Дмитровка, 24/2;ул. Малая Дмитровка, 24/2;55.771589;37.606110;warm-bowl-osm-00702
Тёплая плошка, Сухаревская;Большая Сухаревская пл., 16/18 с2;55.771657;37.637916;warm-bowl-osm-00703
Тёплая плошка, Электрический;Электрический пер., 3/10 с1 5эт;55.771934;37.575742;warm-bowl-osm-00704
Тёплая плошка, Белорусская;ул. Большая Грузинская, 61А;55.772185;37.584407;warm-bowl-osm-00705
Тёплая плошка, Цветной бульвар;Цветной бул., 30 с1;55.772257;37.622397;warm-bowl-osm-00706
Тёплая плошка, Садовая-Каретная;ул. Садовая-Каретная, 4-6 с1;55.772393;37.605953;warm-bowl-osm-00707
Тёплая плошка, Комсомольская;ул. Новорязанская, 21 с2;55.772559;37.660472;warm-bowl-osm-00708
Тёплая плошка, Садовая-Каретная, 8 с1;ул. Садовая-Каретная, 8 с1;55.772580;37.607230;warm-bowl-osm-00709
Тёплая плошка, Новорязанская;ул. Новорязанская, 23 с5;55.772878;37.661890;warm-bowl-osm-00710
Тёплая плошка, Нижняя Красносельская;ул. Нижняя Красносельская, 45/17;55.773035;37.675742;warm-bowl-osm-00711
Тёплая плошка, Реутов, Некрасова;Реутов, ул. Некрасова, 17;55.773098;37.849098;warm-bowl-osm-00712
Тёплая плошка, Энтузиастов, 51;ш. Энтузиастов, 51;55.773232;37.824652;warm-bowl-osm-00713
Тёплая плошка, 2-я Брестская;ул. 2-я Брестская, 37 с1;55.773355;37.585777;warm-bowl-osm-00714
Тёплая плошка, Грузинский Вал;ул. Грузинский Вал, 18/15;55.773372;37.578488;warm-bowl-osm-00715
Тёплая плошка, Долгоруковская;ул. Долгоруковская, 7;55.773608;37.603643;warm-bowl-osm-00716
Тёплая плошка, 2-я Брестская, 39 с3;ул. 2-я Брестская, 39 с3;55.773956;37.584839;warm-bowl-osm-00717
Тёплая плошка, Народный;Народный просп., 17 с28;55.774018;37.748407;warm-bowl-osm-00718
Тёплая плошка, Бауманская, 23;ул. Бауманская, 23;55.774371;37.678341;warm-bowl-osm-00719
Тёплая плошка, Грузинский Вал, 26 с1;ул. Грузинский Вал, 26 с1;55.774490;37.581423;warm-bowl-osm-00720
Тёплая плошка, Маршала Жукова;просп. Маршала Жукова, 39А к1;55.774734;37.471337;warm-bowl-osm-00721
Тёплая плошка, Красносельская;ул. Остоженка, 3/14;55.774903;37.670341;warm-bowl-osm-00722
Тёплая плошка, Мира;просп. Мира, 7 с3;55.775071;37.630828;warm-bowl-osm-00723
Тёплая плошка, Хорошёвская;Хорошёвское ш., 25А к2;55.775334;37.526959;warm-bowl-osm-00724
Тёплая плошка, Тверская Застава;пл. Тверская Застава, 1;55.775466;37.582097;warm-bowl-osm-00725
Тёплая плошка, Новослободская;ул. Краснопролетарская, 8 с1;55.775660;37.607869;warm-bowl-osm-00726
Тёплая плошка, Павловский Посад, Большая Покровская;Павловский Посад, ул. Большая Покровская, 33;55.775823;38.652282;warm-bowl-osm-00727
Тёплая плошка, Нижняя Красносельская, 35 с2;ул. Нижняя Красносельская, 35 с2;55.775998;37.672458;warm-bowl-osm-00728
Тёплая плошка, Семёновский Вал;ул. Семёновский Вал, 12;55.776298;37.714103;warm-bowl-osm-00729
Тёплая плошка, Комсомольская, 5;Комсомольская пл., 5;55.776646;37.656857;warm-bowl-osm-00730
Тёплая плошка, Краснопролетарская;ул. Краснопролетарская, 14/2;55.776751;37.607597;warm-bowl-osm-00731
Тёплая плошка, Краснопрудная;ул. Краснопрудная, 12 с1;55.776888;37.661152;warm-bowl-osm-00732
Тёплая плошка, Электросталь, Тевосяна;Электросталь, ул. Тевосяна, 12;55.777148;38.436962;warm-bowl-osm-00733
Тёплая плошка, Полежаевская;Хорошёвское ш., 25Б;55.777347;37.525861;warm-bowl-osm-00734
Тёплая плошка, Маршала Жукова, 48 к1;просп. Маршала Жукова, 48 к1;55.777626;37.465610;warm-bowl-osm-00735
Тёплая плошка, Павловский Посад, Большой Железнодорожный;Павловский Посад, Большой Железнодорожный пр., 2;55.777693;38.671348;warm-bowl-osm-00736
Тёплая плошка, Чаянова;ул. Чаянова, 22;55.777875;37.598580;warm-bowl-osm-00737
Тёплая плошка, Краснопрудная, 7-9;ул. Краснопрудная, 7-9;55.778112;37.662121;warm-bowl-osm-00738
Тёплая плошка, Генерала Карбышева;бул. Генерала Карбышева, 3;55.778348;37.468008;warm-bowl-osm-00739
Тёплая плошка, Лесная;ул. Лесная, 10-16;55.778425;37.588957;warm-bowl-osm-00740
Тёплая плошка, Бакунинская;ул. Бакунинская, 69 с1;55.778645;37.690534;warm-bowl-osm-00741
Тёплая плошка, Народного Ополчения;ул. Народного Ополчения, 22 к2;55.778762;37.479730;warm-bowl-osm-00742
Тёплая плошка, Лесная, 20 с2;ул. Лесная, 20 с2;55.778869;37.591562;warm-bowl-osm-00743
Тёплая плошка, Лесная, 9;ул. Лесная, 9;55.779086;37.589105;warm-bowl-osm-00744
Тёплая плошка, Павловский Посад, Кирова;Павловский Посад, ул. Кирова, 39;55.779144;38.654303;warm-bowl-osm-00745
Тёплая плошка, Проспект Мира;ул. Щепкина, 33;55.779409;37.628800;warm-bowl-osm-00746
Тёплая плошка, Бакунинская, 71;ул. Бакунинская, 71;55.779705;37.691984;warm-bowl-osm-00747
Тёплая плошка, Новослободская, 2;ул. Новослободская, 2;55.779811;37.601993;warm-bowl-osm-00748
Тёплая плошка, Краснопролетарская, 36;ул. Краснопролетарская, 36;55.780012;37.605476;warm-bowl-osm-00749
Тёплая плошка, Мира, 40;просп. Мира, 40;55.780221;37.633680;warm-bowl-osm-00750
Тёплая плошка, Менделеевская;ул. Новослободская, 10 с1;55.780432;37.600186;warm-bowl-osm-00751
Тёплая плошка, Лесная, 20 с1;ул. Лесная, 20 с1;55.780669;37.592883;warm-bowl-osm-00752
Тёплая плошка, Павловский Посад, Кирова, 95;Павловский Посад, ул. Кирова, 95;55.780926;38.673860;warm-bowl-osm-00753
Тёплая плошка, Новослободская, 21;ул. Новослободская, 21;55.781063;37.599124;warm-bowl-osm-00754
Тёплая плошка, Бутырский Вал;ул. Бутырский Вал, 24;55.781170;37.586610;warm-bowl-osm-00755
Тёплая плошка, Электросталь, Горького;Электросталь, ул. Горького, 16;55.781426;38.454302;warm-bowl-osm-00756
Тёплая плошка, Семёновская;Семёновская пл., 2;55.781629;37.719498;warm-bowl-osm-00757
Тёплая плошка, Сущёвская;ул. Сущёвская, 19 с5;55.781847;37.601357;warm-bowl-osm-00758
Тёплая плошка, Новослободская, 31 с1;ул. Новослободская, 31 с1;55.782045;37.598309;warm-bowl-osm-00759
Тёплая плошка, Щербаковская;ул. Щербаковская, 58;55.782548;37.740285;warm-bowl-osm-00760
Тёплая плошка, Щербаковская, 3;ул. Щербаковская, 3;55.782601;37.723679;warm-bowl-osm-00761
Тёплая плошка, Щербаковская, 11;ул. Щербаковская, 11;55.782844;37.728053;warm-bowl-osm-00762
Тёплая плошка, Щербаковская, 53 к15;ул. Щербаковская, 53 к15;55.782990;37.734361;warm-bowl-osm-00763
Тёплая плошка, Ленинградский;Ленинградский просп., 31А с1;55.783211;37.560491;warm-bowl-osm-00764
Тёплая плошка, Новосущёвская;ул. Новосущёвская, 5 с3;55.783407;37.604427;warm-bowl-osm-00765
Тёплая плошка, Динамо;Ленинградский просп., 31А с1;55.783683;37.559145;warm-bowl-osm-00766
Тёплая плошка, Гастелло;ул. Гастелло, 37;55.784103;37.689749;warm-bowl-osm-00767
Тёплая плошка, 1-я Ямского Поля;1-я ул. Ямского Поля, 17 к12;55.784184;37.584866;warm-bowl-osm-00768
Тёплая плошка, Большая Переяславская;ул. Большая Переяславская, 11 с1;55.784333;37.641007;warm-bowl-osm-00769
Тёплая плошка, Электрозаводская;ул. Малая Семёновская, 3 с31;55.784697;37.704252;warm-bowl-osm-00770
Тёплая плошка, Достоевская;ул. Октябрьская, 2;55.784777;37.614163;warm-bowl-osm-00771
Тёплая плошка, Бульвар Генерала Карбышева;ул. Маршала Тухачевского, 32;55.784893;37.473480;warm-bowl-osm-00772
Тёплая плошка, Малая Семёновская;ул. Малая Семёновская, 9 с3;55.785200;37.709086;warm-bowl-osm-00773
Тёплая плошка, Ленинградский, 31с9;Ленинградский просп., 31с9;55.785412;37.562057;warm-bowl-osm-00774
Тёплая плошка, Верхняя Красносельская;ул. Верхняя Красносельская, 2/1 с4;55.785890;37.659080;warm-bowl-osm-00775
Тёплая плошка, Верхняя Красносельская, 3 с1;ул. Верхняя Красносельская, 3 с1;55.786015;37.659918;warm-bowl-osm-00776
Тёплая плошка, Ткацкая;ул. Ткацкая, 11;55.786274;37.725275;warm-bowl-osm-00777
Тёплая плошка, Ткацкая, 32А;ул. Ткацкая, 32А;55.786452;37.735291;warm-bowl-osm-00778
Тёплая плошка, 3-я Хорошёвская;ул. 3-я Хорошёвская, 27 к1;55.786678;37.494934;warm-bowl-osm-00779
Тёплая плошка, Сокольники;ул. Маленковская, 32 с2;55.787024;37.674034;warm-bowl-osm-00780
Тёплая плошка, Русаковская;ул. Русаковская, 22 с1;55.787332;37.679791;warm-bowl-osm-00781
Тёплая плошка, Расковой;ул. Расковой, 20;55.787755;37.572999;warm-bowl-osm-00782
Тёплая плошка, Реутов, Строителей;Реутов, ул. Строителей, 6а;55.787941;37.881315;warm-bowl-osm-00783
Тёплая плошка, Русаковская, 31;ул. Русаковская, 31;55.788207;37.678525;warm-bowl-osm-00784
Тёплая плошка, Ходынский;Ходынский бул., 17 с2;55.788538;37.520720;warm-bowl-osm-00785
Тёплая плошка, Ленинградский, 36 с10;Ленинградский просп., 36 с10;55.788667;37.567467;warm-bowl-osm-00786
Тёплая плошка, Павловская Слобода, Заречная;Павловская Слобода, ул. Заречная, 45А с8;55.788914;37.011118;warm-bowl-osm-00787
Тёплая плошка, Ленинградский, 36 с37;Ленинградский просп., 36 с37;55.789111;37.567457;warm-bowl-osm-00788
Тёплая плошка, Павловская Слобода, Заречная, 45А;Павловская Слобода, ул. Заречная, 45А;55.789338;37.011527;warm-bowl-osm-00789
Тёплая плошка, Балашиха, Первомайская;Балашиха, ул. Первомайская, с 9Б;55.789596;37.937465;warm-bowl-osm-00790
Тёплая плошка, Павловская Слобода, Заречная, 45А с2А;Павловская Слобода, ул. Заречная, 45А с2А;55.789796;37.011703;warm-bowl-osm-00791
Тёплая плошка, Рижская;ул. Трифоновская, 57А;55.789935;37.631695;warm-bowl-osm-00792
Тёплая плошка, Измайловская;ул. Первомайская, 10А;55.790188;37.775127;warm-bowl-osm-00793
Тёплая плошка, ЦСКА;Ходынский бул., 4;55.790386;37.532001;warm-bowl-osm-00794
Тёплая плошка, Марьина Роща;Лазаревский пер., 2;55.790656;37.610078;warm-bowl-osm-00795
Тёплая плошка, Октябрьское Поле;ул. Народного Ополчения, 42 к1;55.790713;37.489673;warm-bowl-osm-00796
Тёплая плошка, Ленинградский, 36;Ленинградский просп., 36;55.791078;37.559626;warm-bowl-osm-00797
Тёплая плошка, Мира, 79 с2;просп. Мира, 79 с2;55.791196;37.633848;warm-bowl-osm-00798
Тёплая плошка, Савёловская;Бумажный пр., 14 с1;55.791260;37.587556;warm-bowl-osm-00799
Тёплая плошка, Сокольнический Вал;ул. Сокольнический Вал, 22;55.791696;37.660542;warm-bowl-osm-00800
Тёплая плошка, Балашиха, Твардовского;Балашиха, ул. Твардовского, 10;55.791775;37.977227;warm-bowl-osm-00801
Тёплая плошка, Преображенская площадь;ул. Электрозаводская, 46 с2;55.792013;37.708449;warm-bowl-osm-00802
Тёплая плошка, Сущёвский Вал;ул. Сущёвский Вал, 22;55.792272;37.604550;warm-bowl-osm-00803
Тёплая плошка, Сокольнический Вал, 1A c5;Сокольнический Вал, 1A c5;55.792749;37.678027;warm-bowl-osm-00804
Тёплая плошка, Балашиха, Объездное;Балашиха, Объездное ш., 5;55.792925;37.894994;warm-bowl-osm-00805
Тёплая плошка, Новопесчаная;ул. Новопесчаная, 23 к7;55.793114;37.512974;warm-bowl-osm-00806
Тёплая плошка, Сущёвский Вал, 31 с1;ул. Сущёвский Вал, 31 с1;55.793173;37.604651;warm-bowl-osm-00807
Тёплая плошка, Петровский парк;ул. Верхняя Масловка, 14;55.793349;37.563938;warm-bowl-osm-00808
Тёплая плошка, Первомайская;ул. Первомайская, 126;55.793404;37.819438;warm-bowl-osm-00809
Тёплая плошка, Ленинградский, 37 к3;Ленинградский просп., 37 к3;55.793605;37.544942;warm-bowl-osm-00810
Тёплая плошка, Маршала Мерецкова;ул. Маршала Мерецкова, 4;55.793748;37.490299;warm-bowl-osm-00811
Тёплая плошка, 1-я Квесисская;ул. 1-я Квесисская, 8;55.794021;37.581393;warm-bowl-osm-00812
Тёплая плошка, Маршала Мерецкова, 6;ул. Маршала Мерецкова, 6;55.794053;37.489733;warm-bowl-osm-00813
Тёплая плошка, Стромынка;ул. Стромынка, 22;55.794324;37.703359;warm-bowl-osm-00814
Тёплая плошка, Ленинградский, 37/6;Ленинградский просп., 37/6;55.794337;37.541952;warm-bowl-osm-00815
Тёплая плошка, Балашиха, Энтузиастов;Балашиха, ш. Энтузиастов, 7В;55.794593;37.932895;warm-bowl-osm-00816
Тёплая плошка, Петровско-Разумовский;Петровско-Разумовский пр., 10;55.794745;37.569340;warm-bowl-osm-00817
Тёплая плошка, Преображенская;ул. Преображенская, 2;55.794935;37.705745;warm-bowl-osm-00818
Тёплая плошка, Маршала Рыбалко;ул. Маршала Рыбалко, 1;55.795350;37.495407;warm-bowl-osm-00819
Тёплая плошка, Преображенская, 7А с1;Преображенская пл., 7А с1;55.795606;37.709472;warm-bowl-osm-00820
Тёплая плошка, Шереметьевская;ул. Шереметьевская, 6 к1;55.795802;37.617055;warm-bowl-osm-00821
Тёплая плошка, Маршала Бирюзова;ул. Маршала Бирюзова, 22 к1;55.795974;37.489596;warm-bowl-osm-00822
Тёплая плошка, Красногорск, Ильинское;Красногорск, Ильинское ш., 4В;55.796190;37.296195;warm-bowl-osm-00823
Тёплая плошка, 2-я Песчаная;ул. 2-я Песчаная, 3;55.796470;37.515945;warm-bowl-osm-00824
Тёплая плошка, Балашиха, Ленина;Балашиха, просп. Ленина, 29;55.796563;37.946506;warm-bowl-osm-00825
Тёплая плошка, Складочная;ул. Складочная, 1Б с3;55.797083;37.592944;warm-bowl-osm-00826
Тёплая плошка, Большая Черкизовская;ул. Большая Черкизовская, 3 к1 с1;55.797338;37.718104;warm-bowl-osm-00827
Тёплая плошка, Аэропорт;ул. Константина Симонова, 2А;55.797495;37.540251;warm-bowl-osm-00828
Тёплая плошка, Балашиха, Ленина, 23/5;Балашиха, просп. Ленина, 23/5;55.797604;37.937549;warm-bowl-osm-00829
Тёплая плошка, Аэропорта;пр. Аэропорта, 8;55.797687;37.521994;warm-bowl-osm-00830
Тёплая плошка, 1-й Стрелецкий;1-й Стрелецкий пр., 14;55.798449;37.608635;warm-bowl-osm-00831
Тёплая плошка, 15-я Парковая;ул. 15-я Парковая, 27;55.798572;37.818614;warm-bowl-osm-00832
Тёплая плошка, Ленинградский, 56;Ленинградский просп., 56;55.798685;37.537547;warm-bowl-osm-00833
Тёплая плошка, Вятская;ул. Вятская, 37;55.798836;37.581031;warm-bowl-osm-00834
Тёплая плошка, Шереметьевская, 19 к2 с2;ул. Шереметьевская, 19 к2 с2;55.799286;37.614993;warm-bowl-osm-00835
Тёплая плошка, Верхняя Первомайская;ул. Верхняя Первомайская, 43;55.799430;37.794662;warm-bowl-osm-00836
Тёплая плошка, Электросталь, Корнеева;Электросталь, ул. Корнеева, 6Б;55.799628;38.469013;warm-bowl-osm-00837
Тёплая плошка, Маршала Рыбалко, 18 к1;ул. Маршала Рыбалко, 18 к1;55.799836;37.484798;warm-bowl-osm-00838
Тёплая плошка, Красногорск, Новорижское;Красногорск, Новорижское ш., вл2 с1;55.799846;37.273517;warm-bowl-osm-00839
Тёплая плошка, Краснобогатырская;ул. Краснобогатырская, 90 с2;55.800208;37.709031;warm-bowl-osm-00840
Тёплая плошка, Вятская, 41Г с3;ул. Вятская, 41Г с3;55.800409;37.577882;warm-bowl-osm-00841
Тёплая плошка, Большая Новодмитровская;ул. Большая Новодмитровская, 14 с4;55.800505;37.586158;warm-bowl-osm-00842
Тёплая плошка, Дмитровская;ул. Большая Новодмитровская, 14 с3;55.800905;37.586473;warm-bowl-osm-00843
Тёплая плошка, Халтуринская;ул. Халтуринская, 11А;55.801530;37.726626;warm-bowl-osm-00844
Тёплая плошка, Ленинградский, 62А;Ленинградский просп., 62А;55.801580;37.531242;warm-bowl-osm-00845
Тёплая плошка, Панфилова;ул. Панфилова, 6Б;55.801893;37.496928;warm-bowl-osm-00846
Тёплая плошка, 7-я Парковая;ул. 7-я Парковая, 27;55.802398;37.792003;warm-bowl-osm-00847
Тёплая плошка, 9-я Парковая;ул. 9-я Парковая, 58;55.802850;37.799440;warm-bowl-osm-00848
Тёплая плошка, 8 Марта;ул. 8 Марта, 8 с3;55.802911;37.555807;warm-bowl-osm-00849
Тёплая плошка, Сокол;Ленинградский просп., 65;55.803052;37.519523;warm-bowl-osm-00850
Тёплая плошка, Черкизовская;Щёлковское ш., 1;55.803177;37.747144;warm-bowl-osm-00851
Тёплая плошка, Шереметьевская, 20;ул. Шереметьевская, 20;55.803317;37.618114;warm-bowl-osm-00852
Тёплая плошка, Балашиха, микрорайон ВНИИПО;Балашиха, микрорайон ВНИИПО, 12;55.803426;38.001940;warm-bowl-osm-00853
Тёплая плошка, 3-я Мытищинская;ул. 3-я Мытищинская, 10;55.803872;37.648084;warm-bowl-osm-00854
Тёплая плошка, Новодмитровская;ул. Новодмитровская, 2 к4;55.803919;37.590610;warm-bowl-osm-00855
Тёплая плошка, 3-я Парковая;ул. 3-я Парковая, 53;55.804415;37.781485;warm-bowl-osm-00856
Тёплая плошка, Новодмитровская, 2 к2;ул. Новодмитровская, 2 к2;55.804546;37.589896;warm-bowl-osm-00857
Тёплая плошка, Щёлковское;Щёлковское ш., 3 c8;55.804708;37.754295;warm-bowl-osm-00858
Тёплая плошка, Лизы Чайкиной;ул. Лизы Чайкиной, 6;55.804775;37.526495;warm-bowl-osm-00859
Тёплая плошка, Щукинская;ул. Маршала Новикова, 14 к1;55.805017;37.462247;warm-bowl-osm-00860
Тёплая плошка, Краснобогатырская, 79 к2Б;ул. Краснобогатырская, 79 к2Б;55.805373;37.709655;warm-bowl-osm-00861
Тёплая плошка, Ленинградский, 77 к2;Ленинградский просп., 77 к2;55.805623;37.508216;warm-bowl-osm-00862
Тёплая плошка, Строгино;Строгинский бул., 1 к2;55.805786;37.396388;warm-bowl-osm-00863
Тёплая плошка, Старая Купавна, Школьный;Старая Купавна, Школьный пр., 3;55.806041;38.174298;warm-bowl-osm-00864
Тёплая плошка, Открытое;Открытое ш., 2 к9А;55.806199;37.729229;warm-bowl-osm-00865
Тёплая плошка, Кочновский;Кочновский пр., 4 к2;55.806221;37.545027;warm-bowl-osm-00866
Тёплая плошка, Старая Купавна, Владимирская;Старая Купавна, ул. Владимирская, 112 с2;55.806835;38.057658;warm-bowl-osm-00867
Тёплая плошка, Алексеевская;ул. 3-я Мытищинская, 16 с60;55.807008;37.645716;warm-bowl-osm-00868
Тёплая плошка, Щёлковский;Щёлковский пр., 13;55.807162;37.777170;warm-bowl-osm-00869
Тёплая плошка, Старая Купавна, Большая Московская;Старая Купавна, ул. Большая Московская, 32;55.807303;38.162163;warm-bowl-osm-00870
Тёплая плошка, Старая Купавна, Владимирская, 141А;Старая Купавна, ул. Владимирская, 141А;55.807537;38.057500;warm-bowl-osm-00871
Тёплая плошка, Часовая;ул. Часовая, 11 с11;55.807720;37.529798;warm-bowl-osm-00872
Тёплая плошка, Бутырская;ул. Бутырская, 86Б;55.808053;37.582260;warm-bowl-osm-00873
Тёплая плошка, Волоколамское;Волоколамское ш., 6;55.808218;37.500997;warm-bowl-osm-00874
Тёплая плошка, Красногорск, Заводская;Красногорск, ул. Заводская, 18 к3;55.808476;37.326900;warm-bowl-osm-00875
Тёплая плошка, Орехово-Зуево, Моисеенко;Орехово-Зуево, ул. Моисеенко, 2;55.808656;38.990171;warm-bowl-osm-00876
Тёплая плошка, Шереметьевская, 47;ул. Шереметьевская, 47;55.808725;37.613025;warm-bowl-osm-00877
Тёплая плошка, Красногорск, Ильинское, 25;Красногорск, Ильинское ш., 25;55.809059;37.338792;warm-bowl-osm-00878
Тёплая плошка, Бульвар Рокоссовского;Открытое ш., 4 с1;55.809400;37.729762;warm-bowl-osm-00879
Тёплая плошка, Красногорск, Зелёная;Красногорск, ул. Зелёная, 67А;55.809402;37.344125;warm-bowl-osm-00880
Тёплая плошка, Амурская;ул. Амурская, 1А к5;55.809718;37.759643;warm-bowl-osm-00881
Тёплая плошка, Красногорск, Центральная;Красногорск, ул. Центральная, 7В;55.809944;37.361450;warm-bowl-osm-00882
Тёплая плошка, Огородный;Огородный пр., 9А с3;55.810174;37.603232;warm-bowl-osm-00883
Тёплая плошка, Добролюбова;ул. Добролюбова, 3 с1;55.810434;37.594273;warm-bowl-osm-00884
Тёплая плошка, 1-й Балтийский;1-й Балтийский пер., 3/25;55.810501;37.518897;warm-bowl-osm-00885
Тёплая плошка, 3-й Балтийский;3-й Балтийский пер., 4 к5;55.810925;37.527488;warm-bowl-osm-00886
Тёплая плошка, Павловская Слобода, Центральная;Павловская Слобода, ул. Центральная, 27;55.811279;37.013186;warm-bowl-osm-00887
Тёплая плошка, Маломосковская;ул. Маломосковская, 22 с1;55.811465;37.653303;warm-bowl-osm-00888
Тёплая плошка, Волоколамское, 24 к1;Волоколамское ш., 24 к1;55.811646;37.483899;warm-bowl-osm-00889
Тёплая плошка, Щёлковское, 85 к1;Щёлковское ш., 85 к1;55.812007;37.817781;warm-bowl-osm-00890
Тёплая плошка, Орехово-Зуево, Лопатина;Орехово-Зуево, ул. Лопатина, 2;55.812131;38.976403;warm-bowl-osm-00891
Тёплая плошка, Амурская, 36;ул. Амурская, 36;55.812453;37.779955;warm-bowl-osm-00892
Тёплая плошка, Светлый;Светлый пр., 6А с1;55.812658;37.488055;warm-bowl-osm-00893
Тёплая плошка, Красногорск, Пришвина;Красногорск, ул. Пришвина, 2;55.812967;37.245009;warm-bowl-osm-00894
Тёплая плошка, Павловская Слобода, Октябрьская;Павловская Слобода, ул. Октябрьская, 3;55.813555;37.086032;warm-bowl-osm-00895
Тёплая плошка, Рижский;Рижский пр., 4А;55.813838;37.661291;warm-bowl-osm-00896
Тёплая плошка, Строителей, 4 к3;бул. Строителей, 4 к3;55.814078;37.387511;warm-bowl-osm-00897
Тёплая плошка, Павловская Слобода, Ленина;Павловская Слобода, ул. Ленина, 3А;55.814345;37.085355;warm-bowl-osm-00898
Тёплая плошка, Красногорск, Молодёжная;Красногорск, ул. Молодёжная, 4;55.814693;37.354492;warm-bowl-osm-00899
Тёплая плошка, Звёздный;Звёздный бул., 24;55.815127;37.628383;warm-bowl-osm-00900
Тёплая плошка, Красногорск, Молодёжная, 3;Красногорск, ул. Молодёжная, 3;55.815478;37.356276;warm-bowl-osm-00901
Тёплая плошка, Краснобогатырская, 2;ул. Краснобогатырская, 2;55.815695;37.691336;warm-bowl-osm-00902
Тёплая плошка, Огородный, 16/1 с3;Огородный пр., 16/1 с3;55.815919;37.603884;warm-bowl-osm-00903
Тёплая плошка, Краснобогатырская, 2 c17;ул. Краснобогатырская, 2 c17;55.816172;37.686610;warm-bowl-osm-00904
Тёплая плошка, Войковская;Ленинградское ш., 8 с2;55.816404;37.500827;warm-bowl-osm-00905
Тёплая плошка, Байкальская;ул. Байкальская, 28;55.816607;37.803118;warm-bowl-osm-00906
Тёплая плошка, Красногорск, Красногорский;Красногорск, Красногорский бул., 18;55.816920;37.373205;warm-bowl-osm-00907
Тёплая плошка, Ленинградское;Ленинградское ш., 9 к1;55.817168;37.498223;warm-bowl-osm-00908
Тёплая плошка, Красногорск, 50 лет Октября;Красногорск, ул. 50 лет Октября, 12;55.817690;37.310811;warm-bowl-osm-00909
Тёплая плошка, Волоколамское, 62;Волоколамское ш., 62;55.817816;37.462521;warm-bowl-osm-00910
Тёплая плошка, Красногорск, Пришвина, 11;Красногорск, ул. Пришвина, 11;55.818446;37.247562;warm-bowl-osm-00911
Тёплая плошка, Обухово, Кудиновское;Обухово, Кудиновское ш., 26;55.818847;38.259627;warm-bowl-osm-00912
Тёплая плошка, Черницынский;Черницынский пр., 3 с9;55.819118;37.792706;warm-bowl-osm-00913
Тёплая плошка, Цандера;ул. Цандера, 9;55.819371;37.630012;warm-bowl-osm-00914
Тёплая плошка, Мякинино;ул. Международная, 8;55.819548;37.386509;warm-bowl-osm-00915
Тёплая плошка, Уральская;ул. Уральская, 17;55.819847;37.797515;warm-bowl-osm-00916
Тёплая плошка, Балашиха, Калинина;Балашиха, ул. Калинина, 17/10 к2;55.820197;37.972034;warm-bowl-osm-00917
Тёплая плошка, Старопетровский;Старопетровский пр., 2 с3;55.820493;37.500933;warm-bowl-osm-00918
Тёплая плошка, Международная;ул. Международная, 12;55.820633;37.388750;warm-bowl-osm-00919
Тёплая плошка, Красногорск, Подмосковный;Красногорск, Подмосковный бул., 10;55.821004;37.370246;warm-bowl-osm-00920
Тёплая плошка, Красногорск, Дачная;Красногорск, ул. Дачная, 5;55.821390;37.312830;warm-bowl-osm-00921
Тёплая плошка, Красногорск, Подмосковный, 9;Красногорск, Подмосковный бул., 9;55.821699;37.369311;warm-bowl-osm-00922
Тёплая плошка, Красногорск, Мякинино;Красногорск, ул. Международная, 14;55.822152;37.384968;warm-bowl-osm-00923
Тёплая плошка, Балашиха, Свердлова;Балашиха, ул. Свердлова, 17А;55.822797;37.969268;warm-bowl-osm-00924
Тёплая плошка, Ленинградское, 16А с4;Ленинградское ш., 16А с4;55.823299;37.498011;warm-bowl-osm-00925
Тёплая плошка, Старопетровский, 1 с2;Старопетровский пр., 1 с2;55.823567;37.500092;warm-bowl-osm-00926
Тёплая плошка, 1-я Останкинская;ул. 1-я Останкинская, 1А с1;55.824175;37.616590;warm-bowl-osm-00927
Тёплая плошка, Старопетровский, 7А с6;Старопетровский пр., 7А с6;55.824726;37.501625;warm-bowl-osm-00928
Тёплая плошка, Старопетровский, 14 с1;Старопетровский пр., 14 с1;55.824883;37.509754;warm-bowl-osm-00929
Тёплая плошка, 2-я Останкинская;ул. 2-я Останкинская, 3;55.825775;37.627928;warm-bowl-osm-00930
Тёплая плошка, Балашиха, Звёздная;Балашиха, ул. Звёздная, 8;55.826211;37.955076;warm-bowl-osm-00931
Тёплая плошка, Тушинская;ул. Тушинская, 17;55.826510;37.445687;warm-bowl-osm-00932
Тёплая плошка, Касаткина;ул. Касаткина, 11 с2;55.827177;37.660639;warm-bowl-osm-00933
Тёплая плошка, Красногорск, Ленина;Красногорск, ул. Ленина, 21А;55.827444;37.311277;warm-bowl-osm-00934
Тёплая плошка, Мира, 119 с521;просп. Мира, 119 с521;55.827800;37.631261;warm-bowl-osm-00935
Тёплая плошка, Балашиха, Звёздная, 7Б;Балашиха, ул. Звёздная, 7Б;55.828292;37.954063;warm-bowl-osm-00936
Тёплая плошка, Восточный, Щёлковское;Восточный, Щёлковское ш., 1А;55.828596;37.908522;warm-bowl-osm-00937
Тёплая плошка, Мира, 119 с70;просп. Мира, 119 с70;55.829369;37.641790;warm-bowl-osm-00938
Тёплая плошка, Мира, 119 с516;просп. Мира, 119 с516;55.829949;37.619996;warm-bowl-osm-00939
Тёплая плошка, Мира, 119 с503;просп. Мира, 119 с503;55.830348;37.617677;warm-bowl-osm-00940
Тёплая плошка, Красногорск, Советская;Красногорск, ул. Советская, 4;55.830976;37.327530;warm-bowl-osm-00941
Тёплая плошка, Путилково, Волоколамская;Путилково, Волоколамское ш., 140;55.831001;37.375720;warm-bowl-osm-00942
Тёплая плошка, Красногорск, Парковая;Красногорск, ул. Парковая, 8;55.832058;37.314240;warm-bowl-osm-00943
Тёплая плошка, Мира, 119 с523;просп. Мира, 119 с523;55.832539;37.634265;warm-bowl-osm-00944
Тёплая плошка, Мира, 119 с467;просп. Мира, 119 с467;55.833115;37.630489;warm-bowl-osm-00945
Тёплая плошка, Нахабино, Дежнёва;Нахабино, ул. Дежнёва, 2;55.833701;37.239511;warm-bowl-osm-00946
Тёплая плошка, Большая Академическая;ул. Большая Академическая, 38A c1;55.833878;37.538350;warm-bowl-osm-00947
Тёплая плошка, Бажова;ул. Бажова, 16;55.834450;37.662211;warm-bowl-osm-00948
Тёплая плошка, Обухово, Ленина;Обухово, ул. Ленина, 42;55.834930;38.266943;warm-bowl-osm-00949
Тёплая плошка, Ленинградское, 39 с6;Ленинградское ш., 39 с6;55.834959;37.479603;warm-bowl-osm-00950
Тёплая плошка, Походный;Походный пр., 3 с4;55.835507;37.408687;warm-bowl-osm-00951
Тёплая плошка, Путилково, Пятницкое;Путилково, Пятницкое ш., 3;55.835745;37.386307;warm-bowl-osm-00952
Тёплая плошка, Проспект Мира, 119 с178;Проспект Мира, 119 с178;55.835945;37.628550;warm-bowl-osm-00953
Тёплая плошка, Красногорск, Ленина, 57;Красногорск, ул. Ленина, 57;55.836059;37.296804;warm-bowl-osm-00954
Тёплая плошка, Красногорск, Ново-Никольская;Красногорск, ул. Ново-Никольская, 2А;55.836410;37.263390;warm-bowl-osm-00955
Тёплая плошка, Красногорск, Генерала Белобородова;Красногорск, ул. Генерала Белобородова, 9;55.836786;37.354365;warm-bowl-osm-00956
Тёплая плошка, Мира, 119 с307;просп. Мира, 119 с307;55.837070;37.612413;warm-bowl-osm-00957
Тёплая плошка, Сельскохозяйственная;ул. Сельскохозяйственная, 17 к1;55.837682;37.636420;warm-bowl-osm-00958
Тёплая плошка, Красногорск, Речная;Красногорск, ул. Речная, 37 с1;55.837753;37.325391;warm-bowl-osm-00959
Тёплая плошка, Петровско-Разумовская;Локомотивный пр., 4;55.838018;37.576902;warm-bowl-osm-00960
Тёплая плошка, Михалковская;ул. Михалковская, вл9;55.838618;37.529801;warm-bowl-osm-00961
Тёплая плошка, Монино, Баранова;Монино, ул. Баранова, 2;55.839121;38.197194;warm-bowl-osm-00962
Тёплая плошка, Сабурово, Ново-Никольская;Сабурово, ул. Ново-Никольская, 54А;55.839534;37.252705;warm-bowl-osm-00963
Тёплая плошка, Нахабино, Ново-Никольская;Нахабино, ул. Ново-Никольская, 110;55.839864;37.240725;warm-bowl-osm-00964
Тёплая плошка, Водный стадион;Кронштадтский бул., 6 к5;55.840463;37.493907;warm-bowl-osm-00965
Тёплая плошка, Докукина;ул. Докукина, 16 с1;55.841044;37.650372;warm-bowl-osm-00966
Тёплая плошка, Большая Академическая, 71;ул. Большая Академическая, 71;55.841394;37.550363;warm-bowl-osm-00967
Тёплая плошка, Кронштадтский;Кронштадтский бул., 19 с1;55.842655;37.495709;warm-bowl-osm-00968
Тёплая плошка, Окружная;ул. Гостиничная, 4 к9;55.843443;37.580943;warm-bowl-osm-00969
Тёплая плошка, Нахабино, Вокзальная;Нахабино, ул. Вокзальная, 15А;55.843731;37.180773;warm-bowl-osm-00970
Тёплая плошка, Мира, 211 к1;просп. Мира, 211 к1;55.844136;37.662898;warm-bowl-osm-00971
Тёплая плошка, Ботанический сад;ул. 1-я Леонова, 22;55.844525;37.637551;warm-bowl-osm-00972
Тёплая плошка, Смольная;ул. Смольная, 2;55.845001;37.500631;warm-bowl-osm-00973
Тёплая плошка, Путилково, Митино;Путилково, ул. Дубравная, 33;55.845356;37.359567;warm-bowl-osm-00974
Тёплая плошка, Гостиничный;Гостиничный пр., 8 к1;55.845897;37.576054;warm-bowl-osm-00975
Тёплая плошка, Гостиничная;ул. Гостиничная, 10 к5;55.846657;37.580894;warm-bowl-osm-00976
Тёплая плошка, Путилково, Пятницкое, 21;Путилково, Пятницкое ш., 21;55.847055;37.371086;warm-bowl-osm-00977
Тёплая плошка, Лазоревый;Лазоревый пр., 1А к2;55.847191;37.638783;warm-bowl-osm-00978
Тёплая плошка, Ленинградское, 80 с1;Ленинградское ш., 80 с1;55.847625;37.476245;warm-bowl-osm-00979
Тёплая плошка, Туристская;ул. Туристская, 6 c1;55.848447;37.423681;warm-bowl-osm-00980
Тёплая плошка, Сходненская;ул. Сходненская, 52 к1;55.848935;37.440938;warm-bowl-osm-00981
Тёплая плошка, Свободы;ул. Свободы, 48;55.848954;37.454107;warm-bowl-osm-00982
Тёплая плошка, 4-й Лихачёвский;4-й Лихачёвский пер., 2А;55.849730;37.525313;warm-bowl-osm-00983
Тёплая плошка, Берёзовая аллея;Берёзовая аллея, 12 к3;55.849776;37.616206;warm-bowl-osm-00984
Тёплая плошка, Путилково, Пятницкое, 29 к1;Путилково, Пятницкое ш., 29 к1;55.850386;37.364180;warm-bowl-osm-00985
Тёплая плошка, Яна Райниса;бул. Яна Райниса, 4 к1;55.850712;37.430929;warm-bowl-osm-00986
Тёплая плошка, Ногинск, Комсомольская;Ногинск, ул. Комсомольская, 41;55.851245;38.443619;warm-bowl-osm-00987
Тёплая плошка, Речной вокзал;Ленинградское ш., 51;55.851724;37.467180;warm-bowl-osm-00988
Тёплая плошка, Химкинский;Химкинский бул., 14 к1;55.852268;37.446208;warm-bowl-osm-00989
Тёплая плошка, Ногинск, Комсомольская, 23;Ногинск, ул. Комсомольская, 23;55.852713;38.448250;warm-bowl-osm-00990
Тёплая плошка, Алтуфьевское;Алтуфьевское ш., 9А с2;55.853195;37.584153;warm-bowl-osm-00991
Тёплая плошка, Ленинградское, 51 с13;Ленинградское ш., 51 с13;55.853780;37.464956;warm-bowl-osm-00992
Тёплая плошка, Фестивальная;ул. Фестивальная, 2Б;55.854574;37.477394;warm-bowl-osm-00993
Тёплая плошка, Лихоборская;Лихоборская наб., 5А с2;55.854709;37.525670;warm-bowl-osm-00994
Тёплая плошка, Планерная;ул. Героев Панфиловцев, 5 к3 с1;55.855159;37.432505;warm-bowl-osm-00995
Тёплая плошка, Хачатуряна;ул. Хачатуряна, 2А;55.855883;37.585805;warm-bowl-osm-00996
Тёплая плошка, Ногинск, Рогожская;Ногинск, ул. Рогожская, 83;55.856068;38.439583;warm-bowl-osm-00997
Тёплая плошка, Лосино-Петровский, Зелёная;Лосино-Петровский, ул. Зелёная, 19А;55.856516;38.202868;warm-bowl-osm-00998
Тёплая плошка, Ногинск, 3-го Интернационала;Ногинск, ул. 3-го Интернационала, 53;55.856553;38.446050;warm-bowl-osm-00999
Тёплая плошка, Русанова;пр. Русанова, 25;55.856608;37.641626;warm-bowl-osm-01000
Тёплая плошка, Дедовск, Больничная;Дедовск, ул. Больничная, 5А;55.857351;37.122141;warm-bowl-osm-01001
Тёплая плошка, Хачатуряна, 7;ул. Хачатуряна, 7;55.858241;37.594130;warm-bowl-osm-01002
Тёплая плошка, Вешних Вод;ул. Вешних Вод, 8 к2;55.859356;37.699380;warm-bowl-osm-01003
Тёплая плошка, Дедовск, Гагарина;Дедовск, ул. Гагарина, 16А;55.860238;37.119279;warm-bowl-osm-01004
Тёплая плошка, Щёлково, Луговая;Щёлково, ул. Луговая, 2А;55.860711;37.988346;warm-bowl-osm-01005
Тёплая плошка, Ярославское;Ярославское ш., 55 к1;55.861351;37.690965;warm-bowl-osm-01006
Тёплая плошка, Вилиса Лациса;ул. Вилиса Лациса, 23 к2;55.862133;37.422577;warm-bowl-osm-01007
Тёплая плошка, Дегунинская;ул. Дегунинская, 9 к1;55.863223;37.533759;warm-bowl-osm-01008
Тёплая плошка, Селигерская;Дмитровское ш., 89;55.863660;37.546470;warm-bowl-osm-01009
Тёплая плошка, Беломорская;ул. Беломорская, 26 с2;55.864293;37.474572;warm-bowl-osm-01010
Тёплая плошка, Отрадное;ул. Декабристов, 15Б;55.864807;37.604269;warm-bowl-osm-01011
Тёплая плошка, Декабристов;ул. Декабристов, 15 с2;55.865407;37.602818;warm-bowl-osm-01012
Тёплая плошка, Заповедная;ул. Заповедная, 52А;55.865640;37.637988;warm-bowl-osm-01013
Тёплая плошка, Дедовск, Победы;Дедовск, ул. Победы, 4А;55.866158;37.118585;warm-bowl-osm-01014
Тёплая плошка, Петрозаводская;ул. Петрозаводская, 22А с1;55.866616;37.494585;warm-bowl-osm-01015
Тёплая плошка, Беломорская, 23;ул. Беломорская, 23;55.867165;37.483166;warm-bowl-osm-01016
Тёплая плошка, Петрозаводская, 24А с2;ул. Петрозаводская, 24А с2;55.867259;37.492843;warm-bowl-osm-01017
Тёплая плошка, Отрадное, Кленовая;Отрадное, ул. Кленовая, 2;55.869182;37.324839;warm-bowl-osm-01018
Тёплая плошка, Римского-Корсакова;ул. Римского-Корсакова, 2А;55.869279;37.589914;warm-bowl-osm-01019
Тёплая плошка, Бестужевых;ул. Бестужевых, 7 к1;55.869819;37.600940;warm-bowl-osm-01020
Тёплая плошка, Отрадное, Кленовая, 1;Отрадное, ул. Кленовая, 1;55.870241;37.324313;warm-bowl-osm-01021
Тёплая плошка, Юрловский;Юрловский пр., 17Б;55.870604;37.619098;warm-bowl-osm-01022
Тёплая плошка, Бестужевых, 14 к1;ул. Бестужевых, 14 к1;55.871161;37.609933;warm-bowl-osm-01023
Тёплая плошка, Изумрудная;ул. Изумрудная, 22;55.871815;37.683938;warm-bowl-osm-01024
Тёплая плошка, Путилково, Новотушинская;Путилково, ул. Новотушинская, 5;55.872526;37.403824;warm-bowl-osm-01025
Тёплая плошка, Полярная;ул. Полярная, 7А;55.874019;37.636628;warm-bowl-osm-01026
Тёплая плошка, Алтуфьевское, 44;Алтуфьевское ш., 44;55.874767;37.587846;warm-bowl-osm-01027
Тёплая плошка, Отрадное, Пятницкое 7 километр;Отрадное, Пятницкое ш. 7 километр, 4;55.875985;37.329098;warm-bowl-osm-01028
Тёплая плошка, Осташковский;Осташковский пр., 6 с2;55.876529;37.685625;warm-bowl-osm-01029
Тёплая плошка, Ногинск, 8 Марта;Ногинск, ул. 8 Марта, 1;55.876880;38.456015;warm-bowl-osm-01030
Тёплая плошка, Коровинское;Коровинское ш., 25/30;55.877912;37.522970;warm-bowl-osm-01031
Тёплая плошка, Яхромская;Дмитровское ш., 107А к4;55.878536;37.540175;warm-bowl-osm-01032
Тёплая плошка, Ангарская;ул. Ангарская, 39;55.879076;37.524533;warm-bowl-osm-01033
Тёплая плошка, Панфилова, 12;ул. Панфилова, 12;55.879423;37.429373;warm-bowl-osm-01034
Тёплая плошка, Мытищи, Егора Абакумова;Мытищи, ул. Егора Абакумова, 15А;55.880044;37.712344;warm-bowl-osm-01035
Тёплая плошка, Тайнинская;ул. Тайнинская, 9 к1;55.881628;37.683312;warm-bowl-osm-01036
Тёплая плошка, Дмитровское;Дмитровское ш., 107 с17;55.881822;37.539532;warm-bowl-osm-01037
Тёплая плошка, Полярная, 27 к2;ул. Полярная, 27 к2;55.882722;37.636821;warm-bowl-osm-01038
Тёплая плошка, Яхромская, 3;ул. Яхромская, 3;55.883198;37.538978;warm-bowl-osm-01039
Тёплая плошка, Алтуфьевское, 79Г;Алтуфьевское ш., 79Г;55.884670;37.585774;warm-bowl-osm-01040
Тёплая плошка, Ижорская;ул. Ижорская, 8 с2;55.885264;37.505938;warm-bowl-osm-01041
Тёплая плошка, Бибирево;ул. Костромская, 12Б;55.885585;37.597349;warm-bowl-osm-01042
Тёплая плошка, Плещеева;ул. Плещеева, 12;55.886287;37.611680;warm-bowl-osm-01043
Тёплая плошка, Путилково, Воротынская;Путилково, ул. Воротынская, 2;55.887227;37.402932;warm-bowl-osm-01044
Тёплая плошка, Плещеева, 7;ул. Плещеева, 7;55.887382;37.611554;warm-bowl-osm-01045
Тёплая плошка, Ижорская, вл8Б;ул. Ижорская, вл8Б;55.887864;37.509553;warm-bowl-osm-01046
Тёплая плошка, Путилково, Воротынская, 13/2;Путилково, ул. Воротынская, 13/2;55.888398;37.392880;warm-bowl-osm-01047
Тёплая плошка, Мытищи, Стартовая;Мытищи, ул. Стартовая, 12;55.888725;37.691859;warm-bowl-osm-01048
Тёплая плошка, Путилково, Юбилейный;Путилково, Юбилейный просп., 51 к1;55.889675;37.411895;warm-bowl-osm-01049
Тёплая плошка, Пришвина;ул. Пришвина, 3;55.889831;37.592863;warm-bowl-osm-01050
Тёплая плошка, Лобненская;ул. Лобненская, 4;55.890493;37.539079;warm-bowl-osm-01051
Тёплая плошка, Илимская;ул. Илимская, 1 к3;55.891217;37.569439;warm-bowl-osm-01052
Тёплая плошка, Московская;ул. Московская, 17/1;55.891799;37.448351;warm-bowl-osm-01053
Тёплая плошка, Истра, Школьная;Истра, Школьная, 24Б;55.892668;36.795300;warm-bowl-osm-01054
Тёплая плошка, Путилково, Московская;Путилково, ул. Московская, 14А;55.894105;37.449867;warm-bowl-osm-01055
Тёплая плошка, Путилково, Гоголя;Путилково, ул. Гоголя, с5Б;55.894389;37.453226;warm-bowl-osm-01056
Тёплая плошка, Путилково, Ленинский;Путилково, Ленинский просп., 1 к1;55.895248;37.452549;warm-bowl-osm-01057
Тёплая плошка, Мытищи, 3-я Крестьянская;Мытищи, ул. 3-я Крестьянская, 11;55.895970;37.717034;warm-bowl-osm-01058
Тёплая плошка, Мытищи, МКАД, 90-й километр;Мытищи, МКАД, 90-й километр, 90;55.896297;37.661898;warm-bowl-osm-01059
Тёплая плошка, Путилково, Соколово-Мещерская;Путилково, ул. Соколово-Мещерская, 14 с3;55.896701;37.391752;warm-bowl-osm-01060
Тёплая плошка, Звёздный городок, Станционная;Звёздный городок, ул. Станционная, 2;55.897320;38.061140;warm-bowl-osm-01061
Тёплая плошка, Череповецкая;ул. Череповецкая, 12А;55.898043;37.573319;warm-bowl-osm-01062
Тёплая плошка, Мытищи, МКАД;Мытищи, МКАД, 14;55.898407;37.631867;warm-bowl-osm-01063
Тёплая плошка, Путилково, Юровская;Путилково, ул. Юровская, 105;55.898888;37.393588;warm-bowl-osm-01064
Тёплая плошка, Ленинградское, 25Б;Ленинградское ш., 25Б;55.899147;37.424605;warm-bowl-osm-01065
Тёплая плошка, Долгопрудный, Вагоноремонтная;Долгопрудный, ул. Вагоноремонтная, 26 с1;55.899879;37.518242;warm-bowl-osm-01066
Тёплая плошка, Репина;ул. Репина, 2/27;55.900815;37.422199;warm-bowl-osm-01067
Тёплая плошка, Мытищи, Благовещенская;Мытищи, ул. Благовещенская, 4;55.902410;37.713242;warm-bowl-osm-01068
Тёплая плошка, Мытищи, Сукромка;Мытищи, ул. Сукромка, 6;55.902835;37.717516;warm-bowl-osm-01069
Тёплая плошка, Отрадное, Заречная;Отрадное, ул. Заречная, 11/77;55.903661;37.357707;warm-bowl-osm-01070
Тёплая плошка, Мытищи, Лётная;Мытищи, ул. Лётная, 38А;55.904015;37.714653;warm-bowl-osm-01071
Тёплая плошка, Мытищи, Троицкая;Мытищи, ул. Троицкая, 6/1;55.904839;37.698203;warm-bowl-osm-01072
Тёплая плошка, Отрадное, Ивановская;Отрадное, ул. Ивановская, 15Д;55.905641;37.335313;warm-bowl-osm-01073
Тёплая плошка, Королёв, Орджоникидзе;Королёв, ул. Орджоникидзе, 5В;55.906288;37.851094;warm-bowl-osm-01074
Тёплая плошка, Загорянский, Космонавтов;Загорянский, просп. Космонавтов, 41/1;55.907559;37.867037;warm-bowl-osm-01075
Тёплая плошка, Мытищи, Лётная, с21В;Мытищи, ул. Лётная, с21В;55.908425;37.722332;warm-bowl-osm-01076
Тёплая плошка, Отрадное, Ивановская, 1С;Отрадное, ул. Ивановская, 1С;55.908841;37.335431;warm-bowl-osm-01077
Тёплая плошка, Долгопрудный, Дмитровское;Долгопрудный, ш. Дмитровское, 163А;55.909185;37.539778;warm-bowl-osm-01078
Тёплая плошка, Щёлково, Вокзальная;Щёлково, ул. Вокзальная, 5Г;55.909963;38.008867;warm-bowl-osm-01079
Тёплая плошка, Ленинградское, 1;Ленинградское ш., 1;55.910490;37.396126;warm-bowl-osm-01080
Тёплая плошка, Истра, Главного Конструктора В.И.Адасько;Истра, ул. Главного Конструктора В.И.Адасько, 7 к3;55.911685;36.860793;warm-bowl-osm-01081
Тёплая плошка, Истра, Ленина;Истра, ул. Ленина, 69;55.912214;36.858716;warm-bowl-osm-01082
Тёплая плошка, Королёв, Ильича;Королёв, ул. Ильича, 11;55.912401;37.851418;warm-bowl-osm-01083
Тёплая плошка, Долгопрудный, МКАД, 84-й километр;Долгопрудный, МКАД, 84-й километр, вл3 с1;55.912849;37.571916;warm-bowl-osm-01084
Тёплая плошка, Мытищи, Колонцова;Мытищи, ул. Колонцова, 7;55.913257;37.764201;warm-bowl-osm-01085
Тёплая плошка, Королёв, Пионерская;Королёв, ул. Пионерская, 33А;55.914030;37.814518;warm-bowl-osm-01086
Тёплая плошка, Мытищи, Новомытищинский;Мытищи, Новомытищинский просп., 18;55.914578;37.743408;warm-bowl-osm-01087
Тёплая плошка, Истра, Рябкина;Истра, ул. Рябкина, 4;55.914897;36.866431;warm-bowl-osm-01088
Тёплая плошка, Мытищи, Шараповский;Мытищи, Шараповский пр., вл2 с3;55.916160;37.756907;warm-bowl-osm-01089
Тёплая плошка, Мытищи, Шараповский, 2;Мытищи, Шараповский пр., 2;55.916740;37.758320;warm-bowl-osm-01090
Тёплая плошка, Мытищи, Университетская;Мытищи, ул. Университетская, 9;55.917404;37.757462;warm-bowl-osm-01091
Тёплая плошка, Загорянский, Космонавтов, 12А;Загорянский, просп. Космонавтов, 12А;55.917441;37.867175;warm-bowl-osm-01092
Тёплая плошка, Вашутинское;Вашутинское ш., с36;55.918498;37.422211;warm-bowl-osm-01093
Тёплая плошка, Щёлково, Новая Фабрика;Щёлково, ул. Новая Фабрика, 362;55.919274;38.012579;warm-bowl-osm-01094
Тёплая плошка, Долгопрудный, Лихачёвский;Долгопрудный, Лихачёвский пр., 19;55.920085;37.507166;warm-bowl-osm-01095
Тёплая плошка, Королёв, Циолковского;Королёв, ул. Циолковского, 29Г;55.920201;37.828391;warm-bowl-osm-01096
Тёплая плошка, Королёв, 50-летия ВЛКСМ;Королёв, ул. 50-летия ВЛКСМ, 6А;55.920826;37.843070;warm-bowl-osm-01097
Тёплая плошка, Королёв, Королёва;Королёв, просп. Королёва, 24;55.921736;37.853811;warm-bowl-osm-01098
Тёплая плошка, Свердловский, Центральная;Свердловский, ул. Центральная, 30;55.922539;38.132182;warm-bowl-osm-01099
Тёплая плошка, Мытищи, Осташковское;Мытищи, Осташковское ш., 51А;55.923331;37.663279;warm-bowl-osm-01100
Тёплая плошка, Королёв, Циолковского, 2;Королёв, пр. Циолковского, 2;55.924009;37.830037;warm-bowl-osm-01101
Тёплая плошка, Щёлково, Шмидта;Щёлково, ул. Шмидта, 53;55.924556;37.979264;warm-bowl-osm-01102
Тёплая плошка, Долгопрудный, Подсолнечная;Долгопрудный, ул. Подсолнечная, 2А;55.924626;37.602393;warm-bowl-osm-01103
Тёплая плошка, Мытищи, Олимпийский;Мытищи, Олимпийский просп., 36 к2;55.925228;37.757551;warm-bowl-osm-01104
Тёплая плошка, Долгопрудный, Заводская;Долгопрудный, ул. Заводская, 13А;55.925700;37.606371;warm-bowl-osm-01105
Тёплая плошка, Королёв, Железнодорожная;Королёв, ул. Железнодорожная, 1/23;55.926524;37.860568;warm-bowl-osm-01106
Тёплая плошка, Долгопрудный, Академика Алиханова;Долгопрудный, ул. Академика Алиханова, 4;55.928756;37.545682;warm-bowl-osm-01107
Тёплая плошка, Долгопрудный, Дмитровское, 169 к7;Долгопрудный, Дмитровское ш., 169 к7;55.929709;37.540151;warm-bowl-osm-01108
Тёплая плошка, Долгопрудный, Арсюкова;Долгопрудный, ул. Арсюкова, 5А;55.933276;37.556690;warm-bowl-osm-01109
Тёплая плошка, Щёлково, Свердлова;Щёлково, ул. Свердлова, 17;55.933668;37.979528;warm-bowl-osm-01110
Тёплая плошка, Королёв, Лесная;Королёв, ул. Лесная, 14Б;55.934094;37.845056;warm-bowl-osm-01111
Тёплая плошка, Фрязино, Фряновское;Фрязино, Фряновское ш., 50;55.936998;38.028608;warm-bowl-osm-01112
Тёплая плошка, Королёв, Тихонравова;Королёв, ул. Тихонравова, 17А;55.937624;37.832794;warm-bowl-osm-01113
Тёплая плошка, Отрадное, Ленинградское;Отрадное, Ленинградское ш., 227;55.939366;37.365107;warm-bowl-osm-01114
Тёплая плошка, Долгопрудный, Первомайская;Долгопрудный, ул. Первомайская, 56Б;55.939548;37.517246;warm-bowl-osm-01115
Тёплая плошка, Сабурово, Прудная;Сабурово, ул. Прудная, 1А;55.941836;37.291533;warm-bowl-osm-01116
Тёплая плошка, Отрадное, Овражная;Отрадное, ул. Овражная, 22;55.942170;37.317921;warm-bowl-osm-01117
Тёплая плошка, Загорянский, Советская;Загорянский, ул. Советская, 35;55.943887;37.868475;warm-bowl-osm-01118
Тёплая плошка, Долгопрудный, Спортивная;Долгопрудный, ул. Спортивная, 3;55.944591;37.497680;warm-bowl-osm-01119
Тёплая плошка, Долгопрудный, Парковая;Долгопрудный, ул. Парковая, 52 к1;55.947203;37.484972;warm-bowl-osm-01120
Тёплая плошка, Долгопрудный, Парковая, 52;Долгопрудный, ул. Парковая, 52;55.947673;37.483221;warm-bowl-osm-01121
Тёплая плошка, Фрязино, Луговая;Фрязино, ул. Луговая, 1;55.949614;38.044780;warm-bowl-osm-01122
Тёплая плошка, Сабурово, Октябрьская;Сабурово, ул. Октябрьская, 32;55.951187;37.283341;warm-bowl-osm-01123
Тёплая плошка, Фрязино, Мира;Фрязино, просп. Мира, 18;55.954069;38.057151;warm-bowl-osm-01124
Тёплая плошка, Фрязино, Школьная;Фрязино, ул. Школьная, 5;55.955233;38.050199;warm-bowl-osm-01125
Тёплая плошка, Долгопрудный, Набережный;Долгопрудный, Набережный пр., 25 к1;55.956899;37.445101;warm-bowl-osm-01126
Тёплая плошка, Долгопрудный, Лётчика Ивана Фёдорова;Долгопрудный, ул. Лётчика Ивана Фёдорова, 8 к2;55.957641;37.443653;warm-bowl-osm-01127
Тёплая плошка, Фрязино, Горького;Фрязино, ул. Горького, 10А с2;55.958891;38.033401;warm-bowl-osm-01128
Тёплая плошка, Долгопрудный, Набережный, 1 к1;Долгопрудный, Набережный пр., 1 к1;55.959890;37.441376;warm-bowl-osm-01129
Тёплая плошка, Фрязино, Вокзальная;Фрязино, ул. Вокзальная, 6;55.961256;38.046878;warm-bowl-osm-01130
Тёплая плошка, Лобня, Международное;Лобня, Международное ш., вл2;55.963146;37.413624;warm-bowl-osm-01131
Тёплая плошка, Лобня, Международное, с1Е;Лобня, Международное ш., с1Е;55.964724;37.413571;warm-bowl-osm-01132
Тёплая плошка, Лобня, Шереметьевское;Лобня, Шереметьевское ш., 1;55.966641;37.415056;warm-bowl-osm-01133
Тёплая плошка, Андреевка, Каменка;Андреевка, ул. Каменка, к1649;55.971333;37.161512;warm-bowl-osm-01134
Тёплая плошка, Ивантеевка, Трудовая;Ивантеевка, ул. Трудовая, 6;55.971429;37.930480;warm-bowl-osm-01135
Тёплая плошка, Лобня, Новое;Лобня, Новое ш., 60А;55.972562;37.456129;warm-bowl-osm-01136
Тёплая плошка, Черкизово, Крыловская;Черкизово, ул. Крыловская, 9Б;55.977223;37.820929;warm-bowl-osm-01137
Тёплая плошка, Черкизово, Советская;Черкизово, ул. Советская, 1;55.978127;37.817905;warm-bowl-osm-01138
Тёплая плошка, Андреевка, Солнечная аллея;Андреевка, Солнечная аллея, 843;55.979250;37.180463;warm-bowl-osm-01139
Тёплая плошка, Андреевка, Торгово-Промышленная;Андреевка, ул. Торгово-Промышленная, 6;55.980486;37.303058;warm-bowl-osm-01140
Тёплая плошка, Черкизово, Школьная;Черкизово, ул. Школьная, 5Г с1;55.981138;37.794864;warm-bowl-osm-01141
Тёплая плошка, Андреевка, Жилинская;Андреевка, ул. Жилинская, 13/1;55.983136;37.145516;warm-bowl-osm-01142
Тёплая плошка, Лобня, Центральная;Лобня, ул. Центральная, 11;55.984543;37.492800;warm-bowl-osm-01143
Тёплая плошка, Савёлкинский;Савёлкинский пр., 12;55.990612;37.222171;warm-bowl-osm-01144
Тёплая плошка, Никольский;Никольский пр., 532;55.992547;37.257177;warm-bowl-osm-01145
Тёплая плошка, Болдов Ручей;ул. Болдов Ручей, 1130;55.996452;37.180744;warm-bowl-osm-01146
Тёплая плошка, Пушкино, Учинская;Пушкино, ул. Учинская, 4А;55.999186;37.838164;warm-bowl-osm-01147
Тёплая плошка, Юности;пл. Юности, 2 с1;56.002124;37.210343;warm-bowl-osm-01148
Тёплая плошка, Лобня, Дмитровская;Лобня, ул. Дмитровская, 2Г;56.003765;37.540385;warm-bowl-osm-01149
Тёплая плошка, Черноголовка, Центральная;Черноголовка, ул. Центральная, 8;56.005475;38.378617;warm-bowl-osm-01150
Тёплая плошка, Лобня, Краснополянский;Лобня, Краснополянский пр., 2;56.008155;37.439080;warm-bowl-osm-01151
Тёплая плошка, Лобня, Крупской;Лобня, ул. Крупской, 18 к2;56.008494;37.476077;warm-bowl-osm-01152
Тёплая плошка, Панфиловский;Панфиловский просп., 159;56.009152;37.202748;warm-bowl-osm-01153
Тёплая плошка, Пушкино, Московский;Пушкино, Московский просп., 5;56.011157;37.844666;warm-bowl-osm-01154
Тёплая плошка, Лобня, Горького;Лобня, ул. Горького, 104 с1;56.012856;37.504127;warm-bowl-osm-01155
Тёплая плошка, Конструктора Гуськова;ул. Конструктора Гуськова, 1 с2;56.013195;37.186859;warm-bowl-osm-01156
Тёплая плошка, Пушкино, «Холмогоры»;Пушкино, «Холмогоры», вл.105;56.018869;37.885105;warm-bowl-osm-01157
Тёплая плошка, Лобня, Краснополянская;Лобня, ул. Краснополянская, 28Д с1;56.024392;37.422900;warm-bowl-osm-01158
Тёплая плошка, Лобня, Краснополянская, 28;Лобня, ул. Краснополянская, 28;56.024930;37.420054;warm-bowl-osm-01159
Тёплая плошка, Волоколамск, Школьная;Волоколамск, ул. Школьная, 5;56.029864;35.955533;warm-bowl-osm-01160
Тёплая плошка, Шаховская, Рижское;Шаховская, Рижское ш., 13;56.037321;35.493438;warm-bowl-osm-01161
Тёплая плошка, Пионерская;ул. Пионерская, 3;56.039651;37.240835;warm-bowl-osm-01162
Тёплая плошка, Красноармейск, Весенняя;Красноармейск, ул. Весенняя, 2;56.048331;38.223209;warm-bowl-osm-01163
Тёплая плошка, Волоколамск, Фабричная;Волоколамск, ул. Фабричная, 23А;56.064104;35.925975;warm-bowl-osm-01164
Тёплая плошка, Зеленоградский, Шоссейная;Зеленоградский, ул. Шоссейная, 2В;56.092871;37.899284;warm-bowl-osm-01165
Тёплая плошка, Некрасовский, Хвойная;Некрасовский, ул. Хвойная, 22 с2;56.095589;37.531652;warm-bowl-osm-01166
Тёплая плошка, Фряново, Советская;Фряново, ул. Советская, 1;56.135024;38.445197;warm-bowl-osm-01167
Тёплая плошка, Солнечногорск, Красная;Солнечногорск, ул. Красная, 7;56.176065;36.995204;warm-bowl-osm-01168
Тёплая плошка, Солнечногорск, Молодёжная;Солнечногорск, ул. Молодёжная, 2Б;56.177082;37.000130;warm-bowl-osm-01169
Тёплая плошка, Солнечногорск, Лесная;Солнечногорск, ул. Лесная, 1/17 с3;56.181139;36.978671;warm-bowl-osm-01170
Тёплая плошка, Солнечногорск, Красная, 58;Солнечногорск, ул. Красная, 58;56.183913;36.984865;warm-bowl-osm-01171
Тёплая плошка, Солнечногорск, Почтовая;Солнечногорск, ул. Почтовая, 9/2;56.185589;36.977079;warm-bowl-osm-01172
Тёплая плошка, Солнечногорск, Крупской;Солнечногорск, ул. Крупской, 3;56.191846;36.976396;warm-bowl-osm-01173
Тёплая плошка, Солнечногорск, Красная, 161;Солнечногорск, ул. Красная, 161;56.198482;36.955354;warm-bowl-osm-01174
Тёплая плошка, Хотьково, Музейная;Хотьково, ул. Музейная, 2;56.232828;37.967931;warm-bowl-osm-01175
Тёплая плошка, Хотьково, Станционная;Хотьково, ул. Станционная, 1;56.255345;37.995023;warm-bowl-osm-01176
Тёплая плошка, Сергиев Посад, Парковая;Сергиев Посад, ул. Парковая, 16;56.283634;38.086875;warm-bowl-osm-01177
Тёплая плошка, Сергиев Посад, Кооперативная;Сергиев Посад, ул. Кооперативная, 2;56.302148;38.136626;warm-bowl-osm-01178
Тёплая плошка, Сергиев Посад, Кооперативная, 46;Сергиев Посад, ул. Кооперативная, 46;56.302702;38.125591;warm-bowl-osm-01179
Тёплая плошка, Сергиев Посад, 1-я Рыбная;Сергиев Посад, ул. 1-я Рыбная, 3Б;56.305510;38.132228;warm-bowl-osm-01180
Тёплая плошка, Сергиев Посад, Красной Армии;Сергиев Посад, просп. Красной Армии, 136;56.310475;38.134634;warm-bowl-osm-01181
Тёплая плошка, Сергиев Посад, Красной Армии, 133Б;Сергиев Посад, просп. Красной Армии, 133Б;56.312314;38.132949;warm-bowl-osm-01182
Тёплая плошка, Сергиев Посад, Красной Армии, 171;Сергиев Посад, просп. Красной Армии, 171;56.316246;38.137103;warm-bowl-osm-01183
Тёплая плошка, Клин, Мира;Клин, ул. Мира, 23;56.321647;36.732514;warm-bowl-osm-01184
Тёплая плошка, Клин, Карла Маркса;Клин, ул. Карла Маркса, 43;56.328425;36.715867;warm-bowl-osm-01185
Тёплая плошка, Сергиев Посад, Дружбы;Сергиев Посад, ул. Дружбы, 15В;56.332310;38.139479;warm-bowl-osm-01186
Тёплая плошка, Клин, Первомайская;Клин, ул. Первомайская, 2;56.332897;36.729100;warm-bowl-osm-01187
Тёплая плошка, Клин, Новоямская;Клин, ул. Новоямская, 3;56.334696;36.721945;warm-bowl-osm-01188
Тёплая плошка, Дмитров, Московская;Дмитров, ул. Московская, 10 с2;56.338493;37.514118;warm-bowl-osm-01189
Тёплая плошка, Дмитров, Железнодорожный;Дмитров, Железнодорожный пер., 3;56.342562;37.505059;warm-bowl-osm-01190
Тёплая плошка, Дмитров, Советская;Дмитров, Советская пл., 2;56.343849;37.517133;warm-bowl-osm-01191
Тёплая плошка, Дмитров, Оборонная;Дмитров, ул. Оборонная, 12;56.354822;37.528678;warm-bowl-osm-01192
Тёплая плошка, Дмитров, Промышленная;Дмитров, ул. Промышленная, 4;56.381800;37.523800;warm-bowl-osm-01193
Тёплая плошка, Высоковск, Лесная;Высоковск, ул. Лесная, 27;56.436502;36.555876;warm-bowl-osm-01194
Тёплая плошка, Дубна, Луговая;Дубна, ул. Луговая, 31 с2;56.723747;37.141769;warm-bowl-osm-01195
Тёплая плошка, Дубна, Попова;Дубна, ул. Попова, 10 с2;56.730674;37.153587;warm-bowl-osm-01196
Тёплая плошка, Дубна, Боголюбова;Дубна, просп. Боголюбова, 19А;56.735320;37.159593;warm-bowl-osm-01197
Тёплая плошка, Дубна, Боголюбова, 15;Дубна, просп. Боголюбова, 15;56.737736;37.166470;warm-bowl-osm-01198
Тёплая плошка, Дубна, Университетская;Дубна, ул. Университетская, 19;56.740045;37.224742;warm-bowl-osm-01199
Тёплая плошка, Дубна, Сахарова;Дубна, ул. Сахарова, 12;56.744474;37.181673;warm-bowl-osm-01200
Тёплая плошка, Дубна, Мира;Дубна, ул. Мира, 30/9;56.750798;37.203654;warm-bowl-osm-01201
Тёплая плошка, Санкт-Петербург, Ленинградское;Санкт-Петербург, Ленинградское ш., 3;59.619158;30.394362;warm-bowl-osm-01202
Тёплая плошка, Санкт-Петербург, Центральная;Санкт-Петербург, ул. Центральная, 15;59.665377;30.530907;warm-bowl-osm-01203
Тёплая плошка, Санкт-Петербург, Конюшенная;Санкт-Петербург, ул. Конюшенная, 1;59.686462;30.443483;warm-bowl-osm-01204
Тёплая плошка, Санкт-Петербург, Садовая;Санкт-Петербург, ул. Садовая, 20 литД;59.687399;30.446583;warm-bowl-osm-01205
Тёплая плошка, Санкт-Петербург, Гусарская;Санкт-Петербург, ул. Гусарская, 10А;59.699298;30.393957;warm-bowl-osm-01206
Тёплая плошка, Санкт-Петербург, Ленинградская;Санкт-Петербург, ул. Ленинградская, 9;59.704350;30.577396;warm-bowl-osm-01207
Тёплая плошка, Санкт-Петербург, Гусарская, 4;Санкт-Петербург, ул. Гусарская, 4;59.707213;30.390229;warm-bowl-osm-01208
Тёплая плошка, Санкт-Петербург, Радищева;Санкт-Петербург, ул. Радищева, 2/10;59.711063;30.407007;warm-bowl-osm-01209
Тёплая плошка, Санкт-Петербург, Гатчинское;Санкт-Петербург, Гатчинское ш., 17 литА;59.716511;30.079583;warm-bowl-osm-01210
Тёплая плошка, Санкт-Петербург, Московская;Санкт-Петербург, ул. Московская, 32/17;59.718246;30.411795;warm-bowl-osm-01211
Тёплая плошка, Санкт-Петербург, Средняя;Санкт-Петербург, ул. Средняя, 2А;59.719488;30.396681;warm-bowl-osm-01212
Тёплая плошка, Санкт-Петербург, Софийский;Санкт-Петербург, Софийский бул., 32;59.720889;30.424938;warm-bowl-osm-01213
Тёплая плошка, Санкт-Петербург, Московская, 5;Санкт-Петербург, ул. Московская, 5;59.722032;30.398244;warm-bowl-osm-01214
Тёплая плошка, Санкт-Петербург, Красных Командиров;Санкт-Петербург, просп. Красных Командиров, 23;59.723430;30.097762;warm-bowl-osm-01215
Тёплая плошка, Санкт-Петербург, Оранжерейная;Санкт-Петербург, ул. Оранжерейная, 58;59.726737;30.417894;warm-bowl-osm-01216
Тёплая плошка, Санкт-Петербург, Ленинградская, 57;Санкт-Петербург, ул. Ленинградская, 57;59.729090;30.411109;warm-bowl-osm-01217
Тёплая плошка, Санкт-Петербург, Алексея Толстого;Санкт-Петербург, бул. Алексея Толстого, 5А;59.731121;30.419712;warm-bowl-osm-01218
Тёплая плошка, Санкт-Петербург, Железнодорожная;Санкт-Петербург, ул. Железнодорожная, 56;59.734479;30.420344;warm-bowl-osm-01219
Тёплая плошка, Санкт-Петербург, Тверская;Санкт-Петербург, ул. Тверская, 58/6;59.735016;30.611943;warm-bowl-osm-01220
Тёплая плошка, Санкт-Петербург, Генерала Хазова;Санкт-Петербург, ул. Генерала Хазова, 25;59.737728;30.411717;warm-bowl-osm-01221
Тёплая плошка, Санкт-Петербург, Генерала Хазова, 4;Санкт-Петербург, ул. Генерала Хазова, 4;59.738044;30.398952;warm-bowl-osm-01222
Тёплая плошка, Санкт-Петербург, Адмиралтейская;Санкт-Петербург, ул. Адмиралтейская, 44;59.739139;30.592730;warm-bowl-osm-01223
Тёплая плошка, Санкт-Петербург, Пролетарская;Санкт-Петербург, ул. Пролетарская, 58;59.741681;30.565641;warm-bowl-osm-01224
Тёплая плошка, Санкт-Петербург, Ростовская;Санкт-Петербург, ул. Ростовская, 20;59.743245;30.472285;warm-bowl-osm-01225
Тёплая плошка, Санкт-Петербург, Культуры;Санкт-Петербург, ул. Культуры, 2/8;59.747887;30.605329;warm-bowl-osm-01226
Тёплая плошка, Санкт-Петербург, Ленина;Санкт-Петербург, просп. Ленина, 75;59.750192;30.563564;warm-bowl-osm-01227
Тёплая плошка, Санкт-Петербург, Братьев Радченко;Санкт-Петербург, ул. Братьев Радченко, 3 литД;59.752091;30.579664;warm-bowl-osm-01228
Тёплая плошка, Санкт-Петербург, Образцовая;Санкт-Петербург, ул. Образцовая, 5 к2;59.752975;30.372671;warm-bowl-osm-01229
Тёплая плошка, Санкт-Петербург, Кокколевская;Санкт-Петербург, ул. Кокколевская, 5 к1 с1;59.757663;30.367446;warm-bowl-osm-01230
Тёплая плошка, Санкт-Петербург, Московское;Санкт-Петербург, Московское ш., 231Ш;59.765778;30.478472;warm-bowl-osm-01231
Тёплая плошка, Санкт-Петербург, Московское, 82 к2;Санкт-Петербург, Московское ш., 82 к2;59.779357;30.436042;warm-bowl-osm-01232
Тёплая плошка, Санкт-Петербург, Колобановская;Санкт-Петербург, ул. Колобановская, 6;59.790700;30.151954;warm-bowl-osm-01233
Тёплая плошка, Санкт-Петербург, Пулковское;Санкт-Петербург, Пулковское ш., 60 к1 c6;59.793877;30.329934;warm-bowl-osm-01234
Тёплая плошка, Санкт-Петербург, Московское, 16А;Санкт-Петербург, Московское ш., 16А;59.798606;30.400281;warm-bowl-osm-01235
Тёплая плошка, Санкт-Петербург, Красносельское;Санкт-Петербург, Красносельское ш., 28В;59.804649;30.078632;warm-bowl-osm-01236
Тёплая плошка, Санкт-Петербург, Невская;Санкт-Петербург, ул. Невская, 5/7;59.808460;30.086204;warm-bowl-osm-01237
Тёплая плошка, Санкт-Петербург, Невская, 3;Санкт-Петербург, ул. Невская, 3;59.808991;30.084496;warm-bowl-osm-01238
Тёплая плошка, Санкт-Петербург, Невская, 6;Санкт-Петербург, ул. Невская, 6;59.809974;30.083081;warm-bowl-osm-01239
Тёплая плошка, Санкт-Петербург, Вишерская;Санкт-Петербург, ул. Вишерская, 1 к1;59.810867;30.371028;warm-bowl-osm-01240
Тёплая плошка, Санкт-Петербург, Новгородский;Санкт-Петербург, Новгородский просп., 2 к3;59.811763;30.372370;warm-bowl-osm-01241
Тёплая плошка, Санкт-Петербург, Садовая, 21 к2Г;Санкт-Петербург, ул. Садовая, 21 к2Г;59.813380;30.575664;warm-bowl-osm-01242
Тёплая плошка, Санкт-Петербург, Полевая;Санкт-Петербург, ул. Полевая, 2;59.817101;30.569794;warm-bowl-osm-01243
Тёплая плошка, Санкт-Петербург, Пулковское, 25 к1;Санкт-Петербург, Пулковское ш., 25 к1;59.820531;30.316547;warm-bowl-osm-01244
Тёплая плошка, Санкт-Петербург, Среднерогатская;Санкт-Петербург, ул. Среднерогатская, 14 к1 с1;59.823390;30.337391;warm-bowl-osm-01245
Тёплая плошка, Санкт-Петербург, Купчинская;Санкт-Петербург, ул. Купчинская, 34 к1;59.826848;30.398714;warm-bowl-osm-01246
Тёплая плошка, Санкт-Петербург, Купчинская, 32 к. 1 лит. З;Санкт-Петербург, ул. Купчинская, 32 к. 1 лит. З;59.828214;30.398620;warm-bowl-osm-01247
Тёплая плошка, Санкт-Петербург, Купчино;Санкт-Петербург, ул. Малая Балканская, 26 литВ;59.829118;30.386561;warm-bowl-osm-01248
Тёплая плошка, Санкт-Петербург, Партизана Германа;Санкт-Петербург, ул. Партизана Германа, 18 к2;59.830239;30.178445;warm-bowl-osm-01249
Тёплая плошка, Санкт-Петербург, Пулковское, 14 с6;Санкт-Петербург, Пулковское ш., 14 с6;59.831060;30.330527;warm-bowl-osm-01250
Тёплая плошка, Санкт-Петербург, Звёздная;Санкт-Петербург, ул. Ленсовета, 103;59.832014;30.349375;warm-bowl-osm-01251
Тёплая плошка, Санкт-Петербург, 5-й Предпортовый;Санкт-Петербург, 5-й Предпортовый пр., 14 к1;59.832210;30.312854;warm-bowl-osm-01252
Тёплая плошка, Санкт-Петербург, Звёздная, 7 к2;Санкт-Петербург, ул. Звёздная, 7 к2;59.832589;30.357017;warm-bowl-osm-01253
Тёплая плошка, Санкт-Петербург, Ярослава Гашека;Санкт-Петербург, ул. Ярослава Гашека, 6 литБ;59.833377;30.389322;warm-bowl-osm-01254
Тёплая плошка, Санкт-Петербург, Ветеранов;Санкт-Петербург, просп. Ветеранов, 95к1;59.833624;30.208236;warm-bowl-osm-01255
Тёплая плошка, Санкт-Петербург, Бухарестская;Санкт-Петербург, ул. Бухарестская, 144 литА;59.833791;30.419926;warm-bowl-osm-01256
Тёплая плошка, Санкт-Петербург, Рыбацкое;Санкт-Петербург, ул. Юннатов, 3;59.835010;30.495016;warm-bowl-osm-01257
Тёплая плошка, Санкт-Петербург, Ленсовета;Санкт-Петербург, ул. Ленсовета, 70;59.835615;30.344801;warm-bowl-osm-01258
Тёплая плошка, Санкт-Петербург, 2-я Комсомольская;Санкт-Петербург, ул. 2-я Комсомольская, 27 к2а;59.836895;30.142399;warm-bowl-osm-01259
Тёплая плошка, Санкт-Петербург, Тамбасова;Санкт-Петербург, ул. Тамбасова, 3 к1;59.838794;30.156920;warm-bowl-osm-01260
Тёплая плошка, Санкт-Петербург, Пулковская;Санкт-Петербург, ул. Пулковская, 6 к3;59.839111;30.351220;warm-bowl-osm-01261
Тёплая плошка, Санкт-Петербург, Шлиссельбургский;Санкт-Петербург, Шлиссельбургский просп., 7 к2;59.840449;30.491767;warm-bowl-osm-01262
Тёплая плошка, Санкт-Петербург, Проспект Ветеранов;Санкт-Петербург, бул. Новаторов, 153;59.841703;30.251306;warm-bowl-osm-01263
Тёплая плошка, Санкт-Петербург, Орджоникидзе;Санкт-Петербург, ул. Орджоникидзе, 61;59.842156;30.362528;warm-bowl-osm-01264
Тёплая плошка, Санкт-Петербург, Лёни Голикова;Санкт-Петербург, ул. Лёни Голикова, 27 к3;59.843092;30.227428;warm-bowl-osm-01265
Тёплая плошка, Санкт-Петербург, Белградская;Санкт-Петербург, ул. Белградская, 9А;59.844051;30.371574;warm-bowl-osm-01266
Тёплая плошка, Санкт-Петербург, Московский;Санкт-Петербург, Московский просп., 224;59.844793;30.322533;warm-bowl-osm-01267
Тёплая плошка, Санкт-Петербург, Дунайский;Санкт-Петербург, Дунайский просп., 63;59.845426;30.429641;warm-bowl-osm-01268
Тёплая плошка, Санкт-Петербург, Ленсовета, 38;Санкт-Петербург, ул. Ленсовета, 38;59.846473;30.330625;warm-bowl-osm-01269
Тёплая плошка, Санкт-Петербург, Московский, 205 литД;Санкт-Петербург, Московский просп., 205 литД;59.847538;30.320972;warm-bowl-osm-01270
Тёплая плошка, Санкт-Петербург, Петергофское;Санкт-Петербург, Петергофское ш., 17 к1;59.847563;30.187378;warm-bowl-osm-01271
Тёплая плошка, Санкт-Петербург, Московский, 216;Санкт-Петербург, Московский просп., 216;59.848791;30.322090;warm-bowl-osm-01272
Тёплая плошка, Санкт-Петербург, Фронтовая;Санкт-Петербург, ул. Фронтовая, 3 литЧ;59.849145;30.034438;warm-bowl-osm-01273
Тёплая плошка, Санкт-Петербург, Московский, 195;Санкт-Петербург, Московский просп., 195;59.849523;30.320515;warm-bowl-osm-01274
Тёплая плошка, Санкт-Петербург, Конституции;Санкт-Петербург, пл. Конституции, 3 к2;59.850517;30.304681;warm-bowl-osm-01275
Тёплая плошка, Санкт-Петербург, Белградская, 40 к1;Санкт-Петербург, ул. Белградская, 40 к1;59.850810;30.368856;warm-bowl-osm-01276
Тёплая плошка, Санкт-Петербург, Ленинский проспект;Санкт-Петербург, бул. Новаторов, 11;59.850858;30.268025;warm-bowl-osm-01277
Тёплая плошка, Санкт-Петербург, Адмирала Трибуца;Санкт-Петербург, ул. Адмирала Трибуца, 7;59.851505;30.144968;warm-bowl-osm-01278
Тёплая плошка, Санкт-Петербург, Ленинский;Санкт-Петербург, Ленинский просп., 121 к5;59.851505;30.261636;warm-bowl-osm-01279
Тёплая плошка, Санкт-Петербург, Маршала Захарова;Санкт-Петербург, ул. Маршала Захарова, 48 к2;59.851971;30.202493;warm-bowl-osm-01280
Тёплая плошка, Санкт-Петербург, Маршала Жукова;Санкт-Петербург, просп. Маршала Жукова, 36 к1;59.852460;30.224963;warm-bowl-osm-01281
Тёплая плошка, Санкт-Петербург, Типанова;Санкт-Петербург, ул. Типанова, 7;59.852643;30.330576;warm-bowl-osm-01282
Тёплая плошка, Санкт-Петербург, Ленинский, 100 к1;Санкт-Петербург, Ленинский просп., 100 к1;59.852921;30.220313;warm-bowl-osm-01283
Тёплая плошка, Санкт-Петербург, Маршала Захарова, 21 литГ;Санкт-Петербург, ул. Маршала Захарова, 21 литГ;59.853135;30.194097;warm-bowl-osm-01284
Тёплая плошка, Санкт-Петербург, Московский, 191;Санкт-Петербург, Московский просп., 191;59.853162;30.320502;warm-bowl-osm-01285
Тёплая плошка, Санкт-Петербург, Славы;Санкт-Петербург, просп. Славы, 5 к3;59.854538;30.372107;warm-bowl-osm-01286
Тёплая плошка, Санкт-Петербург, Ленинский, 91;Санкт-Петербург, Ленинский просп., 91;59.854574;30.207501;warm-bowl-osm-01287
Тёплая плошка, Санкт-Петербург, Славы, 17;Санкт-Петербург, просп. Славы, 17;59.855334;30.377304;warm-bowl-osm-01288
Тёплая плошка, Санкт-Петербург, Санкт-Петербургское;Санкт-Петербург, Санкт-Петербургское ш., 101Б;59.856125;30.015453;warm-bowl-osm-01289
Тёплая плошка, Санкт-Петербург, Московский, 206;Санкт-Петербург, Московский просп., 206;59.856687;30.321705;warm-bowl-osm-01290
Тёплая плошка, Санкт-Петербург, Проспект Славы;Санкт-Петербург, просп. Славы, 43/49;59.857749;30.389222;warm-bowl-osm-01291
Тёплая плошка, Санкт-Петербург, Обуховской Обороны;Санкт-Петербург, просп. Обуховской Обороны, 261;59.858468;30.479129;warm-bowl-osm-01292
Тёплая плошка, Санкт-Петербург, Героев;Санкт-Петербург, просп. Героев, 31;59.858611;30.152290;warm-bowl-osm-01293
Тёплая плошка, Санкт-Петербург, Московский, 204;Санкт-Петербург, Московский просп., 204;59.858654;30.321660;warm-bowl-osm-01294
Тёплая плошка, Санкт-Петербург, Московский, 177;Санкт-Петербург, Московский просп., 177;59.859319;30.320281;warm-bowl-osm-01295
Тёплая плошка, Санкт-Петербург, Бабушкина;Санкт-Петербург, ул. Бабушкина, 125;59.860354;30.467172;warm-bowl-osm-01296
Тёплая плошка, Санкт-Петербург, Маршала Казакова;Санкт-Петербург, ул. Маршала Казакова, 35 литАП;59.861303;30.208955;warm-bowl-osm-01297
Тёплая плошка, Санкт-Петербург, Парк Победы;Санкт-Петербург, Московский просп., 198;59.861525;30.322966;warm-bowl-osm-01298
Тёплая плошка, Санкт-Петербург, Русановская;Санкт-Петербург, ул. Русановская, 1 к2;59.862320;30.495193;warm-bowl-osm-01299
Тёплая плошка, Санкт-Петербург, Новоизмайловский;Санкт-Петербург, Новоизмайловский просп., 13 к2;59.863449;30.303353;warm-bowl-osm-01300
Тёплая плошка, Санкт-Петербург, Московский, 192;Санкт-Петербург, Московский просп., 192;59.863935;30.321355;warm-bowl-osm-01301
Тёплая плошка, Санкт-Петербург, Будапештская;Санкт-Петербург, ул. Будапештская, 19;59.864526;30.372287;warm-bowl-osm-01302
Тёплая плошка, Санкт-Петербург, Обуховской Обороны, 120 литДЯ;Санкт-Петербург, просп. Обуховской Обороны, 120 литДЯ;59.865128;30.473913;warm-bowl-osm-01303
Тёплая плошка, Санкт-Петербург, Автово;Санкт-Петербург, просп. Стачек, 77;59.866144;30.260315;warm-bowl-osm-01304
Тёплая плошка, Санкт-Петербург, Бассейная;Санкт-Петербург, ул. Бассейная, 22;59.866344;30.318758;warm-bowl-osm-01305
Тёплая плошка, Санкт-Петербург, Обуховской Обороны, 217;Санкт-Петербург, просп. Обуховской Обороны, 217;59.866636;30.466204;warm-bowl-osm-01306
Тёплая плошка, Санкт-Петербург, территория Троицкая гора;Санкт-Петербург, территория Троицкая гора, 33;59.867525;29.836400;warm-bowl-osm-01307
Тёплая плошка, Санкт-Петербург, Обуховской Обороны, 108 к4;Санкт-Петербург, просп. Обуховской Обороны, 108 к4;59.867866;30.465303;warm-bowl-osm-01308
Тёплая плошка, Санкт-Петербург, Шахматова;Санкт-Петербург, ул. Шахматова, 14 к1;59.869246;29.866839;warm-bowl-osm-01309
Тёплая плошка, Санкт-Петербург, Космонавтов;Санкт-Петербург, просп. Космонавтов, 14;59.869607;30.350672;warm-bowl-osm-01310
Тёплая плошка, Санкт-Петербург, Бабушкина, 91 к1;Санкт-Петербург, ул. Бабушкина, 91 к1;59.870735;30.448613;warm-bowl-osm-01311
Тёплая плошка, Санкт-Петербург, Московский, 157;Санкт-Петербург, Московский просп., 157;59.870833;30.319770;warm-bowl-osm-01312
Тёплая плошка, Санкт-Петербург, Стачек;Санкт-Петербург, просп. Стачек, 67;59.871194;30.258893;warm-bowl-osm-01313
Тёплая плошка, Санкт-Петербург, Белевский;Санкт-Петербург, Белевский просп., 20А;59.872280;30.430235;warm-bowl-osm-01314
Тёплая плошка, Санкт-Петербург, Софийская;Санкт-Петербург, ул. Софийская, 39 к1;59.873011;30.402715;warm-bowl-osm-01315
Тёплая плошка, Санкт-Петербург, Санкт-Петербургское, 140;Санкт-Петербург, Санкт-Петербургское ш., 140;59.874075;29.946995;warm-bowl-osm-01316
Тёплая плошка, Санкт-Петербург, Ломоносовская;Санкт-Петербург, ул. Бабушкина, 48;59.874702;30.446022;warm-bowl-osm-01317
Тёплая плошка, Санкт-Петербург, Санкт-Петербургское, 121 к2;Санкт-Петербург, Санкт-Петербургское ш., 121 к2;59.875194;29.946957;warm-bowl-osm-01318
Тёплая плошка, Санкт-Петербург, Бабушкина, 75/9;Санкт-Петербург, ул. Бабушкина, 75/9;59.875574;30.443677;warm-bowl-osm-01319
Тёплая плошка, Санкт-Петербург, Благодатная;Санкт-Петербург, ул. Благодатная, 61;59.875779;30.335602;warm-bowl-osm-01320
Тёплая плошка, Санкт-Петербург, Кировский завод;Санкт-Петербург, просп. Стачек, 57;59.875867;30.256536;warm-bowl-osm-01321
Тёплая плошка, Санкт-Петербург, Ивановская;Санкт-Петербург, ул. Ивановская, 7;59.876280;30.446234;warm-bowl-osm-01322
Тёплая плошка, Санкт-Петербург, Бухарестская, 64 к4;Санкт-Петербург, ул. Бухарестская, 64 к4;59.877034;30.374972;warm-bowl-osm-01323
Тёплая плошка, Санкт-Петербург, Электросила;Санкт-Петербург, Московский просп., 145;59.877162;30.319054;warm-bowl-osm-01324
Тёплая плошка, Санкт-Петербург, Стачек, 47;Санкт-Петербург, просп. Стачек, 47;59.878616;30.256301;warm-bowl-osm-01325
Тёплая плошка, Санкт-Петербург, Путиловская;Санкт-Петербург, ул. Васи Алексеева, 10/13;59.878907;30.267783;warm-bowl-osm-01326
Тёплая плошка, Санкт-Петербург, Санкт-Петербургский;Санкт-Петербург, Санкт-Петербургский просп., 27;59.878947;29.918271;warm-bowl-osm-01327
Тёплая плошка, Санкт-Петербург, Санкт-Петербургский, 34;Санкт-Петербург, Санкт-Петербургский просп., 34;59.879374;29.910422;warm-bowl-osm-01328
Тёплая плошка, Санкт-Петербург, Санкт-Петербургский, 42;Санкт-Петербург, Санкт-Петербургский просп., 42;59.879949;29.908979;warm-bowl-osm-01329
Тёплая плошка, Санкт-Петербург, Фарфоровская;Санкт-Петербург, ул. Фарфоровская, 3 к1;59.880872;30.434488;warm-bowl-osm-01330
Тёплая плошка, Санкт-Петербург, Санкт-Петербургский, 60;Санкт-Петербург, Санкт-Петербургский просп., 60;59.882322;29.890081;warm-bowl-osm-01331
Тёплая плошка, Санкт-Петербург, Калининская;Санкт-Петербург, ул. Калининская, 9;59.883046;29.911843;warm-bowl-osm-01332
Тёплая плошка, Санкт-Петербург, Обуховской Обороны, 149 литФ;Санкт-Петербург, просп. Обуховской Обороны, 149 литФ;59.883430;30.438361;warm-bowl-osm-01333
Тёплая плошка, Санкт-Петербург, Бабушкина, 53;Санкт-Петербург, ул. Бабушкина, 53;59.883548;30.432654;warm-bowl-osm-01334
Тёплая плошка, Санкт-Петербург, Разводная;Санкт-Петербург, ул. Разводная, 2А;59.884510;29.913653;warm-bowl-osm-01335
Тёплая плошка, Санкт-Петербург, Трефолева;Санкт-Петербург, ул. Трефолева, 4 к2;59.886637;30.280031;warm-bowl-osm-01336
Тёплая плошка, Санкт-Петербург, Московские ворота;Санкт-Петербург, ул. Заставская, 33 литЖ;59.888491;30.315723;warm-bowl-osm-01337
Тёплая плошка, Санкт-Петербург, Стачек, 32;Санкт-Петербург, просп. Стачек, 32;59.888935;30.270695;warm-bowl-osm-01338
Тёплая плошка, Санкт-Петербург, Тельмана;Санкт-Петербург, ул. Тельмана, 31;59.891538;30.476365;warm-bowl-osm-01339
Тёплая плошка, Санкт-Петербург, Московский, 103 к3;Санкт-Петербург, Московский просп., 103 к3;59.891655;30.316429;warm-bowl-osm-01340
Тёплая плошка, Санкт-Петербург, Седова;Санкт-Петербург, ул. Седова, 19;59.892939;30.414302;warm-bowl-osm-01341
Тёплая плошка, Санкт-Петербург, Лиговский;Санкт-Петербург, Лиговский просп., 289 литГ;59.894652;30.329293;warm-bowl-osm-01342
Тёплая плошка, Санкт-Петербург, Обуховской Обороны, 105;Санкт-Петербург, просп. Обуховской Обороны, 105;59.895149;30.434913;warm-bowl-osm-01343
Тёплая плошка, Санкт-Петербург, Малая Митрофаньевская;Санкт-Петербург, ул. Малая Митрофаньевская, 4 литБ;59.896221;30.317444;warm-bowl-osm-01344
Тёплая плошка, Санкт-Петербург, Крыленко;Санкт-Петербург, ул. Крыленко, 21 к1;59.896302;30.476445;warm-bowl-osm-01345
Тёплая плошка, Санкт-Петербург, Крыленко, 23;Санкт-Петербург, ул. Крыленко, 23;59.897370;30.477930;warm-bowl-osm-01346
Тёплая плошка, Санкт-Петербург, Елизаровская;Санкт-Петербург, ул. Бабушкина, 8 к3;59.897766;30.421546;warm-bowl-osm-01347
Тёплая плошка, Санкт-Петербург, Седова, 13;Санкт-Петербург, ул. Седова, 13;59.897921;30.405979;warm-bowl-osm-01348
Тёплая плошка, Санкт-Петербург, Дыбенко;Санкт-Петербург, ул. Дыбенко, 5 к1;59.898916;30.450991;warm-bowl-osm-01349
Тёплая плошка, Санкт-Петербург, Дыбенко, 5 к3;Санкт-Петербург, ул. Дыбенко, 5 к3;59.899217;30.452676;warm-bowl-osm-01350
Тёплая плошка, Санкт-Петербург, Крыленко, 39/29;Санкт-Петербург, ул. Крыленко, 39/29;59.899818;30.488047;warm-bowl-osm-01351
Тёплая плошка, Санкт-Петербург, Ольминского;Санкт-Петербург, ул. Ольминского, 4;59.900231;30.425777;warm-bowl-osm-01352
Тёплая плошка, Санкт-Петербург, Нарвская;Санкт-Петербург, ул. Метростроевцев, 4;59.900914;30.284135;warm-bowl-osm-01353
Тёплая плошка, Санкт-Петербург, Московский, 83 литЮ;Санкт-Петербург, Московский просп., 83 литЮ;59.901388;30.312739;warm-bowl-osm-01354
Тёплая плошка, Санкт-Петербург, Парфёновская;Санкт-Петербург, ул. Парфёновская, 12 с1;59.902061;30.311498;warm-bowl-osm-01355
Тёплая плошка, Санкт-Петербург, Киевская;Санкт-Петербург, ул. Киевская, 3;59.902475;30.322247;warm-bowl-osm-01356
Тёплая плошка, Санкт-Петербург, Михайловская;Санкт-Петербург, ул. Михайловская, 40/7 стр.1;59.903101;29.768654;warm-bowl-osm-01357
Тёплая плошка, Санкт-Петербург, Московский, 75;Санкт-Петербург, Московский просп., 75;59.903127;30.318147;warm-bowl-osm-01358
Тёплая плошка, Санкт-Петербург, Московский, 73 к3;Санкт-Петербург, Московский просп., 73 к3;59.903866;30.318123;warm-bowl-osm-01359
Тёплая плошка, Санкт-Петербург, Смоленская;Санкт-Петербург, ул. Смоленская, 10 литБ;59.904233;30.321147;warm-bowl-osm-01360
Тёплая плошка, Санкт-Петербург, Ультрамариновая;Санкт-Петербург, ул. Ультрамариновая, 4 с1;59.904897;30.439797;warm-bowl-osm-01361
Тёплая плошка, Санкт-Петербург, Старо-Петергофский;Санкт-Петербург, Старо-Петергофский просп., 31/2 литП;59.905576;30.276273;warm-bowl-osm-01362
Тёплая плошка, Санкт-Петербург, Балтийская;Санкт-Петербург, Библиотечный пер., 4 к2;59.905653;30.297852;warm-bowl-osm-01363
Тёплая плошка, Санкт-Петербург, Московский, 74;Санкт-Петербург, Московский просп., 74;59.906239;30.318830;warm-bowl-osm-01364
Тёплая плошка, Санкт-Петербург, Лифляндская;Санкт-Петербург, ул. Лифляндская, 6 литД;59.906250;30.262533;warm-bowl-osm-01365
Тёплая плошка, Санкт-Петербург, Улица Дыбенко;Санкт-Петербург, ул. Дыбенко, 24 к1;59.906628;30.480691;warm-bowl-osm-01366
Тёплая плошка, Санкт-Петербург, Митрофаньевское;Санкт-Петербург, Митрофаньевское ш., 2 к1 литК;59.907572;30.300808;warm-bowl-osm-01367
Тёплая плошка, Санкт-Петербург, Победы;Санкт-Петербург, ул. Победы, 7;59.907952;29.773380;warm-bowl-osm-01368
Тёплая плошка, Санкт-Петербург, Двинская;Санкт-Петербург, ул. Двинская, 10 к2;59.908515;30.247506;warm-bowl-osm-01369
Тёплая плошка, Санкт-Петербург, Александровская;Санкт-Петербург, ул. Александровская, 27;59.909107;29.777435;warm-bowl-osm-01370
Тёплая плошка, Санкт-Петербург, Циолковского;Санкт-Петербург, ул. Циолковского, 13-15;59.909498;30.286804;warm-bowl-osm-01371
Тёплая плошка, Санкт-Петербург, Пражская;Санкт-Петербург, ул. Пражская, 4;59.909895;30.509148;warm-bowl-osm-01372
Тёплая плошка, Санкт-Петербург, Александровская, 36Б;Санкт-Петербург, ул. Александровская, 36Б;59.910476;29.777287;warm-bowl-osm-01373
Тёплая плошка, Санкт-Петербург, Технологический институт 2;Санкт-Петербург, наб. Обводного канала, 121 литА;59.910548;30.323870;warm-bowl-osm-01374
Тёплая плошка, Санкт-Петербург, Обводный канал;Санкт-Петербург, ул. Тамбовская, 36/25;59.911108;30.353312;warm-bowl-osm-01375
Тёплая плошка, Санкт-Петербург, Днепропетровская;Санкт-Петербург, ул. Днепропетровская, 63;59.911423;30.357987;warm-bowl-osm-01376
Тёплая плошка, Санкт-Петербург, Курляндская;Санкт-Петербург, ул. Курляндская, 8М;59.911598;30.289268;warm-bowl-osm-01377
Тёплая плошка, Санкт-Петербург, Обуховской Обороны, 39;Санкт-Петербург, просп. Обуховской Обороны, 39;59.911639;30.407294;warm-bowl-osm-01378
Тёплая плошка, Санкт-Петербург, Подвойского;Санкт-Петербург, ул. Подвойского, 16 к1;59.911957;30.468618;warm-bowl-osm-01379
Тёплая плошка, Санкт-Петербург, Степана Разина;Санкт-Петербург, ул. Степана Разина, 9 литАБ;59.912209;30.266150;warm-bowl-osm-01380
Тёплая плошка, Санкт-Петербург, Технологический институт 1;Санкт-Петербург, ул. 6-я Красноармейская, 15;59.912495;30.313646;warm-bowl-osm-01381
Тёплая плошка, Санкт-Петербург, Лермонтовский;Санкт-Петербург, Лермонтовский просп., 48;59.913173;30.297771;warm-bowl-osm-01382
Тёплая плошка, Санкт-Петербург, Подольская;Санкт-Петербург, ул. Подольская, 42;59.913217;30.326906;warm-bowl-osm-01383
Тёплая плошка, Санкт-Петербург, Московский, 35;Санкт-Петербург, Московский просп., 35;59.913748;30.317952;warm-bowl-osm-01384
Тёплая плошка, Санкт-Петербург, 4-я Красноармейская;Санкт-Петербург, ул. 4-я Красноармейская, 2/35;59.913786;30.316879;warm-bowl-osm-01385
Тёплая плошка, Санкт-Петербург, Лиговский, 138;Санкт-Петербург, Лиговский просп., 138;59.914089;30.350350;warm-bowl-osm-01386
Тёплая плошка, Санкт-Петербург, Рузовская;Санкт-Петербург, ул. Рузовская, 31/1;59.914643;30.330358;warm-bowl-osm-01387
Тёплая плошка, Санкт-Петербург, Лиговский, 153;Санкт-Петербург, Лиговский просп., 153;59.915067;30.347813;warm-bowl-osm-01388
Тёплая плошка, Санкт-Петербург, Измайловский;Санкт-Петербург, Измайловский просп., 4;59.915424;30.309637;warm-bowl-osm-01389
Тёплая плошка, Санкт-Петербург, Клинский;Санкт-Петербург, Клинский просп., 9;59.915831;30.325311;warm-bowl-osm-01390
Тёплая плошка, Санкт-Петербург, 1-я Красноармейская;Санкт-Петербург, ул. 1-я Красноармейская, 2;59.915964;30.317655;warm-bowl-osm-01391
Тёплая плошка, Санкт-Петербург, 1-я Красноармейская, 3-5-7-9 литА;Санкт-Петербург, ул. 1-я Красноармейская, 3-5-7-9 литА;59.916276;30.314369;warm-bowl-osm-01392
Тёплая плошка, Санкт-Петербург, Бадаева;Санкт-Петербург, ул. Бадаева, 6 к1;59.917068;30.451076;warm-bowl-osm-01393
Тёплая плошка, Санкт-Петербург, Державинский;Санкт-Петербург, Державинский пер., 3;59.917407;30.312913;warm-bowl-osm-01394
Тёплая плошка, Санкт-Петербург, Пушкинская;Санкт-Петербург, ул. Звенигородская, 9;59.917539;30.341831;warm-bowl-osm-01395
Тёплая плошка, Санкт-Петербург, Тюшина;Санкт-Петербург, ул. Тюшина, 11;59.917701;30.346632;warm-bowl-osm-01396
Тёплая плошка, Санкт-Петербург, Боровая;Санкт-Петербург, ул. Боровая, 32;59.918066;30.346929;warm-bowl-osm-01397
Тёплая плошка, Санкт-Петербург, Садовая, 109;Санкт-Петербург, ул. Садовая, 109;59.918603;30.287584;warm-bowl-osm-01398
Тёплая плошка, Санкт-Петербург, Лермонтовский, 27;Санкт-Петербург, Лермонтовский просп., 27;59.918686;30.295653;warm-bowl-osm-01399
Тёплая плошка, Санкт-Петербург, Сидоровского канала;Санкт-Петербург, наб. Сидоровского канала, 3;59.919224;29.774607;warm-bowl-osm-01400
Тёплая плошка, Санкт-Петербург, реки Фонтанки;Санкт-Петербург, наб. реки Фонтанки, 118 литБ;59.919592;30.311441;warm-bowl-osm-01401
Тёплая плошка, Санкт-Петербург, Английский;Санкт-Петербург, Английский просп., 48;59.919614;30.288312;warm-bowl-osm-01402
Тёплая плошка, Санкт-Петербург, Владимирская;Санкт-Петербург, ул. Социалистическая, 21;59.920141;30.346525;warm-bowl-osm-01403
Тёплая плошка, Санкт-Петербург, Марата;Санкт-Петербург, ул. Марата, 77;59.920491;30.341291;warm-bowl-osm-01404
Тёплая плошка, Санкт-Петербург, Звенигородская;Санкт-Петербург, ул. Звенигородская, 5;59.920809;30.337880;warm-bowl-osm-01405
Тёплая плошка, Санкт-Петербург, Марата, 67/17;Санкт-Петербург, ул. Марата, 67/17;59.921235;30.344002;warm-bowl-osm-01406
Тёплая плошка, Санкт-Петербург, Садовая, 60;Санкт-Петербург, ул. Садовая, 60;59.921541;30.303860;warm-bowl-osm-01407
Тёплая плошка, Санкт-Петербург, Садовая, 58 литБ;Санкт-Петербург, ул. Садовая, 58 литБ;59.921846;30.305149;warm-bowl-osm-01408
Тёплая плошка, Санкт-Петербург, Лиговский проспект;Санкт-Петербург, ул. Разъезжая, 39;59.922024;30.351480;warm-bowl-osm-01409
Тёплая плошка, Санкт-Петербург, Английский, 27;Санкт-Петербург, Английский просп., 27;59.922274;30.285135;warm-bowl-osm-01410
Тёплая плошка, Санкт-Петербург, Кожевенная линия;Санкт-Петербург, Кожевенная линия, 32 к2 литЖ;59.922343;30.248392;warm-bowl-osm-01411
Тёплая плошка, Санкт-Петербург, Мастерская;Санкт-Петербург, ул. Мастерская, 9;59.922368;30.288664;warm-bowl-osm-01412
Тёплая плошка, Санкт-Петербург, Лиговский, 68;Санкт-Петербург, Лиговский просп., 68;59.922682;30.355809;warm-bowl-osm-01413
Тёплая плошка, Санкт-Петербург, Сенная площадь;Санкт-Петербург, наб. реки Фонтанки, 107;59.922770;30.319374;warm-bowl-osm-01414
Тёплая плошка, Санкт-Петербург, реки Пряжки;Санкт-Петербург, наб. реки Пряжки, 30;59.922957;30.282164;warm-bowl-osm-01415
Тёплая плошка, Санкт-Петербург, Лиговский, 93;Санкт-Петербург, Лиговский просп., 93;59.923303;30.355532;warm-bowl-osm-01416
Тёплая плошка, Санкт-Петербург, Правды;Санкт-Петербург, ул. Правды, 10;59.923599;30.343183;warm-bowl-osm-01417
Тёплая плошка, Санкт-Петербург, Декабристов;Санкт-Петербург, ул. Декабристов, 55;59.923795;30.283286;warm-bowl-osm-01418
Тёплая плошка, Санкт-Петербург, Достоевского;Санкт-Петербург, ул. Достоевского, 28 литБ;59.923986;30.348352;warm-bowl-osm-01419
Тёплая плошка, Санкт-Петербург, Марата, 48;Санкт-Петербург, ул. Марата, 48;59.924142;30.351115;warm-bowl-osm-01420
Тёплая плошка, Санкт-Петербург, реки Фонтанки, 92 литБ;Санкт-Петербург, наб. реки Фонтанки, 92 литБ;59.924325;30.327171;warm-bowl-osm-01421
Тёплая плошка, Санкт-Петербург, реки Фонтанки, 91;Санкт-Петербург, наб. реки Фонтанки, 91;59.924448;30.323839;warm-bowl-osm-01422
Тёплая плошка, Санкт-Петербург, Гороховая;Санкт-Петербург, ул. Гороховая, 52;59.924517;30.328284;warm-bowl-osm-01423
Тёплая плошка, Санкт-Петербург, реки Пряжки, 3/1;Санкт-Петербург, наб. реки Пряжки, 3/1;59.924720;30.279611;warm-bowl-osm-01424
Тёплая плошка, Санкт-Петербург, Глинки;Санкт-Петербург, ул. Глинки, 11;59.924855;30.297553;warm-bowl-osm-01425
Тёплая плошка, Санкт-Петербург, Лиговский, 79;Санкт-Петербург, Лиговский просп., 79;59.925026;30.356765;warm-bowl-osm-01426
Тёплая плошка, Санкт-Петербург, Спасская;Санкт-Петербург, Вознесенский просп., 34 литГ;59.925121;30.308248;warm-bowl-osm-01427
Тёплая плошка, Санкт-Петербург, Московский, 4;Санкт-Петербург, Московский просп., 4;59.925332;30.317846;warm-bowl-osm-01428
Тёплая плошка, Санкт-Петербург, Достоевская;Санкт-Петербург, ул. Разъезжая, 7;59.925535;30.344200;warm-bowl-osm-01429
Тёплая плошка, Санкт-Петербург, Ефимова;Санкт-Петербург, ул. Ефимова, 3 литС;59.925690;30.320563;warm-bowl-osm-01430
Тёплая плошка, Санкт-Петербург, реки Фонтанки, 83;Санкт-Петербург, наб. реки Фонтанки, 83;59.925876;30.324923;warm-bowl-osm-01431
Тёплая плошка, Санкт-Петербург, Ефимова, 3;Санкт-Петербург, ул. Ефимова, 3;59.926047;30.320473;warm-bowl-osm-01432
Тёплая плошка, Санкт-Петербург, Достоевского, 6;Санкт-Петербург, ул. Достоевского, 6;59.926264;30.350140;warm-bowl-osm-01433
Тёплая плошка, Санкт-Петербург, Красноградский;Санкт-Петербург, Красноградский пер., 5;59.926376;30.307039;warm-bowl-osm-01434
Тёплая плошка, Санкт-Петербург, Площадь Восстания;Санкт-Петербург, Лиговский просп., 69;59.926545;30.357744;warm-bowl-osm-01435
Тёплая плошка, Санкт-Петербург, Ломоносова;Санкт-Петербург, ул. Ломоносова, 9;59.926753;30.337572;warm-bowl-osm-01436
Тёплая плошка, Санкт-Петербург, Большая Московская;Санкт-Петербург, ул. Большая Московская, 3;59.926819;30.346648;warm-bowl-osm-01437
Тёплая плошка, Санкт-Петербург, Лиговский, 30;Санкт-Петербург, Лиговский просп., 30;59.926888;30.359480;warm-bowl-osm-01438
Тёплая плошка, Санкт-Петербург, Гороховая, 42;Санкт-Петербург, ул. Гороховая, 42;59.927157;30.323791;warm-bowl-osm-01439
Тёплая плошка, Санкт-Петербург, Большая Московская, 3;Санкт-Петербург, ул. Большая Московская, 3;59.927258;30.347251;warm-bowl-osm-01440
Тёплая плошка, Санкт-Петербург, Марата, 25;Санкт-Петербург, ул. Марата, 25;59.927434;30.351792;warm-bowl-osm-01441
Тёплая плошка, Санкт-Петербург, реки Мойки;Санкт-Петербург, наб. реки Мойки, 102 с1;59.927553;30.293242;warm-bowl-osm-01442
Тёплая плошка, Санкт-Петербург, Рубинштейна;Санкт-Петербург, ул. Рубинштейна, 23;59.927700;30.341773;warm-bowl-osm-01443
Тёплая плошка, Санкт-Петербург, Фонарный;Санкт-Петербург, Фонарный пер., 9;59.927894;30.305193;warm-bowl-osm-01444
Тёплая плошка, Санкт-Петербург, Загородный;Санкт-Петербург, Загородный просп., 17/3 с2;59.927943;30.345230;warm-bowl-osm-01445
Тёплая плошка, Санкт-Петербург, Гривцова;Санкт-Петербург, пер. Гривцова, 20;59.928319;30.316026;warm-bowl-osm-01446
Тёплая плошка, Санкт-Петербург, Лиговский, 57-59;Санкт-Петербург, Лиговский просп., 57-59;59.928354;30.358902;warm-bowl-osm-01447
Тёплая плошка, Санкт-Петербург, Маяковская;Санкт-Петербург, ул. Колокольная, 18;59.928465;30.353221;warm-bowl-osm-01448
Тёплая плошка, Санкт-Петербург, Спасский;Санкт-Петербург, Спасский пер., 5;59.928606;30.318138;warm-bowl-osm-01449
Тёплая плошка, Санкт-Петербург, Садовая, 33/43;Санкт-Петербург, ул. Садовая, 33/43;59.928717;30.321461;warm-bowl-osm-01450
Тёплая плошка, Санкт-Петербург, Большой В.О.;Санкт-Петербург, Большой просп. В.О., 92;59.928869;30.248609;warm-bowl-osm-01451
Тёплая плошка, Санкт-Петербург, Рубинштейна, 30;Санкт-Петербург, ул. Рубинштейна, 30;59.929037;30.343701;warm-bowl-osm-01452
Тёплая плошка, Санкт-Петербург, Щербаков;Санкт-Петербург, Щербаков пер., 1;59.929138;30.338782;warm-bowl-osm-01453
Тёплая плошка, Санкт-Петербург, Новочеркасская;Санкт-Петербург, Заневский просп., 23;59.929331;30.414853;warm-bowl-osm-01454
Тёплая плошка, Санкт-Петербург, Дегтярная;Санкт-Петербург, ул. Дегтярная, 1;59.929551;30.369640;warm-bowl-osm-01455
Тёплая плошка, Санкт-Петербург, Стахановцев;Санкт-Петербург, ул. Стахановцев, 1 с1;59.929563;30.405401;warm-bowl-osm-01456
Тёплая плошка, Санкт-Петербург, Новочеркасский;Санкт-Петербург, Новочеркасский просп., 26/16;59.929791;30.412335;warm-bowl-osm-01457
Тёплая плошка, Санкт-Петербург, Стахановцев, 1 с1;Санкт-Петербург, ул. Стахановцев, 1 с1;59.929954;30.405071;warm-bowl-osm-01458
Тёплая плошка, Санкт-Петербург, канала Грибоедова;Санкт-Петербург, наб. канала Грибоедова, 30-32 литЛ;59.930010;30.325930;warm-bowl-osm-01459
Тёплая плошка, Санкт-Петербург, Невский;Санкт-Петербург, Невский просп., 97;59.930089;30.366825;warm-bowl-osm-01460
Тёплая плошка, Санкт-Петербург, Фонарный, 1;Санкт-Петербург, Фонарный пер., 1;59.930332;30.304050;warm-bowl-osm-01461
Тёплая плошка, Санкт-Петербург, Адмиралтейского канала;Санкт-Петербург, наб. Адмиралтейского канала, 2 литИ;59.930406;30.291564;warm-bowl-osm-01462
Тёплая плошка, Санкт-Петербург, канала Грибоедова, 36;Санкт-Петербург, наб. канала Грибоедова, 36;59.930502;30.322668;warm-bowl-osm-01463
Тёплая плошка, Санкт-Петербург, Адмиралтейского канала, 15;Санкт-Петербург, наб. Адмиралтейского канала, 15;59.930660;30.289017;warm-bowl-osm-01464
Тёплая плошка, Санкт-Петербург, Казанская;Санкт-Петербург, ул. Казанская, 25;59.930692;30.316186;warm-bowl-osm-01465
Тёплая плошка, Санкт-Петербург, Графский;Санкт-Петербург, Графский пер., 6/16;59.930857;30.345240;warm-bowl-osm-01466
Тёплая плошка, Санкт-Петербург, Невский, 81;Санкт-Петербург, Невский просп., 81;59.931005;30.359693;warm-bowl-osm-01467
Тёплая плошка, Санкт-Петербург, Пушкинская, 1/77;Санкт-Петербург, ул. Пушкинская, 1/77;59.931235;30.357754;warm-bowl-osm-01468
Тёплая плошка, Санкт-Петербург, Адмиралтейского канала, 1;Санкт-Петербург, наб. Адмиралтейского канала, 1;59.931342;30.292435;warm-bowl-osm-01469
Тёплая плошка, Санкт-Петербург, Ладожская;Санкт-Петербург, просп. Энергетиков, 2 к2 с1;59.931513;30.433953;warm-bowl-osm-01470
Тёплая плошка, Санкт-Петербург, Горный институт;Санкт-Петербург, 24-я линия В.О., 15/2 литБ;59.931747;30.261676;warm-bowl-osm-01471
Тёплая плошка, Санкт-Петербург, Гороховая, 17/56;Санкт-Петербург, ул. Гороховая, 17/56;59.931883;30.316735;warm-bowl-osm-01472
Тёплая плошка, Санкт-Петербург, Новочеркасский, 33;Санкт-Петербург, Новочеркасский просп., 33;59.931911;30.408147;warm-bowl-osm-01473
Тёплая плошка, Санкт-Петербург, Невский проспект;Санкт-Петербург, ул. Казанская, 7А;59.932076;30.321169;warm-bowl-osm-01474
Тёплая плошка, Санкт-Петербург, Средний В.О.;Санкт-Петербург, Средний просп. В.О., 97;59.932116;30.240371;warm-bowl-osm-01475
Тёплая плошка, Санкт-Петербург, Ворошилова;Санкт-Петербург, ул. Ворошилова, 33 к1;59.932230;30.465984;warm-bowl-osm-01476
Тёплая плошка, Санкт-Петербург, Конногвардейский;Санкт-Петербург, Конногвардейский бул., 4 литД;59.932323;30.296468;warm-bowl-osm-01477
Тёплая плошка, Санкт-Петербург, Заневский;Санкт-Петербург, Заневский просп., 67 к2;59.932598;30.438087;warm-bowl-osm-01478
Тёплая плошка, Санкт-Петербург, Большая Морская;Санкт-Петербург, ул. Большая Морская, 39;59.932723;30.308691;warm-bowl-osm-01479
Тёплая плошка, Санкт-Петербург, Заневский, 67 к2;Санкт-Петербург, Заневский просп., 67 к2;59.932903;30.437694;warm-bowl-osm-01480
Тёплая плошка, Санкт-Петербург, Мытнинская;Санкт-Петербург, ул. Мытнинская, 12/44;59.932915;30.376451;warm-bowl-osm-01481
Тёплая плошка, Санкт-Петербург, Большая Морская, 39;Санкт-Петербург, ул. Большая Морская, 39;59.933122;30.308660;warm-bowl-osm-01482
Тёплая плошка, Санкт-Петербург, Восстания;Санкт-Петербург, ул. Восстания, 7;59.933149;30.360349;warm-bowl-osm-01483
Тёплая плошка, Санкт-Петербург, Казанская, 4;Санкт-Петербург, ул. Казанская, 4;59.933298;30.322925;warm-bowl-osm-01484
Тёплая плошка, Санкт-Петербург, Лиговский, 29;Санкт-Петербург, Лиговский просп., 29;59.933509;30.362111;warm-bowl-osm-01485
Тёплая плошка, Санкт-Петербург, Конногвардейский, 15;Санкт-Петербург, Конногвардейский бул., 15;59.933728;30.298714;warm-bowl-osm-01486
Тёплая плошка, Санкт-Петербург, Большая Морская, 30 литА;Санкт-Петербург, ул. Большая Морская, 30 литА;59.933730;30.312799;warm-bowl-osm-01487
Тёплая плошка, Санкт-Петербург, Литейный;Санкт-Петербург, Литейный просп., 58;59.933995;30.348274;warm-bowl-osm-01488
Тёплая плошка, Санкт-Петербург, Шаумяна;Санкт-Петербург, просп. Шаумяна, 14;59.934204;30.416965;warm-bowl-osm-01489
Тёплая плошка, Санкт-Петербург, Караванная;Санкт-Петербург, ул. Караванная, 24-26;59.934247;30.342952;warm-bowl-osm-01490
Тёплая плошка, Санкт-Петербург, Гостиный двор;Санкт-Петербург, Невский просп., 60 литИ;59.934451;30.339354;warm-bowl-osm-01491
Тёплая плошка, Санкт-Петербург, 5-я Советская;Санкт-Петербург, ул. 5-я Советская, 24/13;59.934537;30.370859;warm-bowl-osm-01492
Тёплая плошка, Санкт-Петербург, Малая Морская;Санкт-Петербург, ул. Малая Морская, 14;59.934793;30.311046;warm-bowl-osm-01493
Тёплая плошка, Санкт-Петербург, Суворовский;Санкт-Петербург, Суворовский просп., 15;59.934952;30.371316;warm-bowl-osm-01494
Тёплая плошка, Санкт-Петербург, канала Грибоедова, 18-20;Санкт-Петербург, наб. канала Грибоедова, 18-20;59.934984;30.326725;warm-bowl-osm-01495
Тёплая плошка, Санкт-Петербург, Суворовский, 17;Санкт-Петербург, Суворовский просп., 17;59.935280;30.371785;warm-bowl-osm-01496
Тёплая плошка, Санкт-Петербург, Новочеркасский, 25;Санкт-Петербург, Новочеркасский просп., 25;59.935487;30.407354;warm-bowl-osm-01497
Тёплая плошка, Санкт-Петербург, 15-я линия В.О.;Санкт-Петербург, 15-я линия В.О., 8/40;59.935502;30.273599;warm-bowl-osm-01498
Тёплая плошка, Санкт-Петербург, Жуковского;Санкт-Петербург, ул. Жуковского, 57;59.935653;30.362150;warm-bowl-osm-01499
Тёплая плошка, Санкт-Петербург, Жуковского, 45;Санкт-Петербург, ул. Жуковского, 45;59.935759;30.358354;warm-bowl-osm-01500
Тёплая плошка, Санкт-Петербург, Невский, 48;Санкт-Петербург, Невский просп., 48;59.935962;30.334625;warm-bowl-osm-01501
Тёплая плошка, Санкт-Петербург, Итальянская;Санкт-Петербург, ул. Итальянская, 25;59.936043;30.337636;warm-bowl-osm-01502
Тёплая плошка, Санкт-Петербург, Гороховая, 4;Санкт-Петербург, ул. Гороховая, 4;59.936155;30.310893;warm-bowl-osm-01503
Тёплая плошка, Санкт-Петербург, канала Грибоедова, 10 литБ;Санкт-Петербург, наб. канала Грибоедова, 10 литБ;59.936278;30.328770;warm-bowl-osm-01504
Тёплая плошка, Санкт-Петербург, Итальянская, 13;Санкт-Петербург, ул. Итальянская, 13;59.936431;30.332418;warm-bowl-osm-01505
Тёплая плошка, Санкт-Петербург, Большой В.О., 53/10;Санкт-Петербург, Большой просп. В.О., 53/10;59.936540;30.272311;warm-bowl-osm-01506
Тёплая плошка, Санкт-Петербург, Суворовский, 23;Санкт-Петербург, Суворовский просп., 23;59.936708;30.373439;warm-bowl-osm-01507
Тёплая плошка, Санкт-Петербург, Невский, 8;Санкт-Петербург, Невский просп., 8;59.936844;30.315233;warm-bowl-osm-01508
Тёплая плошка, Санкт-Петербург, Итальянская, 4;Санкт-Петербург, ул. Итальянская, 4;59.937048;30.329183;warm-bowl-osm-01509
Тёплая плошка, Санкт-Петербург, 8-я Советская;Санкт-Петербург, ул. 8-я Советская, 18;59.937172;30.374092;warm-bowl-osm-01510
Тёплая плошка, Санкт-Петербург, 24-я линия В.О.;Санкт-Петербург, 24-я линия В.О., 25;59.937424;30.255114;warm-bowl-osm-01511
Тёплая плошка, Санкт-Петербург, Греческий;Санкт-Петербург, Греческий просп., 23;59.937578;30.369208;warm-bowl-osm-01512
Тёплая плошка, Санкт-Петербург, 6-я линия В.О.;Санкт-Петербург, 6-я линия В.О., 7/6;59.937857;30.286067;warm-bowl-osm-01513
Тёплая плошка, Санкт-Петербург, Малый В.О.;Санкт-Петербург, Малый просп. В.О., 73;59.937952;30.236380;warm-bowl-osm-01514
Тёплая плошка, Санкт-Петербург, Индустриальный;Санкт-Петербург, Индустриальный просп., 9;59.938123;30.477211;warm-bowl-osm-01515
Тёплая плошка, Санкт-Петербург, Белинского;Санкт-Петербург, ул. Белинского, 6;59.938384;30.346764;warm-bowl-osm-01516
Тёплая плошка, Санкт-Петербург, Чернышевская;Санкт-Петербург, ул. Некрасова, 60;59.938393;30.368167;warm-bowl-osm-01517
Тёплая плошка, Санкт-Петербург, Большая Конюшенная;Санкт-Петербург, ул. Большая Конюшенная, 19/8;59.938495;30.322506;warm-bowl-osm-01518
Тёплая плошка, Санкт-Петербург, Василеостровская;Санкт-Петербург, Большой просп. В.О., 20;59.938734;30.282996;warm-bowl-osm-01519
Тёплая плошка, Санкт-Петербург, Волжский;Санкт-Петербург, Волжский пер., 7 литТ;59.938864;30.285567;warm-bowl-osm-01520
Тёплая плошка, Санкт-Петербург, Нахимова;Санкт-Петербург, ул. Нахимова, 26;59.938992;30.221212;warm-bowl-osm-01521
Тёплая плошка, Санкт-Петербург, Большая Конюшенная, 4-6-8;Санкт-Петербург, ул. Большая Конюшенная, 4-6-8;59.939097;30.324412;warm-bowl-osm-01522
Тёплая плошка, Санкт-Петербург, Гаванская;Санкт-Петербург, ул. Гаванская, 48;59.939274;30.236775;warm-bowl-osm-01523
Тёплая плошка, Санкт-Петербург, Дегтярный;Санкт-Петербург, Дегтярный пер., 11 литА;59.939434;30.385225;warm-bowl-osm-01524
Тёплая плошка, Санкт-Петербург, 8-я линия В.О.;Санкт-Петербург, 8-я линия В.О., 23;59.939607;30.280235;warm-bowl-osm-01525
Тёплая плошка, Санкт-Петербург, Брантовская дорога;Санкт-Петербург, Брантовская дорога, 3;59.939711;30.417555;warm-bowl-osm-01526
Тёплая плошка, Санкт-Петербург, Большая Конюшенная, 9;Санкт-Петербург, ул. Большая Конюшенная, 9;59.939931;30.322499;warm-bowl-osm-01527
Тёплая плошка, Санкт-Петербург, Виленский;Санкт-Петербург, Виленский пер., 15;59.939980;30.366792;warm-bowl-osm-01528
Тёплая плошка, Санкт-Петербург, Нахимова, 20;Санкт-Петербург, ул. Нахимова, 20;59.940126;30.222436;warm-bowl-osm-01529
Тёплая плошка, Санкт-Петербург, реки Мойки, 37;Санкт-Петербург, наб. реки Мойки, 37;59.940325;30.318970;warm-bowl-osm-01530
Тёплая плошка, Санкт-Петербург, Маяковского;Санкт-Петербург, ул. Маяковского, 40;59.940772;30.355029;warm-bowl-osm-01531
Тёплая плошка, Санкт-Петербург, 4-я линия В.О.;Санкт-Петербург, 4-я линия В.О., 7;59.940919;30.284934;warm-bowl-osm-01532
Тёплая плошка, Санкт-Петербург, Красногвардейская;Санкт-Петербург, Красногвардейская пл., 3 литЗ;59.941018;30.409083;warm-bowl-osm-01533
Тёплая плошка, Санкт-Петербург, Красного Текстильщика;Санкт-Петербург, ул. Красного Текстильщика, 7;59.941273;30.394258;warm-bowl-osm-01534
Тёплая плошка, Санкт-Петербург, Радищева, 34;Санкт-Петербург, ул. Радищева, 34;59.941304;30.363384;warm-bowl-osm-01535
Тёплая плошка, Санкт-Петербург, 10-я линия В.О.;Санкт-Петербург, 10-я линия В.О., 25/42;59.941598;30.273989;warm-bowl-osm-01536
Тёплая плошка, Санкт-Петербург, 7-я линия В.О.;Санкт-Петербург, 7-я линия В.О., 42;59.941850;30.278598;warm-bowl-osm-01537
Тёплая плошка, Санкт-Петербург, Артиллерийская;Санкт-Петербург, ул. Артиллерийская, 2;59.941946;30.350625;warm-bowl-osm-01538
Тёплая плошка, Санкт-Петербург, Пестеля;Санкт-Петербург, ул. Пестеля, 7;59.942239;30.341067;warm-bowl-osm-01539
Тёплая плошка, Санкт-Петербург, Пестеля, 6;Санкт-Петербург, ул. Пестеля, 6;59.942421;30.342980;warm-bowl-osm-01540
Тёплая плошка, Санкт-Петербург, Новгородская;Санкт-Петербург, ул. Новгородская, 27;59.942513;30.393663;warm-bowl-osm-01541
Тёплая плошка, Санкт-Петербург, Маяковского, 50;Санкт-Петербург, ул. Маяковского, 50;59.942660;30.355192;warm-bowl-osm-01542
Тёплая плошка, Санкт-Петербург, Биржевая линия;Санкт-Петербург, Биржевая линия, 6;59.943023;30.296756;warm-bowl-osm-01543
Тёплая плошка, Санкт-Петербург, Радищева, 44;Санкт-Петербург, ул. Радищева, 44;59.943194;30.363495;warm-bowl-osm-01544
Тёплая плошка, Санкт-Петербург, 9-я линия В.О.;Санкт-Петербург, 9-я линия В.О., 46;59.943370;30.274650;warm-bowl-osm-01545
Тёплая плошка, Санкт-Петербург, Кадетская линия В.О.;Санкт-Петербург, Кадетская линия В.О., 9;59.943649;30.288617;warm-bowl-osm-01546
Тёплая плошка, Санкт-Петербург, 6-я линия В.О., 33 литТ;Санкт-Петербург, 6-я линия В.О., 33 литТ;59.943844;30.278105;warm-bowl-osm-01547
Тёплая плошка, Санкт-Петербург, 1-я линия В.О.;Санкт-Петербург, 1-я линия В.О., 36;59.943973;30.287428;warm-bowl-osm-01548
Тёплая плошка, Санкт-Петербург, Малый В.О., 38-40/73;Санкт-Петербург, Малый просп. В.О., 38-40/73;59.944122;30.264794;warm-bowl-osm-01549
Тёплая плошка, Санкт-Петербург, Таврическая;Санкт-Петербург, ул. Таврическая, 19;59.944348;30.378458;warm-bowl-osm-01550
Тёплая плошка, Санкт-Петербург, Гагаринская;Санкт-Петербург, ул. Гагаринская, 20;59.944653;30.343093;warm-bowl-osm-01551
Тёплая плошка, Санкт-Петербург, Спортивная;Санкт-Петербург, Биржевой пер., 4;59.944894;30.292588;warm-bowl-osm-01552
Тёплая плошка, Санкт-Петербург, Гангутская;Санкт-Петербург, ул. Гангутская, 16;59.945038;30.341832;warm-bowl-osm-01553
Тёплая плошка, Санкт-Петербург, Фурштатская;Санкт-Петербург, ул. Фурштатская, 3;59.945135;30.349953;warm-bowl-osm-01554
Тёплая плошка, Санкт-Петербург, Фурштатская, 62/9;Санкт-Петербург, ул. Фурштатская, 62/9;59.945376;30.367281;warm-bowl-osm-01555
Тёплая плошка, Санкт-Петербург, Косыгина;Санкт-Петербург, просп. Косыгина, 26 к1;59.945638;30.485230;warm-bowl-osm-01556
Тёплая плошка, Санкт-Петербург, Большеохтинский;Санкт-Петербург, Большеохтинский просп., 1 к2;59.945745;30.410188;warm-bowl-osm-01557
Тёплая плошка, Санкт-Петербург, Чайковского;Санкт-Петербург, ул. Чайковского, 17;59.945919;30.347532;warm-bowl-osm-01558
Тёплая плошка, Санкт-Петербург, Кораблестроителей;Санкт-Петербург, ул. Кораблестроителей, 31 к1;59.946188;30.215475;warm-bowl-osm-01559
Тёплая плошка, Санкт-Петербург, Чайковского, 33-37;Санкт-Петербург, ул. Чайковского, 33-37;59.946354;30.353699;warm-bowl-osm-01560
Тёплая плошка, Санкт-Петербург, Индустриальный, 24;Санкт-Петербург, Индустриальный просп., 24;59.946540;30.473416;warm-bowl-osm-01561
Тёплая плошка, Санкт-Петербург, Тверская, 1;Санкт-Петербург, ул. Тверская, 1;59.946758;30.379531;warm-bowl-osm-01562
Тёплая плошка, Санкт-Петербург, Приморская;Санкт-Петербург, ул. Наличная, 38 к2;59.947087;30.230113;warm-bowl-osm-01563
Тёплая плошка, Санкт-Петербург, Захарьевская;Санкт-Петербург, ул. Захарьевская, 27;59.947521;30.359680;warm-bowl-osm-01564
Тёплая плошка, Санкт-Петербург, Таврическая, 39 литБ;Санкт-Петербург, ул. Таврическая, 39 литБ;59.947907;30.378514;warm-bowl-osm-01565
Тёплая плошка, Санкт-Петербург, 2-я линия В.О.;Санкт-Петербург, 2-я линия В.О., 59/2;59.948425;30.281001;warm-bowl-osm-01566
Тёплая плошка, Санкт-Петербург, Наставников;Санкт-Петербург, просп. Наставников, 31 к1;59.948496;30.489764;warm-bowl-osm-01567
Тёплая плошка, Санкт-Петербург, Шпалерная;Санкт-Петербург, ул. Шпалерная, 56 литР;59.949332;30.374532;warm-bowl-osm-01568
Тёплая плошка, Санкт-Петербург, Шпалерная, 40А литЕ;Санкт-Петербург, ул. Шпалерная, 40А литЕ;59.949492;30.362371;warm-bowl-osm-01569
Тёплая плошка, Санкт-Петербург, Шпалерная, 56 литЕ;Санкт-Петербург, ул. Шпалерная, 56 литЕ;59.949647;30.376109;warm-bowl-osm-01570
Тёплая плошка, Санкт-Петербург, Металлистов;Санкт-Петербург, просп. Металлистов, 7;59.950253;30.421996;warm-bowl-osm-01571
Тёплая плошка, Санкт-Петербург, Яблочкова;Санкт-Петербург, ул. Яблочкова, 20;59.951156;30.297447;warm-bowl-osm-01572
Тёплая плошка, Санкт-Петербург, Кораблестроителей, 30;Санкт-Петербург, ул. Кораблестроителей, 30;59.951680;30.215184;warm-bowl-osm-01573
Тёплая плошка, Санкт-Петербург, Блохина;Санкт-Петербург, ул. Блохина, 25;59.952352;30.296147;warm-bowl-osm-01574
Тёплая плошка, Санкт-Петербург, Уральская;Санкт-Петербург, ул. Уральская, 10 к2;59.952872;30.259313;warm-bowl-osm-01575
Тёплая плошка, Санкт-Петербург, Кронверкский;Санкт-Петербург, Кронверкский просп., 65 литБ;59.953339;30.304994;warm-bowl-osm-01576
Тёплая плошка, Санкт-Петербург, Большая Пороховская;Санкт-Петербург, ул. Большая Пороховская, 10;59.953787;30.413113;warm-bowl-osm-01577
Тёплая плошка, Санкт-Петербург, Площадь Ленина;Санкт-Петербург, ул. Комсомола, 10;59.954262;30.362032;warm-bowl-osm-01578
Тёплая плошка, Санкт-Петербург, Горьковская;Санкт-Петербург, Кронверкский просп., 5;59.954621;30.324362;warm-bowl-osm-01579
Тёплая плошка, Санкт-Петербург, Комсомола;Санкт-Петербург, ул. Комсомола, 16;59.954813;30.357334;warm-bowl-osm-01580
Тёплая плошка, Санкт-Петербург, ул. Комсомола;Санкт-Петербург, ул. Комсомола, 13;59.955094;30.366899;warm-bowl-osm-01581
Тёплая плошка, Санкт-Петербург, Комсомола, 35;Санкт-Петербург, ул. Комсомола, 35;59.955450;30.356808;warm-bowl-osm-01582
Тёплая плошка, Санкт-Петербург, Комсомола, 45;Санкт-Петербург, ул. Комсомола, 45;59.955665;30.353470;warm-bowl-osm-01583
Тёплая плошка, Санкт-Петербург, Академика Лебедева;Санкт-Петербург, ул. Академика Лебедева, 7 - 9;59.956083;30.351660;warm-bowl-osm-01584
Тёплая плошка, Санкт-Петербург, Комсомола, 1-3 литАС;Санкт-Петербург, ул. Комсомола, 1-3 литАС;59.956387;30.369684;warm-bowl-osm-01585
Тёплая плошка, Санкт-Петербург, Мичуринская;Санкт-Петербург, ул. Мичуринская, 21/11;59.956613;30.326575;warm-bowl-osm-01586
Тёплая плошка, Санкт-Петербург, Кронверкский, 25 литА;Санкт-Петербург, Кронверкский просп., 25 литА;59.956946;30.317833;warm-bowl-osm-01587
Тёплая плошка, Санкт-Петербург, Макарова;Санкт-Петербург, наб. Макарова, 60;59.957470;30.242438;warm-bowl-osm-01588
Тёплая плошка, Санкт-Петербург, Чкаловская;Санкт-Петербург, ул. Большая Пушкарская, 18;59.957591;30.301184;warm-bowl-osm-01589
Тёплая плошка, Санкт-Петербург, Боткинская;Санкт-Петербург, ул. Боткинская, 1 литА;59.957840;30.355375;warm-bowl-osm-01590
Тёплая плошка, Санкт-Петербург, Большой Сампсониевский;Санкт-Петербург, Большой Сампсониевский просп., 14;59.958358;30.344417;warm-bowl-osm-01591
Тёплая плошка, Санкт-Петербург, Петровский;Санкт-Петербург, Петровский просп., 5А;59.958514;30.273433;warm-bowl-osm-01592
Тёплая плошка, Санкт-Петербург, Каменноостровский;Санкт-Петербург, Каменноостровский просп., 10;59.958535;30.316962;warm-bowl-osm-01593
Тёплая плошка, Санкт-Петербург, Чкаловский;Санкт-Петербург, Чкаловский просп., 5;59.958968;30.288390;warm-bowl-osm-01594
Тёплая плошка, Санкт-Петербург, Революции;Санкт-Петербург, ш. Революции, 31;59.959049;30.427160;warm-bowl-osm-01595
Тёплая плошка, Санкт-Петербург, Революции, 21;Санкт-Петербург, ш. Революции, 21;59.959245;30.422876;warm-bowl-osm-01596
Тёплая плошка, Санкт-Петербург, Большой П.С.;Санкт-Петербург, Большой просп. П.С., 35В;59.959463;30.302231;warm-bowl-osm-01597
Тёплая плошка, Санкт-Петербург, Большая Зеленина;Санкт-Петербург, ул. Большая Зеленина, 8 к2;59.959820;30.293552;warm-bowl-osm-01598
Тёплая плошка, Санкт-Петербург, Чкаловский, 9/13;Санкт-Петербург, Чкаловский просп., 9/13;59.959981;30.289822;warm-bowl-osm-01599
Тёплая плошка, Санкт-Петербург, Петровский, 22 к2 с1;Санкт-Петербург, Петровский просп., 22 к2 с1;59.960373;30.262063;warm-bowl-osm-01600
Тёплая плошка, Санкт-Петербург, Большая Посадская;Санкт-Петербург, ул. Большая Посадская, 24/2;59.960489;30.329878;warm-bowl-osm-01601
Тёплая плошка, Санкт-Петербург, Петроградская;Санкт-Петербург, Каменноостровский просп., 17;59.960830;30.316640;warm-bowl-osm-01602
Тёплая плошка, Санкт-Петербург, Уманский;Санкт-Петербург, Уманский пер., 71;59.961157;30.451472;warm-bowl-osm-01603
Тёплая плошка, Санкт-Петербург, Чапаева;Санкт-Петербург, ул. Чапаева, 15;59.961424;30.331144;warm-bowl-osm-01604
Тёплая плошка, Санкт-Петербург, Жукова;Санкт-Петербург, ул. Жукова, 1 к2;59.961728;30.407242;warm-bowl-osm-01605
Тёплая плошка, Санкт-Петербург, Большая Монетная;Санкт-Петербург, ул. Большая Монетная, 14А;59.962047;30.317603;warm-bowl-osm-01606
Тёплая плошка, Санкт-Петербург, Большая Зеленина, 19;Санкт-Петербург, ул. Большая Зеленина, 19;59.962320;30.289909;warm-bowl-osm-01607
Тёплая плошка, Санкт-Петербург, Корпусная;Санкт-Петербург, ул. Корпусная, 9;59.962621;30.289197;warm-bowl-osm-01608
Тёплая плошка, Санкт-Петербург, Большой П.С., 59;Санкт-Петербург, Большой просп. П.С., 59;59.963125;30.307387;warm-bowl-osm-01609
Тёплая плошка, Санкт-Петербург, Каменноостровский, 25/2;Санкт-Петербург, Каменноостровский просп., 25/2;59.963406;30.314816;warm-bowl-osm-01610
Тёплая плошка, Санкт-Петербург, Большая Пушкарская;Санкт-Петербург, ул. Большая Пушкарская, 45;59.963690;30.311788;warm-bowl-osm-01611
Тёплая плошка, Санкт-Петербург, Петровская коса;Санкт-Петербург, Петровская коса, 9 литТ;59.963992;30.241994;warm-bowl-osm-01612
Тёплая плошка, Санкт-Петербург, Льва Толстого;Санкт-Петербург, ул. Льва Толстого, 8;59.964343;30.325495;warm-bowl-osm-01613
Тёплая плошка, Санкт-Петербург, Льва Толстого, 9;Санкт-Петербург, ул. Льва Толстого, 9;59.965044;30.315539;warm-bowl-osm-01614
Тёплая плошка, Санкт-Петербург, Льва Толстого, 1-3;Санкт-Петербург, ул. Льва Толстого, 1-3;59.965530;30.312772;warm-bowl-osm-01615
Тёплая плошка, Санкт-Петербург, Резная;Санкт-Петербург, ул. Резная, 18/10 литД;59.965793;30.280667;warm-bowl-osm-01616
Тёплая плошка, Санкт-Петербург, Уманский, 68 к3;Санкт-Петербург, Уманский пер., 68 к3;59.966016;30.451226;warm-bowl-osm-01617
Тёплая плошка, Санкт-Петербург, Каменноостровский, 37;Санкт-Петербург, Каменноостровский просп., 37;59.966383;30.311380;warm-bowl-osm-01618
Тёплая плошка, Санкт-Петербург, Выборгская;Санкт-Петербург, Лесной просп., 19 к4 литВ;59.966789;30.353366;warm-bowl-osm-01619
Тёплая плошка, Санкт-Петербург, Нейшлотский;Санкт-Петербург, Нейшлотский пер., 15В;59.967272;30.349825;warm-bowl-osm-01620
Тёплая плошка, Санкт-Петербург, Большой П.С., 106;Санкт-Петербург, Большой просп. П.С., 106;59.967638;30.313326;warm-bowl-osm-01621
Тёплая плошка, Санкт-Петербург, реки Карповки;Санкт-Петербург, наб. реки Карповки, 5 литП;59.968166;30.317317;warm-bowl-osm-01622
Тёплая плошка, Санкт-Петербург, реки Карповки, 9 к2 литА;Санкт-Петербург, наб. реки Карповки, 9 к2 литА;59.968693;30.316011;warm-bowl-osm-01623
Тёплая плошка, Санкт-Петербург, Медиков;Санкт-Петербург, просп. Медиков, 3;59.969232;30.316281;warm-bowl-osm-01624
Тёплая плошка, Санкт-Петербург, Маршала Тухачевского;Санкт-Петербург, ул. Маршала Тухачевского, 27;59.969986;30.425748;warm-bowl-osm-01625
Тёплая плошка, Санкт-Петербург, Большой Сампсониевский, 49;Санкт-Петербург, Большой Сампсониевский просп., 49;59.970746;30.340971;warm-bowl-osm-01626
Тёплая плошка, Санкт-Петербург, Каменноостровский, 52;Санкт-Петербург, Каменноостровский просп., 52;59.970979;30.306508;warm-bowl-osm-01627
Тёплая плошка, Санкт-Петербург, Смолячкова;Санкт-Петербург, ул. Смолячкова, 14 к1;59.971358;30.345429;warm-bowl-osm-01628
Тёплая плошка, Санкт-Петербург, Профессора Попова;Санкт-Петербург, ул. Профессора Попова, 23 литЕ;59.971898;30.313740;warm-bowl-osm-01629
Тёплая плошка, Санкт-Петербург, Чугунная;Санкт-Петербург, ул. Чугунная, 14;59.972499;30.351778;warm-bowl-osm-01630
Тёплая плошка, Санкт-Петербург, Большой Сампсониевский, 60 литЦ;Санкт-Петербург, Большой Сампсониевский просп., 60 литЦ;59.973066;30.334280;warm-bowl-osm-01631
Тёплая плошка, Санкт-Петербург, Аптекарский;Санкт-Петербург, Аптекарский просп., 5 стр. 1;59.973828;30.321355;warm-bowl-osm-01632
Тёплая плошка, Санкт-Петербург, Гельсингфорсская;Санкт-Петербург, ул. Гельсингфорсская, 3 литЗ;59.974819;30.337048;warm-bowl-osm-01633
Тёплая плошка, Санкт-Петербург, Менделеевская;Санкт-Петербург, ул. Менделеевская, 9 литВ;59.975882;30.365679;warm-bowl-osm-01634
Тёплая плошка, Санкт-Петербург, Большой Сампсониевский, 66 литО;Санкт-Петербург, Большой Сампсониевский просп., 66 литО;59.976786;30.334386;warm-bowl-osm-01635
Тёплая плошка, Санкт-Петербург, Александра Матросова;Санкт-Петербург, ул. Александра Матросова, 6;59.978048;30.332767;warm-bowl-osm-01636
Тёплая плошка, Санкт-Петербург, Ржевская;Санкт-Петербург, Ржевская пл., 1 литА;59.981160;30.510417;warm-bowl-osm-01637
Тёплая плошка, Санкт-Петербург, Замшина;Санкт-Петербург, ул. Замшина, 31;59.981461;30.408322;warm-bowl-osm-01638
Тёплая плошка, Санкт-Петербург, Чёрной речки;Санкт-Петербург, наб. Чёрной речки, 5;59.982387;30.319457;warm-bowl-osm-01639
Тёплая плошка, Санкт-Петербург, Лесная;Санкт-Петербург, Большой Сампсониевский просп., 69 к3;59.983339;30.336459;warm-bowl-osm-01640
Тёплая плошка, Санкт-Петербург, Стародеревенская;Санкт-Петербург, ул. Стародеревенская, 1;59.984232;30.244436;warm-bowl-osm-01641
Тёплая плошка, Санкт-Петербург, Кантемировская;Санкт-Петербург, ул. Кантемировская, 25;59.984796;30.344147;warm-bowl-osm-01642
Тёплая плошка, Санкт-Петербург, Оскаленко;Санкт-Петербург, ул. Оскаленко, 11;59.985609;30.277672;warm-bowl-osm-01643
Тёплая плошка, Санкт-Петербург, Чёрная речка;Санкт-Петербург, ул. Савушкина, 17;59.985624;30.289633;warm-bowl-osm-01644
Тёплая плошка, Санкт-Петербург, Студенческая;Санкт-Петербург, ул. Студенческая, 5;59.985911;30.330213;warm-bowl-osm-01645
Тёплая плошка, Санкт-Петербург, Петровская;Санкт-Петербург, ул. Петровская, 8 к2;59.986295;29.777321;warm-bowl-osm-01646
Тёплая плошка, Санкт-Петербург, Карельский;Санкт-Петербург, Карельский пер., 3;59.986914;30.295336;warm-bowl-osm-01647
Тёплая плошка, Санкт-Петербург, Большой Сампсониевский, 77 с1;Санкт-Петербург, Большой Сампсониевский просп., 77 с1;59.987359;30.334440;warm-bowl-osm-01648
Тёплая плошка, Санкт-Петербург, Сердобольская;Санкт-Петербург, ул. Сердобольская, 57/26;59.987572;30.313747;warm-bowl-osm-01649
Тёплая плошка, Санкт-Петербург, Петровская, 17;Санкт-Петербург, ул. Петровская, 17;59.988407;29.772322;warm-bowl-osm-01650
Тёплая плошка, Санкт-Петербург, 1-й Муринский;Санкт-Петербург, 1-й Муринский просп., 17;59.989246;30.344492;warm-bowl-osm-01651
Тёплая плошка, Санкт-Петербург, Старая Деревня;Санкт-Петербург, Торфяная дорога, 6;59.989970;30.255002;warm-bowl-osm-01652
Тёплая плошка, Санкт-Петербург, Советская;Санкт-Петербург, ул. Советская, 13;59.992601;29.782936;warm-bowl-osm-01653
Тёплая плошка, Санкт-Петербург, Советская, 31/33;Санкт-Петербург, ул. Советская, 31/33;59.993429;29.778574;warm-bowl-osm-01654
Тёплая плошка, Санкт-Петербург, Велещинского;Санкт-Петербург, ул. Велещинского, 18;59.994123;29.758234;warm-bowl-osm-01655
Тёплая плошка, Санкт-Петербург, Торфяная дорога;Санкт-Петербург, Торфяная дорога, 15 к1;59.994357;30.256071;warm-bowl-osm-01656
Тёплая плошка, Санкт-Петербург, Ленина, 16;Санкт-Петербург, просп. Ленина, 16;59.996845;29.766566;warm-bowl-osm-01657
Тёплая плошка, Санкт-Петербург, Гражданская;Санкт-Петербург, ул. Гражданская, 9;59.998148;29.765812;warm-bowl-osm-01658
Тёплая плошка, Санкт-Петербург, Площадь Мужества;Санкт-Петербург, просп. Непокорённых, 2;59.998605;30.366091;warm-bowl-osm-01659
Тёплая плошка, Санкт-Петербург, Пионерская;Санкт-Петербург, Богатырский просп., 4;59.999567;30.292760;warm-bowl-osm-01660
Тёплая плошка, Санкт-Петербург, Тореза;Санкт-Петербург, просп. Тореза, 8;60.000041;30.362102;warm-bowl-osm-01661
Тёплая плошка, Санкт-Петербург, Коломяжский;Санкт-Петербург, Коломяжский просп., 15 к2;60.001000;30.299856;warm-bowl-osm-01662
Тёплая плошка, Санкт-Петербург, Комендантский;Санкт-Петербург, Комендантский просп., 2;60.001301;30.265785;warm-bowl-osm-01663
Тёплая плошка, Санкт-Петербург, Коломяжский, 22;Санкт-Петербург, Коломяжский просп., 22;60.001706;30.296892;warm-bowl-osm-01664
Тёплая плошка, Санкт-Петербург, Богатырский;Санкт-Петербург, Богатырский просп., 25 к1;60.002108;30.252384;warm-bowl-osm-01665
Тёплая плошка, Санкт-Петербург, Оптиков;Санкт-Петербург, ул. Оптиков, 47 к1;60.003219;30.201640;warm-bowl-osm-01666
Тёплая плошка, Санкт-Петербург, Коломяжский, 26Б;Санкт-Петербург, Коломяжский просп., 26Б;60.003492;30.297372;warm-bowl-osm-01667
Тёплая плошка, Санкт-Петербург, Коломяжский, 26;Санкт-Петербург, Коломяжский просп., 26;60.004614;30.296436;warm-bowl-osm-01668
Тёплая плошка, Санкт-Петербург, Карпинского;Санкт-Петербург, ул. Карпинского, 16А;60.004707;30.419825;warm-bowl-osm-01669
Тёплая плошка, Санкт-Петербург, аллея Поликарпова;Санкт-Петербург, аллея Поликарпова, 6 к2;60.005963;30.290603;warm-bowl-osm-01670
Тёплая плошка, Санкт-Петербург, Комендантский проспект;Санкт-Петербург, просп. Испытателей, 30 к1;60.006734;30.264924;warm-bowl-osm-01671
Тёплая плошка, Санкт-Петербург, Коломяжский, 28;Санкт-Петербург, Коломяжский просп., 28;60.006918;30.295728;warm-bowl-osm-01672
Тёплая плошка, Санкт-Петербург, Испытателей;Санкт-Петербург, просп. Испытателей, 31 к1;60.007348;30.270847;warm-bowl-osm-01673
Тёплая плошка, Санкт-Петербург, Политехническая;Санкт-Петербург, ул. Курчатова, 9Б;60.007901;30.360409;warm-bowl-osm-01674
Тёплая плошка, Санкт-Петербург, Коломяжский, 19 к2;Санкт-Петербург, Коломяжский просп., 19 к2;60.007951;30.297552;warm-bowl-osm-01675
Тёплая плошка, Санкт-Петербург, Комендантский, 13 к1;Санкт-Петербург, Комендантский просп., 13 к1;60.009498;30.258955;warm-bowl-osm-01676
Тёплая плошка, Санкт-Петербург, Энгельса;Санкт-Петербург, просп. Энгельса, 33 к1;60.010105;30.325952;warm-bowl-osm-01677
Тёплая плошка, Санкт-Петербург, Королёва;Санкт-Петербург, просп. Королёва, 7;60.010829;30.290275;warm-bowl-osm-01678
Тёплая плошка, Санкт-Петербург, Байконурская;Санкт-Петербург, ул. Байконурская, 21;60.011244;30.279580;warm-bowl-osm-01679
Тёплая плошка, Санкт-Петербург, Королёва, 21;Санкт-Петербург, просп. Королёва, 21;60.011751;30.279961;warm-bowl-osm-01680
Тёплая плошка, Санкт-Петербург, Академическая;Санкт-Петербург, просп. Науки, 14 к1;60.011900;30.403961;warm-bowl-osm-01681
Тёплая плошка, Санкт-Петербург, Удельная;Санкт-Петербург, просп. Энгельса, 43;60.013184;30.324085;warm-bowl-osm-01682
Тёплая плошка, Санкт-Петербург, Науки;Санкт-Петербург, просп. Науки, 17 к6;60.014126;30.391365;warm-bowl-osm-01683
Тёплая плошка, Санкт-Петербург, Науки, 12;Санкт-Петербург, просп. Науки, 12;60.014644;30.393033;warm-bowl-osm-01684
Тёплая плошка, Санкт-Петербург, Парашютная;Санкт-Петербург, ул. Парашютная, 10;60.015969;30.284894;warm-bowl-osm-01685
Тёплая плошка, Санкт-Петербург, Тихорецкий;Санкт-Петербург, Тихорецкий просп., 15;60.016098;30.368529;warm-bowl-osm-01686
Тёплая плошка, Санкт-Петербург, Долгоозёрная;Санкт-Петербург, ул. Долгоозёрная, 14 к2;60.016789;30.246096;warm-bowl-osm-01687
Тёплая плошка, Санкт-Петербург, 1-я Никитинская;Санкт-Петербург, ул. 1-я Никитинская, 30;60.017885;30.289024;warm-bowl-osm-01688
Тёплая плошка, Санкт-Петербург, Комендантский, 27;Санкт-Петербург, Комендантский просп., 27;60.018236;30.248605;warm-bowl-osm-01689
Тёплая плошка, Санкт-Петербург, Комендантский, 31 к1;Санкт-Петербург, Комендантский просп., 31 к1;60.020687;30.245641;warm-bowl-osm-01690
Тёплая плошка, Санкт-Петербург, Планерная;Санкт-Петербург, ул. Планерная, 59;60.021943;30.225595;warm-bowl-osm-01691
Тёплая плошка, Санкт-Петербург, Вербная;Санкт-Петербург, ул. Вербная, 8 к1 с1;60.023718;30.281041;warm-bowl-osm-01692
Тёплая плошка, Санкт-Петербург, Северный;Санкт-Петербург, Северный просп., 100 литБ;60.023969;30.403761;warm-bowl-osm-01693
Тёплая плошка, Санкт-Петербург, Афонская;Санкт-Петербург, ул. Афонская, 25;60.025936;30.303494;warm-bowl-osm-01694
Тёплая плошка, Санкт-Петербург, Костромской;Санкт-Петербург, Костромской просп., 62;60.026320;30.312040;warm-bowl-osm-01695
Тёплая плошка, Санкт-Петербург, Глухарская;Санкт-Петербург, ул. Глухарская, 9;60.030028;30.218281;warm-bowl-osm-01696
Тёплая плошка, Санкт-Петербург, Тихорецкий, 43;Санкт-Петербург, Тихорецкий просп., 43;60.031604;30.365969;warm-bowl-osm-01697
Тёплая плошка, Санкт-Петербург, Комендантский, 61 с1;Санкт-Петербург, Комендантский просп., 61 с1;60.034153;30.229736;warm-bowl-osm-01698
Тёплая плошка, Санкт-Петербург, 1-я Утиная;Санкт-Петербург, ул. 1-я Утиная, 32 литБ;60.034620;30.297548;warm-bowl-osm-01699
Тёплая плошка, Санкт-Петербург, Комендантский, 62;Санкт-Петербург, Комендантский просп., 62;60.037361;30.223476;warm-bowl-osm-01700
Тёплая плошка, Санкт-Петербург, Комендантский, 67;Санкт-Петербург, Комендантский просп., 67;60.037670;30.225579;warm-bowl-osm-01701
Тёплая плошка, Санкт-Петербург, Культуры, 12 к1;Санкт-Петербург, просп. Культуры, 12 к1;60.039825;30.368075;warm-bowl-osm-01702
Тёплая плошка, Санкт-Петербург, Озерки;Санкт-Петербург, просп. Энгельса, 124 к1;60.040861;30.325040;warm-bowl-osm-01703
Тёплая плошка, Санкт-Петербург, Луначарского;Санкт-Петербург, просп. Луначарского, 58 к1;60.042292;30.337647;warm-bowl-osm-01704
Тёплая плошка, Санкт-Петербург, Художников;Санкт-Петербург, просп. Художников, 27 к1;60.043896;30.350917;warm-bowl-osm-01705
Тёплая плошка, Санкт-Петербург, Большая Озёрная;Санкт-Петербург, ул. Большая Озёрная, 59 литВ;60.044212;30.303796;warm-bowl-osm-01706
Тёплая плошка, Санкт-Петербург, Просвещения;Санкт-Петербург, просп. Просвещения, 43;60.046056;30.363371;warm-bowl-osm-01707
Тёплая плошка, Санкт-Петербург, Просвещения, 41;Санкт-Петербург, просп. Просвещения, 41;60.047587;30.356724;warm-bowl-osm-01708
Тёплая плошка, Санкт-Петербург, Выборгское;Санкт-Петербург, Выборгское ш., 13;60.048289;30.314023;warm-bowl-osm-01709
Тёплая плошка, Санкт-Петербург, Выборгское, 78;Санкт-Петербург, Выборгское ш., 78;60.049397;30.311169;warm-bowl-osm-01710
Тёплая плошка, Санкт-Петербург, Художников, 30 к1;Санкт-Петербург, просп. Художников, 30 к1;60.050217;30.353787;warm-bowl-osm-01711
Тёплая плошка, Санкт-Петербург, Проспект Просвещения;Санкт-Петербург, просп. Энгельса, 139/21;60.052086;30.335680;warm-bowl-osm-01712
Тёплая плошка, Санкт-Петербург, Выборгское, 15;Санкт-Петербург, Выборгское ш., 15;60.053089;30.312899;warm-bowl-osm-01713
Тёплая плошка, Санкт-Петербург, Просвещения, 34/148;Санкт-Петербург, просп. Просвещения, 34/148;60.054016;30.334529;warm-bowl-osm-01714
Тёплая плошка, Санкт-Петербург, Николая Соколова;Санкт-Петербург, ул. Николая Соколова, 28;60.054795;30.006817;warm-bowl-osm-01715
Тёплая плошка, Санкт-Петербург, Орлово-Денисовский;Санкт-Петербург, Орлово-Денисовский просп., 19 к3 с1;60.055456;30.269771;warm-bowl-osm-01716
Тёплая плошка, Санкт-Петербург, Суздальское;Санкт-Петербург, Суздальское ш., 22 к4;60.058404;30.275263;warm-bowl-osm-01717
Тёплая плошка, Санкт-Петербург, Суздальское, 22 к3;Санкт-Петербург, Суздальское ш., 22 к3;60.058793;30.275446;warm-bowl-osm-01718
Тёплая плошка, Санкт-Петербург, Брюлловская;Санкт-Петербург, ул. Брюлловская, 3;60.069211;30.311500;warm-bowl-osm-01719
Тёплая плошка, Санкт-Петербург, Архитектора Белова;Санкт-Петербург, ул. Архитектора Белова, 6к2;60.070931;30.320389;warm-bowl-osm-01720
Тёплая плошка, Санкт-Петербург, Парнас;Санкт-Петербург, ул. Михаила Дудина, 25 к2;60.072166;30.329295;warm-bowl-osm-01721
Тёплая плошка, Санкт-Петербург, Меркурьева;Санкт-Петербург, ул. Меркурьева, 7;60.073207;30.341376;warm-bowl-osm-01722
Тёплая плошка, Санкт-Петербург, Вологдина;Санкт-Петербург, ул. Вологдина, 1А литА;60.078233;30.319956;warm-bowl-osm-01723
Тёплая плошка, Санкт-Петербург, Фёдора Абрамова;Санкт-Петербург, ул. Фёдора Абрамова, 19 к1;60.078375;30.344460;warm-bowl-osm-01724
Тёплая плошка, Санкт-Петербург, Заречная;Санкт-Петербург, ул. Заречная, 45 к1;60.082805;30.353583;warm-bowl-osm-01725
Тёплая плошка, Санкт-Петербург, Мосина;Санкт-Петербург, ул. Мосина, 28;60.087910;29.967230;warm-bowl-osm-01726
Тёплая плошка, Санкт-Петербург, Токарева;Санкт-Петербург, ул. Токарева, 16В;60.089633;29.954231;warm-bowl-osm-01727
Тёплая плошка, Санкт-Петербург, Коммунаров;Санкт-Петербург, ул. Коммунаров, 1;60.093554;29.955904;warm-bowl-osm-01728
Тёплая плошка, Санкт-Петербург, Володарского;Санкт-Петербург, ул. Володарского, 48;60.104479;29.973823;warm-bowl-osm-01729
Тёплая плошка, Санкт-Петербург, Ленинградское, 25Б;Санкт-Петербург, Ленинградское ш., 25Б;60.108608;30.349791;warm-bowl-osm-01730
Тёплая плошка, Санкт-Петербург, Приморское;Санкт-Петербург, Приморское ш., 319А;60.124908;29.984309;warm-bowl-osm-01731
Тёплая плошка, Санкт-Петербург, Молодцова;Санкт-Петербург, ул. Молодцова, 1 к2;60.141245;30.211898;warm-bowl-osm-01732
Тёплая плошка, Санкт-Петербург, Приморское, 364Д;Санкт-Петербург, Приморское ш., 364Д;60.148227;29.933583;warm-bowl-osm-01733
Тёплая плошка, Санкт-Петербург, Приморское, 422А;Санкт-Петербург, Приморское ш., 422А;60.164017;29.860675;warm-bowl-osm-01734
Тёплая плошка, Санкт-Петербург, Приморское, 441А;Санкт-Петербург, Приморское ш., 441А;60.164660;29.859327;warm-bowl-osm-01735
