name;address;lat;lon;external_id
Кофейня Зерно, Москва-Сити;Тестовская ул., 8;55.7512;37.5355;zerno-01
Кофейня Зерно, Тверская;ул. Тверская, 7;55.7591;37.6122;zerno-02
Кофейня Зерно, Арбат;ул. Арбат, 10;55.7514;37.5966;zerno-03
Кофейня Зерно, Белорусская;Ленинградский пр-т, 1;55.778;37.5821;zerno-04
Кофейня Зерно, Чистые пруды;ул. Мясницкая, 24;55.7622;37.6378;zerno-05
Кофейня Зерно, Зарайск, Советская;Зарайск, ул. Советская, 43;54.758095;38.889640;zerno-osm-00001
Кофейня Зерно, Зарайск, Мерецкова;Зарайск, ул. Мерецкова, 23;54.759504;38.880320;zerno-osm-00002
Кофейня Зерно, Кашира, Центральная;Кашира, ул. Центральная, 1А;54.764947;38.207639;zerno-osm-00003
Кофейня Зерно, Пущино, Строителей;Пущино, ул. Строителей, 1В;54.831988;37.631219;zerno-osm-00004
Кофейня Зерно, Кашира, Советская;Кашира, ул. Советская, 21;54.835345;38.151121;zerno-osm-00005
Кофейня Зерно, Кашира, Центральная, 9;Кашира, ул. Центральная, 9;54.842903;38.247481;zerno-osm-00006
Кофейня Зерно, Озёры, Коммунистическая;Озёры, Коммунистическая пл., 11;54.851920;38.562427;zerno-osm-00007
Кофейня Зерно, Протвино, Ленина;Протвино, ул. Ленина, 8;54.865122;37.216014;zerno-osm-00008
Кофейня Зерно, Протвино, Ленина, 9;Протвино, ул. Ленина, 9;54.868416;37.216146;zerno-osm-00009
Кофейня Зерно, Ступино, Чайковского;Ступино, ул. Чайковского, 6;54.883183;38.081647;zerno-osm-00010
Кофейня Зерно, Ступино, Победы;Ступино, просп. Победы, 29/38;54.887961;38.078082;zerno-osm-00011
Кофейня Зерно, Ступино, Пристанционная;Ступино, ул. Пристанционная, вл17;54.895528;38.065306;zerno-osm-00012
Кофейня Зерно, Ступино, Пристанционная, 11/63;Ступино, ул. Пристанционная, 11/63;54.898466;38.070838;zerno-osm-00013
Кофейня Зерно, Серпухов, Революции;Серпухов, ул. Революции, 1/9;54.914154;37.418131;zerno-osm-00014
Кофейня Зерно, Серпухов, Коншиных;Серпухов, ул. Коншиных, 84;54.917952;37.389701;zerno-osm-00015
Кофейня Зерно, Серпухов, Красный Текстильщик;Серпухов, ул. Красный Текстильщик, 2;54.920291;37.384301;zerno-osm-00016
Кофейня Зерно, Серпухов, Джона Рида;Серпухов, ул. Джона Рида, 26/12;54.924978;37.431750;zerno-osm-00017
Кофейня Зерно, Серпухов, Ворошилова;Серпухов, ул. Ворошилова, 214;54.935154;37.450373;zerno-osm-00018
Кофейня Зерно, Белоомут, Урицкого;Белоомут, ул. Урицкого, 36Б;54.939519;39.328948;zerno-osm-00019
Кофейня Зерно, Луховицы, Горького;Луховицы, ул. Горького, 2В;54.975673;39.035003;zerno-osm-00020
Кофейня Зерно, Луховицы, Карла Маркса;Луховицы, ул. Карла Маркса, 1;55.054220;39.114000;zerno-osm-00021
Кофейня Зерно, Чехов, Новая;Чехов, ул. Новая, 30/1;55.058377;37.603181;zerno-osm-00022
Кофейня Зерно, Коломна, Щуровская;Коломна, ул. Щуровская, 4А;55.064342;38.844074;zerno-osm-00023
Кофейня Зерно, Коломна, Пирочинское;Коломна, Пирочинское ш., 24;55.071038;38.894379;zerno-osm-00024
Кофейня Зерно, Коломна, Фрунзе;Коломна, ул. Фрунзе, 39А;55.081835;38.777203;zerno-osm-00025
Кофейня Зерно, Коломна, Октябрьской Революции;Коломна, ул. Октябрьской Революции, 353;55.083974;38.805925;zerno-osm-00026
Кофейня Зерно, Коломна, Дорфа;Коломна, ул. Дорфа, 6;55.089299;38.793043;zerno-osm-00027
Кофейня Зерно, Коломна, Колхозная;Коломна, ул. Колхозная, 14;55.093429;38.781517;zerno-osm-00028
Кофейня Зерно, Коломна, Октябрьской Революции, 205;Коломна, ул. Октябрьской Революции, 205;55.101037;38.756573;zerno-osm-00029
Кофейня Зерно, Коломна, Левшина;Коломна, ул. Левшина, 20;55.102467;38.768015;zerno-osm-00030
Кофейня Зерно, Коломна, Лажечникова;Коломна, ул. Лажечникова, 18;55.105234;38.753964;zerno-osm-00031
Кофейня Зерно, Коломна, Зайцева;Коломна, ул. Зайцева, 14;55.105801;38.763658;zerno-osm-00032
Кофейня Зерно, Михнево, Вокзальная;Михнево, ул. Вокзальная, 11;55.120860;37.959649;zerno-osm-00033
Кофейня Зерно, Чехов, Почтовая;Чехов, ул. Почтовая, 20;55.144565;37.452239;zerno-osm-00034
Кофейня Зерно, Воскресенск, Аптечная;Воскресенск, ул. Аптечная, 5;55.215981;38.769319;zerno-osm-00035
Кофейня Зерно, Воскресенск, Центральная;Воскресенск, ул. Центральная, 48;55.248110;38.527619;zerno-osm-00036
Кофейня Зерно, Крутовская;ул. Крутовская, 29с7;55.277017;37.113801;zerno-osm-00037
Кофейня Зерно, Столбовая, Луговая;Столбовая, ул. Луговая, 23;55.281148;37.513269;zerno-osm-00038
Кофейня Зерно, Воскресенск, Новлянская;Воскресенск, ул. Новлянская, 2А;55.319184;38.649932;zerno-osm-00039
Кофейня Зерно, Воскресенск, Советская;Воскресенск, ул. Советская, 16;55.324454;38.681780;zerno-osm-00040
Кофейня Зерно, Верея, 1-я Советская;Верея, ул. 1-я Советская, 4;55.343532;36.182439;zerno-osm-00041
Кофейня Зерно, Домодедово, Дорожная;Домодедово, ул. Дорожная, с1А;55.351661;37.896706;zerno-osm-00042
Кофейня Зерно, Столбовая, Победы;Столбовая, ул. Победы, 4А;55.359543;37.519096;zerno-osm-00043
Кофейня Зерно, Домодедово, Заборье;Домодедово, ул. Заборье, 1Д;55.369249;37.784872;zerno-osm-00044
Кофейня Зерно, Егорьевск, Горького;Егорьевск, ул. Горького, 27А;55.375155;39.057577;zerno-osm-00045
Кофейня Зерно, Егорьевск, Советская;Егорьевск, ул. Советская, 183;55.377022;39.045386;zerno-osm-00046
Кофейня Зерно, Егорьевск, Карла Маркса;Егорьевск, ул. Карла Маркса, 87/29;55.379365;39.045757;zerno-osm-00047
Кофейня Зерно, Молодёжная;ул. Молодёжная, 8;55.382308;37.537660;zerno-osm-00048
Кофейня Зерно, Молодёжная, 10Д;ул. Молодёжная, 10Д;55.382504;37.538866;zerno-osm-00049
Кофейня Зерно, Наро-Фоминск, Свободы;Наро-Фоминск, пл. Свободы, 10А;55.385821;36.727823;zerno-osm-00050
Кофейня Зерно, Наро-Фоминск, 2-й Володарский;Наро-Фоминск, 2-й Володарский пер., 12;55.387256;36.751195;zerno-osm-00051
Кофейня Зерно, Наро-Фоминск, Володарского;Наро-Фоминск, ул. Володарского, 7;55.388603;36.740929;zerno-osm-00052
Кофейня Зерно, Наро-Фоминск, Пешехонова;Наро-Фоминск, ул. Пешехонова, 11Б;55.402011;36.724111;zerno-osm-00053
Кофейня Зерно, Бронницы, Каширское;Бронницы, Каширское ш., 2;55.406335;38.230328;zerno-osm-00054
Кофейня Зерно, Правды;ул. Правды, 13/6;55.408660;37.563587;zerno-osm-00055
Кофейня Зерно, Володи Дубинина;ул. Володи Дубинина, 11;55.412853;37.540753;zerno-osm-00056
Кофейня Зерно, Домодедово, Академика Туполева;Домодедово, просп. Академика Туполева, 1А;55.417753;37.839324;zerno-osm-00057
Кофейня Зерно, Большая Серпуховская;ул. Большая Серпуховская, 32Б;55.419650;37.546626;zerno-osm-00058
Кофейня Зерно, Домодедово, Каширское;Домодедово, Каширское ш., 107;55.420301;37.777126;zerno-osm-00059
Кофейня Зерно, Большая Серпуховская, 30;ул. Большая Серпуховская, 30;55.420306;37.546300;zerno-osm-00060
Кофейня Зерно, Домодедово, Лунная;Домодедово, ул. Лунная, 17 к2;55.422584;37.756901;zerno-osm-00061
Кофейня Зерно, Ленинградская;ул. Ленинградская, 22А;55.425031;37.492728;zerno-osm-00062
Кофейня Зерно, Бронницы, Советская;Бронницы, ул. Советская, 12;55.428604;38.257616;zerno-osm-00063
Кофейня Зерно, Калужское;Калужское ш., с5А;55.429551;37.275266;zerno-osm-00064
Кофейня Зерно, Октябрьский;Октябрьский просп., 17;55.431339;37.506138;zerno-osm-00065
Кофейня Зерно, Революционный;Революционный просп., 48/9;55.432044;37.553359;zerno-osm-00066
Кофейня Зерно, Революционный, 50;Революционный просп., 50;55.432210;37.552485;zerno-osm-00067
Кофейня Зерно, Революционный, 62;Революционный просп., 62;55.433411;37.549545;zerno-osm-00068
Кофейня Зерно, Лиственная;ул. Лиственная, 2;55.434145;36.959272;zerno-osm-00069
Кофейня Зерно, Домодедово, Кутузовский;Домодедово, Кутузовский пр., 2А;55.436534;37.771737;zerno-osm-00070
Кофейня Зерно, Лобачёва;ул. Лобачёва, 14 с1;55.439018;37.573712;zerno-osm-00071
Кофейня Зерно, Домодедово, Советская;Домодедово, ул. Советская, 68А;55.445018;37.739264;zerno-osm-00072
Кофейня Зерно, Домодедово, Каширское, 3А;Домодедово, Каширское ш., 3А;55.452111;37.763161;zerno-osm-00073
Кофейня Зерно, Домодедово, Комсомольская;Домодедово, ул. Комсомольская, 1А;55.455706;37.759297;zerno-osm-00074
Кофейня Зерно, Домодедово, А-105, 38-й километр;Домодедово, А-105, 38-й километр, с5;55.466229;37.852962;zerno-osm-00075
Кофейня Зерно, Сиреневый;Сиреневый бул., 3;55.468743;37.295248;zerno-osm-00076
Кофейня Зерно, Сиреневый, 8;Сиреневый бул., 8;55.471733;37.296383;zerno-osm-00077
Кофейня Зерно, Белоозёрский, Пименовка;Белоозёрский, ул. Пименовка, 68;55.473363;38.410644;zerno-osm-00078
Кофейня Зерно, Большая Октябрьская;ул. Большая Октябрьская, 36;55.486609;37.307347;zerno-osm-00079
Кофейня Зерно, Сапроново, Центральная;Сапроново, ул. Центральная, 7Г;55.487859;37.750555;zerno-osm-00080
Кофейня Зерно, Нагорная;ул. Нагорная, 4;55.494166;37.300237;zerno-osm-00081
Кофейня Зерно, Можайск, Коммунистическая;Можайск, ул. Коммунистическая, 2;55.498279;36.018017;zerno-osm-00082
Кофейня Зерно, Молоково, Центральная;Молоково, ул. Центральная, 26;55.501852;37.946850;zerno-osm-00083
Кофейня Зерно, Маршала Савицкого;ул. Маршала Савицкого, 18 к1;55.504005;37.588539;zerno-osm-00084
Кофейня Зерно, Можайск, Мира;Можайск, ул. Мира, 15;55.505177;36.035420;zerno-osm-00085
Кофейня Зерно, Можайск, Бородинская;Можайск, ул. Бородинская, 43А;55.508239;35.990832;zerno-osm-00086
Кофейня Зерно, Симферопольское;Симферопольское ш., 5;55.510590;37.574800;zerno-osm-00087
Кофейня Зерно, Симферопольское, 1Б;Симферопольское ш., 1Б;55.513041;37.575571;zerno-osm-00088
Кофейня Зерно, Можайск, Москворецкая;Можайск, ул. Москворецкая, 15;55.517013;36.026944;zerno-osm-00089
Кофейня Зерно, Чечёрский;Чечёрский пр., 51;55.524413;37.517581;zerno-osm-00090
Кофейня Зерно, Апрелевка, Декабристов;Апрелевка, ул. Декабристов, 1;55.527513;37.029124;zerno-osm-00091
Кофейня Зерно, Мисайлово, зона придорожного сервиса автодороги МКАД - аэропорт Домодедово;Мисайлово, зона придорожного сервиса автодороги МКАД - аэропорт Домодедово, вл2 с1;55.532942;37.811178;zerno-osm-00092
Кофейня Зерно, Апрелевка, Ясная;Апрелевка, ул. Ясная, 1;55.533342;37.064762;zerno-osm-00093
Кофейня Зерно, Апрелевка, Сиреневая;Апрелевка, ул. Сиреневая, 96А;55.537660;37.133032;zerno-osm-00094
Кофейня Зерно, Чечёрский, 3 с5;Чечёрский пр., 3 с5;55.539196;37.544687;zerno-osm-00095
Кофейня Зерно, Синельниковская;ул. Синельниковская, 45А;55.542404;37.572090;zerno-osm-00096
Кофейня Зерно, Александры Монаховой;ул. Александры Монаховой, 92 к1;55.543074;37.487873;zerno-osm-00097
Кофейня Зерно, Бульвар Адмирала Ушакова;бул. Адмирала Ушакова, 11;55.546083;37.549184;zerno-osm-00098
Кофейня Зерно, Тучково, Невкипелого;Тучково, ул. Невкипелого, 8Б;55.546859;36.371390;zerno-osm-00099
Кофейня Зерно, Тучково, 1-я Советская;Тучково, ул. 1-я Советская, 4Б;55.548511;36.373254;zerno-osm-00100
Кофейня Зерно, Венёвская;ул. Венёвская, 2;55.548944;37.543027;zerno-osm-00101
Кофейня Зерно, Видное, Школьная;Видное, ул. Школьная, 79Б;55.550222;37.692830;zerno-osm-00102
Кофейня Зерно, Раменское, Шоссейная;Раменское, ул. Шоссейная, 29/1;55.551668;38.254634;zerno-osm-00103
Кофейня Зерно, Улица Скобелевская;ул. Поляны, 5А к1;55.554320;37.555403;zerno-osm-00104
Кофейня Зерно, Поляны;ул. Поляны, 9/1;55.554809;37.553957;zerno-osm-00105
Кофейня Зерно, Скандинавский;Скандинавский бул., 23 к2;55.555321;37.513253;zerno-osm-00106
Кофейня Зерно, Эдварда Грига;ул. Эдварда Грига, 15;55.556358;37.505344;zerno-osm-00107
Кофейня Зерно, Золотошвейная;ул. Золотошвейная, 7;55.557085;37.313226;zerno-osm-00108
Кофейня Зерно, Скандинавский, 17;Скандинавский бул., 17;55.557784;37.510657;zerno-osm-00109
Кофейня Зерно, Мисайлово, Литературный;Мисайлово, Литературный бул., 3;55.558302;37.812296;zerno-osm-00110
Кофейня Зерно, Апрелевка, Будённого;Апрелевка, ул. Будённого, 2А;55.559123;37.089395;zerno-osm-00111
Кофейня Зерно, Раменское, Михалевича;Раменское, ул. Михалевича, 131/2;55.560035;38.260525;zerno-osm-00112
Кофейня Зерно, Мисайлово, Пролетарская;Мисайлово, ул. Пролетарская, 56;55.561148;37.828564;zerno-osm-00113
Кофейня Зерно, Видное, Старо-Нагорная;Видное, ул. Старо-Нагорная, 21;55.561335;37.684623;zerno-osm-00114
Кофейня Зерно, Раменское, Михалевича, 37;Раменское, ул. Михалевича, 37;55.563764;38.241241;zerno-osm-00115
Кофейня Зерно, Поляны, 8;ул. Поляны, 8;55.565397;37.556811;zerno-osm-00116
Кофейня Зерно, Раменское, Советская;Раменское, ул. Советская, 2А;55.566151;38.228718;zerno-osm-00117
Кофейня Зерно, Раменское, Советская, 5;Раменское, ул. Советская, 5;55.566707;38.227611;zerno-osm-00118
Кофейня Зерно, Раменское, Гурьева;Раменское, ул. Гурьева, 17/1;55.569135;38.237814;zerno-osm-00119
Кофейня Зерно, Бульвар Дмитрия Донского;ул. Старокачаловская, 5А;55.569643;37.578294;zerno-osm-00120
Кофейня Зерно, Старокачаловская;ул. Старокачаловская, 5 с7;55.569983;37.580303;zerno-osm-00121
Кофейня Зерно, Варшавское шоссе, 21-й километр;Варшавское шоссе, 21-й километр, 24 с1;55.571053;37.602286;zerno-osm-00122
Кофейня Зерно, Шатура, Большевик;Шатура, ул. Большевик, 115;55.571962;39.520632;zerno-osm-00123
Кофейня Зерно, Раменское, Высоковольтная;Раменское, ул. Высоковольтная, 20;55.572896;38.202893;zerno-osm-00124
Кофейня Зерно, Нагорная, 11А;ул. Нагорная, 11А;55.573021;37.618289;zerno-osm-00125
Кофейня Зерно, Раменское, Народное Имение;Раменское, ул. Народное Имение, 12;55.574543;38.231869;zerno-osm-00126
Кофейня Зерно, Шатура, Ильича;Шатура, просп. Ильича, 3;55.575931;39.548248;zerno-osm-00127
Кофейня Зерно, Раменское, Гурьева, 1Б/2;Раменское, ул. Гурьева, 1Б/2;55.576676;38.239951;zerno-osm-00128
Кофейня Зерно, Раменское, Октябрьская;Раменское, ул. Октябрьская, 33А;55.577453;38.249639;zerno-osm-00129
Кофейня Зерно, Шатура, Красноармейская;Шатура, ул. Красноармейская, 2;55.578489;39.547968;zerno-osm-00130
Кофейня Зерно, Кубинка, Привокзальная;Кубинка, Привокзальная пл., 12;55.578835;36.691473;zerno-osm-00131
Кофейня Зерно, Куровское, Советская;Куровское, ул. Советская, 113;55.579465;38.919892;zerno-osm-00132
Кофейня Зерно, Раменское, Дергаевская;Раменское, ул. Дергаевская, 36 вл6;55.581712;38.245908;zerno-osm-00133
Кофейня Зерно, Калининец, Главная;Калининец, ул. Главная, 7А;55.582023;36.890141;zerno-osm-00134
Кофейня Зерно, Липецкая;ул. Липецкая, 7А;55.583622;37.682465;zerno-osm-00135
Кофейня Зерно, посёлок Совхоза имени Ленина, МКАД, 24-й километр;посёлок Совхоза имени Ленина, МКАД, 24-й километр, 2/8Б;55.585067;37.720305;zerno-osm-00136
Кофейня Зерно, Кокошкино, Южная;Кокошкино, ул. Южная, 34 с1;55.587648;37.117249;zerno-osm-00137
Кофейня Зерно, Дорожная;ул. Дорожная, 42;55.588388;37.613355;zerno-osm-00138
Кофейня Зерно, Жуковский, Пушкина;Жуковский, ул. Пушкина, 3;55.589264;38.124295;zerno-osm-00139
Кофейня Зерно, Кратово, Королёва;Кратово, ул. Королёва, 18А;55.589520;38.197646;zerno-osm-00140
Кофейня Зерно, Ряжская;ул. Ряжская, 13;55.590393;37.668922;zerno-osm-00141
Кофейня Зерно, Радужная;ул. Радужная, 11;55.591318;37.374361;zerno-osm-00142
Кофейня Зерно, Веласкеса;бул. Веласкеса, 4;55.591835;37.457036;zerno-osm-00143
Кофейня Зерно, Краснознаменск, Мира;Краснознаменск, просп. Мира, 19;55.592406;37.043367;zerno-osm-00144
Кофейня Зерно, Островцы, Центральная;Островцы, ул. Центральная, 82В;55.594605;37.993256;zerno-osm-00145
Кофейня Зерно, Улица Академика Янгеля;ул. Академика Янгеля, 1;55.594985;37.596425;zerno-osm-00146
Кофейня Зерно, Краснознаменск, Краснознамённая;Краснознаменск, ул. Краснознамённая, 21А;55.595651;37.039388;zerno-osm-00147
Кофейня Зерно, Жуковский, Мясищева;Жуковский, ул. Мясищева, 28/1;55.596903;38.095313;zerno-osm-00148
Кофейня Зерно, Дорожная, 26;ул. Дорожная, 26;55.597843;37.619073;zerno-osm-00149
Кофейня Зерно, Елецкая;ул. Елецкая, 26;55.599284;37.738114;zerno-osm-00150
Кофейня Зерно, Ясеневая;ул. Ясеневая, 12 с9;55.599949;37.726265;zerno-osm-00151
Кофейня Зерно, Краснознаменск, Молодёжная;Краснознаменск, ул. Молодёжная, 1;55.599973;37.041801;zerno-osm-00152
Кофейня Зерно, Кубинка, Заводская;Кубинка, ул. Заводская, 27;55.600941;36.696103;zerno-osm-00153
Кофейня Зерно, Ильинский, Гудкова;Ильинский, ул. Гудкова, 18;55.601534;38.086304;zerno-osm-00154
Кофейня Зерно, Краснознаменск, Молодёжная, 2/3;Краснознаменск, ул. Молодёжная, 2/3;55.601903;37.045417;zerno-osm-00155
Кофейня Зерно, Жуковский, Менделеева;Жуковский, ул. Менделеева, 12А;55.602830;38.109610;zerno-osm-00156
Кофейня Зерно, Филатов Луг;ул. Красулинская, 19;55.603702;37.412025;zerno-osm-00157
Кофейня Зерно, Жуковский, Спасателей;Жуковский, ул. Спасателей, 1А;55.603769;38.111482;zerno-osm-00158
Кофейня Зерно, Октябрьский, Ленина;Октябрьский, ул. Ленина, 42Г;55.604243;37.979755;zerno-osm-00159
Кофейня Зерно, Жуковский, Гагарина;Жуковский, ул. Гагарина, 18;55.604386;38.105086;zerno-osm-00160
Кофейня Зерно, Ильинский, Баженова;Ильинский, ул. Баженова, 2А;55.604613;38.082229;zerno-osm-00161
Кофейня Зерно, Кокошкино, Советская;Кокошкино, ул. Советская, 1 с3;55.606383;37.188430;zerno-osm-00162
Кофейня Зерно, Ясенево;Новоясеневский просп., 7;55.607478;37.532623;zerno-osm-00163
Кофейня Зерно, Ильинский, Гагарина;Ильинский, ул. Гагарина, 67;55.608174;38.091252;zerno-osm-00164
Кофейня Зерно, Октябрьский, Ленина, 39Б;Октябрьский, ул. Ленина, 39Б;55.608869;37.977196;zerno-osm-00165
Кофейня Зерно, Развилка, Народная;Развилка, ул. Народная, 29В;55.608944;37.786816;zerno-osm-00166
Кофейня Зерно, Раменское, Школьная;Раменское, ул. Школьная, с1;55.609106;38.438040;zerno-osm-00167
Кофейня Зерно, Домодедовская;Ореховый бул., 14 к3 с1;55.609711;37.722172;zerno-osm-00168
Кофейня Зерно, Ильинский, Театральная;Ильинский, ул. Театральная, 3 с33;55.610111;38.079218;zerno-osm-00169
Кофейня Зерно, Ильинский, Опалённой Юности;Ильинский, ул. Опалённой Юности, 23А;55.610698;38.094897;zerno-osm-00170
Кофейня Зерно, Аэропорт Внуково;ул. Центральная, 8Б;55.610999;37.287425;zerno-osm-00171
Кофейня Зерно, 1-я Рейсовая;ул. 1-я Рейсовая, 10;55.611526;37.297028;zerno-osm-00172
Кофейня Зерно, Пражская;ул. Кировоградская, 13А;55.612499;37.608540;zerno-osm-00173
Кофейня Зерно, Большая Внуковская;ул. Большая Внуковская, 6;55.613315;37.294765;zerno-osm-00174
Кофейня Зерно, Быково, Шоссейная;Быково, ул. Шоссейная, 298А;55.613532;38.060162;zerno-osm-00175
Кофейня Зерно, Голицыно, Петровское;Голицыно, Петровское ш., с5;55.614917;36.990073;zerno-osm-00176
Кофейня Зерно, Тютчевская;ул. Героя России Соломатина, 1А;55.615634;37.471800;zerno-osm-00177
Кофейня Зерно, Голицыно, Звенигородское;Голицыно, Звенигородское ш., 2А с1;55.616337;36.985750;zerno-osm-00178
Кофейня Зерно, Тёплый Стан;Новоясеневский просп., вл2Б с2;55.616923;37.508562;zerno-osm-00179
Кофейня Зерно, Профсоюзная;ул. Профсоюзная, 129А;55.618637;37.506991;zerno-osm-00180
Кофейня Зерно, Мирный, Рязанская;Мирный, ул. Рязанская, 3;55.619966;37.946052;zerno-osm-00181
Кофейня Зерно, Лесной Городок, Омская;Лесной Городок, ул. Омская, 16;55.620776;37.264375;zerno-osm-00182
Кофейня Зерно, Чертановская;ул. Чертановская, 26;55.621027;37.593493;zerno-osm-00183
Кофейня Зерно, Каширское;Каширское ш., 61 к2;55.621740;37.713435;zerno-osm-00184
Кофейня Зерно, Тучково, Совхозная;Тучково, ул. Совхозная, 8;55.622912;36.342922;zerno-osm-00185
Кофейня Зерно, Царицыно;ул. Каспийская, 28;55.623185;37.674042;zerno-osm-00186
Кофейня Зерно, Голицыно, Институт;Голицыно, ул. Институт, 5;55.624089;36.992442;zerno-osm-00187
Кофейня Зерно, Каширское, 82А;Каширское ш., 82А;55.624937;37.708332;zerno-osm-00188
Кофейня Зерно, Лётчика Грицевца;ул. Лётчика Грицевца, 11с1;55.625311;37.310292;zerno-osm-00189
Кофейня Зерно, Южная;Варшавское ш., 125 с1;55.625602;37.618524;zerno-osm-00190
Кофейня Зерно, Профсоюзная, 140;ул. Профсоюзная, 140;55.626717;37.510961;zerno-osm-00191
Кофейня Зерно, Румянцево;Киевское ш., вл1Ас26;55.627913;37.437270;zerno-osm-00192
Кофейня Зерно, Дзержинский, Томилинская;Дзержинский, ул. Томилинская, 32;55.628426;37.874146;zerno-osm-00193
Кофейня Зерно, Голицыно, Можайское;Голицыно, Можайское ш., с77В;55.629845;36.972593;zerno-osm-00194
Кофейня Зерно, Большие Вязёмы, Можайское;Большие Вязёмы, Можайское ш., 2А;55.630296;37.009420;zerno-osm-00195
Кофейня Зерно, Варшавское;Варшавское ш., 118 к1;55.631500;37.617965;zerno-osm-00196
Кофейня Зерно, Мирный, Жуковского;Мирный, ул. Жуковского, 28;55.631858;37.971983;zerno-osm-00197
Кофейня Зерно, Раменское, Центральная;Раменское, ул. Центральная, 1Е;55.633442;38.342696;zerno-osm-00198
Кофейня Зерно, Коньково;ул. Профсоюзная, 122;55.633827;37.518344;zerno-osm-00199
Кофейня Зерно, 22-й км Киевского;22-й км Киевского ш., 6 с1;55.634053;37.431320;zerno-osm-00200
Кофейня Зерно, Малаховка, Шоссейная;Малаховка, ул. Шоссейная, 40;55.635353;38.010263;zerno-osm-00201
Кофейня Зерно, Рассказовка;ул. Федосьино, 4;55.635605;37.342087;zerno-osm-00202
Кофейня Зерно, Большие Вязёмы, Городок-17;Большие Вязёмы, ул. Городок-17, 24с2;55.636525;37.019915;zerno-osm-00203
Кофейня Зерно, Кантемировская;Пролетарский просп., 14/49 к2;55.636888;37.653570;zerno-osm-00204
Кофейня Зерно, Кантемировская, 47;ул. Кантемировская, 47;55.637979;37.656734;zerno-osm-00205
Кофейня Зерно, Дзержинский, Угрешская;Дзержинский, ул. Угрешская, 9;55.638625;37.847235;zerno-osm-00206
Кофейня Зерно, Большие Вязёмы, Можайское, вл4 с6;Большие Вязёмы, Можайское ш., вл4 с6;55.639948;37.052428;zerno-osm-00207
Кофейня Зерно, Пролетарский;Пролетарский просп., 19 к3;55.640583;37.658308;zerno-osm-00208
Кофейня Зерно, Новопеределкино;ул. Новопеределкинская, 11 кА;55.640668;37.365272;zerno-osm-00209
Кофейня Зерно, Беляево;ул. Миклухо-Маклая, 32А;55.641157;37.529928;zerno-osm-00210
Кофейня Зерно, Алма-Атинская;ул. Алма-Атинская, 3;55.642285;37.771811;zerno-osm-00211
Кофейня Зерно, Введенского;ул. Введенского, 16;55.642848;37.540464;zerno-osm-00212
Кофейня Зерно, Одинцово, Бориса Пастернака;Одинцово, ул. Бориса Пастернака, 3;55.643705;37.327112;zerno-osm-00213
Кофейня Зерно, Профсоюзная, 102А;ул. Профсоюзная, 102А;55.643905;37.526531;zerno-osm-00214
Кофейня Зерно, Дзержинский, 16-й километр;Дзержинский, 16-й километр, вл4;55.644502;37.821232;zerno-osm-00215
Кофейня Зерно, Донецкая;ул. Донецкая, 34 к2;55.644870;37.703633;zerno-osm-00216
Кофейня Зерно, Марьино;Новочеркасский бул., 48;55.645243;37.738633;zerno-osm-00217
Кофейня Зерно, Севастопольский;Севастопольский просп., 54Г;55.645870;37.560827;zerno-osm-00218
Кофейня Зерно, Малаховка, Южная;Малаховка, ул. Южная, 1;55.646201;38.006361;zerno-osm-00219
Кофейня Зерно, Пролетарский, 4;Пролетарский просп., 4;55.646885;37.655697;zerno-osm-00220
Кофейня Зерно, Тропарёво;Ленинский просп., 123В;55.647579;37.480004;zerno-osm-00221
Кофейня Зерно, Новочеркасский;Новочеркасский бул., 51;55.648240;37.739068;zerno-osm-00222
Кофейня Зерно, Донецкая, 20;ул. Донецкая, 20;55.648361;37.712771;zerno-osm-00223
Кофейня Зерно, Новочеркасский, 35;Новочеркасский бул., 35;55.649755;37.733909;zerno-osm-00224
Кофейня Зерно, Каширское, 36А;Каширское ш., 36А;55.649890;37.658323;zerno-osm-00225
Кофейня Зерно, Профсоюзная, 65 с7;ул. Профсоюзная, 65 с7;55.650274;37.539178;zerno-osm-00226
Кофейня Зерно, Солнцево;ул. Производственная, 1А с2;55.651138;37.385912;zerno-osm-00227
Кофейня Зерно, Университет дружбы народов;ул. Миклухо-Маклая, 21 к3 с1;55.651553;37.508094;zerno-osm-00228
Кофейня Зерно, Академика Волгина;ул. Академика Волгина, 8А;55.651932;37.517716;zerno-osm-00229
Кофейня Зерно, Миклухо-Маклая;ул. Миклухо-Маклая, 19;55.651989;37.507263;zerno-osm-00230
Кофейня Зерно, Главмосстроя;ул. Главмосстроя, 5;55.652614;37.407714;zerno-osm-00231
Кофейня Зерно, Вернадского;просп. Вернадского, 94 к1;55.652789;37.475810;zerno-osm-00232
Кофейня Зерно, Зюзино;ул. Каховка, 19 с2;55.653724;37.577870;zerno-osm-00233
Кофейня Зерно, Каширская;Каширское ш., 28 к1;55.653784;37.649598;zerno-osm-00234
Кофейня Зерно, Братиславская;ул. Братиславская, 27 к1;55.654362;37.765700;zerno-osm-00235
Кофейня Зерно, Быково, Шоссейная, 7А/2;Быково, ул. Шоссейная, 7А/2;55.654680;38.134915;zerno-osm-00236
Кофейня Зерно, Академика Волгина, 2А;ул. Академика Волгина, 2А;55.654923;37.521694;zerno-osm-00237
Кофейня Зерно, Андропова;просп. Андропова, 39 с69;55.655574;37.657399;zerno-osm-00238
Кофейня Зерно, Калужская;ул. Профсоюзная, 56;55.656037;37.541576;zerno-osm-00239
Кофейня Зерно, Академика Анохина;ул. Академика Анохина, 13;55.656423;37.472066;zerno-osm-00240
Кофейня Зерно, Красково, Карла Маркса;Красково, ул. Карла Маркса, 42А;55.656905;37.986760;zerno-osm-00241
Кофейня Зерно, Нахимовский проспект;Симферопольский бул., 9 к4;55.657155;37.608726;zerno-osm-00242
Кофейня Зерно, Говорово;ул. Татьянин Парк, 17 к1;55.657587;37.424807;zerno-osm-00243
Кофейня Зерно, Перерва;ул. Перерва, 56/2;55.658121;37.748394;zerno-osm-00244
Кофейня Зерно, Котельники, Новорязанское;Котельники, Новорязанское ш., 10А;55.658185;37.892910;zerno-osm-00245
Кофейня Зерно, Рошаль, Октябрьской Революции;Рошаль, ул. Октябрьской Революции, 30/4;55.658776;39.876933;zerno-osm-00246
Кофейня Зерно, Новоивановское, Боровское;Новоивановское, Боровское ш., 6Б;55.659090;37.403625;zerno-osm-00247
Кофейня Зерно, Котельники, Дзержинское;Котельники, Дзержинское ш., 4/1;55.659380;37.863127;zerno-osm-00248
Кофейня Зерно, Каширский;Каширский пр., 9 к1;55.659461;37.624486;zerno-osm-00249
Кофейня Зерно, ВНИИССОК, Кленовая;ВНИИССОК, ул. Кленовая, 1;55.659629;37.198538;zerno-osm-00250
Кофейня Зерно, Котельники, 2-й Покровский;Котельники, 2-й Покровский пр., 4 к1;55.660141;37.856665;zerno-osm-00251
Кофейня Зерно, ВНИИССОК, Можайское;ВНИИССОК, Можайское ш., 1А;55.660643;37.210770;zerno-osm-00252
Кофейня Зерно, Боровское;Боровское ш., 2 к6;55.661093;37.416911;zerno-osm-00253
Кофейня Зерно, Котельники, 2-й Покровский, 8;Котельники, 2-й Покровский пр., 8;55.661324;37.857388;zerno-osm-00254
Кофейня Зерно, Воронцовская;ул. Академика Челомея, 5;55.661681;37.533075;zerno-osm-00255
Кофейня Зерно, Рошаль, Косякова;Рошаль, ул. Косякова, 16;55.662134;39.869192;zerno-osm-00256
Кофейня Зерно, ВНИИССОК, 1-е Успенское;ВНИИССОК, 1-е Успенское ш., 1Б;55.662400;37.181677;zerno-osm-00257
Кофейня Зерно, Юго-Западная;просп. Вернадского, 86А;55.662726;37.480628;zerno-osm-00258
Кофейня Зерно, Перерва, 58;ул. Перерва, 58;55.662844;37.760538;zerno-osm-00259
Кофейня Зерно, Болотниковская;ул. Болотниковская, 52 к2;55.662932;37.582467;zerno-osm-00260
Кофейня Зерно, Одинцово, Железнодорожная;Одинцово, ул. Железнодорожная, 4 с1;55.663486;37.254993;zerno-osm-00261
Кофейня Зерно, Покрышкина;ул. Покрышкина, 2 к1;55.664018;37.482284;zerno-osm-00262
Кофейня Зерно, Севастопольский, 28 к2;Севастопольский просп., 28 к2;55.664512;37.578279;zerno-osm-00263
Кофейня Зерно, Верхние Поля;ул. Верхние Поля, 11 к1 с1;55.665663;37.747048;zerno-osm-00264
Кофейня Зерно, Котельники, Юбилейная;Котельники, ул. Юбилейная, 2А;55.666512;37.880909;zerno-osm-00265
Кофейня Зерно, Верхние Поля, 32 к1;ул. Верхние Поля, 32 к1;55.667175;37.759811;zerno-osm-00266
Кофейня Зерно, Люблинская;ул. Люблинская, 72;55.668176;37.739336;zerno-osm-00267
Кофейня Зерно, Новые Черёмушки;ул. Гарибальди, 30А;55.669486;37.551302;zerno-osm-00268
Кофейня Зерно, Одинцово, Верхне-Пролетарская;Одинцово, ул. Верхне-Пролетарская, 4А;55.669495;37.282007;zerno-osm-00269
Кофейня Зерно, Электролитный;Электролитный пр., 1А;55.669788;37.621259;zerno-osm-00270
Кофейня Зерно, Котельники, Новорязанское, 5Б;Котельники, Новорязанское ш., 5Б;55.670203;37.868355;zerno-osm-00271
Кофейня Зерно, Андропова, 39 с29;просп. Андропова, 39 с29;55.670983;37.670119;zerno-osm-00272
Кофейня Зерно, Озёрная;ул. ​Озёрная, 33 вл1;55.671133;37.449591;zerno-osm-00273
Кофейня Зерно, Новаторская;ул. Удальцова, 1 с1;55.671604;37.517971;zerno-osm-00274
Кофейня Зерно, Каширское, 3 к2 с9;Каширское ш., 3 к2 с9;55.672000;37.631864;zerno-osm-00275
Кофейня Зерно, Каширское, 3 к2 с4;Каширское ш., 3 к2 с4;55.672528;37.631712;zerno-osm-00276
Кофейня Зерно, Новочерёмушкинская;ул. Новочерёмушкинская, 44 к1 с1;55.672610;37.568564;zerno-osm-00277
Кофейня Зерно, Судакова;ул. Судакова, 11 с2;55.672972;37.746929;zerno-osm-00278
Кофейня Зерно, Электролитный, 16А;Электролитный пр., 16А;55.673398;37.612193;zerno-osm-00279
Кофейня Зерно, Варшавское, 46;Варшавское ш., 46;55.673640;37.625052;zerno-osm-00280
Кофейня Зерно, Люблино;ул. Совхозная, 39;55.673858;37.760785;zerno-osm-00281
Кофейня Зерно, 40 лет Октября;просп. 40 лет Октября, 25;55.674209;37.746701;zerno-osm-00282
Кофейня Зерно, Проспект Вернадского;просп. Вернадского, 39;55.675567;37.505906;zerno-osm-00283
Кофейня Зерно, Одинцово, Маршала Неделина;Одинцово, ул. Маршала Неделина, 9;55.675587;37.269979;zerno-osm-00284
Кофейня Зерно, Мичуринский Проспект;ул. Мичуринский Проспект, 2;55.675864;37.473929;zerno-osm-00285
Кофейня Зерно, Вернадского, 30;просп. Вернадского, 30;55.676317;37.499642;zerno-osm-00286
Кофейня Зерно, Коломенская;ул. Нагатинская, 28 к3;55.676348;37.658089;zerno-osm-00287
Кофейня Зерно, Ставропольский;Ставропольский пр., 7;55.677057;37.800209;zerno-osm-00288
Кофейня Зерно, Нагатинская;ул. Нагатинская, 33;55.677569;37.660280;zerno-osm-00289
Кофейня Зерно, Полбина;ул. Полбина, 50;55.677696;37.726965;zerno-osm-00290
Кофейня Зерно, Удальцова;ул. Удальцова, 75А;55.678040;37.496363;zerno-osm-00291
Кофейня Зерно, Рябиновая;ул. Рябиновая, 67 с1;55.678159;37.436471;zerno-osm-00292
Кофейня Зерно, Гарибальди;ул. Гарибальди, 1А;55.678210;37.532167;zerno-osm-00293
Кофейня Зерно, Власиха, Маршала Жукова;Власиха, ул. Маршала Жукова, 15;55.678613;37.188974;zerno-osm-00294
Кофейня Зерно, Совхозная;ул. Совхозная, 51 с1;55.678877;37.762500;zerno-osm-00295
Кофейня Зерно, Корабельная;ул. Корабельная, 6;55.679069;37.695511;zerno-osm-00296
Кофейня Зерно, Нагатинская, 15 к1;ул. Нагатинская, 15 к1;55.679203;37.641709;zerno-osm-00297
Кофейня Зерно, Кржижановского;ул. Кржижановского, 14 к2;55.679685;37.567866;zerno-osm-00298
Кофейня Зерно, Котельники, Привольная;Котельники, ул. Привольная, 64;55.680433;37.849107;zerno-osm-00299
Кофейня Зерно, Вавиловская;Ленинский просп., 82/2;55.681039;37.532800;zerno-osm-00300
Кофейня Зерно, Вернадского, 29;просп. Вернадского, 29;55.681318;37.515790;zerno-osm-00301
Кофейня Зерно, Шоссейная;ул. Шоссейная, 42А;55.681620;37.723726;zerno-osm-00302
Кофейня Зерно, Ставропольская;ул. Ставропольская, 70 с2;55.681843;37.772797;zerno-osm-00303
Кофейня Зерно, Люберцы, Жулебино;Люберцы, 3-е Почтовое отделение, 94Б;55.682127;37.861835;zerno-osm-00304
Кофейня Зерно, Люберцы, Инициативная;Люберцы, ул. Инициативная, 24;55.682396;37.899520;zerno-osm-00305
Кофейня Зерно, Ленинский;Ленинский просп., 81/2;55.682875;37.538816;zerno-osm-00306
Кофейня Зерно, Новочерёмушкинская, 17;ул. Новочерёмушкинская, 17;55.682979;37.583475;zerno-osm-00307
Кофейня Зерно, Люберцы, 1-я Вольская;Люберцы, ул. 1-я Вольская, 3 к1;55.683645;37.916919;zerno-osm-00308
Кофейня Зерно, Одинцово, Маршала Бирюзова;Одинцово, ул. Маршала Бирюзова, 13;55.683765;37.264900;zerno-osm-00309
Кофейня Зерно, Новоивановское, Нобеля;Новоивановское, ул. Нобеля, 5;55.684339;37.341327;zerno-osm-00310
Кофейня Зерно, Одинцово, Чикина;Одинцово, ул. Чикина, 3А;55.684345;37.292792;zerno-osm-00311
Кофейня Зерно, Варшавское, 39;Варшавское ш., 39;55.684629;37.624053;zerno-osm-00312
Кофейня Зерно, Одинцово, Можайское;Одинцово, Можайское ш., 112А;55.685142;37.302848;zerno-osm-00313
Кофейня Зерно, Люберцы, Инициативная, 7 с2;Люберцы, ул. Инициативная, 7 с2;55.685368;37.897014;zerno-osm-00314
Кофейня Зерно, Заречная;ул. Заречная, 14;55.685424;37.397280;zerno-osm-00315
Кофейня Зерно, Нагатинский Затон;ул. Речников, 5;55.686285;37.694957;zerno-osm-00316
Кофейня Зерно, Люберцы, Авиаконструктора Миля;Люберцы, ул. Авиаконструктора Миля, вл5/1;55.686735;37.851429;zerno-osm-00317
Кофейня Зерно, Одинцово, Говорова;Одинцово, ул. Говорова, 24А;55.687942;37.291824;zerno-osm-00318
Кофейня Зерно, Академическая;ул. Дмитрия Ульянова, 16 к1;55.688321;37.569856;zerno-osm-00319
Кофейня Зерно, Университет;просп. Вернадского, 11/19;55.688790;37.531569;zerno-osm-00320
Кофейня Зерно, Вавилова;ул. Вавилова, 52 к1;55.689122;37.557827;zerno-osm-00321
Кофейня Зерно, Крымская;ул. Большая Черёмушкинская, 1;55.689919;37.602888;zerno-osm-00322
Кофейня Зерно, Волжская;ул. Шкулёва, 2А с1;55.691109;37.746823;zerno-osm-00323
Кофейня Зерно, Мичуринский проспект;Мичуринский просп., 58 к1;55.691324;37.486555;zerno-osm-00324
Кофейня Зерно, Технопарк;просп. Андропова, 18 к7;55.691526;37.663091;zerno-osm-00325
Кофейня Зерно, Варшавское, 33 с12;Варшавское ш., 33 с12;55.691685;37.622399;zerno-osm-00326
Кофейня Зерно, Ломоносовский;Ломоносовский просп., 25 к5;55.692009;37.531073;zerno-osm-00327
Кофейня Зерно, Вернадского, 6 с3;просп. Вернадского, 6 с3;55.692623;37.533910;zerno-osm-00328
Кофейня Зерно, Дмитрия Ульянова;ул. Дмитрия Ульянова, 5;55.692830;37.561375;zerno-osm-00329
Кофейня Зерно, Шкулёва;ул. Шкулёва, 2А;55.693436;37.745918;zerno-osm-00330
Кофейня Зерно, Дмитрия Ульянова, 4/1 к1;ул. Дмитрия Ульянова, 4/1 к1;55.693443;37.557573;zerno-osm-00331
Кофейня Зерно, Андропова, 10;просп. Андропова, 10;55.694402;37.665810;zerno-osm-00332
Кофейня Зерно, Андропова, 18 к1;просп. Андропова, 18 к1;55.695037;37.663034;zerno-osm-00333
Кофейня Зерно, Новоивановское, Большой;Новоивановское, Большой бул., 40;55.695696;37.346783;zerno-osm-00334
Кофейня Зерно, Весенняя;ул. Весенняя, 2;55.696180;37.397279;zerno-osm-00335
Кофейня Зерно, Аминьевская;Очаковское ш., 3 с2;55.697006;37.462032;zerno-osm-00336
Кофейня Зерно, ЗИЛ;ул. Архитектора Щусева, 5 к1;55.697278;37.636109;zerno-osm-00337
Кофейня Зерно, Люберцы, Лермонтовский проспект;Люберцы, Октябрьский просп., 5 к2;55.698124;37.858747;zerno-osm-00338
Кофейня Зерно, Новоданиловская;Новоданиловская наб., 4;55.698374;37.625296;zerno-osm-00339
Кофейня Зерно, Варшавское, 9 с1;Варшавское ш., 9 с1;55.698899;37.624242;zerno-osm-00340
Кофейня Зерно, Братьев Весниных;бул. Братьев Весниных, 2;55.699012;37.639091;zerno-osm-00341
Кофейня Зерно, Раменки;Мичуринский просп., 30А;55.699513;37.499712;zerno-osm-00342
Кофейня Зерно, Мичуринский;Мичуринский просп., 21;55.699975;37.504806;zerno-osm-00343
Кофейня Зерно, Вавилова, 19;ул. Вавилова, 19;55.700148;37.580543;zerno-osm-00344
Кофейня Зерно, Руза, Партизан;Руза, пл. Партизан, 5;55.700431;36.193400;zerno-osm-00345
Кофейня Зерно, Кузьминки;ул. Зеленодольская, 42;55.700861;37.764226;zerno-osm-00346
Кофейня Зерно, Есенинский;Есенинский бул., 9 к1;55.701249;37.779464;zerno-osm-00347
Кофейня Зерно, Марусино, Лавриненко;Марусино, ул. Лавриненко, 5;55.701442;37.946591;zerno-osm-00348
Кофейня Зерно, Вавилова, 24;ул. Вавилова, 24;55.701510;37.577805;zerno-osm-00349
Кофейня Зерно, Новоивановское, Эйнштейна;Новоивановское, бул. Эйнштейна, 2;55.701694;37.359293;zerno-osm-00350
Кофейня Зерно, Мосфильмовская;ул. Мосфильмовская, 88 к4;55.702520;37.491102;zerno-osm-00351
Кофейня Зерно, Люберцы, Косино;Люберцы, ул. Привольная, 4;55.702827;37.839993;zerno-osm-00352
Кофейня Зерно, Люберцы, Пронская;Люберцы, ул. Пронская, 2;55.702928;37.845747;zerno-osm-00353
Кофейня Зерно, Марусино, Некрасовка;Марусино, ул. Липчанского, 4 с1;55.703644;37.935549;zerno-osm-00354
Кофейня Зерно, Ломоносовский проспект;Мичуринский просп., 5;55.703731;37.511309;zerno-osm-00355
Кофейня Зерно, Кожуховская;2-й Южнопортовый пр., 14/22 с3;55.704030;37.691629;zerno-osm-00356
Кофейня Зерно, Духовской;Духовской пер., 19;55.704327;37.613221;zerno-osm-00357
Кофейня Зерно, Новоивановское, Чистяковой;Новоивановское, ул. Чистяковой, 62;55.704657;37.321454;zerno-osm-00358
Кофейня Зерно, Ленинский проспект;ул. Вавилова, 5Б;55.704846;37.589049;zerno-osm-00359
Кофейня Зерно, Рублёво-Успенское;Рублёво-Успенское ш., 27/1;55.705123;37.027467;zerno-osm-00360
Кофейня Зерно, Южнопортовая;ул. Южнопортовая, 22 с10;55.705221;37.688884;zerno-osm-00361
Кофейня Зерно, Мичуринский, 8/29;Мичуринский просп., 8/29;55.705766;37.510919;zerno-osm-00362
Кофейня Зерно, Вавилова, 3;ул. Вавилова, 3;55.706469;37.592806;zerno-osm-00363
Кофейня Зерно, Ленинский, 34/1;Ленинский просп., 34/1;55.706740;37.577271;zerno-osm-00364
Кофейня Зерно, Рублёво-Успенское, 98;Рублёво-Успенское ш., 98;55.706830;37.035388;zerno-osm-00365
Кофейня Зерно, Волжский;Волжский бул., 114А к1;55.707128;37.747651;zerno-osm-00366
Кофейня Зерно, Автозаводская;ул. Автозаводская, 9/1;55.707214;37.658919;zerno-osm-00367
Кофейня Зерно, Орджоникидзе;ул. Орджоникидзе, 11 с40;55.707616;37.598111;zerno-osm-00368
Кофейня Зерно, Автозаводская, 7;ул. Автозаводская, 7;55.707881;37.660258;zerno-osm-00369
Кофейня Зерно, Косыгина;ул. Косыгина, 28 с39;55.708143;37.544902;zerno-osm-00370
Кофейня Зерно, Ферганская;ул. Ферганская, 10 к2;55.708449;37.807909;zerno-osm-00371
Кофейня Зерно, Марусино, Барыкина;Марусино, ул. Барыкина, 10/2;55.708837;37.957751;zerno-osm-00372
Кофейня Зерно, Мастеркова;ул. Мастеркова, 4;55.708888;37.655938;zerno-osm-00373
Кофейня Зерно, Ленинская Слобода;ул. Ленинская Слобода, 26;55.709097;37.653891;zerno-osm-00374
Кофейня Зерно, Тульская;Холодильный пер., 2;55.709599;37.624554;zerno-osm-00375
Кофейня Зерно, Верейская;ул. Верейская, 29 с134;55.709683;37.442117;zerno-osm-00376
Кофейня Зерно, Фёдора Полетаева;ул. Фёдора Полетаева, 22;55.710017;37.779009;zerno-osm-00377
Кофейня Зерно, Зеленодольская;ул. Зеленодольская, 32 к1;55.710377;37.769371;zerno-osm-00378
Кофейня Зерно, Павелецкая;Павелецкая наб., 6А;55.710661;37.645742;zerno-osm-00379
Кофейня Зерно, Люберцы, Улица Дмитриевского;Люберцы, ул. Дмитриевского, 1;55.710891;37.880471;zerno-osm-00380
Кофейня Зерно, Верейская, 29;ул. Верейская, 29;55.711100;37.436896;zerno-osm-00381
Кофейня Зерно, Даниловский Вал;ул. Даниловский Вал, 1 с13;55.712080;37.626139;zerno-osm-00382
Кофейня Зерно, Дорогобужская;ул. Дорогобужская, 14 с9;55.712404;37.415386;zerno-osm-00383
Кофейня Зерно, Текстильщики;Волгоградский просп., 47;55.712657;37.723572;zerno-osm-00384
Кофейня Зерно, Верейская, 29 с1;ул. Верейская, 29 с1;55.712698;37.425970;zerno-osm-00385
Кофейня Зерно, Андреевская;Андреевская наб., 1;55.712868;37.576856;zerno-osm-00386
Кофейня Зерно, Воробьёвы горы;ул. Лужники, 24 с59;55.713361;37.550506;zerno-osm-00387
Кофейня Зерно, Хавская;ул. Хавская, 24;55.713722;37.613333;zerno-osm-00388
Кофейня Зерно, Выхино;ул. Хлобыстова, 13;55.714178;37.821115;zerno-osm-00389
Кофейня Зерно, Лестева;ул. Лестева, 5;55.714420;37.617343;zerno-osm-00390
Кофейня Зерно, Дубровка;1-я ул. Машиностроения, 5;55.715094;37.673920;zerno-osm-00391
Кофейня Зерно, Дубининская;ул. Дубининская, 90;55.715402;37.632747;zerno-osm-00392
Кофейня Зерно, Люберцы, Руднёвка;Люберцы, ул. Руднёвка, 5;55.715647;37.881230;zerno-osm-00393
Кофейня Зерно, Звенигород, Верхнепосадское;Звенигород, Верхнепосадское ш., 5;55.716308;36.823642;zerno-osm-00394
Кофейня Зерно, Шаболовская;ул. Хавская, 9;55.716439;37.613811;zerno-osm-00395
Кофейня Зерно, Павелецкая, 2 с7;Павелецкая наб., 2 с7;55.716895;37.643907;zerno-osm-00396
Кофейня Зерно, Рязанский проспект;Рязанский просп., 46 к6;55.716930;37.794187;zerno-osm-00397
Кофейня Зерно, Рязанский;Рязанский просп., 79;55.717191;37.795664;zerno-osm-00398
Кофейня Зерно, Окская;Рязанский просп., 32 к3;55.717827;37.785227;zerno-osm-00399
Кофейня Зерно, Рязанский, 30 к2;Рязанский просп., 30 к2;55.718153;37.783912;zerno-osm-00400
Кофейня Зерно, Дубининская, 59А;ул. Дубининская, 59А;55.718648;37.635963;zerno-osm-00401
Кофейня Зерно, Виктора Маслова;ул. Виктора Маслова, 2;55.718947;37.657429;zerno-osm-00402
Кофейня Зерно, Остаповский;Остаповский пр., 16А;55.719086;37.710948;zerno-osm-00403
Кофейня Зерно, Шаболовка;ул. Шаболовка, 30/12;55.719499;37.607757;zerno-osm-00404
Кофейня Зерно, Марусино, Косинское;Марусино, Косинское ш., 7;55.719680;37.973324;zerno-osm-00405
Кофейня Зерно, Партийный;Партийный пер., 1 к57 с1;55.719877;37.629077;zerno-osm-00406
Кофейня Зерно, Можайское;Можайское ш., 30;55.719982;37.420334;zerno-osm-00407
Кофейня Зерно, Большая Серпуховская, 58;ул. Большая Серпуховская, 58;55.720341;37.626348;zerno-osm-00408
Кофейня Зерно, Шарикоподшипниковская;ул. Шарикоподшипниковская, 4 к1А;55.720673;37.672933;zerno-osm-00409
Кофейня Зерно, Люсиновская;ул. Люсиновская, 41;55.721203;37.623582;zerno-osm-00410
Кофейня Зерно, Шаболовка, 27;ул. Шаболовка, 27;55.721684;37.611726;zerno-osm-00411
Кофейня Зерно, Люсиновская, 36/50;ул. Люсиновская, 36/50;55.721806;37.621697;zerno-osm-00412
Кофейня Зерно, Люберцы, Лухмановская;Люберцы, ул. Лухмановская, 17;55.722122;37.896580;zerno-osm-00413
Кофейня Зерно, Жуков;Жуков пр., 21Б;55.722529;37.645717;zerno-osm-00414
Кофейня Зерно, 1-й Щипковский;1-й Щипковский пер., 5;55.722577;37.632296;zerno-osm-00415
Кофейня Зерно, Барвихинская;ул. Барвихинская, 13/3;55.722853;37.396439;zerno-osm-00416
Кофейня Зерно, Электроугли, Центральная;Электроугли, ул. Центральная, 49;55.723171;38.206996;zerno-osm-00417
Кофейня Зерно, Дербеневская;Дербеневская наб., 7 с2;55.723486;37.655686;zerno-osm-00418
Кофейня Зерно, 1-й Дербеневский;1-й Дербеневский пер., 5 с2;55.723784;37.654000;zerno-osm-00419
Кофейня Зерно, Дербеневская, 7 с17;Дербеневская наб., 7 с17;55.723976;37.651000;zerno-osm-00420
Кофейня Зерно, Новохохловская;ул. Новохохловская, 49;55.724393;37.716325;zerno-osm-00421
Кофейня Зерно, Марусино, Косинское, 1;Марусино, Косинское ш., 1;55.724477;37.976828;zerno-osm-00422
Кофейня Зерно, Лужники;ул. Лужники, 24 с11;55.724985;37.546096;zerno-osm-00423
Кофейня Зерно, Спортивная;ул. 10-летия Октября, 11;55.725309;37.563258;zerno-osm-00424
Кофейня Зерно, Стахановская;2-й Грайвороновский пр., 44 к2;55.725365;37.747981;zerno-osm-00425
Кофейня Зерно, 2-й Грайвороновский;2-й Грайвороновский пр., 44 к3;55.725840;37.750605;zerno-osm-00426
Кофейня Зерно, Летниковская;ул. Летниковская, 11/10 с13;55.726080;37.647055;zerno-osm-00427
Кофейня Зерно, Кунцевская;ул. Клочкова, 10;55.726365;37.450807;zerno-osm-00428
Кофейня Зерно, Серпуховская;ул. Большая Серпуховская, 19/37 с2;55.726734;37.626433;zerno-osm-00429
Кофейня Зерно, Пролетарская;ул. Симоновский Вал, 7Б;55.727005;37.663604;zerno-osm-00430
Кофейня Зерно, Волгоградский проспект;ул. Талалихина, 41 с30;55.727576;37.693606;zerno-osm-00431
Кофейня Зерно, Салтыковская;ул. Салтыковская, 8 с18;55.727747;37.860525;zerno-osm-00432
Кофейня Зерно, Малая Пироговская;ул. Малая Пироговская, 14 с1;55.727862;37.566929;zerno-osm-00433
Кофейня Зерно, Октябрьская;ул. Крымский Вал, 9 с32;55.727947;37.601963;zerno-osm-00434
Кофейня Зерно, Большой Симоновский;Большой Симоновский пер., 2;55.728290;37.672975;zerno-osm-00435
Кофейня Зерно, Звенигород, Василия Фабричнова;Звенигород, ул. Василия Фабричнова, 18;55.728680;36.859628;zerno-osm-00436
Кофейня Зерно, Ленинский, 2А;Ленинский просп., 2А;55.728738;37.610994;zerno-osm-00437
Кофейня Зерно, Стремянный;Стремянный пер., 2;55.728753;37.636510;zerno-osm-00438
Кофейня Зерно, Марусино, Саввинская;Марусино, ул. Саввинская, 10Б;55.729076;38.027812;zerno-osm-00439
Кофейня Зерно, Павелецкая, 2 с3;Павелецкая пл., 2 с3;55.729212;37.636464;zerno-osm-00440
Кофейня Зерно, Марусино, Саввинская, 2А;Марусино, ул. Саввинская, 2А;55.729407;38.028981;zerno-osm-00441
Кофейня Зерно, Ленинский, 2;Ленинский просп., 2;55.729626;37.611258;zerno-osm-00442
Кофейня Зерно, Братьев Фонченко;ул. Братьев Фонченко, 10 к1;55.729628;37.511751;zerno-osm-00443
Кофейня Зерно, Нижегородская;Рязанский просп., 2 к3;55.730084;37.734445;zerno-osm-00444
Кофейня Зерно, Кожевническая;ул. Кожевническая, 5;55.730175;37.643941;zerno-osm-00445
Кофейня Зерно, Рязанский, 2 с86;Рязанский просп., 2 с86;55.730297;37.737790;zerno-osm-00446
Кофейня Зерно, Звенигород, Московская;Звенигород, ул. Московская, 11;55.730557;36.855322;zerno-osm-00447
Кофейня Зерно, Фрунзенская;Оболенский пер., 9 к1;55.730885;37.578904;zerno-osm-00448
Кофейня Зерно, Усачёва;ул. Усачёва, 2 с1;55.731046;37.577425;zerno-osm-00449
Кофейня Зерно, Кунцевская, 10;ул. Кунцевская, 10;55.731225;37.412947;zerno-osm-00450
Кофейня Зерно, Большой Саввинский;Большой Саввинский пер., 12 с16;55.731308;37.561331;zerno-osm-00451
Кофейня Зерно, Добрынинская;ул. Большая Полянка, 51А/9;55.731964;37.620673;zerno-osm-00452
Кофейня Зерно, Космодамианская;Космодамианская наб., 52 с1;55.732126;37.647079;zerno-osm-00453
Кофейня Зерно, Новокузнецкая;ул. Новокузнецкая, 39;55.732159;37.635708;zerno-osm-00454
Кофейня Зерно, Пятницкая;ул. Пятницкая, 66 с1;55.732296;37.626710;zerno-osm-00455
Кофейня Зерно, Ликино-Дулёво, Калинина;Ликино-Дулёво, ул. Калинина, 5;55.732587;38.951399;zerno-osm-00456
Кофейня Зерно, Коновалова;ул. Коновалова, 9А;55.732938;37.762610;zerno-osm-00457
Кофейня Зерно, Воронцовская, 46;ул. Воронцовская, 46;55.733050;37.663277;zerno-osm-00458
Кофейня Зерно, Якиманский;Якиманский пер., 6;55.733325;37.609963;zerno-osm-00459
Кофейня Зерно, Нижегородская, 52 c3;ул. Нижегородская, 52 c3;55.733700;37.703474;zerno-osm-00460
Кофейня Зерно, Саввинская;Саввинская наб., 19 с1А;55.734039;37.564318;zerno-osm-00461
Кофейня Зерно, Большой Саввинский, 11;Большой Саввинский пер., 11;55.734302;37.568335;zerno-osm-00462
Кофейня Зерно, Большой Саввинский, 11 с1;Большой Саввинский пер., 11 с1;55.734325;37.567566;zerno-osm-00463
Кофейня Зерно, Озерковская;Озерковская наб., 50 с1;55.734909;37.640012;zerno-osm-00464
Кофейня Зерно, Пионерская;ул. Малая Филёвская, 30;55.735061;37.459980;zerno-osm-00465
Кофейня Зерно, Садовническая;ул. Садовническая, 82 с2;55.735226;37.642437;zerno-osm-00466
Кофейня Зерно, Парк Культуры;ул. Льва Толстого, 20;55.735439;37.584836;zerno-osm-00467
Кофейня Зерно, Таганская;ул. Большие Каменщики, 21/8;55.735681;37.657888;zerno-osm-00468
Кофейня Зерно, Остоженка;ул. Остоженка, 48;55.735914;37.594119;zerno-osm-00469
Кофейня Зерно, Ликино-Дулёво, 1 Мая;Ликино-Дулёво, ул. 1 Мая, 24;55.736115;38.960898;zerno-osm-00470
Кофейня Зерно, Полянка;ул. Большая Якиманка, 25;55.736323;37.614493;zerno-osm-00471
Кофейня Зерно, Крестьянская Застава;ул. Марксистская, 34 с6;55.736442;37.663127;zerno-osm-00472
Кофейня Зерно, Зубовский;Зубовский бул., 25 к1;55.736623;37.589815;zerno-osm-00473
Кофейня Зерно, Филёвский парк;ул. Кастанаевская, 34 с2;55.736673;37.482671;zerno-osm-00474
Кофейня Зерно, Гончарная;Гончарная наб., 9/16 с2;55.737119;37.649427;zerno-osm-00475
Кофейня Зерно, Большая Калитниковская;ул. Большая Калитниковская, 12;55.737160;37.680448;zerno-osm-00476
Кофейня Зерно, Зубовская;ул. Зубовская, 5/36;55.737333;37.584831;zerno-osm-00477
Кофейня Зерно, Садовническая, 80;Садовническая наб., 80;55.737491;37.639961;zerno-osm-00478
Кофейня Зерно, Пречистенская;Пречистенская наб., 11 с1;55.737750;37.603598;zerno-osm-00479
Кофейня Зерно, Марксистская;ул. Воронцовская, 19А с1;55.737927;37.657942;zerno-osm-00480
Кофейня Зерно, Кутузовская;Кутузовский просп., 43;55.738022;37.528137;zerno-osm-00481
Кофейня Зерно, 5-я Кабельная;ул. 5-я Кабельная, 2 с10;55.738161;37.716802;zerno-osm-00482
Кофейня Зерно, Студенческая;ул. Киевская, 22;55.738351;37.544368;zerno-osm-00483
Кофейня Зерно, Бурденко;ул. Бурденко, 11А с2;55.738468;37.580353;zerno-osm-00484
Кофейня Зерно, Народная;ул. Народная, 9;55.738615;37.651858;zerno-osm-00485
Кофейня Зерно, Старый Гай;ул. Старый Гай, 3;55.738820;37.829796;zerno-osm-00486
Кофейня Зерно, Киевская;ул. Киевская, 20;55.739129;37.547761;zerno-osm-00487
Кофейня Зерно, Маяковского;пер. Маяковского, 3;55.739345;37.660410;zerno-osm-00488
Кофейня Зерно, 2-я Филёвская;ул. 2-я Филёвская, 13;55.739391;37.490071;zerno-osm-00489
Кофейня Зерно, Новокузнецкая, 5/10 с1;ул. Новокузнецкая, 5/10 с1;55.739550;37.630420;zerno-osm-00490
Кофейня Зерно, Большая Филёвская;ул. Большая Филёвская, 53;55.739781;37.469249;zerno-osm-00491
Кофейня Зерно, Большие Каменщики;ул. Большие Каменщики, 1;55.739799;37.654060;zerno-osm-00492
Кофейня Зерно, Таганская, 25;ул. Таганская, 25;55.740063;37.665267;zerno-osm-00493
Кофейня Зерно, Подъёмная;ул. Подъёмная, 9;55.740254;37.705697;zerno-osm-00494
Кофейня Зерно, Марусино, Юбилейная;Марусино, ул. Юбилейная, 8 к1;55.740341;38.016003;zerno-osm-00495
Кофейня Зерно, Новокосино;ул. Новокосинская, 19 с2;55.740489;37.859363;zerno-osm-00496
Кофейня Зерно, Большая Андроньевская;ул. Большая Андроньевская, 23;55.740497;37.671812;zerno-osm-00497
Кофейня Зерно, 1-й Неопалимовский;1-й Неопалимовский пер., 3/10;55.740747;37.583736;zerno-osm-00498
Кофейня Зерно, Саляма Адиля;ул. Саляма Адиля, 1/46;55.740855;37.418062;zerno-osm-00499
Кофейня Зерно, Озерковский;Озерковский пер., 12;55.741113;37.634799;zerno-osm-00500
Кофейня Зерно, Реутов, Окольная;Реутов, ул. Окольная, 4;55.741198;37.891359;zerno-osm-00501
Кофейня Зерно, Кутузовский;Кутузовский просп., 36 с28;55.741202;37.526956;zerno-osm-00502
Кофейня Зерно, Лазо;ул. Лазо, 7;55.741514;37.775523;zerno-osm-00503
Кофейня Зерно, Таганская, 1/2;ул. Таганская, 1/2;55.741763;37.655441;zerno-osm-00504
Кофейня Зерно, Нижняя Радищевская;ул. Нижняя Радищевская, 14/2;55.741847;37.652679;zerno-osm-00505
Кофейня Зерно, Нижняя Радищевская, 5 с2;ул. Нижняя Радищевская, 5 с2;55.741866;37.653345;zerno-osm-00506
Кофейня Зерно, Подъёмная, 14 с44;ул. Подъёмная, 14 с44;55.742109;37.707653;zerno-osm-00507
Кофейня Зерно, Гончарная, 30 с1;ул. Гончарная, 30 с1;55.742515;37.647255;zerno-osm-00508
Кофейня Зерно, Руновский;Руновский пер., 5 с1;55.742684;37.634806;zerno-osm-00509
Кофейня Зерно, Можайский Вал;ул. Можайский Вал, 10 с21;55.742809;37.552967;zerno-osm-00510
Кофейня Зерно, Садовническая, 54 с1;ул. Садовническая, 54 с1;55.743110;37.638807;zerno-osm-00511
Кофейня Зерно, Киевского Вокзала;пл. Киевского Вокзала, 1;55.743112;37.564544;zerno-osm-00512
Кофейня Зерно, Багратионовская;Багратионовский пр., 7 к20В;55.743347;37.504948;zerno-osm-00513
Кофейня Зерно, Пятницкий;Пятницкий пер., 2;55.743520;37.629623;zerno-osm-00514
Кофейня Зерно, Верхняя Радищевская;ул. Верхняя Радищевская, 13 с1;55.743695;37.651298;zerno-osm-00515
Кофейня Зерно, Пятницкая, 10;ул. Пятницкая, 10;55.743841;37.627786;zerno-osm-00516
Кофейня Зерно, Большая Филёвская, 24;ул. Большая Филёвская, 24;55.744096;37.480588;zerno-osm-00517
Кофейня Зерно, Большая Андроньевская, 7;ул. Большая Андроньевская, 7;55.744219;37.670997;zerno-osm-00518
Кофейня Зерно, Киевского Вокзала, 2;пл. Киевского Вокзала, 2;55.744456;37.567305;zerno-osm-00519
Кофейня Зерно, Римская;ул. Рогожский Вал, 5 с7;55.744512;37.680032;zerno-osm-00520
Кофейня Зерно, Кропоткинская;Староконюшенный пер., 5/14;55.744791;37.595089;zerno-osm-00521
Кофейня Зерно, Третьяковская;ул. Большая Ордынка, 3;55.744916;37.624775;zerno-osm-00522
Кофейня Зерно, Власиха, Центральная;Власиха, ул. Центральная, 6А;55.744981;37.175584;zerno-osm-00523
Кофейня Зерно, Земляной Вал;ул. Земляной Вал, 68/18 с5;55.745337;37.653931;zerno-osm-00524
Кофейня Зерно, Овчинниковская;Овчинниковская наб., 6 с1;55.745480;37.628529;zerno-osm-00525
Кофейня Зерно, Станиславского;ул. Станиславского, 21 с2;55.745687;37.663539;zerno-osm-00526
Кофейня Зерно, Гоголевский;Гоголевский бул., 8 с2;55.745866;37.600826;zerno-osm-00527
Кофейня Зерно, Павловская Слобода, Полевая;Павловская Слобода, ул. Полевая, 12А;55.745998;37.119847;zerno-osm-00528
Кофейня Зерно, Земляной Вал, 64 c2;ул. Земляной Вал, 64 c2;55.746247;37.654877;zerno-osm-00529
Кофейня Зерно, Деловой центр;Кутузовский просп., 22 к2;55.746319;37.547769;zerno-osm-00530
Кофейня Зерно, Малый Дровяной;Малый Дровяной пер., 6;55.746424;37.657880;zerno-osm-00531
Кофейня Зерно, Рублёвское (дублёр);Рублёвское ш. (дублёр), 28 к1;55.746493;37.421463;zerno-osm-00532
Кофейня Зерно, Пресненская;Пресненская наб., 10;55.746656;37.537185;zerno-osm-00533
Кофейня Зерно, Южная, 15;ул. Южная, 15;55.746769;37.863557;zerno-osm-00534
Кофейня Зерно, Марусино, Колхозная;Марусино, ул. Колхозная, 2А;55.746986;38.021463;zerno-osm-00535
Кофейня Зерно, Южная, 10А;ул. Южная, 10А;55.747155;37.862139;zerno-osm-00536
Кофейня Зерно, 2-й Раушский;2-й Раушский пер., 1 с9;55.747274;37.635583;zerno-osm-00537
Кофейня Зерно, Реутов, Новокосино;Реутов, Носовихинское ш., 18А;55.747464;37.872593;zerno-osm-00538
Кофейня Зерно, Пресненская, 10 с2;Пресненская наб., 10 с2;55.747637;37.534289;zerno-osm-00539
Кофейня Зерно, Перовская;ул. Перовская, 33 к1;55.747743;37.775837;zerno-osm-00540
Кофейня Зерно, Марусино, Новая;Марусино, ул. Новая, 22Б;55.747942;38.020339;zerno-osm-00541
Кофейня Зерно, Смоленская;Калошин пер., 4 с1;55.747987;37.592326;zerno-osm-00542
Кофейня Зерно, Смоленская, 7-9;Смоленская пл., 7-9;55.748186;37.581490;zerno-osm-00543
Кофейня Зерно, Большой Афанасьевский;Большой Афанасьевский пер., 20;55.748368;37.597520;zerno-osm-00544
Кофейня Зерно, Пресненская, 4 с1;Пресненская наб., 4 с1;55.748576;37.542047;zerno-osm-00545
Кофейня Зерно, Андроньевская;Андроньевская пл., 10 с13;55.748899;37.669820;zerno-osm-00546
Кофейня Зерно, Пресненская, 10 с1;Пресненская наб., 10 с1;55.749072;37.535511;zerno-osm-00547
Кофейня Зерно, Николоямский;Николоямский пер., 3А к4;55.749269;37.661479;zerno-osm-00548
Кофейня Зерно, 1-й Перова Поля;1-й пр. Перова Поля, 11А;55.749446;37.770814;zerno-osm-00549
Кофейня Зерно, Смоленская, 6/13;Смоленская пл., 6/13;55.749460;37.583287;zerno-osm-00550
Кофейня Зерно, 2-я Энтузиастов;2-я ул. Энтузиастов, 5 к37;55.749698;37.731795;zerno-osm-00551
Кофейня Зерно, Павловский Посад, Дачная;Павловский Посад, ул. Дачная, 3;55.749891;38.606165;zerno-osm-00552
Кофейня Зерно, Кутузовский, 1/7;Кутузовский просп., 1/7;55.750044;37.571566;zerno-osm-00553
Кофейня Зерно, Новогиреево;Зелёный просп., 60/35;55.750216;37.817951;zerno-osm-00554
Кофейня Зерно, Китай-город;ул. Варварка, 6 с1;55.750397;37.628582;zerno-osm-00555
Кофейня Зерно, Костомаровский;Костомаровский пер., 10 с1;55.750520;37.665383;zerno-osm-00556
Кофейня Зерно, Боровицкая;Большой Афанасьевский пер., 41А;55.750815;37.597096;zerno-osm-00557
Кофейня Зерно, Южная, 3В;ул. Южная, 3В;55.750844;37.860953;zerno-osm-00558
Кофейня Зерно, Крузенштерна;ул. Крузенштерна, 12 к3;55.750940;37.706726;zerno-osm-00559
Кофейня Зерно, Авиамоторная;ш. Энтузиастов, 20;55.751060;37.717127;zerno-osm-00560
Кофейня Зерно, Наставнический;Наставнический пер., 8 к2;55.751103;37.663932;zerno-osm-00561
Кофейня Зерно, Марусино, Советская;Марусино, ул. Советская, 83В;55.751365;38.042862;zerno-osm-00562
Кофейня Зерно, Реутов, Носовихинское;Реутов, Носовихинское ш., 26;55.751428;37.890594;zerno-osm-00563
Кофейня Зерно, Перово;ул. 2-я Владимирская, 34;55.751511;37.783793;zerno-osm-00564
Кофейня Зерно, Зелёный;Зелёный просп., 81;55.751618;37.819751;zerno-osm-00565
Кофейня Зерно, Зелёный, 81;Зелёный просп., 81;55.751726;37.820555;zerno-osm-00566
Кофейня Зерно, Невельского;пр. Невельского, 6 к2;55.751949;37.700605;zerno-osm-00567
Кофейня Зерно, Реутов, Носовихинское, 45;Реутов, Носовихинское ш., 45;55.752099;37.886723;zerno-osm-00568
Кофейня Зерно, Красноказарменная;ул. Красноказарменная, 14А к5;55.752140;37.705810;zerno-osm-00569
Кофейня Зерно, Новый Арбат;ул. Новый Арбат, 13;55.752210;37.593927;zerno-osm-00570
Кофейня Зерно, Дзержинского;ул. Дзержинского, 9;55.752308;37.857171;zerno-osm-00571
Кофейня Зерно, Арбатская;ул. Новый Арбат, 7А;55.752410;37.597341;zerno-osm-00572
Кофейня Зерно, Нижняя Сыромятническая;ул. Нижняя Сыромятническая, 10 с12;55.752726;37.668760;zerno-osm-00573
Кофейня Зерно, Крузенштерна, 9;ул. Крузенштерна, 9;55.752812;37.700023;zerno-osm-00574
Кофейня Зерно, Новый Арбат, 22;ул. Новый Арбат, 22;55.752931;37.588831;zerno-osm-00575
Кофейня Зерно, Нижняя Сыромятническая, 11 к2;ул. Нижняя Сыромятническая, 11 к2;55.753062;37.671029;zerno-osm-00576
Кофейня Зерно, Чкаловская;Покровский бул., 11 с2-Г;55.753352;37.648525;zerno-osm-00577
Кофейня Зерно, Большой Кисловский;Большой Кисловский пер., 1 с1;55.753353;37.605073;zerno-osm-00578
Кофейня Зерно, Воздвиженка;ул. Воздвиженка, 10;55.753523;37.605662;zerno-osm-00579
Кофейня Зерно, Солянский;Солянский пр., 4/1 с1;55.753718;37.635864;zerno-osm-00580
Кофейня Зерно, Федеративный;Федеративный просп., 31;55.753911;37.823433;zerno-osm-00581
Кофейня Зерно, Шоссе Энтузиастов;ул. Электродная, 2 с28;55.754084;37.749873;zerno-osm-00582
Кофейня Зерно, Электродная;ул. Электродная, 2 с32;55.754303;37.752628;zerno-osm-00583
Кофейня Зерно, Солянский, 3;Солянский пр., 3;55.754442;37.636498;zerno-osm-00584
Кофейня Зерно, Красноказарменная, 17 с1Г;ул. Красноказарменная, 17 с1Г;55.754513;37.709220;zerno-osm-00585
Кофейня Зерно, Большой Трёхсвятительский;Большой Трёхсвятительский пер., 3 с2;55.754633;37.644399;zerno-osm-00586
Кофейня Зерно, Береговой;Береговой пр., 5А к7;55.754720;37.510167;zerno-osm-00587
Кофейня Зерно, Земляной Вал, 39/1с1;ул. Земляной Вал, 39/1с1;55.754818;37.657287;zerno-osm-00588
Кофейня Зерно, Покровский;Покровский бул., 14/6;55.755079;37.647790;zerno-osm-00589
Кофейня Зерно, Рочдельская;ул. Рочдельская, 15 с31;55.755097;37.561500;zerno-osm-00590
Кофейня Зерно, Авиамоторная, 8 с2;ул. Авиамоторная, 8 с2;55.755257;37.711964;zerno-osm-00591
Кофейня Зерно, Охотный ряд;Манежная пл., 1 с2;55.755468;37.614044;zerno-osm-00592
Кофейня Зерно, Красноказарменная, 15 к1;ул. Красноказарменная, 15 к1;55.755576;37.705987;zerno-osm-00593
Кофейня Зерно, Хохловский;Хохловский пер., 10 с6;55.755864;37.644066;zerno-osm-00594
Кофейня Зерно, Земляной Вал, 34А;ул. Земляной Вал, 34А;55.755974;37.655552;zerno-osm-00595
Кофейня Зерно, Курская;4-й Сыромятнический пер., 1/8 с6;55.756091;37.665549;zerno-osm-00596
Кофейня Зерно, Электродная, 2 с1;ул. Электродная, 2 с1;55.756369;37.751132;zerno-osm-00597
Кофейня Зерно, Рочдельская, 15 с43;ул. Рочдельская, 15 с43;55.756438;37.566209;zerno-osm-00598
Кофейня Зерно, Авиамоторная, 33;ул. Авиамоторная, 33;55.756579;37.717002;zerno-osm-00599
Кофейня Зерно, Старая Купавна, Советская;Старая Купавна, ул. Советская, 15;55.756627;38.082273;zerno-osm-00600
Кофейня Зерно, Самокатная;ул. Самокатная, 4 с13;55.756700;37.675472;zerno-osm-00601
Кофейня Зерно, Мерзляковский;Мерзляковский пер., 15;55.756808;37.596333;zerno-osm-00602
Кофейня Зерно, Шмитовский;Шмитовский пр., 19;55.756978;37.547528;zerno-osm-00603
Кофейня Зерно, Лубянка;Большой Черкасский пер., 11 с1;55.757114;37.627509;zerno-osm-00604
Кофейня Зерно, Маросейка;ул. Маросейка, 2/15 с1;55.757187;37.632194;zerno-osm-00605
Кофейня Зерно, Большая Никитская;ул. Большая Никитская, 23/14/9;55.757356;37.599231;zerno-osm-00606
Кофейня Зерно, Береговой, 3;Береговой пр., 3;55.757602;37.509209;zerno-osm-00607
Кофейня Зерно, Маросейка, 8;ул. Маросейка, 8;55.757627;37.636339;zerno-osm-00608
Кофейня Зерно, Будённого;просп. Будённого, 53;55.757833;37.740081;zerno-osm-00609
Кофейня Зерно, Новогиреевская;ул. Новогиреевская, 20/34 к3;55.757968;37.795239;zerno-osm-00610
Кофейня Зерно, Новая;ул. Новая, 1А;55.758210;37.849334;zerno-osm-00611
Кофейня Зерно, Красноказарменная, 9;ул. Красноказарменная, 9;55.758246;37.697340;zerno-osm-00612
Кофейня Зерно, Тверская, 4;ул. Тверская, 4;55.758311;37.613363;zerno-osm-00613
Кофейня Зерно, Большая Дмитровка;ул. Большая Дмитровка, 1;55.758547;37.617100;zerno-osm-00614
Кофейня Зерно, Энтузиастов;ш. Энтузиастов, 31 с42;55.758636;37.751325;zerno-osm-00615
Кофейня Зерно, Самокатная, 2А;ул. Самокатная, 2А;55.758758;37.677678;zerno-osm-00616
Кофейня Зерно, Реутов, Победы;Реутов, ул. Победы, 1;55.758925;37.863135;zerno-osm-00617
Кофейня Зерно, Малая Бронная;ул. Малая Бронная, 2 с1;55.758949;37.598169;zerno-osm-00618
Кофейня Зерно, Старая Купавна, Маршала Батицкого;Старая Купавна, ул. Маршала Батицкого, 7;55.759149;38.078940;zerno-osm-00619
Кофейня Зерно, Малая Бронная, 4;ул. Малая Бронная, 4;55.759418;37.597521;zerno-osm-00620
Кофейня Зерно, Нижний Сусальный;Нижний Сусальный пер., 5 с19;55.759461;37.665837;zerno-osm-00621
Кофейня Зерно, Шмитовский, 12;Шмитовский пр., 12;55.759510;37.551756;zerno-osm-00622
Кофейня Зерно, Тверская, 9А с6;ул. Тверская, 9А с6;55.759747;37.609874;zerno-osm-00623
Кофейня Зерно, Тверская, 9;ул. Тверская, 9;55.759856;37.610656;zerno-osm-00624
Кофейня Зерно, Лялин;Лялин пер., 8 с2;55.760129;37.651049;zerno-osm-00625
Кофейня Зерно, Кузнецкий Мост;Театральный пр., 5 с1;55.760333;37.625227;zerno-osm-00626
Кофейня Зерно, Молостовых;ул. Молостовых, 7А;55.760434;37.833014;zerno-osm-00627
Кофейня Зерно, Гаражная;ул. Гаражная, вл3;55.760567;37.745195;zerno-osm-00628
Кофейня Зерно, Лялин, 1/36 с2;Лялин пер., 1/36 с2;55.760781;37.651257;zerno-osm-00629
Кофейня Зерно, Лефортово;ул. Энергетическая, 6;55.760810;37.703745;zerno-osm-00630
Кофейня Зерно, Покровка;ул. Покровка, 34;55.760949;37.650666;zerno-osm-00631
Кофейня Зерно, Мясницкая;ул. Мясницкая, 16;55.760984;37.632282;zerno-osm-00632
Кофейня Зерно, Тверской;Тверской бул., 20 с4;55.761076;37.603039;zerno-osm-00633
Кофейня Зерно, Баррикадная;ул. Садовая-Кудринская, 7;55.761232;37.585636;zerno-osm-00634
Кофейня Зерно, Академика Туполева;наб. Академика Туполева, 15 к15;55.761363;37.683465;zerno-osm-00635
Кофейня Зерно, Садовая-Кудринская;ул. Садовая-Кудринская, 5;55.761487;37.583550;zerno-osm-00636
Кофейня Зерно, Земляной Вал, 9;ул. Земляной Вал, 9;55.761639;37.658445;zerno-osm-00637
Кофейня Зерно, Энтузиастов, 56А с1;ш. Энтузиастов, 56А с1;55.761745;37.771985;zerno-osm-00638
Кофейня Зерно, Кузнецкий Мост, 18/7;ул. Кузнецкий Мост, 18/7;55.761953;37.622670;zerno-osm-00639
Кофейня Зерно, Чистопрудный;Чистопрудный бул., 15 с1;55.762119;37.644712;zerno-osm-00640
Кофейня Зерно, Малая Бронная, 20 с1;ул. Малая Бронная, 20 с1;55.762248;37.595602;zerno-osm-00641
Кофейня Зерно, Мясницкая, 13 с4;ул. Мясницкая, 13 с4;55.762348;37.633584;zerno-osm-00642
Кофейня Зерно, Улица 1905 года;ул. Красная Пресня, 36 с1;55.762442;37.567078;zerno-osm-00643
Кофейня Зерно, Чаплыгина;ул. Чаплыгина, 16;55.762568;37.648218;zerno-osm-00644
Кофейня Зерно, 2-я Звенигородская;ул. 2-я Звенигородская, 12 с23;55.762627;37.557369;zerno-osm-00645
Кофейня Зерно, 2-я Магистральная;ул. 2-я Магистральная, 16 c1;55.762723;37.530190;zerno-osm-00646
Кофейня Зерно, Большая Грузинская;ул. Большая Грузинская, 4/6 с4;55.762785;37.580848;zerno-osm-00647
Кофейня Зерно, Реутов, Мира;Реутов, просп. Мира, вл23В;55.763053;37.862892;zerno-osm-00648
Кофейня Зерно, Тургеневская;ул. Мясницкая, 13 с21;55.763188;37.633465;zerno-osm-00649
Кофейня Зерно, Чеховская;ул. Тверская, 12 с1;55.763280;37.607959;zerno-osm-00650
Кофейня Зерно, Тверской, 26/5;Тверской бул., 26/5;55.763411;37.604670;zerno-osm-00651
Кофейня Зерно, Мясницкая, 15;ул. Мясницкая, 15;55.763553;37.633669;zerno-osm-00652
Кофейня Зерно, Новогиреевская, 1 с5;ул. Новогиреевская, 1 с5;55.763670;37.792373;zerno-osm-00653
Кофейня Зерно, Реутов, МКАД, 2-й километр;Реутов, МКАД, 2-й километр, 2;55.763849;37.845194;zerno-osm-00654
Кофейня Зерно, Большой Палашёвский;Большой Палашёвский пер., 10;55.764012;37.598511;zerno-osm-00655
Кофейня Зерно, Большая Бронная;ул. Большая Бронная, 27/4;55.764197;37.602666;zerno-osm-00656
Кофейня Зерно, Старая Басманная;ул. Старая Басманная, 6 с3;55.764403;37.657627;zerno-osm-00657
Кофейня Зерно, Большая Лубянка;ул. Большая Лубянка, 17/15;55.764600;37.629146;zerno-osm-00658
Кофейня Зерно, Трубная;ул. Неглинная, 16А;55.764880;37.620281;zerno-osm-00659
Кофейня Зерно, Красные Ворота;ул. Садовая-Черногрязская, 13/3 с1;55.764933;37.655664;zerno-osm-00660
Кофейня Зерно, Рождественка;ул. Рождественка, 18/1;55.765033;37.623916;zerno-osm-00661
Кофейня Зерно, Зоологическая;ул. Зоологическая, 8;55.765239;37.580859;zerno-osm-00662
Кофейня Зерно, Зоологическая, 4;ул. Зоологическая, 4;55.765379;37.582156;zerno-osm-00663
Кофейня Зерно, Пресненский Вал;ул. Пресненский Вал, 3;55.765390;37.563905;zerno-osm-00664
Кофейня Зерно, Маяковская;ул. Садовая-Кудринская, 21 с4;55.765633;37.588820;zerno-osm-00665
Кофейня Зерно, Большой Козловский;Большой Козловский пер., 13/17;55.765894;37.647985;zerno-osm-00666
Кофейня Зерно, Свободный;Свободный просп., 2А;55.765949;37.821904;zerno-osm-00667
Кофейня Зерно, Трубная, 2;Трубная пл., 2;55.766199;37.621818;zerno-osm-00668
Кофейня Зерно, Настасьинский;Настасьинский пер., 2;55.766381;37.603641;zerno-osm-00669
Кофейня Зерно, Старая Басманная, 21/4 с2;ул. Старая Басманная, 21/4 с2;55.766397;37.662572;zerno-osm-00670
Кофейня Зерно, Сретенка;ул. Сретенка, 1;55.766712;37.631060;zerno-osm-00671
Кофейня Зерно, Сретенский бульвар;ул. Мясницкая, 42 с2;55.766849;37.642327;zerno-osm-00672
Кофейня Зерно, Сретенский;Сретенский бул., 3/4 с2;55.766880;37.632799;zerno-osm-00673
Кофейня Зерно, Старая Басманная, 21/4 с1;ул. Старая Басманная, 21/4 с1;55.767111;37.663890;zerno-osm-00674
Кофейня Зерно, Садовая-Черногрязская;ул. Садовая-Черногрязская, 8 с9;55.767341;37.650634;zerno-osm-00675
Кофейня Зерно, Старая Басманная, 25 с2;ул. Старая Басманная, 25 с2;55.767415;37.665015;zerno-osm-00676
Кофейня Зерно, Солдатский;Солдатский пер., 10;55.767436;37.704858;zerno-osm-00677
Кофейня Зерно, Большая Садовая;ул. Большая Садовая, 3 с1;55.767666;37.592603;zerno-osm-00678
Кофейня Зерно, Дегтярный;Дегтярный пер., 5 с1;55.767839;37.601339;zerno-osm-00679
Кофейня Зерно, Костянский;Костянский пер., 9/10;55.767952;37.634866;zerno-osm-00680
Кофейня Зерно, 3-й Силикатный;3-й Силикатный пр., 1 к1;55.768084;37.496564;zerno-osm-00681
Кофейня Зерно, Бауманская;ул. Бауманская, 58/3 с2;55.768274;37.679352;zerno-osm-00682
Кофейня Зерно, Малая Грузинская;ул. Малая Грузинская, 38;55.768518;37.572700;zerno-osm-00683
Кофейня Зерно, Новая Басманная;ул. Новая Басманная, 12 с2;55.768843;37.657354;zerno-osm-00684
Кофейня Зерно, Старая Басманная, 34;ул. Старая Басманная, 34;55.768943;37.668711;zerno-osm-00685
Кофейня Зерно, Бауманская, 54 с1;ул. Бауманская, 54 с1;55.769262;37.679761;zerno-osm-00686
Кофейня Зерно, Новая Басманная, 14 с7;ул. Новая Басманная, 14 с7;55.769378;37.658972;zerno-osm-00687
Кофейня Зерно, Садовая-Спасская;ул. Садовая-Спасская, 21/1;55.769506;37.650053;zerno-osm-00688
Кофейня Зерно, Садовая-Спасская, 20 с1;ул. Садовая-Спасская, 20 с1;55.769613;37.644887;zerno-osm-00689
Кофейня Зерно, Комсомольская;ул. Новая Басманная, 23Б с2;55.769821;37.660742;zerno-osm-00690
Кофейня Зерно, 1-я Брестская;ул. 1-я Брестская, 13/14;55.769984;37.593745;zerno-osm-00691
Кофейня Зерно, 2-я Брестская;ул. 2-я Брестская, 9 с1;55.770032;37.590237;zerno-osm-00692
Кофейня Зерно, Каланчёвская;ул. Каланчёвская, 11 с4;55.770427;37.651029;zerno-osm-00693
Кофейня Зерно, Тишинская;Тишинская пл., 6;55.770461;37.583905;zerno-osm-00694
Кофейня Зерно, Сухаревская;Большой Сухаревский пер., 15 с1;55.770710;37.628493;zerno-osm-00695
Кофейня Зерно, Крылатская;ул. Крылатская, 17 к2;55.770792;37.422674;zerno-osm-00696
Кофейня Зерно, Цветной бульвар;Цветной бул., 15c1;55.770811;37.620676;zerno-osm-00697
Кофейня Зерно, Реутов, Мира, 38;Реутов, просп. Мира, 38;55.771058;37.868543;zerno-osm-00698
Кофейня Зерно, Спартаковская;ул. Спартаковская, 6;55.771186;37.673570;zerno-osm-00699
Кофейня Зерно, Ладожская;ул. Ладожская, 8;55.771373;37.683243;zerno-osm-00700
Кофейня Зерно, Новорязанская;ул. Новорязанская, 36;55.771388;37.669068;zerno-osm-00701
Кофейня Зерно, Садовая-Триумфальная;ул. Садовая-Триумфальная, 18-20;55.771598;37.602632;zerno-osm-00702
Кофейня Зерно, Хорошёвская;ул. 1-я Магистральная, 18;55.771772;37.518187;zerno-osm-00703
Кофейня Зерно, 3-я Тверская-Ямская;ул. 3-я Тверская-Ямская, 15;55.771945;37.595731;zerno-osm-00704
Кофейня Зерно, 1-я Тверская-Ямская;ул. 1-я Тверская-Ямская, 10;55.772193;37.592905;zerno-osm-00705
Кофейня Зерно, Цветной;Цветной бул., 21 с1;55.772296;37.620782;zerno-osm-00706
Кофейня Зерно, Новорязанская, 25 с1;ул. Новорязанская, 25 с1;55.772401;37.664266;zerno-osm-00707
Кофейня Зерно, 1-я Тверская-Ямская, 12;ул. 1-я Тверская-Ямская, 12;55.772609;37.592601;zerno-osm-00708
Кофейня Зерно, 1-я Тверская-Ямская, 11;ул. 1-я Тверская-Ямская, 11;55.772762;37.590391;zerno-osm-00709
Кофейня Зерно, Беговая;3-й Хорошёвский пр., 1 с2;55.772817;37.539950;zerno-osm-00710
Кофейня Зерно, Оружейный;Оружейный пер., 19;55.773049;37.599877;zerno-osm-00711
Кофейня Зерно, Садовая-Самотёчная;ул. Садовая-Самотёчная, 8;55.773111;37.614830;zerno-osm-00712
Кофейня Зерно, Фридриха Энгельса;ул. Фридриха Энгельса, 23 с3;55.773256;37.683920;zerno-osm-00713
Кофейня Зерно, 4-я Тверская-Ямская;ул. 4-я Тверская-Ямская, 27;55.773276;37.595485;zerno-osm-00714
Кофейня Зерно, Ольховская;ул. Ольховская, 4 к1;55.773507;37.665366;zerno-osm-00715
Кофейня Зерно, Фридриха Энгельса, 27;ул. Фридриха Энгельса, 27;55.773625;37.684401;zerno-osm-00716
Кофейня Зерно, Энтузиастов, 55;ш. Энтузиастов, 55;55.774015;37.827534;zerno-osm-00717
Кофейня Зерно, Грузинский Вал;ул. Грузинский Вал, 7;55.774068;37.578250;zerno-osm-00718
Кофейня Зерно, Новослободская;ул. Долгоруковская, 2;55.774424;37.604267;zerno-osm-00719
Кофейня Зерно, 1-я Тверская-Ямская, 26;ул. 1-я Тверская-Ямская, 26;55.774536;37.588904;zerno-osm-00720
Кофейня Зерно, Каланчёвская, 27;ул. Каланчёвская, 27;55.774739;37.650109;zerno-osm-00721
Кофейня Зерно, Маршала Жукова;просп. Маршала Жукова, 1 с1;55.774913;37.505698;zerno-osm-00722
Кофейня Зерно, Делегатская;ул. Делегатская, 3 c5;55.775102;37.608168;zerno-osm-00723
Кофейня Зерно, Тверская Застава;пл. Тверская Застава, 2 с2;55.775351;37.584000;zerno-osm-00724
Кофейня Зерно, 1-я Тверская-Ямская, 32;ул. 1-я Тверская-Ямская, 32;55.775613;37.586999;zerno-osm-00725
Кофейня Зерно, Фадеева;ул. Фадеева, 4А с1;55.775782;37.602229;zerno-osm-00726
Кофейня Зерно, Большая Спасская;ул. Большая Спасская, 8 с1А;55.775830;37.643005;zerno-osm-00727
Кофейня Зерно, Тверская Застава, 5;пл. Тверская Застава, 5;55.776155;37.581774;zerno-osm-00728
Кофейня Зерно, Бауманская, 9;ул. Бауманская, 9;55.776308;37.676394;zerno-osm-00729
Кофейня Зерно, Долгоруковская;ул. Долгоруковская, 27 с1;55.776565;37.601443;zerno-osm-00730
Кофейня Зерно, Павловский Посад, Большая Покровская;Павловский Посад, ул. Большая Покровская, 15;55.776864;38.651496;zerno-osm-00731
Кофейня Зерно, Долгоруковская, 32;ул. Долгоруковская, 32;55.776900;37.602958;zerno-osm-00732
Кофейня Зерно, Красносельская;ул. Бауманская, 4;55.777150;37.674006;zerno-osm-00733
Кофейня Зерно, Маргелова;ул. Маргелова, 3 к3;55.777560;37.541254;zerno-osm-00734
Кофейня Зерно, Проспект Мира;ул. Щепкина, 24 с1;55.777591;37.628767;zerno-osm-00735
Кофейня Зерно, Ботанический;Ботанический пер., 5;55.777805;37.637863;zerno-osm-00736
Кофейня Зерно, Полежаевская;Хорошёвское ш., 84 к1;55.777877;37.520239;zerno-osm-00737
Кофейня Зерно, Электросталь, Тевосяна;Электросталь, ул. Тевосяна, 26А;55.778122;38.443161;zerno-osm-00738
Кофейня Зерно, Народное Ополчение;Новохорошёвский пр., 18;55.778370;37.494005;zerno-osm-00739
Кофейня Зерно, Реутов, Автомагистраль Москва - Нижний Новгород;Реутов, ш. Автомагистраль Москва - Нижний Новгород, 15;55.778548;37.852134;zerno-osm-00740
Кофейня Зерно, Олимпийский;Олимпийский просп., 14;55.778751;37.623354;zerno-osm-00741
Кофейня Зерно, Весковский;Весковский пер., 7;55.778830;37.600063;zerno-osm-00742
Кофейня Зерно, Лесная;ул. Лесная, 10-16;55.778923;37.589726;zerno-osm-00743
Кофейня Зерно, Электрозаводская;ул. Большая Почтовая, 30 с2;55.779420;37.701592;zerno-osm-00744
Кофейня Зерно, Краснопрудная;ул. Краснопрудная, 26/1;55.779540;37.666793;zerno-osm-00745
Кофейня Зерно, Народного Ополчения;ул. Народного Ополчения, 23 к1;55.779585;37.478788;zerno-osm-00746
Кофейня Зерно, Менделеевская;ул. Лесная, 20 с3;55.779727;37.592873;zerno-osm-00747
Кофейня Зерно, Большая Почтовая;ул. Большая Почтовая, 32 к1;55.779933;37.698170;zerno-osm-00748
Кофейня Зерно, Павловский Посад, Кирова;Павловский Посад, ул. Кирова, 83;55.780128;38.664926;zerno-osm-00749
Кофейня Зерно, Бульвар Генерала Карбышева;бул. Генерала Карбышева, 11;55.780337;37.469000;zerno-osm-00750
Кофейня Зерно, Протопоповский;Протопоповский пер., 9;55.780443;37.638398;zerno-osm-00751
Кофейня Зерно, Сущёвская;ул. Сущёвская, 9;55.780675;37.601729;zerno-osm-00752
Кофейня Зерно, Селезнёвская;ул. Селезнёвская, 15 с2;55.780923;37.607930;zerno-osm-00753
Кофейня Зерно, Большая Почтовая, 36 c9;ул. Большая Почтовая, 36 c9;55.781098;37.697324;zerno-osm-00754
Кофейня Зерно, Павловский Посад, Кирова, 86А;Павловский Посад, ул. Кирова, 86А;55.781211;38.669249;zerno-osm-00755
Кофейня Зерно, 3-я Ямского Поля;3-я ул. Ямского Поля, 2 к3;55.781533;37.581392;zerno-osm-00756
Кофейня Зерно, Таманская;ул. Таманская, 49Б;55.781668;37.433313;zerno-osm-00757
Кофейня Зерно, Павловский Посад, 1-го Мая;Павловский Посад, ул. 1-го Мая, 107;55.781865;38.616250;zerno-osm-00758
Кофейня Зерно, Электросталь, Мира;Электросталь, ул. Мира, 6;55.782294;38.442816;zerno-osm-00759
Кофейня Зерно, Мажоров;Мажоров пер., 5 с3;55.782552;37.711729;zerno-osm-00760
Кофейня Зерно, Семёновская;ул. Щербаковская, 5;55.782630;37.724667;zerno-osm-00761
Кофейня Зерно, Куусинена;ул. Куусинена, 11 к3;55.782968;37.513956;zerno-osm-00762
Кофейня Зерно, Гиляровского;ул. Гиляровского, 40;55.783164;37.632665;zerno-osm-00763
Кофейня Зерно, Барабанный;Барабанный пер., 4;55.783368;37.708187;zerno-osm-00764
Кофейня Зерно, Мира;просп. Мира, 49;55.783615;37.634124;zerno-osm-00765
Кофейня Зерно, Правды, 8 к28;ул. Правды, 8 к28;55.783762;37.581981;zerno-osm-00766
Кофейня Зерно, Динамо;Ленинградский просп., 31;55.784219;37.561622;zerno-osm-00767
Кофейня Зерно, Верхняя Красносельская;ул. Верхняя Красносельская, 10;55.784239;37.661167;zerno-osm-00768
Кофейня Зерно, Гиляровского, 44;ул. Гиляровского, 44;55.784339;37.633046;zerno-osm-00769
Кофейня Зерно, Гиляровского, 48;ул. Гиляровского, 48;55.784733;37.633195;zerno-osm-00770
Кофейня Зерно, Малая Семёновская;ул. Малая Семёновская, 30 с8;55.784806;37.717534;zerno-osm-00771
Кофейня Зерно, Ленинградский;Ленинградский просп., 29 с5;55.785124;37.561414;zerno-osm-00772
Кофейня Зерно, Реутов, Реутовская;Реутов, ул. Реутовская, 5;55.785208;37.854780;zerno-osm-00773
Кофейня Зерно, Малая Семёновская, 3А с2;ул. Малая Семёновская, 3А с2;55.785466;37.706125;zerno-osm-00774
Кофейня Зерно, Расковой;ул. Расковой, 8;55.785849;37.570646;zerno-osm-00775
Кофейня Зерно, Тихвинская;ул. Тихвинская, 3 к1;55.786211;37.601113;zerno-osm-00776
Кофейня Зерно, ЦСКА;ул. Авиаконструктора Сухого, 2 к1;55.786313;37.542428;zerno-osm-00777
Кофейня Зерно, Новослободская, 50/1 с1;ул. Новослободская, 50/1 с1;55.786522;37.594786;zerno-osm-00778
Кофейня Зерно, Балашиха, Леоновское;Балашиха, Леоновское ш., 4А;55.786826;37.954469;zerno-osm-00779
Кофейня Зерно, Реутов, Энтузиастов;Реутов, ш. Энтузиастов, 8;55.787055;37.882312;zerno-osm-00780
Кофейня Зерно, Гиляровского, 60 с1;ул. Гиляровского, 60 с1;55.787409;37.632980;zerno-osm-00781
Кофейня Зерно, Балашиха, Карбышева;Балашиха, ул. Карбышева, 2Б;55.787779;37.959856;zerno-osm-00782
Кофейня Зерно, Куусинена, 19А;ул. Куусинена, 19А;55.787970;37.511330;zerno-osm-00783
Кофейня Зерно, Ленинградский, 36 с11;Ленинградский просп., 36 с11;55.788404;37.568058;zerno-osm-00784
Кофейня Зерно, Берёзовой Рощи;пр. Берёзовой Рощи, 10;55.788661;37.518925;zerno-osm-00785
Кофейня Зерно, Измайловская;Измайловский просп., 63;55.788677;37.785557;zerno-osm-00786
Кофейня Зерно, Балашиха, Энтузиастов;Балашиха, ш. Энтузиастов, 11А;55.789061;37.888565;zerno-osm-00787
Кофейня Зерно, Ленинградский, 36 с28;Ленинградский просп., 36 с28;55.789323;37.560822;zerno-osm-00788
Кофейня Зерно, Суворовская;ул. Суворовская, 19 с3;55.789372;37.708978;zerno-osm-00789
Кофейня Зерно, Сокольники;Сокольническая пл., 4А;55.789623;37.678660;zerno-osm-00790
Кофейня Зерно, Рижская;просп. Мира, 75 с1;55.789852;37.634457;zerno-osm-00791
Кофейня Зерно, 2-я Рыбинская;ул. 2-я Рыбинская, 13;55.790067;37.656761;zerno-osm-00792
Кофейня Зерно, Заводской;Заводской пр., 25;55.790218;37.789695;zerno-osm-00793
Кофейня Зерно, Петровский парк;Ленинградский просп., 35;55.790410;37.553328;zerno-osm-00794
Кофейня Зерно, Одинцовская;ул. Одинцовская, 24 с18;55.790658;37.405845;zerno-osm-00795
Кофейня Зерно, Ходынский;Ходынский бул., 4;55.790720;37.529206;zerno-osm-00796
Кофейня Зерно, Первомайская;ул. Нижняя Первомайская, 16;55.790888;37.797547;zerno-osm-00797
Кофейня Зерно, Измайловский;Измайловский пр., 4;55.791218;37.770007;zerno-osm-00798
Кофейня Зерно, Новорижское;Новорижское ш., 2;55.791402;37.366125;zerno-osm-00799
Кофейня Зерно, 12-я Парковая;ул. 12-я Парковая, 11;55.791702;37.810063;zerno-osm-00800
Кофейня Зерно, 2-й Полевой;2-й Полевой пер., 2;55.791945;37.681072;zerno-osm-00801
Кофейня Зерно, Балашиха, Горенский;Балашиха, Горенский бул., 5;55.792242;37.888131;zerno-osm-00802
Кофейня Зерно, Окружной;Окружной пр., 11 к6;55.792286;37.741278;zerno-osm-00803
Кофейня Зерно, Балашиха, Леоновское, 1;Балашиха, Леоновское ш., 1;55.792753;37.957936;zerno-osm-00804
Кофейня Зерно, Партизанская;Измайловское ш., 71 к4г-д с15;55.792942;37.747678;zerno-osm-00805
Кофейня Зерно, Первомайская, 88;ул. Первомайская, 88;55.793204;37.807617;zerno-osm-00806
Кофейня Зерно, Первомайская, 104А;ул. Первомайская, 104А;55.793279;37.812188;zerno-osm-00807
Кофейня Зерно, Песочная аллея;Песочная аллея, 1;55.793364;37.674846;zerno-osm-00808
Кофейня Зерно, Орехово-Зуево, Гагарина;Орехово-Зуево, ул. Гагарина, 42;55.793418;38.944976;zerno-osm-00809
Кофейня Зерно, Первомайская, 93;ул. Первомайская, 93;55.793620;37.806263;zerno-osm-00810
Кофейня Зерно, Марьина Роща;ул. Шереметьевская, 2;55.793785;37.617813;zerno-osm-00811
Кофейня Зерно, Октябрьское Поле;ул. Маршала Бирюзова, 17;55.793857;37.492330;zerno-osm-00812
Кофейня Зерно, Твардовского;ул. Твардовского, 14 к1;55.794152;37.403609;zerno-osm-00813
Кофейня Зерно, Песочная аллея, 7А;Песочная аллея, 7А;55.794188;37.665579;zerno-osm-00814
Кофейня Зерно, Измайловское;Измайловское ш., 73Ж с2;55.794387;37.750875;zerno-osm-00815
Кофейня Зерно, Народного Ополчения, 49 к1;ул. Народного Ополчения, 49 к1;55.794633;37.494595;zerno-osm-00816
Кофейня Зерно, Стромынка;ул. Стромынка, 19А;55.794768;37.698776;zerno-osm-00817
Кофейня Зерно, Преображенская площадь;Преображенская пл., 2;55.794941;37.709419;zerno-osm-00818
Кофейня Зерно, Балашиха, Флёрова;Балашиха, ул. Флёрова, 3;55.795000;37.928928;zerno-osm-00819
Кофейня Зерно, Верхняя Масловка;ул. Верхняя Масловка, 20;55.795649;37.561774;zerno-osm-00820
Кофейня Зерно, Новопесчаная;ул. Новопесчаная, 19 к3;55.795804;37.512825;zerno-osm-00821
Кофейня Зерно, Орехово-Зуево, Вокзальная;Орехово-Зуево, ул. Вокзальная, 8;55.796034;38.975370;zerno-osm-00822
Кофейня Зерно, Савёловская;ул. Вятская, 27 с4;55.796333;37.581926;zerno-osm-00823
Кофейня Зерно, Двинцев;ул. Двинцев, 12 к1;55.796475;37.599163;zerno-osm-00824
Кофейня Зерно, Складочная;ул. Складочная, 1Д с3;55.796763;37.592586;zerno-osm-00825
Кофейня Зерно, Балашиха, Ленина;Балашиха, просп. Ленина, 16А;55.796872;37.943320;zerno-osm-00826
Кофейня Зерно, Балашиха, Энтузиастов, 41А;Балашиха, ш. Энтузиастов, 41А;55.797388;37.968892;zerno-osm-00827
Кофейня Зерно, Балашиха, Ленина, 15/7;Балашиха, просп. Ленина, 15/7;55.797498;37.933562;zerno-osm-00828
Кофейня Зерно, Маршала Бирюзова;ул. Маршала Бирюзова, 28;55.797606;37.486269;zerno-osm-00829
Кофейня Зерно, Электросталь, Карла Маркса;Электросталь, ул. Карла Маркса, 30А;55.798180;38.465900;zerno-osm-00830
Кофейня Зерно, Октябрьская, 103 с4;ул. Октябрьская, 103 с4;55.798456;37.611684;zerno-osm-00831
Кофейня Зерно, 2-я Бухвостова;2-я ул. Бухвостова, 5;55.798575;37.705918;zerno-osm-00832
Кофейня Зерно, Аэропорт;ул. Викторенко, 3;55.798817;37.529313;zerno-osm-00833
Кофейня Зерно, Никитинская;ул. Никитинская, 13;55.799045;37.774737;zerno-osm-00834
Кофейня Зерно, Электросталь, Карла Маркса, 34;Электросталь, ул. Карла Маркса, 34;55.799293;38.464951;zerno-osm-00835
Кофейня Зерно, Балашиха, Ленина, 40;Балашиха, просп. Ленина, 40;55.799437;37.972917;zerno-osm-00836
Кофейня Зерно, Маршала Бирюзова, 32;ул. Маршала Бирюзова, 32;55.799636;37.483540;zerno-osm-00837
Кофейня Зерно, Балашиха, Советская;Балашиха, ул. Советская, 10А;55.799681;37.937756;zerno-osm-00838
Кофейня Зерно, Острякова;ул. Острякова, 6;55.800004;37.526189;zerno-osm-00839
Кофейня Зерно, Алабяна;ул. Алабяна, 10 к2;55.800262;37.503954;zerno-osm-00840
Кофейня Зерно, 6-й Лучевой просек;6-й Лучевой просек, 6;55.800449;37.679555;zerno-osm-00841
Кофейня Зерно, Ленинградский, 62;Ленинградский просп., 62;55.800845;37.532725;zerno-osm-00842
Кофейня Зерно, Балашиха, Советская, 14;Балашиха, ул. Советская, 14;55.801224;37.935164;zerno-osm-00843
Кофейня Зерно, Краснобогатырская;ул. Краснобогатырская, 90 с2;55.801245;37.710341;zerno-osm-00844
Кофейня Зерно, Орехово-Зуево, Ленина;Орехово-Зуево, ул. Ленина, 44А;55.801858;38.980821;zerno-osm-00845
Кофейня Зерно, Мира, 104;просп. Мира, 104;55.801906;37.637041;zerno-osm-00846
Кофейня Зерно, Дмитровская;ул. Башиловская, 23 к1;55.802320;37.574354;zerno-osm-00847
Кофейня Зерно, Ленинградский, 64;Ленинградский просп., 64;55.802570;37.526566;zerno-osm-00848
Кофейня Зерно, Петровско-Разумовский;Петровско-Разумовский пр., 27А с2;55.802965;37.561421;zerno-osm-00849
Кофейня Зерно, Электросталь, Захарченко;Электросталь, ул. Захарченко, 6;55.803058;38.458577;zerno-osm-00850
Кофейня Зерно, Черняховского;ул. Черняховского, 5 к1;55.803214;37.533018;zerno-osm-00851
Кофейня Зерно, Строгино;Строгинский бул., 20;55.803499;37.402034;zerno-osm-00852
Кофейня Зерно, Щёлковская;Сиреневый бул., 31;55.803689;37.800253;zerno-osm-00853
Кофейня Зерно, Орехово-Зуево, Ленина, 67;Орехово-Зуево, ул. Ленина, 67;55.803872;38.981240;zerno-osm-00854
Кофейня Зерно, Бутырская;ул. Бутырская, 77;55.804129;37.582333;zerno-osm-00855
Кофейня Зерно, Сокол;Ленинградский просп., 71 кГ;55.804169;37.515611;zerno-osm-00856
Кофейня Зерно, Алексеевская;ул. 3-я Мытищинская, 16 с47;55.804553;37.645906;zerno-osm-00857
Кофейня Зерно, Майский просек;Майский просек, 7 с3;55.804719;37.681665;zerno-osm-00858
Кофейня Зерно, Большая Новодмитровская;ул. Большая Новодмитровская, 36 с3;55.804811;37.585383;zerno-osm-00859
Кофейня Зерно, Ленинградский, 77 к1;Ленинградский просп., 77 к1;55.805078;37.509457;zerno-osm-00860
Кофейня Зерно, Ленинградский, 74 к1;Ленинградский просп., 74 к1;55.805395;37.515749;zerno-osm-00861
Кофейня Зерно, 2-я Хуторская;ул. 2-я Хуторская, 34;55.805691;37.571165;zerno-osm-00862
Кофейня Зерно, Большая Новодмитровская, 36 с8;ул. Большая Новодмитровская, 36 с8;55.805815;37.584502;zerno-osm-00863
Кофейня Зерно, Кочновский;Кочновский пр., 4 с1;55.806062;37.541400;zerno-osm-00864
Кофейня Зерно, Бутырская, 84;ул. Бутырская, 84;55.806228;37.582608;zerno-osm-00865
Кофейня Зерно, Новодмитровская;ул. Новодмитровская, 5А с1;55.806415;37.587234;zerno-osm-00866
Кофейня Зерно, Новодмитровская, 5А с1;ул. Новодмитровская, 5А с1;55.806844;37.588627;zerno-osm-00867
Кофейня Зерно, Новодмитровская, 1 с6;ул. Новодмитровская, 1 с6;55.807044;37.584178;zerno-osm-00868
Кофейня Зерно, Мурманский;Мурманский пр., 14 к1;55.807201;37.621778;zerno-osm-00869
Кофейня Зерно, Волоколамское;Волоколамское ш., 13;55.807383;37.495940;zerno-osm-00870
Кофейня Зерно, Ленинградский, 80 к17;Ленинградский просп., 80 к17;55.807586;37.510998;zerno-osm-00871
Кофейня Зерно, Орехово-Зуево, Ленина, 76;Орехово-Зуево, ул. Ленина, 76;55.807855;38.986763;zerno-osm-00872
Кофейня Зерно, Маршала Катукова;ул. Маршала Катукова, 17 к1;55.807874;37.408176;zerno-osm-00873
Кофейня Зерно, Волоколамское, 6;Волоколамское ш., 6;55.808354;37.500234;zerno-osm-00874
Кофейня Зерно, Новоалексеевская;ул. Новоалексеевская, 14 с1;55.808532;37.646531;zerno-osm-00875
Кофейня Зерно, Волоколамское, 15/22;Волоколамское ш., 15/22;55.808680;37.494153;zerno-osm-00876
Кофейня Зерно, Дмитровский;Дмитровский пр., 1;55.808749;37.579315;zerno-osm-00877
Кофейня Зерно, Орехово-Зуево, Ленина, 84;Орехово-Зуево, ул. Ленина, 84;55.809225;38.989775;zerno-osm-00878
Кофейня Зерно, Волоколамское, 10;Волоколамское ш., 10;55.809256;37.496983;zerno-osm-00879
Кофейня Зерно, Орехово-Зуево, Бабушкина;Орехово-Зуево, ул. Бабушкина, 2А;55.809521;38.994259;zerno-osm-00880
Кофейня Зерно, Бочкова;ул. Бочкова, 5 к3;55.809615;37.631615;zerno-osm-00881
Кофейня Зерно, Щёлковское;Щёлковское ш., 54;55.809808;37.797817;zerno-osm-00882
Кофейня Зерно, Ленинградский, 80 с17А;Ленинградский просп., 80 с17А;55.809994;37.509041;zerno-osm-00883
Кофейня Зерно, Уральская;ул. Уральская, 1А;55.810506;37.797986;zerno-osm-00884
Кофейня Зерно, Краснобогатырская, 27;ул. Краснобогатырская, 27;55.810516;37.703623;zerno-osm-00885
Кофейня Зерно, Маршала Катукова, 11 к1;ул. Маршала Катукова, 11 к1;55.810937;37.403512;zerno-osm-00886
Кофейня Зерно, Щёлковское, 81;Щёлковское ш., 81;55.811288;37.812413;zerno-osm-00887
Кофейня Зерно, Часовая;ул. Часовая, 30 с1;55.811537;37.519493;zerno-osm-00888
Кофейня Зерно, Красногорск, Фруктовая;Красногорск, ул. Фруктовая, 69;55.811717;37.245783;zerno-osm-00889
Кофейня Зерно, Строителей;бул. Строителей, 3;55.811995;37.387090;zerno-osm-00890
Кофейня Зерно, Орехово-Зуево, Московская;Орехово-Зуево, ул. Московская, 1;55.812175;39.004108;zerno-osm-00891
Кофейня Зерно, Волоколамское, 24 к2;Волоколамское ш., 24 к2;55.812472;37.483832;zerno-osm-00892
Кофейня Зерно, Звёздный;Звёздный бул., 17;55.812677;37.627272;zerno-osm-00893
Кофейня Зерно, Восточный, Щёлковское;Восточный, Щёлковское ш., 93 с1;55.813119;37.825894;zerno-osm-00894
Кофейня Зерно, Огородный;Огородный пр., 8 c4;55.813682;37.604973;zerno-osm-00895
Кофейня Зерно, Огородный, 10 с4;Огородный пр., 10 с4;55.813983;37.604391;zerno-osm-00896
Кофейня Зерно, Монтажная;ул. Монтажная, 9 c2;55.814111;37.772775;zerno-osm-00897
Кофейня Зерно, Волоколамское, 52 к1 с1;Волоколамское ш., 52 к1 с1;55.814386;37.471852;zerno-osm-00898
Кофейня Зерно, Тимирязевская;Дмитровское ш., 9Б;55.814788;37.575025;zerno-osm-00899
Кофейня Зерно, Павловская Слобода, Ленина;Павловская Слобода, ул. Ленина, 61;55.815201;37.073918;zerno-osm-00900
Кофейня Зерно, Красногорск, Павшинская;Красногорск, ул. Павшинская, 2;55.815589;37.350737;zerno-osm-00901
Кофейня Зерно, Космонавта Волкова;ул. Космонавта Волкова, 16 с4;55.815766;37.523825;zerno-osm-00902
Кофейня Зерно, Красногорск, Красногорский;Красногорск, Красногорский бул., 9;55.816024;37.365152;zerno-osm-00903
Кофейня Зерно, Войковская;ул. 3-я Радиаторская, 4;55.816324;37.493580;zerno-osm-00904
Кофейня Зерно, Аргуновская;ул. Аргуновская, 10 с2;55.816406;37.620685;zerno-osm-00905
Кофейня Зерно, Красногорск, Чайковского;Красногорск, ул. Чайковского, 6;55.816652;37.338494;zerno-osm-00906
Кофейня Зерно, ВДНХ;ул. Кибальчича, 5;55.816968;37.643384;zerno-osm-00907
Кофейня Зерно, Дмитровское;Дмитровское ш., 13;55.817279;37.573213;zerno-osm-00908
Кофейня Зерно, Зои и Александра Космодемьянских;ул. Зои и Александра Космодемьянских, 4 с2;55.818069;37.503361;zerno-osm-00909
Кофейня Зерно, Новомосковская;ул. Новомосковская, 24;55.818220;37.617540;zerno-osm-00910
Кофейня Зерно, Цандера;ул. Цандера, 7 к2А;55.818489;37.629987;zerno-osm-00911
Кофейня Зерно, Спартак;Небесный бул., 1 к1;55.819017;37.426128;zerno-osm-00912
Кофейня Зерно, Яблочкова;ул. Яблочкова, 19Г;55.819215;37.578620;zerno-osm-00913
Кофейня Зерно, Сосновая аллея;Сосновая аллея, 1;55.819522;37.463500;zerno-osm-00914
Кофейня Зерно, Восточный, Кольцевая;Восточный, ул. Кольцевая, 12;55.819859;37.880606;zerno-osm-00915
Кофейня Зерно, Погонный;Погонный пр., 3А к7;55.819943;37.702797;zerno-osm-00916
Кофейня Зерно, Восточный, Кольцевая, 10;Восточный, ул. Кольцевая, 10;55.820233;37.882430;zerno-osm-00917
Кофейня Зерно, Академика Королёва;ул. Академика Королёва, 1;55.820635;37.635692;zerno-osm-00918
Кофейня Зерно, Красногорск, Красногорский, 26;Красногорск, Красногорский бул., 26;55.820664;37.377015;zerno-osm-00919
Кофейня Зерно, Клары Цеткин;ул. Клары Цеткин, 18 к3;55.821054;37.521371;zerno-osm-00920
Кофейня Зерно, Восточный, Молодёжный;Восточный, Молодёжный бул., 1;55.821482;37.875453;zerno-osm-00921
Кофейня Зерно, Ленинградское;Ленинградское ш., 16А с3;55.822067;37.499021;zerno-osm-00922
Кофейня Зерно, Академика Королёва, 8А;ул. Академика Королёва, 8А;55.822185;37.623096;zerno-osm-00923
Кофейня Зерно, Балашиха, Балашихинское;Балашиха, Балашихинское ш., 22;55.823023;37.932202;zerno-osm-00924
Кофейня Зерно, Зои и Александра Космодемьянских, 30/32 к1;ул. Зои и Александра Космодемьянских, 30/32 к1;55.823374;37.520952;zerno-osm-00925
Кофейня Зерно, Ленинградское, 16А с4;Ленинградское ш., 16А с4;55.823590;37.497336;zerno-osm-00926
Кофейня Зерно, Красногорск, Ленина;Красногорск, ул. Ленина, 3;55.824207;37.319386;zerno-osm-00927
Кофейня Зерно, 1-я Останкинская;ул. 1-я Останкинская, 55;55.824846;37.634572;zerno-osm-00928
Кофейня Зерно, Балашиха, Объединения;Балашиха, ул. Объединения, 6А;55.825582;37.971868;zerno-osm-00929
Кофейня Зерно, Нахабино, Новая;Нахабино, ул. Новая, 21 с1;55.825817;37.137481;zerno-osm-00930
Кофейня Зерно, 2-я Останкинская;ул. 2-я Останкинская, 3;55.825973;37.628949;zerno-osm-00931
Кофейня Зерно, Фонвизинская;ул. Большая Марфинская, 4 к1;55.826693;37.593534;zerno-osm-00932
Кофейня Зерно, Новопетровская;ул. Новопетровская, 16;55.827207;37.522302;zerno-osm-00933
Кофейня Зерно, Восточный, Щёлковское, вл1Б;Восточный, Щёлковское ш., вл1Б;55.827577;37.901076;zerno-osm-00934
Кофейня Зерно, Милашенкова;ул. Милашенкова, вл14;55.827840;37.580805;zerno-osm-00935
Кофейня Зерно, Мира, 186A c1;просп. Мира, 186A c1;55.828403;37.651760;zerno-osm-00936
Кофейня Зерно, Мира, 119 с4;просп. Мира, 119 с4;55.828649;37.630230;zerno-osm-00937
Кофейня Зерно, Красногорск, Волоколамское;Красногорск, Волоколамское ш., 142;55.829374;37.370731;zerno-osm-00938
Кофейня Зерно, Балашиха, Заречная;Балашиха, ул. Заречная, 31;55.830128;37.963869;zerno-osm-00939
Кофейня Зерно, Красногорск, Лесная;Красногорск, ул. Лесная, 1А;55.830428;37.325591;zerno-osm-00940
Кофейня Зерно, Бажова;ул. Бажова, 4;55.830980;37.659287;zerno-osm-00941
Кофейня Зерно, Большая Марфинская;ул. Большая Марфинская, 4;55.831108;37.592937;zerno-osm-00942
Кофейня Зерно, Мещерякова;ул. Мещерякова, 3;55.832326;37.452277;zerno-osm-00943
Кофейня Зерно, Мира, 119 с23;просп. Мира, 119 с23;55.832678;37.619106;zerno-osm-00944
Кофейня Зерно, Красногорск, Народного Ополчения;Красногорск, ул. Народного Ополчения, 9;55.833295;37.313237;zerno-osm-00945
Кофейня Зерно, Проспект Мира, 119 с522;ул. Проспект Мира, 119 с522;55.833763;37.620872;zerno-osm-00946
Кофейня Зерно, Красногорск, Космонавтов;Красногорск, бул. Космонавтов, 1;55.834166;37.272356;zerno-osm-00947
Кофейня Зерно, Мира, 119 с318;просп. Мира, 119 с318;55.834493;37.633385;zerno-osm-00948
Кофейня Зерно, Красногорск, Генерала Белобородова;Красногорск, ул. Генерала Белобородова, 16 к1;55.834663;37.356111;zerno-osm-00949
Кофейня Зерно, Вишнёвая;ул. Вишнёвая, 13 с6;55.835264;37.446710;zerno-osm-00950
Кофейня Зерно, Красногорск, Ленина, 57;Красногорск, ул. Ленина, 57;55.835603;37.297966;zerno-osm-00951
Кофейня Зерно, Лосиноостровская;ул. Лосиноостровская, 45 к2;55.835759;37.742893;zerno-osm-00952
Кофейня Зерно, Мира, 119 с171;просп. Мира, 119 с171;55.836135;37.624767;zerno-osm-00953
Кофейня Зерно, Мира, 119 с172;просп. Мира, 119 с172;55.836255;37.626266;zerno-osm-00954
Кофейня Зерно, Мира, 119 с326;просп. Мира, 119 с326;55.836978;37.628571;zerno-osm-00955
Кофейня Зерно, Красногорск, Генерала Белобородова, 9;Красногорск, ул. Генерала Белобородова, 9;55.837004;37.353845;zerno-osm-00956
Кофейня Зерно, Мира, 119 с504;просп. Мира, 119 с504;55.837333;37.616551;zerno-osm-00957
Кофейня Зерно, Мира, 119 с48;просп. Мира, 119 с48;55.837750;37.621955;zerno-osm-00958
Кофейня Зерно, Мира, 119 с50;просп. Мира, 119 с50;55.837811;37.619189;zerno-osm-00959
Кофейня Зерно, Мира, 119 с40;просп. Мира, 119 с40;55.838094;37.620910;zerno-osm-00960
Кофейня Зерно, Красногорск, Речная;Красногорск, ул. Речная, 39;55.838757;37.323182;zerno-osm-00961
Кофейня Зерно, Мира, 119 с244;просп. Мира, 119 с244;55.839223;37.626231;zerno-osm-00962
Кофейня Зерно, Свободы;ул. Свободы, 35 с40;55.839626;37.442699;zerno-osm-00963
Кофейня Зерно, Докукина;ул. Докукина, 12Б с3;55.839872;37.647096;zerno-osm-00964
Кофейня Зерно, Снегири, Троицкая;Снегири, ул. Троицкая, 45;55.840483;37.005042;zerno-osm-00965
Кофейня Зерно, Красногорск, Видная;Красногорск, ул. Видная, 5;55.841265;37.344000;zerno-osm-00966
Кофейня Зерно, Михалковская;ул. Михалковская, 38;55.841499;37.518908;zerno-osm-00967
Кофейня Зерно, Большая Академическая;ул. Большая Академическая, 77 к1;55.842873;37.554309;zerno-osm-00968
Кофейня Зерно, Путилково, Митино;Путилково, ул. Митинская, 21;55.843481;37.365387;zerno-osm-00969
Кофейня Зерно, Окружная;Гостиничный пр., 4Б;55.843829;37.577519;zerno-osm-00970
Кофейня Зерно, Путилково, Пятницкое;Путилково, Пятницкое ш., 17 к1 с1;55.844222;37.378203;zerno-osm-00971
Кофейня Зерно, Путилково, Митинская;Путилково, ул. Митинская, 28 к5;55.844578;37.371818;zerno-osm-00972
Кофейня Зерно, Мира, 211 к2;просп. Мира, 211 к2;55.845060;37.660309;zerno-osm-00973
Кофейня Зерно, Ленинградское, 64 к3;Ленинградское ш., 64 к3;55.845371;37.480589;zerno-osm-00974
Кофейня Зерно, Путилково, Дубравная;Путилково, ул. Дубравная, 34/29;55.845970;37.357560;zerno-osm-00975
Кофейня Зерно, Гостиничный;Гостиничный пр., 8 к1;55.846484;37.576002;zerno-osm-00976
Кофейня Зерно, Ботанический сад;Лазоревый пр., 1А к3;55.847171;37.638058;zerno-osm-00977
Кофейня Зерно, Сельскохозяйственная;ул. Сельскохозяйственная, 32;55.847649;37.629591;zerno-osm-00978
Кофейня Зерно, Берёзовая аллея;Берёзовая аллея, 5А с6;55.848155;37.619218;zerno-osm-00979
Кофейня Зерно, Кронштадтский;Кронштадтский бул., 37;55.848282;37.506500;zerno-osm-00980
Кофейня Зерно, Свободы, 48 с1;ул. Свободы, 48 с1;55.848646;37.454568;zerno-osm-00981
Кофейня Зерно, Сходненская;бул. Яна Райниса, 7;55.849052;37.435953;zerno-osm-00982
Кофейня Зерно, Яна Райниса;бул. Яна Райниса, 13;55.849408;37.433355;zerno-osm-00983
Кофейня Зерно, Химкинский;Химкинский бул., 17;55.849893;37.445939;zerno-osm-00984
Кофейня Зерно, Сходненская, 56;ул. Сходненская, 56;55.850434;37.443486;zerno-osm-00985
Кофейня Зерно, Уржумская;ул. Уржумская, 4 с1;55.851213;37.666266;zerno-osm-00986
Кофейня Зерно, Автомоторная;ул. Автомоторная, 6Б с2;55.851258;37.534351;zerno-osm-00987
Кофейня Зерно, Химкинский, 16 к1;Химкинский бул., 16 к1;55.851748;37.441369;zerno-osm-00988
Кофейня Зерно, Олонецкая;ул. Олонецкая, 2;55.852313;37.619462;zerno-osm-00989
Кофейня Зерно, Отрадный;Отрадный пр., 2Б;55.853155;37.607449;zerno-osm-00990
Кофейня Зерно, Верхние Лихоборы;Дмитровское ш., 62 с4;55.853532;37.565358;zerno-osm-00991
Кофейня Зерно, Ногинск, Пожарный;Ногинск, Пожарный пер., 1;55.853781;38.443882;zerno-osm-00992
Кофейня Зерно, Сельскохозяйственная, 37;ул. Сельскохозяйственная, 37;55.854575;37.625065;zerno-osm-00993
Кофейня Зерно, Ногинск, 3-го Интернационала;Ногинск, ул. 3-го Интернационала, 67;55.855059;38.439686;zerno-osm-00994
Кофейня Зерно, Речной вокзал;ул. Фестивальная, 13 к1;55.855806;37.477927;zerno-osm-00995
Кофейня Зерно, Ногинск, Трудовая;Ногинск, ул. Трудовая, 77;55.856296;38.437156;zerno-osm-00996
Кофейня Зерно, Дмитровское, 73Б к1;Дмитровское ш., 73Б к1;55.856342;37.556473;zerno-osm-00997
Кофейня Зерно, Ярославское;Ярославское ш., 22 к3;55.856845;37.686273;zerno-osm-00998
Кофейня Зерно, Планерная;ул. Героев Панфиловцев, 7;55.857271;37.432198;zerno-osm-00999
Кофейня Зерно, Ногинск, Патриаршая;Ногинск, ул. Патриаршая, 3;55.857518;38.441894;zerno-osm-01000
Кофейня Зерно, Путилково, Путилковское;Путилково, Путилковское ш., 113А;55.858105;37.385415;zerno-osm-01001
Кофейня Зерно, Планерная, 6 к1;ул. Планерная, 6 к1;55.859235;37.436514;zerno-osm-01002
Кофейня Зерно, Свободы, 71 к3;ул. Свободы, 71 к3;55.859918;37.448481;zerno-osm-01003
Кофейня Зерно, Дедовск, Гагарина;Дедовск, ул. Гагарина, 12;55.860320;37.120405;zerno-osm-01004
Кофейня Зерно, Путилково, 1-я Муравская;Путилково, ул. 1-я Муравская, 38;55.860864;37.366928;zerno-osm-01005
Кофейня Зерно, Планерная, 8;ул. Планерная, 8;55.861387;37.435790;zerno-osm-01006
Кофейня Зерно, Путилково, Муравская;Путилково, ул. Муравская, 38 с3;55.862224;37.372873;zerno-osm-01007
Кофейня Зерно, Дедовск, Космонавта Комарова;Дедовск, ул. Космонавта Комарова, 4А;55.863232;37.120675;zerno-osm-01008
Кофейня Зерно, Бескудниковский;Бескудниковский бул., 13;55.863751;37.558906;zerno-osm-01009
Кофейня Зерно, Снегири, Сиреневый;Снегири, Сиреневый бул., 3;55.864298;37.045226;zerno-osm-01010
Кофейня Зерно, Вилиса Лациса;ул. Вилиса Лациса, вл2;55.864809;37.433891;zerno-osm-01011
Кофейня Зерно, Ярославское, 54;Ярославское ш., 54;55.865369;37.704035;zerno-osm-01012
Кофейня Зерно, Ярославское, 114 к1;Ярославское ш., 114 к1;55.865848;37.707498;zerno-osm-01013
Кофейня Зерно, Ленинградское, 65 с2;Ленинградское ш., 65 с2;55.866265;37.459165;zerno-osm-01014
Кофейня Зерно, Петрозаводская;ул. Петрозаводская, 24Б;55.866896;37.494075;zerno-osm-01015
Кофейня Зерно, Путилково, Новотушинская;Путилково, Новотушинская, 2;55.867837;37.396640;zerno-osm-01016
Кофейня Зерно, Ленинградское, 69 к2;Ленинградское ш., 69 к2;55.868150;37.456647;zerno-osm-01017
Кофейня Зерно, Лётчика Бабушкина;ул. Лётчика Бабушкина, 26;55.869195;37.676756;zerno-osm-01018
Кофейня Зерно, Дежнёва;пр. Дежнёва, 29 к1;55.869729;37.630399;zerno-osm-01019
Кофейня Зерно, Отрадное, Кленовая;Отрадное, ул. Кленовая, 6;55.870100;37.326613;zerno-osm-01020
Кофейня Зерно, Отрадное, Кленовая, 6;Отрадное, ул. Кленовая, 6;55.870466;37.327504;zerno-osm-01021
Кофейня Зерно, Путилково, Новотушинская, 4;Путилково, ул. Новотушинская, 4;55.871301;37.401893;zerno-osm-01022
Кофейня Зерно, Коминтерна;ул. Коминтерна, 15;55.871544;37.689036;zerno-osm-01023
Кофейня Зерно, Отрадное, Пятницкая;Отрадное, ул. Пятницкая, 17Б;55.871878;37.318751;zerno-osm-01024
Кофейня Зерно, Отрадное, Пятницкая, 14;Отрадное, ул. Пятницкая, 14;55.872706;37.316924;zerno-osm-01025
Кофейня Зерно, Электрогорск, Кржижановского;Электрогорск, ул. Кржижановского, 12А;55.874705;38.780653;zerno-osm-01026
Кофейня Зерно, Лосино-Петровский, Революции;Лосино-Петровский, пл. Революции, 22;55.875081;38.205471;zerno-osm-01027
Кофейня Зерно, Отрадное, ​Пятницкое 7 километр;Отрадное, ​Пятницкое ш. 7 километр, вл2;55.876080;37.333025;zerno-osm-01028
Кофейня Зерно, Путилково, Сходненская;Путилково, ул. Сходненская, 11;55.876563;37.395350;zerno-osm-01029
Кофейня Зерно, Ногинск, Советской Конституции;Ногинск, ул. Советской Конституции, 5;55.877032;38.462161;zerno-osm-01030
Кофейня Зерно, Сабурово, Южная;Сабурово, ул. Южная, 9;55.877922;37.261701;zerno-osm-01031
Кофейня Зерно, Путилково, Молодёжная;Путилково, ул. Молодёжная, 3А;55.878966;37.420911;zerno-osm-01032
Кофейня Зерно, Яхромская;Дмитровское ш., 98;55.879089;37.547088;zerno-osm-01033
Кофейня Зерно, Ховрино;ул. Дыбенко, 9а ст1;55.879967;37.481578;zerno-osm-01034
Кофейня Зерно, Малыгина;ул. Малыгина, 7;55.880050;37.694995;zerno-osm-01035
Кофейня Зерно, Маршала Федоренко;ул. Маршала Федоренко, 12;55.881662;37.488730;zerno-osm-01036
Кофейня Зерно, Лосино-Петровский, Центральная;Лосино-Петровский, ул. Центральная, 24;55.881834;38.186550;zerno-osm-01037
Кофейня Зерно, Медведково;пр. Шокальского, 48;55.882897;37.666049;zerno-osm-01038
Кофейня Зерно, Дубнинская;ул. Дубнинская, 32;55.883560;37.558271;zerno-osm-01039
Кофейня Зерно, Электрогорск, Ухтомского;Электрогорск, ул. Ухтомского, 2;55.884705;38.773769;zerno-osm-01040
Кофейня Зерно, Снегири, Живописная;Снегири, ул. Живописная, 185А;55.885405;37.058196;zerno-osm-01041
Кофейня Зерно, Мытищи, Стартовая;Мытищи, ул. Стартовая, 9 к1;55.885906;37.701485;zerno-osm-01042
Кофейня Зерно, Дубнинская, 79А с7;ул. Дубнинская, 79А с7;55.886869;37.552023;zerno-osm-01043
Кофейня Зерно, Электрогорск, Карла Маркса;Электрогорск, ул. Карла Маркса, 8;55.886922;38.777742;zerno-osm-01044
Кофейня Зерно, Бибирево;ул. Пришвина, 12 к2;55.887745;37.597350;zerno-osm-01045
Кофейня Зерно, Алтуфьевское;Алтуфьевское ш., 70 к1;55.888453;37.588055;zerno-osm-01046
Кофейня Зерно, Плещеева;ул. Плещеева, 11В;55.888670;37.614057;zerno-osm-01047
Кофейня Зерно, Дубнинская, 40 к3;ул. Дубнинская, 40 к3;55.889252;37.562240;zerno-osm-01048
Кофейня Зерно, Отрадное, Соколовская 4-й квартал;Отрадное, Соколовская ул. 4-й квартал, 1;55.889377;37.358834;zerno-osm-01049
Кофейня Зерно, Московская;ул. Московская, 28/2;55.890267;37.444878;zerno-osm-01050
Кофейня Зерно, Московская, 11;ул. Московская, 11;55.891144;37.446964;zerno-osm-01051
Кофейня Зерно, Алтуфьевское, 85;Алтуфьевское ш., 85;55.891333;37.585611;zerno-osm-01052
Кофейня Зерно, Алтуфьево;Алтуфьевское ш., 87;55.892952;37.585625;zerno-osm-01053
Кофейня Зерно, Мытищи, Веры Волошиной;Мытищи, ул. Веры Волошиной, 14;55.893283;37.724366;zerno-osm-01054
Кофейня Зерно, Долгопрудный, Ленинский;Долгопрудный, Ленинский просп., 2Б;55.894278;37.463690;zerno-osm-01055
Кофейня Зерно, Ленинградская, с25;ул. Ленинградская, с25;55.894936;37.429881;zerno-osm-01056
Кофейня Зерно, Мытищи, Осташковское;Мытищи, Осташковское ш., вл1Б с1;55.895527;37.682387;zerno-osm-01057
Кофейня Зерно, Белозерская;ул. Белозерская, 17Г;55.895987;37.619580;zerno-osm-01058
Кофейня Зерно, Свердловский, Заводская;Свердловский, ул. Заводская, 1А к1;55.896653;38.144612;zerno-osm-01059
Кофейня Зерно, Долгопрудный, Лианозово;Долгопрудный, Дмитровское ш., 155 к1;55.897153;37.542290;zerno-osm-01060
Кофейня Зерно, Свердловский, Заводская, 1А;Свердловский, ул. Заводская, 1А;55.897504;38.144019;zerno-osm-01061
Кофейня Зерно, Долгопрудный, Череповецкая;Долгопрудный, ул. Череповецкая, 4А;55.898056;37.565993;zerno-osm-01062
Кофейня Зерно, Долгопрудный, Дмитровское;Долгопрудный, Дмитровское ш., 157;55.898474;37.541894;zerno-osm-01063
Кофейня Зерно, Долгопрудный, Совхозная;Долгопрудный, ул. Совхозная, 15 с3;55.899119;37.474548;zerno-osm-01064
Кофейня Зерно, Корнейчука;ул. Корнейчука, 28;55.899285;37.618215;zerno-osm-01065
Кофейня Зерно, Мельникова;просп. Мельникова, с2Д;55.899897;37.407957;zerno-osm-01066
Кофейня Зерно, Долгопрудный, Новгородская;Долгопрудный, ул. Новгородская, 23А;55.901995;37.577764;zerno-osm-01067
Кофейня Зерно, Долгопрудный, Алтуфьево;Долгопрудный, Алтуфьевское ш., 97Б;55.902997;37.585972;zerno-osm-01068
Кофейня Зерно, Истра, Московская;Истра, ул. Московская, 60;55.903490;36.899815;zerno-osm-01069
Кофейня Зерно, Родионова;ул. Родионова, 1;55.903848;37.402989;zerno-osm-01070
Кофейня Зерно, Истра, Воскресенская;Истра, Воскресенская пл., 3;55.904707;36.858641;zerno-osm-01071
Кофейня Зерно, Истра, Ленина;Истра, ул. Ленина, 7;55.905569;36.858690;zerno-osm-01072
Кофейня Зерно, Сабурово, Сосновая;Сабурово, ул. Сосновая, 3 с1;55.906222;37.255328;zerno-osm-01073
Кофейня Зерно, Отрадное, Ивановская;Отрадное, ул. Ивановская, 1 к2;55.906453;37.330513;zerno-osm-01074
Кофейня Зерно, Ленинградское, 39 с6;Ленинградское ш., 39 с6;55.908147;37.414276;zerno-osm-01075
Кофейня Зерно, Королёв, Пионерская;Королёв, ул. Пионерская, 30 к6;55.908448;37.827720;zerno-osm-01076
Кофейня Зерно, Щёлково, Заводская;Щёлково, ул. Заводская, 5А;55.908868;38.026122;zerno-osm-01077
Кофейня Зерно, Мытищи, Лётная;Мытищи, ул. Лётная, 21/3;55.909220;37.723315;zerno-osm-01078
Кофейня Зерно, Щёлково, Заводская, 22;Щёлково, ул. Заводская, 22;55.910003;38.023970;zerno-osm-01079
Кофейня Зерно, Мытищи, Станционная;Мытищи, ул. Станционная, 1 к1;55.910872;37.753327;zerno-osm-01080
Кофейня Зерно, Ленинградское, 1;Ленинградское ш., 1;55.911043;37.397369;zerno-osm-01081
Кофейня Зерно, Мытищи, Матросова;Мытищи, ул. Матросова, 15/12;55.912344;37.731771;zerno-osm-01082
Кофейня Зерно, Истра, Панфилова;Истра, ул. Панфилова, 6 с3;55.912403;36.824852;zerno-osm-01083
Кофейня Зерно, Королёв, Пионерская, 2А;Королёв, ул. Пионерская, 2А;55.913137;37.789557;zerno-osm-01084
Кофейня Зерно, Загорянский, Пролетарская;Загорянский, ул. Пролетарская, 15/2 с1;55.913663;37.883633;zerno-osm-01085
Кофейня Зерно, Истра, 15 лет Комсомола;Истра, ул. 15 лет Комсомола, 2;55.914087;36.863113;zerno-osm-01086
Кофейня Зерно, Истра, 15 лет Комсомола, 1;Истра, ул. 15 лет Комсомола, 1;55.914599;36.867077;zerno-osm-01087
Кофейня Зерно, Мытищи, Олимпийский;Мытищи, Олимпийский просп., 11;55.915648;37.769920;zerno-osm-01088
Кофейня Зерно, Загорянский, Горького;Загорянский, ул. Горького, 115;55.916270;37.887678;zerno-osm-01089
Кофейня Зерно, Мытищи, Олимпийский, 12;Мытищи, Олимпийский просп., 12;55.916921;37.771269;zerno-osm-01090
Кофейня Зерно, Мытищи, Рождественская;Мытищи, ул. Рождественская, 11;55.918085;37.756027;zerno-osm-01091
Кофейня Зерно, Мытищи, Мира;Мытищи, ул. Мира, 37;55.918296;37.721477;zerno-osm-01092
Кофейня Зерно, Мытищи, Воровского;Мытищи, ул. Воровского, 2А;55.919190;37.759964;zerno-osm-01093
Кофейня Зерно, Загорянский, Горького, 79 к4;Загорянский, ул. Горького, 79 к4;55.919853;37.879192;zerno-osm-01094
Кофейня Зерно, Мытищи, Олимпийский, 13/1 кА;Мытищи, Олимпийский просп., 13/1 кА;55.920171;37.762319;zerno-osm-01095
Кофейня Зерно, Щёлково, Парковая;Щёлково, ул. Парковая, 7;55.920356;37.988516;zerno-osm-01096
Кофейня Зерно, Мытищи, Комарова;Мытищи, ул. Комарова, 14;55.921415;37.742364;zerno-osm-01097
Кофейня Зерно, Долгопрудный, Долгопрудненское;Долгопрудный, Долгопрудненское ш., 3;55.921794;37.534657;zerno-osm-01098
Кофейня Зерно, Королёв, Циолковского;Королёв, пр. Циолковского, 5;55.922633;37.832052;zerno-osm-01099
Кофейня Зерно, Королёв, Медицинская;Королёв, ул. Медицинская, 6/2;55.923373;37.783167;zerno-osm-01100
Кофейня Зерно, Отрадное, Новосходненское;Отрадное, Новосходненское ш., 78;55.924145;37.369750;zerno-osm-01101
Кофейня Зерно, Долгопрудный, Первомайская;Долгопрудный, ул. Первомайская, 18;55.924592;37.524663;zerno-osm-01102
Кофейня Зерно, Королёв, Сакко и Ванцетти;Королёв, ул. Сакко и Ванцетти, 1;55.925160;37.829696;zerno-osm-01103
Кофейня Зерно, Вашутинское;Вашутинское ш., 1 с2Г;55.925474;37.397608;zerno-osm-01104
Кофейня Зерно, Королёв, Грабина;Королёв, ул. Грабина, 8А;55.925702;37.819669;zerno-osm-01105
Кофейня Зерно, Королёв, Первомайская;Королёв, ул. Первомайская, 3А;55.927115;37.799338;zerno-osm-01106
Кофейня Зерно, Щёлково, Пролетарский;Щёлково, Пролетарский просп., 18;55.929527;38.004037;zerno-osm-01107
Кофейня Зерно, Королёв, 2-я Институтская;Королёв, ул. 2-я Институтская, 24;55.930112;37.794748;zerno-osm-01108
Кофейня Зерно, Отрадное, Дружбы;Отрадное, ул. Дружбы, 373;55.934304;37.315528;zerno-osm-01109
Кофейня Зерно, Долгопрудный, Первомайская, 17;Долгопрудный, ул. Первомайская, 17;55.935480;37.518426;zerno-osm-01110
Кофейня Зерно, Долгопрудный, Московское;Долгопрудный, Московское ш., 31А;55.936850;37.520682;zerno-osm-01111
Кофейня Зерно, Королёв, Военных Строителей;Королёв, ул. Военных Строителей, 1;55.937006;37.857712;zerno-osm-01112
Кофейня Зерно, Королёв, Тихонравова;Королёв, ул. Тихонравова, 21;55.937792;37.834390;zerno-osm-01113
Кофейня Зерно, Сабурово, Усковский;Сабурово, Усковский пр., 1А;55.939948;37.303733;zerno-osm-01114
Кофейня Зерно, Сабурово, Шоссейная;Сабурово, ул. Шоссейная, 27;55.940067;37.305515;zerno-osm-01115
Кофейня Зерно, Отрадное, Новозаводская;Отрадное, ул. Новозаводская, 10А;55.941840;37.346700;zerno-osm-01116
Кофейня Зерно, Долгопрудный, 3-я Северная линия;Долгопрудный, 3-я Северная линия, 3;55.942601;37.553061;zerno-osm-01117
Кофейня Зерно, Долгопрудный, Международное;Долгопрудный, Международное ш., 28 с16;55.945535;37.411006;zerno-osm-01118
Кофейня Зерно, Отрадное, Центральная;Отрадное, ул. Центральная, 2/5;55.946758;37.336715;zerno-osm-01119
Кофейня Зерно, Долгопрудный, Парковая;Долгопрудный, ул. Парковая, 52;55.947309;37.483231;zerno-osm-01120
Кофейня Зерно, Черноголовка, Горького;Черноголовка, ул. Горького, 5;55.948008;38.553451;zerno-osm-01121
Кофейня Зерно, Долгопрудный, Парковая, 46 к1;Долгопрудный, ул. Парковая, 46 к1;55.950027;37.485899;zerno-osm-01122
Кофейня Зерно, Долгопрудный, Парковая, 44;Долгопрудный, ул. Парковая, 44;55.951403;37.485287;zerno-osm-01123
Кофейня Зерно, Долгопрудный, 1-я Станционная;Долгопрудный, ул. 1-я Станционная, 7А;55.954477;37.509856;zerno-osm-01124
Кофейня Зерно, Ивантеевка, Центральная;Ивантеевка, ул. Центральная, 5;55.956514;37.865144;zerno-osm-01125
Кофейня Зерно, Долгопрудный, Лётчика Ивана Фёдорова;Долгопрудный, ул. Лётчика Ивана Фёдорова, 8 к1;55.957428;37.444400;zerno-osm-01126
Кофейня Зерно, Лобня, Международное;Лобня, Международное ш., вл1А;55.959318;37.414847;zerno-osm-01127
Кофейня Зерно, Долгопрудный, Набережный;Долгопрудный, Набережный пр., с1;55.959434;37.441792;zerno-osm-01128
Кофейня Зерно, Мытищи, Осташковское, 10;Мытищи, Осташковское ш., 10;55.959983;37.660145;zerno-osm-01129
Кофейня Зерно, Долгопрудный, Дмитровское, с50;Долгопрудный, Дмитровское ш., с50;55.961579;37.533894;zerno-osm-01130
Кофейня Зерно, Глебовский, Железнодорожная;Глебовский, ул. Железнодорожная, 5;55.963246;36.569856;zerno-osm-01131
Кофейня Зерно, Долгопрудный, Старое Дмитровское;Долгопрудный, Старое Дмитровское ш., 2;55.966040;37.531695;zerno-osm-01132
Кофейня Зерно, Ивантеевка, 1-я Нижняя;Ивантеевка, ул. 1-я Нижняя, 29;55.966957;37.920416;zerno-osm-01133
Кофейня Зерно, Лобня, 25-го Съезда КПСС;Лобня, ул. 25-го Съезда КПСС, 1В;55.971583;37.472849;zerno-osm-01134
Кофейня Зерно, Долгопрудный, Адмиральская;Долгопрудный, ул. Адмиральская, 9Б;55.972251;37.545128;zerno-osm-01135
Кофейня Зерно, Лобня, Новое;Лобня, Новое ш., 54;55.972643;37.463397;zerno-osm-01136
Кофейня Зерно, Черкизово, Тургеневская;Черкизово, ул. Тургеневская, 5;55.977804;37.820299;zerno-osm-01137
Кофейня Зерно, Лобня, Шереметьевское;Лобня, Шереметьевское ш., вл39 с1;55.978188;37.410987;zerno-osm-01138
Кофейня Зерно, Лобня, Шереметьевское, вл39 с1;Лобня, Шереметьевское ш., вл39 с1;55.979304;37.410830;zerno-osm-01139
Кофейня Зерно, Андреевка, Солнечная аллея;Андреевка, Солнечная аллея, к934;55.980943;37.186341;zerno-osm-01140
Кофейня Зерно, Андреевка, Крюковская;Андреевка, Крюковская пл., 1;55.982643;37.175490;zerno-osm-01141
Кофейня Зерно, Андреевка, Гоголя;Андреевка, ул. Гоголя, 2;55.983351;37.173774;zerno-osm-01142
Кофейня Зерно, Долгопрудный, Святотроицкая;Долгопрудный, ул. Святотроицкая, 1В;55.984584;37.564773;zerno-osm-01143
Кофейня Зерно, Лобня, Промышленная;Лобня, ул. Промышленная, с1 к4;55.990910;37.412586;zerno-osm-01144
Кофейня Зерно, Волоколамск, 50 лет Октября;Волоколамск, ул. 50 лет Октября, 10Б;55.994093;35.936575;zerno-osm-01145
Кофейня Зерно, Лобня, Фабричная;Лобня, ул. Фабричная, вл6 с8;55.996647;37.541445;zerno-osm-01146
Кофейня Зерно, Пушкино, Кузнецкий Мост;Пушкино, ул. Кузнецкий Мост, 58;56.000791;37.815404;zerno-osm-01147
Кофейня Зерно, Пушкино, 50 лет Комсомола;Пушкино, ул. 50 лет Комсомола, 28А;56.002448;37.847003;zerno-osm-01148
Кофейня Зерно, Пушкино, Грибоедова;Пушкино, ул. Грибоедова, 23;56.004068;37.835614;zerno-osm-01149
Кофейня Зерно, Лобня, Физкультурная;Лобня, ул. Физкультурная, 4;56.006945;37.450397;zerno-osm-01150
Кофейня Зерно, Лобня, Крупской;Лобня, ул. Крупской, 1А;56.007780;37.472113;zerno-osm-01151
Кофейня Зерно, Лобня, Катюшки;Лобня, ул. Катюшки, 43;56.008505;37.443467;zerno-osm-01152
Кофейня Зерно, Пушкино, Московский;Пушкино, Московский просп., 7;56.010926;37.846018;zerno-osm-01153
Кофейня Зерно, Пушкино, Тургенева;Пушкино, ул. Тургенева, 8Б;56.012204;37.847329;zerno-osm-01154
Кофейня Зерно, Пушкино, Лесная;Пушкино, ул. Лесная, 16А;56.013139;37.838087;zerno-osm-01155
Кофейня Зерно, Лобня, Чехова;Лобня, ул. Чехова, 6А;56.015659;37.479834;zerno-osm-01156
Кофейня Зерно, Лобня, Букинское;Лобня, Букинское ш., 33Б;56.018912;37.471643;zerno-osm-01157
Кофейня Зерно, Лобня, Букинское, 37А;Лобня, Букинское ш., 37А;56.020210;37.472091;zerno-osm-01158
Кофейня Зерно, Лобня, Краснополянская;Лобня, ул. Краснополянская, 20, строение 1;56.025077;37.423906;zerno-osm-01159
Кофейня Зерно, Шаховская, Привокзальная;Шаховская, ул. Привокзальная, 6А;56.030237;35.510269;zerno-osm-01160
Кофейня Зерно, Волоколамск, Октябрьская;Волоколамск, Октябрьская пл., 2;56.035209;35.957948;zerno-osm-01161
Кофейня Зерно, Лесной, Центральная;Лесной, ул. Центральная, 2А;56.041226;37.974812;zerno-osm-01162
Кофейня Зерно, Лобня, Дорожная;Лобня, ул. Дорожная, 28А;56.059840;37.402380;zerno-osm-01163
Кофейня Зерно, Фряново, Новоалександровская;Фряново, ул. Новоалександровская, 2;56.064113;38.556610;zerno-osm-01164
Кофейня Зерно, Поварово, микрорайон №1;Поварово, микрорайон №1, 28;56.082228;37.048053;zerno-osm-01165
Кофейня Зерно, Фряново, Механизаторов;Фряново, ул. Механизаторов, 16;56.123906;38.436487;zerno-osm-01166
Кофейня Зерно, Солнечногорск, Малиновая;Солнечногорск, ул. Малиновая, 77;56.144029;36.895581;zerno-osm-01167
Кофейня Зерно, Солнечногорск, Красная;Солнечногорск, ул. Красная, вл3 с6;56.177012;36.993879;zerno-osm-01168
Кофейня Зерно, Солнечногорск, Тамойкина;Солнечногорск, ул. Тамойкина, 6;56.179847;36.992731;zerno-osm-01169
Кофейня Зерно, Солнечногорск, Красноармейская;Солнечногорск, ул. Красноармейская, 8;56.183225;36.992542;zerno-osm-01170
Кофейня Зерно, Солнечногорск, 1-я Урицкая;Солнечногорск, ул. 1-я Урицкая, 11А;56.184063;36.970703;zerno-osm-01171
Кофейня Зерно, Солнечногорск, Набережная;Солнечногорск, ул. Набережная, 35;56.185818;36.962498;zerno-osm-01172
Кофейня Зерно, Солнечногорск, Красная, 126А;Солнечногорск, ул. Красная, 126А;56.190400;36.974432;zerno-osm-01173
Кофейня Зерно, Лотошино, Центральная;Лотошино, ул. Центральная, 10;56.227008;35.643902;zerno-osm-01174
Кофейня Зерно, Хотьково, Художественный;Хотьково, Художественный пр., 6В с2;56.239017;37.991918;zerno-osm-01175
Кофейня Зерно, Яхрома, Троицкая;Яхрома, ул. Троицкая, 1;56.276828;37.479102;zerno-osm-01176
Кофейня Зерно, Сергиев Посад, Мира;Сергиев Посад, ул. Мира, 2Б;56.299758;38.175478;zerno-osm-01177
Кофейня Зерно, Сергиев Посад, Спортивный;Сергиев Посад, Спортивный пер., 8;56.302428;38.133048;zerno-osm-01178
Кофейня Зерно, Сергиев Посад, Вознесенская;Сергиев Посад, ул. Вознесенская, 53А;56.303542;38.135337;zerno-osm-01179
Кофейня Зерно, Сергиев Посад, Вознесенская, 5;Сергиев Посад, ул. Вознесенская, 5;56.309001;38.135223;zerno-osm-01180
Кофейня Зерно, Сергиев Посад, Аптекарский;Сергиев Посад, Аптекарский пер., 1;56.312879;38.131680;zerno-osm-01181
Кофейня Зерно, Сергиев Посад, Красной Армии;Сергиев Посад, просп. Красной Армии, 143;56.314469;38.134896;zerno-osm-01182
Кофейня Зерно, Сергиев Посад, 1-й Ударной Армии;Сергиев Посад, ул. 1-й Ударной Армии, 12;56.316888;38.133092;zerno-osm-01183
Кофейня Зерно, Сергиев Посад, Инженерная;Сергиев Посад, ул. Инженерная, 10;56.324703;38.139919;zerno-osm-01184
Кофейня Зерно, Клин, Мира;Клин, ул. Мира, 3;56.328815;36.727642;zerno-osm-01185
Кофейня Зерно, Клин, Привокзальная;Клин, Привокзальная пл., 1;56.332460;36.711526;zerno-osm-01186
Кофейня Зерно, Клин, Станционная;Клин, ул. Станционная, 10;56.334488;36.713034;zerno-osm-01187
Кофейня Зерно, Дмитров, Вокзальный;Дмитров, Вокзальный пер., 2;56.336254;37.510627;zerno-osm-01188
Кофейня Зерно, Клин, Дурыманова;Клин, ул. Дурыманова, 1/1;56.341428;36.743190;zerno-osm-01189
Кофейня Зерно, Дмитров, Кропоткинская;Дмитров, ул. Кропоткинская, 75А;56.342597;37.521615;zerno-osm-01190
Кофейня Зерно, Дмитров, Кропоткинская, 61;Дмитров, ул. Кропоткинская, 61;56.345327;37.523240;zerno-osm-01191
Кофейня Зерно, Дмитров, Профессиональная;Дмитров, ул. Профессиональная, 86;56.364286;37.531400;zerno-osm-01192
Кофейня Зерно, Пересвет, Октябрьская;Пересвет, ул. Октябрьская, 5;56.411243;38.173090;zerno-osm-01193
Кофейня Зерно, Краснозаводск, Театральная;Краснозаводск, ул. Театральная, 4;56.437039;38.250043;zerno-osm-01194
Кофейня Зерно, Дубна, Приборостроителей;Дубна, ул. Приборостроителей, 2 зд6А;56.727201;37.175415;zerno-osm-01195
Кофейня Зерно, Талдом, Калязинская;Талдом, ул. Калязинская, 49;56.732433;37.528311;zerno-osm-01196
Кофейня Зерно, Дубна, Боголюбова;Дубна, просп. Боголюбова, 24А;56.736111;37.156966;zerno-osm-01197
Кофейня Зерно, Дубна, Боголюбова, 18;Дубна, просп. Боголюбова, 18;56.738077;37.165153;zerno-osm-01198
Кофейня Зерно, Дубна, Дружбы;Дубна, ул. Дружбы, 5 с2;56.740936;37.228664;zerno-osm-01199
Кофейня Зерно, Дубна, Джелепова;Дубна, ул. Джелепова, 11;56.745514;37.189319;zerno-osm-01200
Кофейня Зерно, Дубна, Академика Балдина;Дубна, ул. Академика Балдина, 5;56.752505;37.203279;zerno-osm-01201
Кофейня Зерно, Санкт-Петербург, Ленинградская;Санкт-Петербург, ул. Ленинградская, 4;59.621141;30.390683;zerno-osm-01202
Кофейня Зерно, Санкт-Петербург, Шоссейная;Санкт-Петербург, ул. Шоссейная, 6;59.665430;30.532562;zerno-osm-01203
Кофейня Зерно, Санкт-Петербург, Парковая;Санкт-Петербург, ул. Парковая, 10;59.685573;30.486816;zerno-osm-01204
Кофейня Зерно, Санкт-Петербург, Анциферовская;Санкт-Петербург, ул. Анциферовская, 9 литВ;59.688910;30.408089;zerno-osm-01205
Кофейня Зерно, Санкт-Петербург, Нововестинская;Санкт-Петербург, ул. Нововестинская, 2А;59.699743;30.453119;zerno-osm-01206
Кофейня Зерно, Санкт-Петербург, Ленинградская, 7;Санкт-Петербург, ул. Ленинградская, 7;59.704906;30.576379;zerno-osm-01207
Кофейня Зерно, Санкт-Петербург, Фуражный;Санкт-Петербург, Фуражный пер., 4/8;59.707600;30.380470;zerno-osm-01208
Кофейня Зерно, Санкт-Петербург, Набережная;Санкт-Петербург, ул. Набережная, 4/25;59.714388;30.409378;zerno-osm-01209
Кофейня Зерно, Санкт-Петербург, Лицейский;Санкт-Петербург, Лицейский пер., 1/4;59.717387;30.397736;zerno-osm-01210
Кофейня Зерно, Санкт-Петербург, Московская;Санкт-Петербург, ул. Московская, 16/19;59.719270;30.408471;zerno-osm-01211
Кофейня Зерно, Санкт-Петербург, Оранжерейная;Санкт-Петербург, ул. Оранжерейная, 23 литБ;59.719632;30.409052;zerno-osm-01212
Кофейня Зерно, Санкт-Петербург, Новодеревенская;Санкт-Петербург, ул. Новодеревенская, 4;59.721395;30.428819;zerno-osm-01213
Кофейня Зерно, Санкт-Петербург, Привокзальная;Санкт-Петербург, Привокзальная пл., 4;59.722092;30.427281;zerno-osm-01214
Кофейня Зерно, Санкт-Петербург, Ленина;Санкт-Петербург, просп. Ленина, 103;59.725564;30.079444;zerno-osm-01215
Кофейня Зерно, Санкт-Петербург, Ленинградская, 35;Санкт-Петербург, ул. Ленинградская, 35;59.726947;30.417115;zerno-osm-01216
Кофейня Зерно, Санкт-Петербург, Свободы;Санкт-Петербург, ул. Свободы, 15;59.729330;30.081048;zerno-osm-01217
Кофейня Зерно, Санкт-Петербург, Онежская;Санкт-Петербург, ул. Онежская, 5;59.731738;30.622546;zerno-osm-01218
Кофейня Зерно, Санкт-Петербург, Нагорная;Санкт-Петербург, ул. Нагорная, 45;59.734508;30.090852;zerno-osm-01219
Кофейня Зерно, Санкт-Петербург, Трудящихся;Санкт-Петербург, бул. Трудящихся, 29 к2;59.735097;30.579948;zerno-osm-01220
Кофейня Зерно, Санкт-Петербург, Октябрьская;Санкт-Петербург, ул. Октябрьская, 12;59.737749;30.624113;zerno-osm-01221
Кофейня Зерно, Санкт-Петербург, Московская, 25;Санкт-Петербург, ул. Московская, 25;59.738698;30.622394;zerno-osm-01222
Кофейня Зерно, Санкт-Петербург, Колпинская;Санкт-Петербург, ул. Колпинская, 9 с2;59.739411;30.630346;zerno-osm-01223
Кофейня Зерно, Санкт-Петербург, Пролетарская;Санкт-Петербург, ул. Пролетарская, 60;59.741203;30.565257;zerno-osm-01224
Кофейня Зерно, Санкт-Петербург, Тверская;Санкт-Петербург, ул. Тверская, 5;59.746771;30.608576;zerno-osm-01225
Кофейня Зерно, Санкт-Петербург, Павловская;Санкт-Петербург, ул. Павловская, 82;59.748025;30.567188;zerno-osm-01226
Кофейня Зерно, Санкт-Петербург, Ленина, 75;Санкт-Петербург, просп. Ленина, 75;59.750225;30.564432;zerno-osm-01227
Кофейня Зерно, Санкт-Петербург, Братьев Радченко;Санкт-Петербург, ул. Братьев Радченко, 3 литБ;59.752847;30.579715;zerno-osm-01228
Кофейня Зерно, Санкт-Петербург, Финляндская;Санкт-Петербург, ул. Финляндская, 13 литВМ;59.753287;30.578866;zerno-osm-01229
Кофейня Зерно, Санкт-Петербург, Московское;Санкт-Петербург, Московское ш., 246А;59.759239;30.476351;zerno-osm-01230
Кофейня Зерно, Санкт-Петербург, Садовая;Санкт-Петербург, ул. Садовая, 47 к1;59.776217;30.048273;zerno-osm-01231
Кофейня Зерно, Санкт-Петербург, Пулковское;Санкт-Петербург, Пулковское ш., 51 А;59.779599;30.324078;zerno-osm-01232
Кофейня Зерно, Санкт-Петербург, 1-й микрорайон;Санкт-Петербург, 1-й микрорайон, 2/1;59.792226;29.924822;zerno-osm-01233
Кофейня Зерно, Санкт-Петербург, Луговая;Санкт-Петербург, ул. Луговая, 18В с2;59.795179;29.915590;zerno-osm-01234
Кофейня Зерно, Санкт-Петербург, Пулковское, 41 литЗИ;Санкт-Петербург, Пулковское ш., 41 литЗИ;59.799640;30.275676;zerno-osm-01235
Кофейня Зерно, Санкт-Петербург, Первомайская;Санкт-Петербург, ул. Первомайская, 16;59.807125;30.374300;zerno-osm-01236
Кофейня Зерно, Санкт-Петербург, Овцинская;Санкт-Петербург, ул. Овцинская, 66А;59.807460;30.617161;zerno-osm-01237
Кофейня Зерно, Санкт-Петербург, Центральная;Санкт-Петербург, ул. Центральная, 5;59.809099;30.071611;zerno-osm-01238
Кофейня Зерно, Санкт-Петербург, Пионерская;Санкт-Петербург, ул. Пионерская, 6/11;59.810136;30.571101;zerno-osm-01239
Кофейня Зерно, Санкт-Петербург, Поселковая;Санкт-Петербург, ул. Поселковая, 12Д;59.810945;30.391925;zerno-osm-01240
Кофейня Зерно, Санкт-Петербург, Красносельское;Санкт-Петербург, Красносельское ш., 2;59.811795;30.076964;zerno-osm-01241
Кофейня Зерно, Санкт-Петербург, Взлётная;Санкт-Петербург, ул. Взлётная, 11 к2;59.813773;30.287975;zerno-osm-01242
Кофейня Зерно, Санкт-Петербург, Пулковское, 38 к8;Санкт-Петербург, Пулковское ш., 38 к8;59.820239;30.325880;zerno-osm-01243
Кофейня Зерно, Санкт-Петербург, Пулковское, 38 к7;Санкт-Петербург, Пулковское ш., 38 к7;59.820612;30.327174;zerno-osm-01244
Кофейня Зерно, Санкт-Петербург, Пулковское, 21 к2;Санкт-Петербург, Пулковское ш., 21 к2;59.823670;30.319249;zerno-osm-01245
Кофейня Зерно, Санкт-Петербург, Купчино;Санкт-Петербург, ул. Балканская, 17;59.826912;30.379583;zerno-osm-01246
Кофейня Зерно, Санкт-Петербург, Балканская;Санкт-Петербург, Балканская пл., 5 литЮ;59.827317;30.378791;zerno-osm-01247
Кофейня Зерно, Санкт-Петербург, Балканская, 5 литЯ;Санкт-Петербург, Балканская пл., 5 литЯ;59.829287;30.378213;zerno-osm-01248
Кофейня Зерно, Санкт-Петербург, Заводская;Санкт-Петербург, ул. Заводская, 15 с1;59.830514;30.544772;zerno-osm-01249
Кофейня Зерно, Санкт-Петербург, Бухарестская;Санкт-Петербург, ул. Бухарестская, 150 литА;59.831181;30.422740;zerno-osm-01250
Кофейня Зерно, Санкт-Петербург, Пулковское, 14 литГ;Санкт-Петербург, Пулковское ш., 14 литГ;59.832053;30.325797;zerno-osm-01251
Кофейня Зерно, Санкт-Петербург, Пограничника Гарькавого;Санкт-Петербург, ул. Пограничника Гарькавого, 36 к7;59.832372;30.147836;zerno-osm-01252
Кофейня Зерно, Санкт-Петербург, Ветеранов;Санкт-Петербург, просп. Ветеранов, 108 к1;59.832754;30.206433;zerno-osm-01253
Кофейня Зерно, Санкт-Петербург, Партизана Германа;Санкт-Петербург, ул. Партизана Германа, 14 к5;59.833499;30.176145;zerno-osm-01254
Кофейня Зерно, Санкт-Петербург, Купчинская;Санкт-Петербург, ул. Купчинская, 23, корп. 1;59.833811;30.391133;zerno-osm-01255
Кофейня Зерно, Санкт-Петербург, Партизана Германа, 14/117;Санкт-Петербург, ул. Партизана Германа, 14/117;59.834581;30.176907;zerno-osm-01256
Кофейня Зерно, Санкт-Петербург, Дунайская;Санкт-Петербург, ул. Ярослава Гашека, 19 с1;59.835503;30.405540;zerno-osm-01257
Кофейня Зерно, Санкт-Петербург, Ветеранов, 167;Санкт-Петербург, просп. Ветеранов, 167;59.835759;30.116851;zerno-osm-01258
Кофейня Зерно, Санкт-Петербург, Звёздная;Санкт-Петербург, просп. Космонавтов, 63 к1;59.838173;30.357201;zerno-osm-01259
Кофейня Зерно, Санкт-Петербург, Юрия Гагарина;Санкт-Петербург, просп. Юрия Гагарина, 75;59.838812;30.335369;zerno-osm-01260
Кофейня Зерно, Санкт-Петербург, Кубинская;Санкт-Петербург, ул. Кубинская, 77;59.839512;30.298829;zerno-osm-01261
Кофейня Зерно, Санкт-Петербург, Ветеранов, 53/56 литА;Санкт-Петербург, просп. Ветеранов, 53/56 литА;59.840728;30.238002;zerno-osm-01262
Кофейня Зерно, Санкт-Петербург, Ветеранов, 169 к6 с1;Санкт-Петербург, просп. Ветеранов, 169 к6 с1;59.842062;30.116444;zerno-osm-01263
Кофейня Зерно, Санкт-Петербург, Проспект Ветеранов;Санкт-Петербург, бул. Новаторов, 77 к2;59.842484;30.248487;zerno-osm-01264
Кофейня Зерно, Санкт-Петербург, 1-й Предпортовый;Санкт-Петербург, 1-й Предпортовый пр., 11;59.843601;30.301868;zerno-osm-01265
Кофейня Зерно, Санкт-Петербург, Подводника Кузьмина;Санкт-Петербург, ул. Подводника Кузьмина, 44B;59.844675;30.264275;zerno-osm-01266
Кофейня Зерно, Санкт-Петербург, Обухово;Санкт-Петербург, просп. Девятого Января, 19;59.844801;30.454205;zerno-osm-01267
Кофейня Зерно, Санкт-Петербург, Первых;Санкт-Петербург, ул. Первых, 4 к1;59.846347;30.536320;zerno-osm-01268
Кофейня Зерно, Санкт-Петербург, Народного Ополчения;Санкт-Петербург, просп. Народного Ополчения, 20А;59.846663;30.280713;zerno-osm-01269
Кофейня Зерно, Санкт-Петербург, Зины Портновой;Санкт-Петербург, ул. Зины Портновой, 54;59.848180;30.256776;zerno-osm-01270
Кофейня Зерно, Санкт-Петербург, Варшавская;Санкт-Петербург, ул. Варшавская, 63 к1 литТ;59.848369;30.314225;zerno-osm-01271
Кофейня Зерно, Санкт-Петербург, Краснопутиловская;Санкт-Петербург, ул. Краснопутиловская, 96;59.848916;30.311936;zerno-osm-01272
Кофейня Зерно, Санкт-Петербург, Львовская;Санкт-Петербург, ул. Львовская, 29;59.849232;30.028922;zerno-osm-01273
Кофейня Зерно, Санкт-Петербург, Петергофское;Санкт-Петербург, Петергофское ш., 51;59.849536;30.142525;zerno-osm-01274
Кофейня Зерно, Санкт-Петербург, Конституции;Санкт-Петербург, пл. Конституции, 3А;59.850594;30.306521;zerno-osm-01275
Кофейня Зерно, Санкт-Петербург, Ленинский;Санкт-Петербург, Ленинский просп., 109;59.851380;30.241347;zerno-osm-01276
Кофейня Зерно, Санкт-Петербург, Варшавская, 96;Санкт-Петербург, ул. Варшавская, 96;59.851393;30.315070;zerno-osm-01277
Кофейня Зерно, Санкт-Петербург, Ленинский проспект;Санкт-Петербург, Ленинский просп., 127В;59.851533;30.267344;zerno-osm-01278
Кофейня Зерно, Санкт-Петербург, Типанова;Санкт-Петербург, ул. Типанова, 8;59.851902;30.331564;zerno-osm-01279
Кофейня Зерно, Санкт-Петербург, Зины Портновой, 32;Санкт-Петербург, ул. Зины Портновой, 32;59.852294;30.256739;zerno-osm-01280
Кофейня Зерно, Санкт-Петербург, Ленинский, 176;Санкт-Петербург, Ленинский просп., 176;59.852472;30.316386;zerno-osm-01281
Кофейня Зерно, Санкт-Петербург, Типанова, 21;Санкт-Петербург, ул. Типанова, 21;59.853301;30.340784;zerno-osm-01282
Кофейня Зерно, Санкт-Петербург, Космонавтов;Санкт-Петербург, просп. Космонавтов, 39;59.853917;30.349851;zerno-osm-01283
Кофейня Зерно, Санкт-Петербург, Авиационная;Санкт-Петербург, ул. Авиационная, 18;59.854762;30.324861;zerno-osm-01284
Кофейня Зерно, Санкт-Петербург, Ленинский, 87 к1;Санкт-Петербург, Ленинский просп., 87 к1;59.855260;30.204358;zerno-osm-01285
Кофейня Зерно, Санкт-Петербург, Витебский;Санкт-Петербург, Витебский просп., 41 к1;59.855727;30.360394;zerno-osm-01286
Кофейня Зерно, Санкт-Петербург, Проспект Славы;Санкт-Петербург, Южное ш., 55 к4;59.856123;30.403519;zerno-osm-01287
Кофейня Зерно, Санкт-Петербург, Ленинский, 88;Санкт-Петербург, Ленинский просп., 88;59.856534;30.204071;zerno-osm-01288
Кофейня Зерно, Санкт-Петербург, Будапештская;Санкт-Петербург, ул. Будапештская, 39;59.857064;30.378285;zerno-osm-01289
Кофейня Зерно, Санкт-Петербург, Славы;Санкт-Петербург, просп. Славы, 30 к1;59.858405;30.387803;zerno-osm-01290
Кофейня Зерно, Санкт-Петербург, Ленсовета;Санкт-Петербург, ул. Ленсовета, 10;59.858652;30.329943;zerno-osm-01291
Кофейня Зерно, Санкт-Петербург, Ленинский, 1П;Санкт-Петербург, Ленинский просп., 1П;59.859078;30.187985;zerno-osm-01292
Кофейня Зерно, Санкт-Петербург, Будапештская, 22;Санкт-Петербург, ул. Будапештская, 22;59.859471;30.376445;zerno-osm-01293
Кофейня Зерно, Санкт-Петербург, Александровской Фермы;Санкт-Петербург, просп. Александровской Фермы, 17 к2;59.860218;30.449814;zerno-osm-01294
Кофейня Зерно, Санкт-Петербург, Маршала Казакова;Санкт-Петербург, ул. Маршала Казакова, 1 к1 литЕ;59.860817;30.249503;zerno-osm-01295
Кофейня Зерно, Санкт-Петербург, Маршала Казакова, 50 к1;Санкт-Петербург, ул. Маршала Казакова, 50 к1;59.861269;30.197589;zerno-osm-01296
Кофейня Зерно, Санкт-Петербург, Парк Победы;Санкт-Петербург, Московский просп., 171;59.862125;30.319588;zerno-osm-01297
Кофейня Зерно, Санкт-Петербург, Южное;Санкт-Петербург, Южное ш., 66;59.862981;30.414057;zerno-osm-01298
Кофейня Зерно, Санкт-Петербург, Московский;Санкт-Петербург, Московский просп., 192-194;59.863419;30.321345;zerno-osm-01299
Кофейня Зерно, Санкт-Петербург, Ленинский, 49;Санкт-Петербург, Ленинский просп., 49;59.863942;30.165335;zerno-osm-01300
Кофейня Зерно, Санкт-Петербург, Обуховской Обороны;Санкт-Петербург, просп. Обуховской Обороны, 229/7;59.863996;30.469524;zerno-osm-01301
Кофейня Зерно, Санкт-Петербург, Русановская;Санкт-Петербург, ул. Русановская, 17 к1;59.864550;30.511547;zerno-osm-01302
Кофейня Зерно, Санкт-Петербург, Южное, 35 к2;Санкт-Петербург, Южное ш., 35 к2;59.866046;30.424854;zerno-osm-01303
Кофейня Зерно, Санкт-Петербург, Варшавская, 46;Санкт-Петербург, ул. Варшавская, 46;59.866153;30.314719;zerno-osm-01304
Кофейня Зерно, Санкт-Петербург, Южное, 46;Санкт-Петербург, Южное ш., 46;59.866375;30.424273;zerno-osm-01305
Кофейня Зерно, Санкт-Петербург, Сортировочная-Московская;Санкт-Петербург, ул. Сортировочная-Московская, 15;59.867409;30.428530;zerno-osm-01306
Кофейня Зерно, Санкт-Петербург, Седова;Санкт-Петербург, ул. Седова, 91 к1;59.867899;30.441509;zerno-osm-01307
Кофейня Зерно, Санкт-Петербург, Автово;Санкт-Петербург, просп. Стачек, 73;59.868696;30.259563;zerno-osm-01308
Кофейня Зерно, Санкт-Петербург, Стачек;Санкт-Петербург, просп. Стачек, 92 к3;59.868711;30.263428;zerno-osm-01309
Кофейня Зерно, Санкт-Петербург, Международная;Санкт-Петербург, ул. Белы Куна, 3;59.870472;30.379404;zerno-osm-01310
Кофейня Зерно, Санкт-Петербург, Белы Куна;Санкт-Петербург, ул. Белы Куна, 6 к1;59.870883;30.377650;zerno-osm-01311
Кофейня Зерно, Санкт-Петербург, Софийская;Санкт-Петербург, ул. Софийская, 47 к1;59.871175;30.405549;zerno-osm-01312
Кофейня Зерно, Санкт-Петербург, Московский, 155;Санкт-Петербург, Московский просп., 155;59.871313;30.319781;zerno-osm-01313
Кофейня Зерно, Санкт-Петербург, Путиловская;Санкт-Петербург, ул. Краснопутиловская, 16/13;59.872329;30.266986;zerno-osm-01314
Кофейня Зерно, Санкт-Петербург, Бабушкина;Санкт-Петербург, ул. Бабушкина, 52;59.873213;30.447612;zerno-osm-01315
Кофейня Зерно, Санкт-Петербург, Ломоносовская;Санкт-Петербург, ул. Бабушкина, 81 к1;59.874128;30.445766;zerno-osm-01316
Кофейня Зерно, Санкт-Петербург, Ивановская;Санкт-Петербург, ул. Ивановская, 14;59.874756;30.443195;zerno-osm-01317
Кофейня Зерно, Санкт-Петербург, Электросила;Санкт-Петербург, ул. Варшавская, 19 к1;59.875436;30.312420;zerno-osm-01318
Кофейня Зерно, Санкт-Петербург, Севастьянова;Санкт-Петербург, ул. Севастьянова, 5;59.875689;30.328655;zerno-osm-01319
Кофейня Зерно, Санкт-Петербург, Царицынская;Санкт-Петербург, ул. Царицынская, 2;59.875967;29.916120;zerno-osm-01320
Кофейня Зерно, Санкт-Петербург, Благодатная;Санкт-Петербург, ул. Благодатная, 16;59.875984;30.314904;zerno-osm-01321
Кофейня Зерно, Санкт-Петербург, Цветочная;Санкт-Петербург, ул. Цветочная, 77;59.876397;29.831134;zerno-osm-01322
Кофейня Зерно, Санкт-Петербург, Бабушкина, 42 к1;Санкт-Петербург, ул. Бабушкина, 42 к1;59.876830;30.443851;zerno-osm-01323
Кофейня Зерно, Санкт-Петербург, Московский, 139А;Санкт-Петербург, Московский просп., 139А;59.877668;30.315749;zerno-osm-01324
Кофейня Зерно, Санкт-Петербург, Корабельная;Санкт-Петербург, ул. Корабельная, 6 к4;59.877897;30.243012;zerno-osm-01325
Кофейня Зерно, Санкт-Петербург, Московский, 166;Санкт-Петербург, Московский просп., 166;59.878914;30.320719;zerno-osm-01326
Кофейня Зерно, Санкт-Петербург, Санкт-Петербургский;Санкт-Петербург, Санкт-Петербургский просп., 30;59.878984;29.914893;zerno-osm-01327
Кофейня Зерно, Санкт-Петербург, Софийская, 14;Санкт-Петербург, ул. Софийская, 14;59.879451;30.396724;zerno-osm-01328
Кофейня Зерно, Санкт-Петербург, Кировский завод;Санкт-Петербург, просп. Стачек, 66;59.880239;30.263149;zerno-osm-01329
Кофейня Зерно, Санкт-Петербург, Фарфоровская;Санкт-Петербург, ул. Фарфоровская, 3 к1;59.881483;30.435696;zerno-osm-01330
Кофейня Зерно, Санкт-Петербург, Московский, 137;Санкт-Петербург, Московский просп., 137;59.881829;30.314167;zerno-osm-01331
Кофейня Зерно, Санкт-Петербург, Бабушкина, 53;Санкт-Петербург, ул. Бабушкина, 53;59.883307;30.433284;zerno-osm-01332
Кофейня Зерно, Санкт-Петербург, Народная;Санкт-Петербург, ул. Народная, 87;59.884337;30.486785;zerno-osm-01333
Кофейня Зерно, Санкт-Петербург, Морского Десанта;Санкт-Петербург, ул. Морского Десанта, 3;59.885131;29.903841;zerno-osm-01334
Кофейня Зерно, Санкт-Петербург, Софийская, 6 к6 литА;Санкт-Петербург, ул. Софийская, 6 к6 литА;59.886535;30.395176;zerno-osm-01335
Кофейня Зерно, Санкт-Петербург, Цветочная, 16;Санкт-Петербург, ул. Цветочная, 16;59.886894;30.329970;zerno-osm-01336
Кофейня Зерно, Санкт-Петербург, Московские ворота;Санкт-Петербург, Московский просп., 115;59.888560;30.318513;zerno-osm-01337
Кофейня Зерно, Санкт-Петербург, Заставская;Санкт-Петербург, ул. Заставская, 15;59.889066;30.325114;zerno-osm-01338
Кофейня Зерно, Санкт-Петербург, Стачек, 22;Санкт-Петербург, просп. Стачек, 22;59.890908;30.272797;zerno-osm-01339
Кофейня Зерно, Санкт-Петербург, Обуховской Обороны, 117;Санкт-Петербург, просп. Обуховской Обороны, 117;59.892891;30.438736;zerno-osm-01340
Кофейня Зерно, Санкт-Петербург, Урхов;Санкт-Петербург, Урхов пер., 7;59.892958;30.281541;zerno-osm-01341
Кофейня Зерно, Санкт-Петербург, Барклаевская;Санкт-Петербург, ул. Барклаевская, 5 литБ;59.894218;30.332883;zerno-osm-01342
Кофейня Зерно, Санкт-Петербург, Елизаровская;Санкт-Петербург, просп. Елизарова, 14;59.895909;30.423045;zerno-osm-01343
Кофейня Зерно, Санкт-Петербург, Лиговский;Санкт-Петербург, Лиговский просп., 287;59.896293;30.332628;zerno-osm-01344
Кофейня Зерно, Санкт-Петербург, Большевиков;Санкт-Петербург, просп. Большевиков, 32А;59.896339;30.492612;zerno-osm-01345
Кофейня Зерно, Санкт-Петербург, Обуховской Обороны, 97;Санкт-Петербург, просп. Обуховской Обороны, 97;59.896985;30.432815;zerno-osm-01346
Кофейня Зерно, Санкт-Петербург, Елизарова;Санкт-Петербург, просп. Елизарова, 6/1;59.897491;30.427514;zerno-osm-01347
Кофейня Зерно, Санкт-Петербург, Елизарова, 1;Санкт-Петербург, просп. Елизарова, 1;59.897993;30.427967;zerno-osm-01348
Кофейня Зерно, Санкт-Петербург, Дальневосточный;Санкт-Петербург, Дальневосточный просп., 33 к1 с1;59.898955;30.458735;zerno-osm-01349
Кофейня Зерно, Санкт-Петербург, Дыбенко;Санкт-Петербург, ул. Дыбенко, 7 к1;59.899716;30.455071;zerno-osm-01350
Кофейня Зерно, Санкт-Петербург, Нарвская;Санкт-Петербург, пл. Стачек, 9;59.899828;30.274074;zerno-osm-01351
Кофейня Зерно, Санкт-Петербург, Парфёновская;Санкт-Петербург, ул. Парфёновская, 14 к1;59.900380;30.312619;zerno-osm-01352
Кофейня Зерно, Санкт-Петербург, Старо-Петергофский;Санкт-Петербург, Старо-Петергофский просп., 54;59.901265;30.275669;zerno-osm-01353
Кофейня Зерно, Санкт-Петербург, Дыбенко, 8 к3 с1;Санкт-Петербург, ул. Дыбенко, 8 к3 с1;59.901547;30.456418;zerno-osm-01354
Кофейня Зерно, Санкт-Петербург, Парфёновская, 12 с1;Санкт-Петербург, ул. Парфёновская, 12 с1;59.902178;30.312344;zerno-osm-01355
Кофейня Зерно, Санкт-Петербург, Московский, 86;Санкт-Петербург, Московский просп., 86;59.902872;30.319551;zerno-osm-01356
Кофейня Зерно, Санкт-Петербург, Киевская;Санкт-Петербург, ул. Киевская, 6 к2;59.903024;30.323756;zerno-osm-01357
Кофейня Зерно, Санкт-Петербург, Нарвский;Санкт-Петербург, Нарвский просп., 23;59.903149;30.273481;zerno-osm-01358
Кофейня Зерно, Санкт-Петербург, Киевская, 9;Санкт-Петербург, ул. Киевская, 9;59.903885;30.335559;zerno-osm-01359
Кофейня Зерно, Санкт-Петербург, Смоленская;Санкт-Петербург, ул. Смоленская, 9;59.904026;30.322241;zerno-osm-01360
Кофейня Зерно, Санкт-Петербург, Дыбенко, 16;Санкт-Петербург, ул. Дыбенко, 16;59.904914;30.468544;zerno-osm-01361
Кофейня Зерно, Санкт-Петербург, Улица Дыбенко;Санкт-Петербург, ул. Дыбенко, 27 к1;59.905591;30.479921;zerno-osm-01362
Кофейня Зерно, Санкт-Петербург, Бумажная;Санкт-Петербург, ул. Бумажная, 16;59.905824;30.266857;zerno-osm-01363
Кофейня Зерно, Санкт-Петербург, Новая;Санкт-Петербург, ул. Новая, 1;59.905959;30.504007;zerno-osm-01364
Кофейня Зерно, Санкт-Петербург, Красноармейская;Санкт-Петербург, ул. Красноармейская, 33А;59.906441;29.779747;zerno-osm-01365
Кофейня Зерно, Санкт-Петербург, Московский, 65 литЦ;Санкт-Петербург, Московский просп., 65 литЦ;59.906791;30.315692;zerno-osm-01366
Кофейня Зерно, Санкт-Петербург, Обводный канал;Санкт-Петербург, ул. Расстанная, 10;59.907303;30.347364;zerno-osm-01367
Кофейня Зерно, Санкт-Петербург, Большевиков, 18;Санкт-Петербург, просп. Большевиков, 18;59.908122;30.482869;zerno-osm-01368
Кофейня Зерно, Санкт-Петербург, Балтийская;Санкт-Петербург, наб. Обводного канала, 132;59.908574;30.291207;zerno-osm-01369
Кофейня Зерно, Санкт-Петербург, Обводного канала;Санкт-Петербург, наб. Обводного канала, 141;59.909143;30.314423;zerno-osm-01370
Кофейня Зерно, Санкт-Петербург, Циолковского;Санкт-Петербург, ул. Циолковского, 13-15 литЕ;59.909552;30.287527;zerno-osm-01371
Кофейня Зерно, Санкт-Петербург, Старо-Петергофский, 21 литЕ;Санкт-Петербург, Старо-Петергофский просп., 21 литЕ;59.910137;30.275524;zerno-osm-01372
Кофейня Зерно, Санкт-Петербург, Пражская;Санкт-Петербург, ул. Пражская, 4;59.910219;30.508313;zerno-osm-01373
Кофейня Зерно, Санкт-Петербург, Лермонтовский;Санкт-Петербург, Лермонтовский просп., 55;59.910670;30.297426;zerno-osm-01374
Кофейня Зерно, Санкт-Петербург, Курляндская;Санкт-Петербург, ул. Курляндская, 48;59.911180;30.267068;zerno-osm-01375
Кофейня Зерно, Санкт-Петербург, Нефтяная дорога;Санкт-Петербург, Нефтяная дорога, 1а;59.911436;30.364207;zerno-osm-01376
Кофейня Зерно, Санкт-Петербург, Курляндская, 49;Санкт-Петербург, ул. Курляндская, 49;59.911478;30.267901;zerno-osm-01377
Кофейня Зерно, Санкт-Петербург, Старо-Петергофский, 19;Санкт-Петербург, Старо-Петергофский просп., 19;59.911728;30.276084;zerno-osm-01378
Кофейня Зерно, Санкт-Петербург, Коллонтай;Санкт-Петербург, ул. Коллонтай, 3;59.911993;30.446205;zerno-osm-01379
Кофейня Зерно, Санкт-Петербург, Лермонтовский, 49;Санкт-Петербург, Лермонтовский просп., 49;59.912217;30.297365;zerno-osm-01380
Кофейня Зерно, Санкт-Петербург, Старо-Петергофский, 17;Санкт-Петербург, Старо-Петергофский просп., 17;59.912528;30.276886;zerno-osm-01381
Кофейня Зерно, Санкт-Петербург, Дровяная;Санкт-Петербург, ул. Дровяная, 3А литВ-2;59.912832;30.292224;zerno-osm-01382
Кофейня Зерно, Санкт-Петербург, Ленинградская, 5;Санкт-Петербург, ул. Ленинградская, 5;59.913477;30.510119;zerno-osm-01383
Кофейня Зерно, Санкт-Петербург, Лермонтовский, 44;Санкт-Петербург, Лермонтовский просп., 44;59.913782;30.298195;zerno-osm-01384
Кофейня Зерно, Санкт-Петербург, Подвойского;Санкт-Петербург, ул. Подвойского, 22;59.913789;30.477178;zerno-osm-01385
Кофейня Зерно, Санкт-Петербург, Еленинская;Санкт-Петербург, ул. Еленинская, 24 к2;59.914346;29.771028;zerno-osm-01386
Кофейня Зерно, Санкт-Петербург, Технологический институт 1;Санкт-Петербург, Советский пер., 4 литБ;59.914664;30.311071;zerno-osm-01387
Кофейня Зерно, Санкт-Петербург, Обводного канала, 53;Санкт-Петербург, наб. Обводного канала, 53;59.914672;30.357911;zerno-osm-01388
Кофейня Зерно, Санкт-Петербург, 2-я Красноармейская;Санкт-Петербург, ул. 2-я Красноармейская, 7/4;59.915430;30.314578;zerno-osm-01389
Кофейня Зерно, Санкт-Петербург, 1-я Красноармейская;Санкт-Петербург, ул. 1-я Красноармейская, 22;59.915845;30.310907;zerno-osm-01390
Кофейня Зерно, Санкт-Петербург, 1-я Красноармейская, 14;Санкт-Петербург, ул. 1-я Красноармейская, 14;59.915878;30.312873;zerno-osm-01391
Кофейня Зерно, Санкт-Петербург, Лиговский, 147;Санкт-Петербург, Лиговский просп., 147;59.916116;30.350704;zerno-osm-01392
Кофейня Зерно, Санкт-Петербург, Мельничная;Санкт-Петербург, ул. Мельничная, 4;59.917114;30.395925;zerno-osm-01393
Кофейня Зерно, Санкт-Петербург, Обводного канала, 14 литД;Санкт-Петербург, наб. Обводного канала, 14 литД;59.917456;30.393889;zerno-osm-01394
Кофейня Зерно, Санкт-Петербург, Лоцманская;Санкт-Петербург, ул. Лоцманская, 20 литГ;59.917696;30.278758;zerno-osm-01395
Кофейня Зерно, Санкт-Петербург, Лиговский, 133;Санкт-Петербург, Лиговский просп., 133;59.917714;30.351761;zerno-osm-01396
Кофейня Зерно, Санкт-Петербург, Проспект Большевиков;Санкт-Петербург, просп. Большевиков, 3 к1;59.918080;30.470899;zerno-osm-01397
Кофейня Зерно, Санкт-Петербург, Константина Заслонова;Санкт-Петербург, ул. Константина Заслонова, 22;59.918387;30.346403;zerno-osm-01398
Кофейня Зерно, Санкт-Петербург, Большевиков, 1;Санкт-Петербург, просп. Большевиков, 1;59.918753;30.469133;zerno-osm-01399
Кофейня Зерно, Санкт-Петербург, Пушкинская;Санкт-Петербург, Загородный просп., 52 литБ;59.919229;30.328447;zerno-osm-01400
Кофейня Зерно, Санкт-Петербург, Пароходная;Санкт-Петербург, ул. Пароходная, 6;59.919603;29.756987;zerno-osm-01401
Кофейня Зерно, Санкт-Петербург, Большая Подьяческая;Санкт-Петербург, ул. Большая Подьяческая, 34;59.919924;30.305036;zerno-osm-01402
Кофейня Зерно, Санкт-Петербург, Лиговский проспект;Санкт-Петербург, ул. Кременчугская, 19 к2;59.919949;30.370245;zerno-osm-01403
Кофейня Зерно, Санкт-Петербург, Кременчугская;Санкт-Петербург, ул. Кременчугская, 17 к2;59.920529;30.370799;zerno-osm-01404
Кофейня Зерно, Санкт-Петербург, Садовая, 62;Санкт-Петербург, ул. Садовая, 62;59.920890;30.301205;zerno-osm-01405
Кофейня Зерно, Санкт-Петербург, Лиговский, 84/2;Санкт-Петербург, Лиговский просп., 84/2;59.921241;30.355009;zerno-osm-01406
Кофейня Зерно, Санкт-Петербург, Владимирская;Санкт-Петербург, ул. Социалистическая, 20;59.921585;30.345187;zerno-osm-01407
Кофейня Зерно, Санкт-Петербург, Кременчугская, 13 к1;Санкт-Петербург, ул. Кременчугская, 13 к1;59.921854;30.371044;zerno-osm-01408
Кофейня Зерно, Санкт-Петербург, Косая линия;Санкт-Петербург, Косая линия, 24/25;59.922059;30.253294;zerno-osm-01409
Кофейня Зерно, Санкт-Петербург, Площадь Александра Невского 2;Санкт-Петербург, ул. Тележная, 37 литФ;59.922098;30.384221;zerno-osm-01410
Кофейня Зерно, Санкт-Петербург, Кременчугская, 11 к2;Санкт-Петербург, ул. Кременчугская, 11 к2;59.922393;30.368882;zerno-osm-01411
Кофейня Зерно, Санкт-Петербург, Спасская;Санкт-Петербург, ул. Садовая, 54 литЯ;59.922512;30.308393;zerno-osm-01412
Кофейня Зерно, Санкт-Петербург, Садовая, 59;Санкт-Петербург, ул. Садовая, 59;59.922741;30.307800;zerno-osm-01413
Кофейня Зерно, Санкт-Петербург, Коломенская;Санкт-Петербург, ул. Коломенская, 29 литБ;59.923086;30.352866;zerno-osm-01414
Кофейня Зерно, Санкт-Петербург, Матисов;Санкт-Петербург, Матисов пер., 4 литЗ;59.923191;30.279960;zerno-osm-01415
Кофейня Зерно, Санкт-Петербург, Звенигородская;Санкт-Петербург, Загородный просп., 42;59.923314;30.335529;zerno-osm-01416
Кофейня Зерно, Санкт-Петербург, Загородный;Санкт-Петербург, Загородный просп., 42;59.923607;30.336431;zerno-osm-01417
Кофейня Зерно, Санкт-Петербург, Кременчугская, 9 к1;Санкт-Петербург, ул. Кременчугская, 9 к1;59.923799;30.370502;zerno-osm-01418
Кофейня Зерно, Санкт-Петербург, Правды;Санкт-Петербург, ул. Правды, 5;59.923993;30.343087;zerno-osm-01419
Кофейня Зерно, Санкт-Петербург, Сенная площадь;Санкт-Петербург, Московский просп., 4А к1;59.924241;30.320898;zerno-osm-01420
Кофейня Зерно, Санкт-Петербург, Декабристов;Санкт-Петербург, ул. Декабристов, 49;59.924326;30.285671;zerno-osm-01421
Кофейня Зерно, Санкт-Петербург, Московский, 8;Санкт-Петербург, Московский просп., 8;59.924473;30.317932;zerno-osm-01422
Кофейня Зерно, Санкт-Петербург, Коллонтай, 39;Санкт-Петербург, ул. Коллонтай, 39;59.924647;30.488401;zerno-osm-01423
Кофейня Зерно, Санкт-Петербург, Кожевенная линия;Санкт-Петербург, Кожевенная линия, 42 литА;59.924779;30.239198;zerno-osm-01424
Кофейня Зерно, Санкт-Петербург, Площадь Александра Невского 1;Санкт-Петербург, ул. Александра Невского, 2;59.924887;30.382437;zerno-osm-01425
Кофейня Зерно, Санкт-Петербург, Миргородская;Санкт-Петербург, ул. Миргородская, 1Б литЖ;59.925115;30.368113;zerno-osm-01426
Кофейня Зерно, Санкт-Петербург, Декабристов, 39 литБ;Санкт-Петербург, ул. Декабристов, 39 литБ;59.925185;30.287583;zerno-osm-01427
Кофейня Зерно, Санкт-Петербург, Московский, 3А;Санкт-Петербург, Московский просп., 3А;59.925376;30.317089;zerno-osm-01428
Кофейня Зерно, Санкт-Петербург, Марата;Санкт-Петербург, ул. Марата, 34 литБ;59.925663;30.353076;zerno-osm-01429
Кофейня Зерно, Санкт-Петербург, Тележная;Санкт-Петербург, ул. Тележная, 15;59.925747;30.374150;zerno-osm-01430
Кофейня Зерно, Санкт-Петербург, Бородинская;Санкт-Петербург, ул. Бородинская, 2/86;59.926001;30.330948;zerno-osm-01431
Кофейня Зерно, Санкт-Петербург, Марата, 33;Санкт-Петербург, ул. Марата, 33;59.926056;30.351752;zerno-osm-01432
Кофейня Зерно, Санкт-Петербург, Достоевская;Санкт-Петербург, Загородный просп., 13;59.926293;30.341883;zerno-osm-01433
Кофейня Зерно, Санкт-Петербург, Невский;Санкт-Петербург, Невский просп., 127 литВ;59.926515;30.373744;zerno-osm-01434
Кофейня Зерно, Санкт-Петербург, Загородный, 11;Санкт-Петербург, Загородный просп., 11;59.926696;30.343342;zerno-osm-01435
Кофейня Зерно, Санкт-Петербург, Площадь Восстания;Санкт-Петербург, Полтавский пр., 5 литЮ;59.926769;30.367395;zerno-osm-01436
Кофейня Зерно, Санкт-Петербург, Новочеркасская;Санкт-Петербург, ул. Стахановцев, 10 к3;59.926844;30.408437;zerno-osm-01437
Кофейня Зерно, Санкт-Петербург, канала Грибоедова;Санкт-Петербург, наб. канала Грибоедова, 81;59.926932;30.306302;zerno-osm-01438
Кофейня Зерно, Санкт-Петербург, Невский, 127а литА;Санкт-Петербург, Невский просп., 127а литА;59.927161;30.374884;zerno-osm-01439
Кофейня Зерно, Санкт-Петербург, Загородный, 7;Санкт-Петербург, Загородный просп., 7;59.927268;30.344793;zerno-osm-01440
Кофейня Зерно, Санкт-Петербург, Садовая, 40;Санкт-Петербург, ул. Садовая, 40;59.927510;30.320844;zerno-osm-01441
Кофейня Зерно, Санкт-Петербург, Большой В.О.;Санкт-Петербург, Большой просп. В.О., 97/2;59.927554;30.242162;zerno-osm-01442
Кофейня Зерно, Санкт-Петербург, Ломоносова;Санкт-Петербург, ул. Ломоносова, 14;59.927702;30.338290;zerno-osm-01443
Кофейня Зерно, Санкт-Петербург, Садовая, 38;Санкт-Петербург, ул. Садовая, 38;59.927895;30.321071;zerno-osm-01444
Кофейня Зерно, Санкт-Петербург, Лиговский, 30;Санкт-Петербург, Лиговский просп., 30;59.928150;30.360548;zerno-osm-01445
Кофейня Зерно, Санкт-Петербург, Садовая, 33;Санкт-Петербург, ул. Садовая, 33;59.928321;30.321101;zerno-osm-01446
Кофейня Зерно, Санкт-Петербург, Владимирский;Санкт-Петербург, Владимирский просп., 19;59.928393;30.346906;zerno-osm-01447
Кофейня Зерно, Санкт-Петербург, Колокольная;Санкт-Петербург, ул. Колокольная, 9;59.928471;30.351140;zerno-osm-01448
Кофейня Зерно, Санкт-Петербург, Фонарный;Санкт-Петербург, Фонарный пер., 8;59.928607;30.305425;zerno-osm-01449
Кофейня Зерно, Санкт-Петербург, Садовая, 28-30 к27;Санкт-Петербург, ул. Садовая, 28-30 к27;59.928849;30.327240;zerno-osm-01450
Кофейня Зерно, Санкт-Петербург, Перекупной;Санкт-Петербург, Перекупной пер., 12/13;59.928879;30.377904;zerno-osm-01451
Кофейня Зерно, Санкт-Петербург, Спасский;Санкт-Петербург, Спасский пер., 6-8;59.929100;30.317867;zerno-osm-01452
Кофейня Зерно, Санкт-Петербург, Гончарная;Санкт-Петербург, ул. Гончарная, 14;59.929216;30.366443;zerno-osm-01453
Кофейня Зерно, Санкт-Петербург, Антоненко;Санкт-Петербург, пер. Антоненко, 5;59.929447;30.311928;zerno-osm-01454
Кофейня Зерно, Санкт-Петербург, Большая Морская;Санкт-Петербург, ул. Большая Морская, 67 литЯ;59.929492;30.295108;zerno-osm-01455
Кофейня Зерно, Санкт-Петербург, Владимирский, 15;Санкт-Петербург, Владимирский просп., 15;59.929578;30.347337;zerno-osm-01456
Кофейня Зерно, Санкт-Петербург, Новочеркасский;Санкт-Петербург, Новочеркасский просп., 367;59.929851;30.414962;zerno-osm-01457
Кофейня Зерно, Санкт-Петербург, Маяковская;Санкт-Петербург, ул. Пушкинская, 7;59.929873;30.357060;zerno-osm-01458
Кофейня Зерно, Санкт-Петербург, реки Мойки;Санкт-Петербург, наб. реки Мойки, 90;59.930027;30.300176;zerno-osm-01459
Кофейня Зерно, Санкт-Петербург, Адмиралтейского канала;Санкт-Петербург, наб. Адмиралтейского канала, 21;59.930094;30.288499;zerno-osm-01460
Кофейня Зерно, Санкт-Петербург, Стахановцев;Санкт-Петербург, ул. Стахановцев, 1 с1;59.930346;30.404801;zerno-osm-01461
Кофейня Зерно, Санкт-Петербург, Казанская;Санкт-Петербург, ул. Казанская, 26;59.930458;30.318327;zerno-osm-01462
Кофейня Зерно, Санкт-Петербург, Казанская, 26/27;Санкт-Петербург, ул. Казанская, 26/27;59.930523;30.317536;zerno-osm-01463
Кофейня Зерно, Санкт-Петербург, Шевченко;Санкт-Петербург, ул. Шевченко, 5;59.930629;30.246272;zerno-osm-01464
Кофейня Зерно, Санкт-Петербург, Горный институт;Санкт-Петербург, 24-я линия В.О., 3-7;59.930697;30.262269;zerno-osm-01465
Кофейня Зерно, Санкт-Петербург, Косая линия, 3 к1;Санкт-Петербург, Косая линия, 3 к1;59.930878;30.260624;zerno-osm-01466
Кофейня Зерно, Санкт-Петербург, Ладожская;Санкт-Петербург, просп. Энергетиков, 3;59.931012;30.437680;zerno-osm-01467
Кофейня Зерно, Санкт-Петербург, Адмиралтейского канала, 3;Санкт-Петербург, наб. Адмиралтейского канала, 3;59.931275;30.291055;zerno-osm-01468
Кофейня Зерно, Санкт-Петербург, Невский, 73-75/2;Санкт-Петербург, Невский просп., 73-75/2;59.931358;30.355702;zerno-osm-01469
Кофейня Зерно, Санкт-Петербург, Невский, 71;Санкт-Петербург, Невский просп., 71;59.931595;30.354441;zerno-osm-01470
Кофейня Зерно, Санкт-Петербург, Невский, 106;Санкт-Петербург, Невский просп., 106;59.931761;30.357089;zerno-osm-01471
Кофейня Зерно, Санкт-Петербург, 3-я Советская;Санкт-Петербург, ул. 3-я Советская, 9;59.931947;30.370289;zerno-osm-01472
Кофейня Зерно, Санкт-Петербург, 27-я линия В.О.;Санкт-Петербург, 27-я линия В.О., 16А;59.931968;30.255291;zerno-osm-01473
Кофейня Зерно, Санкт-Петербург, Невский, 55;Санкт-Петербург, Невский просп., 55;59.932135;30.350322;zerno-osm-01474
Кофейня Зерно, Санкт-Петербург, Маяковского;Санкт-Петербург, ул. Маяковского, 2/94;59.932212;30.353493;zerno-osm-01475
Кофейня Зерно, Санкт-Петербург, Почтамтская;Санкт-Петербург, ул. Почтамтская, 10;59.932285;30.302974;zerno-osm-01476
Кофейня Зерно, Санкт-Петербург, Суворовский;Санкт-Петербург, Суворовский просп., 3/5;59.932515;30.368616;zerno-osm-01477
Кофейня Зерно, Санкт-Петербург, Невский проспект;Санкт-Петербург, ул. Казанская, 7 литВ;59.932601;30.320588;zerno-osm-01478
Кофейня Зерно, Санкт-Петербург, Гостиный двор;Санкт-Петербург, пер. Крылова, 2;59.932741;30.333765;zerno-osm-01479
Кофейня Зерно, Санкт-Петербург, Заневский;Санкт-Петербург, Заневский просп., 71;59.932933;30.439923;zerno-osm-01480
Кофейня Зерно, Санкт-Петербург, Лейтенанта Шмидта;Санкт-Петербург, наб. Лейтенанта Шмидта, 31;59.932983;30.274154;zerno-osm-01481
Кофейня Зерно, Санкт-Петербург, Заневский, 71 к2;Санкт-Петербург, Заневский просп., 71 к2;59.933253;30.438828;zerno-osm-01482
Кофейня Зерно, Санкт-Петербург, Лейтенанта Шмидта, 27/2;Санкт-Петербург, наб. Лейтенанта Шмидта, 27/2;59.933274;30.275423;zerno-osm-01483
Кофейня Зерно, Санкт-Петербург, Невский, 74-76;Санкт-Петербург, Невский просп., 74-76;59.933513;30.347024;zerno-osm-01484
Кофейня Зерно, Санкт-Петербург, Казанская, 2;Санкт-Петербург, ул. Казанская, 2;59.933615;30.323842;zerno-osm-01485
Кофейня Зерно, Санкт-Петербург, Караванная;Санкт-Петербург, ул. Караванная, 28;59.933742;30.341231;zerno-osm-01486
Кофейня Зерно, Санкт-Петербург, Невский, 35В;Санкт-Петербург, Невский просп., 35В;59.933954;30.331958;zerno-osm-01487
Кофейня Зерно, Санкт-Петербург, канала Грибоедова, 22;Санкт-Петербург, наб. канала Грибоедова, 22;59.934078;30.326314;zerno-osm-01488
Кофейня Зерно, Санкт-Петербург, Думская;Санкт-Петербург, ул. Думская, 5/22 литГ;59.934241;30.327034;zerno-osm-01489
Кофейня Зерно, Санкт-Петербург, Литейный;Санкт-Петербург, Литейный просп., 56 литЗ;59.934324;30.351728;zerno-osm-01490
Кофейня Зерно, Санкт-Петербург, Большой Васильевского острова;Санкт-Петербург, Большой просп. Васильевского острова, 56;59.934364;30.268093;zerno-osm-01491
Кофейня Зерно, Санкт-Петербург, Галерная;Санкт-Петербург, ул. Галерная, 14;59.934487;30.297927;zerno-osm-01492
Кофейня Зерно, Санкт-Петербург, Гаванская;Санкт-Петербург, ул. Гаванская, 35;59.934580;30.239084;zerno-osm-01493
Кофейня Зерно, Санкт-Петербург, Наставников;Санкт-Петербург, просп. Наставников, 2 к1;59.934808;30.486406;zerno-osm-01494
Кофейня Зерно, Санкт-Петербург, Итальянская;Санкт-Петербург, ул. Итальянская, 37/18;59.935211;30.342636;zerno-osm-01495
Кофейня Зерно, Санкт-Петербург, Энергетиков;Санкт-Петербург, просп. Энергетиков, 4 к1;59.935349;30.434319;zerno-osm-01496
Кофейня Зерно, Санкт-Петербург, Адмиралтейская;Санкт-Петербург, ул. Большая Морская, 16;59.935402;30.317004;zerno-osm-01497
Кофейня Зерно, Санкт-Петербург, Невский, 28;Санкт-Петербург, Невский просп., 28;59.935651;30.325790;zerno-osm-01498
Кофейня Зерно, Санкт-Петербург, Жуковского;Санкт-Петербург, ул. Жуковского, 41;59.935772;30.357558;zerno-osm-01499
Кофейня Зерно, Санкт-Петербург, 13-я линия В.О.;Санкт-Петербург, 13-я линия В.О., 12;59.935859;30.276013;zerno-osm-01500
Кофейня Зерно, Санкт-Петербург, Восстания;Санкт-Петербург, ул. Восстания, 12;59.935987;30.359965;zerno-osm-01501
Кофейня Зерно, Санкт-Петербург, Невский, 13/9;Санкт-Петербург, Невский просп., 13/9;59.936142;30.317112;zerno-osm-01502
Кофейня Зерно, Санкт-Петербург, Невский, 32-34;Санкт-Петербург, Невский просп., 32-34;59.936237;30.329656;zerno-osm-01503
Кофейня Зерно, Санкт-Петербург, Малая Морская;Санкт-Петербург, ул. Малая Морская, 2;59.936293;30.315169;zerno-osm-01504
Кофейня Зерно, Санкт-Петербург, Литейный, 54;Санкт-Петербург, Литейный просп., 54;59.936517;30.348513;zerno-osm-01505
Кофейня Зерно, Санкт-Петербург, Караванная, 8;Санкт-Петербург, ул. Караванная, 8;59.936654;30.342911;zerno-osm-01506
Кофейня Зерно, Санкт-Петербург, Невский, 3;Санкт-Петербург, Невский просп., 3;59.936760;30.312458;zerno-osm-01507
Кофейня Зерно, Санкт-Петербург, 8-я линия В.О.;Санкт-Петербург, 8-я линия В.О., 7;59.936873;30.282825;zerno-osm-01508
Кофейня Зерно, Санкт-Петербург, Василеостровская;Санкт-Петербург, Большой просп. В.О., 47;59.937205;30.274547;zerno-osm-01509
Кофейня Зерно, Санкт-Петербург, Хасанская;Санкт-Петербург, ул. Хасанская, 2 к1;59.937411;30.477340;zerno-osm-01510
Кофейня Зерно, Санкт-Петербург, Чернышевская;Санкт-Петербург, ул. Восстания, 18;59.937425;30.360103;zerno-osm-01511
Кофейня Зерно, Санкт-Петербург, 18-я линия В.О.;Санкт-Петербург, 18-я линия В.О., 29 литЗ;59.937621;30.265059;zerno-osm-01512
Кофейня Зерно, Санкт-Петербург, 11-я линия В.О.;Санкт-Петербург, 11-я линия В.О., 14/39;59.937874;30.276935;zerno-osm-01513
Кофейня Зерно, Санкт-Петербург, 18-я линия В.О., 31;Санкт-Петербург, 18-я линия В.О., 31;59.938075;30.264531;zerno-osm-01514
Кофейня Зерно, Санкт-Петербург, 6-я линия В.О.;Санкт-Петербург, 6-я линия В.О., 9;59.938320;30.284553;zerno-osm-01515
Кофейня Зерно, Санкт-Петербург, Моисеенко;Санкт-Петербург, ул. Моисеенко, 12-14 литВ;59.938485;30.383258;zerno-osm-01516
Кофейня Зерно, Санкт-Петербург, Маяковского, 28 литБ;Санкт-Петербург, ул. Маяковского, 28 литБ;59.938573;30.354913;zerno-osm-01517
Кофейня Зерно, Санкт-Петербург, Некрасова;Санкт-Петербург, ул. Некрасова, 37/20;59.938610;30.362859;zerno-osm-01518
Кофейня Зерно, Санкт-Петербург, Моховая;Санкт-Петербург, ул. Моховая, 46;59.938815;30.345283;zerno-osm-01519
Кофейня Зерно, Санкт-Петербург, Некрасова, 1/38 литБ;Санкт-Петербург, ул. Некрасова, 1/38 литБ;59.938880;30.350569;zerno-osm-01520
Кофейня Зерно, Санкт-Петербург, Шевченко, 29;Санкт-Петербург, ул. Шевченко, 29;59.938994;30.241586;zerno-osm-01521
Кофейня Зерно, Санкт-Петербург, Большой В.О., 25;Санкт-Петербург, Большой просп. В.О., 25;59.939307;30.281806;zerno-osm-01522
Кофейня Зерно, Санкт-Петербург, Средний В.О.;Санкт-Петербург, Средний просп. В.О., 64/39;59.939422;30.266441;zerno-osm-01523
Кофейня Зерно, Санкт-Петербург, Красного Текстильщика;Санкт-Петербург, ул. Красного Текстильщика, 13;59.939546;30.393551;zerno-osm-01524
Кофейня Зерно, Санкт-Петербург, Суворовский, 47;Санкт-Петербург, Суворовский просп., 47;59.939621;30.377546;zerno-osm-01525
Кофейня Зерно, Санкт-Петербург, Репина;Санкт-Петербург, ул. Репина, 10;59.939815;30.290582;zerno-osm-01526
Кофейня Зерно, Санкт-Петербург, Большой В.О., 8/4;Санкт-Петербург, Большой просп. В.О., 8/4;59.940122;30.287820;zerno-osm-01527
Кофейня Зерно, Санкт-Петербург, Брантовская дорога;Санкт-Петербург, Брантовская дорога, 3;59.940351;30.417966;zerno-osm-01528
Кофейня Зерно, Санкт-Петербург, Красного Текстильщика, 10-12 литВ;Санкт-Петербург, ул. Красного Текстильщика, 10-12 литВ;59.940489;30.394324;zerno-osm-01529
Кофейня Зерно, Санкт-Петербург, Большая Конюшенная;Санкт-Петербург, ул. Большая Конюшенная, 3;59.940525;30.324038;zerno-osm-01530
Кофейня Зерно, Санкт-Петербург, Сапёрный;Санкт-Петербург, Сапёрный пер., 15;59.940861;30.359572;zerno-osm-01531
Кофейня Зерно, Санкт-Петербург, Средний В.О., 46;Санкт-Петербург, Средний просп. В.О., 46;59.940924;30.273284;zerno-osm-01532
Кофейня Зерно, Санкт-Петербург, Новгородская;Санкт-Петербург, ул. Новгородская, 23;59.941079;30.390677;zerno-osm-01533
Кофейня Зерно, Санкт-Петербург, Сапёрный, 16/36;Санкт-Петербург, Сапёрный пер., 16/36;59.941327;30.360343;zerno-osm-01534
Кофейня Зерно, Санкт-Петербург, Виленский;Санкт-Петербург, Виленский пер., 12;59.941469;30.366400;zerno-osm-01535
Кофейня Зерно, Санкт-Петербург, Малый В.О.;Санкт-Петербург, Малый просп. В.О., 54 к2;59.941614;30.257400;zerno-osm-01536
Кофейня Зерно, Санкт-Петербург, 9-я линия В.О.;Санкт-Петербург, 9-я линия В.О., 38;59.941882;30.276327;zerno-osm-01537
Кофейня Зерно, Санкт-Петербург, 7-я линия В.О.;Санкт-Петербург, 7-я линия В.О., 42;59.941949;30.279550;zerno-osm-01538
Кофейня Зерно, Санкт-Петербург, Радищева;Санкт-Петербург, ул. Радищева, 39;59.942254;30.364000;zerno-osm-01539
Кофейня Зерно, Санкт-Петербург, 6-я линия В.О., 27;Санкт-Петербург, 6-я линия В.О., 27;59.942520;30.280144;zerno-osm-01540
Кофейня Зерно, Санкт-Петербург, Кадетская линия В.О.;Санкт-Петербург, Кадетская линия В.О., 5 к2 литД;59.942704;30.291441;zerno-osm-01541
Кофейня Зерно, Санкт-Петербург, Восстания, 53;Санкт-Петербург, ул. Восстания, 53;59.943019;30.360456;zerno-osm-01542
Кофейня Зерно, Санкт-Петербург, Кадетская линия В.О., 5 к2 литД;Санкт-Петербург, Кадетская линия В.О., 5 к2 литД;59.943031;30.290900;zerno-osm-01543
Кофейня Зерно, Санкт-Петербург, 1-я линия В.О.;Санкт-Петербург, 1-я линия В.О., 32;59.943347;30.288151;zerno-osm-01544
Кофейня Зерно, Санкт-Петербург, Таврическая;Санкт-Петербург, ул. Таврическая, 15;59.943394;30.378440;zerno-osm-01545
Кофейня Зерно, Санкт-Петербург, Кирочная;Санкт-Петербург, ул. Кирочная, 7;59.943715;30.353602;zerno-osm-01546
Кофейня Зерно, Санкт-Петербург, Средний В.О., 23;Санкт-Петербург, Средний просп. В.О., 23;59.943851;30.280505;zerno-osm-01547
Кофейня Зерно, Санкт-Петербург, Кирочная, 46;Санкт-Петербург, ул. Кирочная, 46;59.943984;30.366217;zerno-osm-01548
Кофейня Зерно, Санкт-Петербург, Кирочная, 12;Санкт-Петербург, ул. Кирочная, 12;59.944124;30.353920;zerno-osm-01549
Кофейня Зерно, Санкт-Петербург, Суворовский, 54;Санкт-Петербург, Суворовский просп., 54;59.944353;30.385845;zerno-osm-01550
Кофейня Зерно, Санкт-Петербург, Литейный, 16;Санкт-Петербург, Литейный просп., 16;59.944805;30.348986;zerno-osm-01551
Кофейня Зерно, Санкт-Петербург, Средний В.О., 9;Санкт-Петербург, Средний просп. В.О., 9;59.945002;30.284369;zerno-osm-01552
Кофейня Зерно, Санкт-Петербург, 11-я линия В.О., 60;Санкт-Петербург, 11-я линия В.О., 60;59.945047;30.269292;zerno-osm-01553
Кофейня Зерно, Санкт-Петербург, 4-я линия В.О.;Санкт-Петербург, 4-я линия В.О., 35-37;59.945215;30.279937;zerno-osm-01554
Кофейня Зерно, Санкт-Петербург, Спортивная;Санкт-Петербург, 1-я линия В.О., 46;59.945394;30.285738;zerno-osm-01555
Кофейня Зерно, Санкт-Петербург, Приморская;Санкт-Петербург, ул. Наличная, 45 к1;59.945655;30.231400;zerno-osm-01556
Кофейня Зерно, Санкт-Петербург, Потёмкинская;Санкт-Петербург, ул. Потёмкинская, 7;59.945759;30.367302;zerno-osm-01557
Кофейня Зерно, Санкт-Петербург, Энергетиков, 19;Санкт-Петербург, просп. Энергетиков, 19;59.946025;30.436284;zerno-osm-01558
Кофейня Зерно, Санкт-Петербург, Гагаринская;Санкт-Петербург, ул. Гагаринская, 12;59.946240;30.342811;zerno-osm-01559
Кофейня Зерно, Санкт-Петербург, Чайковского;Санкт-Петербург, ул. Чайковского, 23;59.946404;30.349796;zerno-osm-01560
Кофейня Зерно, Санкт-Петербург, Чайковского, 58;Санкт-Петербург, ул. Чайковского, 58;59.946542;30.365373;zerno-osm-01561
Кофейня Зерно, Санкт-Петербург, Чайковского, 4;Санкт-Петербург, ул. Чайковского, 4;59.946762;30.343573;zerno-osm-01562
Кофейня Зерно, Санкт-Петербург, Малый В.О., 13;Санкт-Петербург, Малый просп. В.О., 13;59.947522;30.275585;zerno-osm-01563
Кофейня Зерно, Санкт-Петербург, 7-я линия В.О., 76;Санкт-Петербург, 7-я линия В.О., 76;59.947851;30.272787;zerno-osm-01564
Кофейня Зерно, Санкт-Петербург, Захарьевская;Санкт-Петербург, ул. Захарьевская, 14 литВ;59.947911;30.357956;zerno-osm-01565
Кофейня Зерно, Санкт-Петербург, Шпалерная;Санкт-Петербург, ул. Шпалерная, 51 литК;59.948460;30.383558;zerno-osm-01566
Кофейня Зерно, Санкт-Петербург, 6-я линия В.О., 59;Санкт-Петербург, 6-я линия В.О., 59;59.948511;30.272712;zerno-osm-01567
Кофейня Зерно, Санкт-Петербург, Добролюбова;Санкт-Петербург, просп. Добролюбова, 8;59.949193;30.303056;zerno-osm-01568
Кофейня Зерно, Санкт-Петербург, Добролюбова, 3;Санкт-Петербург, просп. Добролюбова, 3;59.949583;30.305634;zerno-osm-01569
Кофейня Зерно, Санкт-Петербург, Уральская;Санкт-Петербург, ул. Уральская, 4 литБ;59.949729;30.266860;zerno-osm-01570
Кофейня Зерно, Санкт-Петербург, реки Смоленки;Санкт-Петербург, наб. реки Смоленки, 3 к2;59.950373;30.261248;zerno-osm-01571
Кофейня Зерно, Санкт-Петербург, Добролюбова, 20 к1;Санкт-Петербург, просп. Добролюбова, 20 к1;59.951258;30.290681;zerno-osm-01572
Кофейня Зерно, Санкт-Петербург, Блохина;Санкт-Петербург, ул. Блохина, 23Б;59.952110;30.297560;zerno-osm-01573
Кофейня Зерно, Санкт-Петербург, Железноводская;Санкт-Петербург, ул. Железноводская, 12;59.952807;30.258448;zerno-osm-01574
Кофейня Зерно, Санкт-Петербург, Большеохтинский;Санкт-Петербург, Большеохтинский просп., 12;59.952912;30.409629;zerno-osm-01575
Кофейня Зерно, Санкт-Петербург, Татарский;Санкт-Петербург, Татарский пер., 1;59.953341;30.306026;zerno-osm-01576
Кофейня Зерно, Санкт-Петербург, Большой П.С.;Санкт-Петербург, Большой просп. П.С., 5/2;59.953841;30.292951;zerno-osm-01577
Кофейня Зерно, Санкт-Петербург, Большой П.С., 12 литБ;Санкт-Петербург, Большой просп. П.С., 12 литБ;59.954297;30.292910;zerno-osm-01578
Кофейня Зерно, Санкт-Петербург, Горьковская;Санкт-Петербург, ул. Куйбышева, 8;59.954623;30.326251;zerno-osm-01579
Кофейня Зерно, Санкт-Петербург, Площадь Ленина;Санкт-Петербург, ул. Комсомола, 33;59.954829;30.359186;zerno-osm-01580
Кофейня Зерно, Санкт-Петербург, Среднеохтинский;Санкт-Петербург, Среднеохтинский просп., 33/15;59.955103;30.415554;zerno-osm-01581
Кофейня Зерно, Санкт-Петербург, Комсомола;Санкт-Петербург, ул. Комсомола, 41;59.955521;30.354842;zerno-osm-01582
Кофейня Зерно, Санкт-Петербург, Комсомола, 35;Санкт-Петербург, ул. Комсомола, 35;59.955897;30.357120;zerno-osm-01583
Кофейня Зерно, Санкт-Петербург, Чкаловская;Санкт-Петербург, ул. Введенская, 9;59.956282;30.302453;zerno-osm-01584
Кофейня Зерно, Санкт-Петербург, Кронверкский;Санкт-Петербург, Кронверкский просп., 23;59.956567;30.319296;zerno-osm-01585
Кофейня Зерно, Санкт-Петербург, Мичуринская;Санкт-Петербург, ул. Мичуринская, 19;59.956626;30.328051;zerno-osm-01586
Кофейня Зерно, Санкт-Петербург, Малая Посадская;Санкт-Петербург, ул. Малая Посадская, 7/4;59.957060;30.322135;zerno-osm-01587
Кофейня Зерно, Санкт-Петербург, Комсомола, 37 к2;Санкт-Петербург, ул. Комсомола, 37 к2;59.957198;30.358971;zerno-osm-01588
Кофейня Зерно, Санкт-Петербург, Пионерская, 19;Санкт-Петербург, ул. Пионерская, 19;59.957509;30.291166;zerno-osm-01589
Кофейня Зерно, Санкт-Петербург, Каменноостровский;Санкт-Петербург, Каменноостровский просп., 10А;59.957928;30.317304;zerno-osm-01590
Кофейня Зерно, Санкт-Петербург, Малая Посадская, 4А;Санкт-Петербург, ул. Малая Посадская, 4А;59.958038;30.320493;zerno-osm-01591
Кофейня Зерно, Санкт-Петербург, Оренбургская;Санкт-Петербург, ул. Оренбургская, 2;59.958526;30.340099;zerno-osm-01592
Кофейня Зерно, Санкт-Петербург, Петровский;Санкт-Петербург, Петровский просп., 20 литД;59.958557;30.261710;zerno-osm-01593
Кофейня Зерно, Санкт-Петербург, Пискарёвский;Санкт-Петербург, Пискарёвский просп., 2 к2 литЩ;59.958986;30.406023;zerno-osm-01594
Кофейня Зерно, Санкт-Петербург, Малая Разночинная;Санкт-Петербург, ул. Малая Разночинная, 10 с1;59.959059;30.289137;zerno-osm-01595
Кофейня Зерно, Санкт-Петербург, Каменноостровский, 14;Санкт-Петербург, Каменноостровский просп., 14;59.959271;30.317597;zerno-osm-01596
Кофейня Зерно, Санкт-Петербург, Большой П.С., 35;Санкт-Петербург, Большой просп. П.С., 35;59.959487;30.302996;zerno-osm-01597
Кофейня Зерно, Санкт-Петербург, Большая Зеленина;Санкт-Петербург, Большая Зеленина, 8;59.959924;30.294480;zerno-osm-01598
Кофейня Зерно, Санкт-Петербург, Красного Курсанта;Санкт-Петербург, ул. Красного Курсанта, 25 литВ;59.959983;30.280634;zerno-osm-01599
Кофейня Зерно, Санкт-Петербург, Большая Зеленина, 9;Санкт-Петербург, ул. Большая Зеленина, 9;59.960298;30.294271;zerno-osm-01600
Кофейня Зерно, Санкт-Петербург, Шамшева;Санкт-Петербург, ул. Шамшева, 10;59.960560;30.300284;zerno-osm-01601
Кофейня Зерно, Санкт-Петербург, Котовского;Санкт-Петербург, ул. Котовского, 1/10 литБ;59.961049;30.330899;zerno-osm-01602
Кофейня Зерно, Санкт-Петербург, Петроградская;Санкт-Петербург, ул. Кронверкская, 23П;59.961174;30.312060;zerno-osm-01603
Кофейня Зерно, Санкт-Петербург, Большая Разночинная;Санкт-Петербург, ул. Большая Разночинная, 25;59.961478;30.286852;zerno-osm-01604
Кофейня Зерно, Санкт-Петербург, Свердловская;Санкт-Петербург, Свердловская наб., 44 литД;59.961848;30.401139;zerno-osm-01605
Кофейня Зерно, Санкт-Петербург, Большая Монетная;Санкт-Петербург, ул. Большая Монетная, 16 к30;59.962111;30.319206;zerno-osm-01606
Кофейня Зерно, Санкт-Петербург, Жукова;Санкт-Петербург, ул. Жукова, 1;59.962515;30.403806;zerno-osm-01607
Кофейня Зерно, Санкт-Петербург, Комиссара Смирнова;Санкт-Петербург, ул. Комиссара Смирнова, 9;59.962685;30.351147;zerno-osm-01608
Кофейня Зерно, Санкт-Петербург, Гатчинская;Санкт-Петербург, ул. Гатчинская, 31-33;59.963196;30.296929;zerno-osm-01609
Кофейня Зерно, Санкт-Петербург, Большая Зеленина, 22;Санкт-Петербург, ул. Большая Зеленина, 22;59.963409;30.287845;zerno-osm-01610
Кофейня Зерно, Санкт-Петербург, Большая Зеленина, 24А;Санкт-Петербург, ул. Большая Зеленина, 24А;59.963711;30.287053;zerno-osm-01611
Кофейня Зерно, Санкт-Петербург, Большой П.С., 67;Санкт-Петербург, Большой просп. П.С., 67;59.964082;30.309588;zerno-osm-01612
Кофейня Зерно, Санкт-Петербург, Лодейнопольская;Санкт-Петербург, ул. Лодейнопольская, 7;59.964360;30.290057;zerno-osm-01613
Кофейня Зерно, Санкт-Петербург, Ленина, 45;Санкт-Петербург, ул. Ленина, 45;59.965085;30.297324;zerno-osm-01614
Кофейня Зерно, Санкт-Петербург, Лодейнопольская, 8;Санкт-Петербург, ул. Лодейнопольская, 8;59.965400;30.291078;zerno-osm-01615
Кофейня Зерно, Санкт-Петербург, Барочная;Санкт-Петербург, ул. Барочная, 7;59.965817;30.288228;zerno-osm-01616
Кофейня Зерно, Санкт-Петербург, Каменноостровский, 35/75;Санкт-Петербург, Каменноостровский просп., 35/75;59.966046;30.312204;zerno-osm-01617
Кофейня Зерно, Санкт-Петербург, Бармалеева;Санкт-Петербург, ул. Бармалеева, 33;59.966404;30.301122;zerno-osm-01618
Кофейня Зерно, Санкт-Петербург, Ординарная;Санкт-Петербург, ул. Ординарная, 18;59.966864;30.304787;zerno-osm-01619
Кофейня Зерно, Санкт-Петербург, Малый П.С.;Санкт-Петербург, Малый просп. П.С., 89;59.967303;30.308758;zerno-osm-01620
Кофейня Зерно, Санкт-Петербург, Чкаловский;Санкт-Петербург, Чкаловский просп., 50 литВ;59.967968;30.299589;zerno-osm-01621
Кофейня Зерно, Санкт-Петербург, Всеволода Вишневского;Санкт-Петербург, ул. Всеволода Вишневского, 12А;59.968215;30.298786;zerno-osm-01622
Кофейня Зерно, Санкт-Петербург, Аптекарский;Санкт-Петербург, Аптекарский просп., 2 литЗ;59.968911;30.318185;zerno-osm-01623
Кофейня Зерно, Санкт-Петербург, Полюстровский;Санкт-Петербург, Полюстровский просп., 47Б;59.969714;30.387547;zerno-osm-01624
Кофейня Зерно, Санкт-Петербург, реки Карповки;Санкт-Петербург, наб. реки Карповки, 39;59.970003;30.303484;zerno-osm-01625
Кофейня Зерно, Санкт-Петербург, Кондратьевский;Санкт-Петербург, Кондратьевский просп., 33;59.970775;30.388214;zerno-osm-01626
Кофейня Зерно, Санкт-Петербург, Выборгская;Санкт-Петербург, ул. Смолячкова, 15-17 литД;59.971006;30.346298;zerno-osm-01627
Кофейня Зерно, Санкт-Петербург, Кондратьевский, 39;Санкт-Петербург, Кондратьевский просп., 39;59.971358;30.388663;zerno-osm-01628
Кофейня Зерно, Санкт-Петербург, Большой Сампсониевский;Санкт-Петербург, Большой Сампсониевский просп., 55;59.972213;30.340395;zerno-osm-01629
Кофейня Зерно, Санкт-Петербург, Большой Сампсониевский, 56;Санкт-Петербург, Большой Сампсониевский просп., 56;59.972550;30.339641;zerno-osm-01630
Кофейня Зерно, Санкт-Петербург, Большой Сампсониевский, 61 к2;Санкт-Петербург, Большой Сампсониевский просп., 61 к2;59.973141;30.341177;zerno-osm-01631
Кофейня Зерно, Санкт-Петербург, Гельсингфорсская;Санкт-Петербург, ул. Гельсингфорсская, 4 к1 литВ;59.974025;30.334407;zerno-osm-01632
Кофейня Зерно, Санкт-Петербург, Маршала Блюхера;Санкт-Петербург, просп. Маршала Блюхера, 45;59.975147;30.411367;zerno-osm-01633
Кофейня Зерно, Санкт-Петербург, Академика Павлова;Санкт-Петербург, ул. Академика Павлова, 3 литБ;59.975989;30.318926;zerno-osm-01634
Кофейня Зерно, Санкт-Петербург, Александра Матросова;Санкт-Петербург, ул. Александра Матросова, 1;59.977078;30.331029;zerno-osm-01635
Кофейня Зерно, Санкт-Петербург, Литовская;Санкт-Петербург, ул. Литовская, 10;59.979081;30.357461;zerno-osm-01636
Кофейня Зерно, Санкт-Петербург, Замшина;Санкт-Петербург, ул. Замшина, 29;59.980175;30.407792;zerno-osm-01637
Кофейня Зерно, Санкт-Петербург, Новолитовская;Санкт-Петербург, ул. Новолитовская, 10;59.981697;30.354520;zerno-osm-01638
Кофейня Зерно, Санкт-Петербург, Лесная;Санкт-Петербург, ул. Грибалёвой, 7 к4;59.983160;30.355663;zerno-osm-01639
Кофейня Зерно, Санкт-Петербург, Грибалёвой;Санкт-Петербург, ул. Грибалёвой, 7 к1;59.983514;30.353676;zerno-osm-01640
Кофейня Зерно, Санкт-Петербург, Старая Деревня;Санкт-Петербург, Липовая аллея, 9;59.984555;30.257749;zerno-osm-01641
Кофейня Зерно, Санкт-Петербург, Большой Сампсониевский, 80;Санкт-Петербург, Большой Сампсониевский просп., 80;59.984813;30.333372;zerno-osm-01642
Кофейня Зерно, Санкт-Петербург, Белоостровская;Санкт-Петербург, ул. Белоостровская, 7;59.985464;30.329353;zerno-osm-01643
Кофейня Зерно, Санкт-Петербург, Чёрная речка;Санкт-Петербург, наб. Чёрной речки, 49;59.985633;30.305448;zerno-osm-01644
Кофейня Зерно, Санкт-Петербург, Савушкина;Санкт-Петербург, ул. Савушкина, 13;59.985912;30.293655;zerno-osm-01645
Кофейня Зерно, Санкт-Петербург, Бестужевская;Санкт-Петербург, ул. Бестужевская, 10;59.986309;30.394044;zerno-osm-01646
Кофейня Зерно, Санкт-Петербург, Кушелевская дорога;Санкт-Петербург, Кушелевская дорога, 1 к1;59.986918;30.367546;zerno-osm-01647
Кофейня Зерно, Санкт-Петербург, Макаровская;Санкт-Петербург, ул. Макаровская, 2А;59.987108;29.763452;zerno-osm-01648
Кофейня Зерно, Санкт-Петербург, Кушелевская дорога, 3 к2;Санкт-Петербург, Кушелевская дорога, 3 к2;59.987738;30.369008;zerno-osm-01649
Кофейня Зерно, Санкт-Петербург, Торфяная дорога;Санкт-Петербург, Торфяная дорога, 2 к1;59.988426;30.254743;zerno-osm-01650
Кофейня Зерно, Санкт-Петербург, Торфяная дорога, 7 литА;Санкт-Петербург, Торфяная дорога, 7 литА;59.989263;30.257616;zerno-osm-01651
Кофейня Зерно, Санкт-Петербург, Мебельная;Санкт-Петербург, ул. Мебельная, 12 к1;59.989985;30.242129;zerno-osm-01652
Кофейня Зерно, Санкт-Петербург, Новороссийская;Санкт-Петербург, ул. Новороссийская, 53 литБ;59.992666;30.366243;zerno-osm-01653
Кофейня Зерно, Санкт-Петербург, Ланское;Санкт-Петербург, Ланское ш., 14 к1;59.993538;30.312027;zerno-osm-01654
Кофейня Зерно, Санкт-Петербург, Советская;Санкт-Петербург, ул. Советская, 35А;59.994188;29.777528;zerno-osm-01655
Кофейня Зерно, Санкт-Петербург, Торфяная дорога, 15 к1;Санкт-Петербург, Торфяная дорога, 15 к1;59.995588;30.255623;zerno-osm-01656
Кофейня Зерно, Санкт-Петербург, Болотная;Санкт-Петербург, ул. Болотная, 1;59.996850;30.351846;zerno-osm-01657
Кофейня Зерно, Санкт-Петербург, Ленина, 16;Санкт-Петербург, просп. Ленина, 16;59.997270;29.767051;zerno-osm-01658
Кофейня Зерно, Санкт-Петербург, Коломяжский;Санкт-Петербург, Коломяжский просп., 20;59.998966;30.298331;zerno-osm-01659
Кофейня Зерно, Санкт-Петербург, Богатырский;Санкт-Петербург, Богатырский просп., 13 литА;59.999602;30.272033;zerno-osm-01660
Кофейня Зерно, Санкт-Петербург, Коломяжский, 15 к 1;Санкт-Петербург, Коломяжский просп., 15 к 1;60.000330;30.299966;zerno-osm-01661
Кофейня Зерно, Санкт-Петербург, Богатырский, 15;Санкт-Петербург, Богатырский просп., 15;60.001214;30.263233;zerno-osm-01662
Кофейня Зерно, Санкт-Петербург, Комендантский;Санкт-Петербург, Комендантский просп., 2;60.001391;30.266843;zerno-osm-01663
Кофейня Зерно, Санкт-Петербург, Туристская;Санкт-Петербург, ул. Туристская, 26;60.001789;30.208771;zerno-osm-01664
Кофейня Зерно, Санкт-Петербург, Площадь Мужества;Санкт-Петербург, просп. Тореза, 21;60.003078;30.360142;zerno-osm-01665
Кофейня Зерно, Санкт-Петербург, Коломяжский, 26Б;Санкт-Петербург, Коломяжский просп., 26Б;60.003423;30.296397;zerno-osm-01666
Кофейня Зерно, Санкт-Петербург, Оптиков;Санкт-Петербург, ул. Оптиков, 51 к1;60.003653;30.196270;zerno-osm-01667
Кофейня Зерно, Санкт-Петербург, Испытателей;Санкт-Петербург, просп. Испытателей, 7 к2;60.004352;30.294650;zerno-osm-01668
Кофейня Зерно, Санкт-Петербург, Комендантский проспект;Санкт-Петербург, Комендантский просп., 10 к1;60.005333;30.261319;zerno-osm-01669
Кофейня Зерно, Санкт-Петербург, аллея Поликарпова;Санкт-Петербург, аллея Поликарпова, 2А;60.005592;30.296096;zerno-osm-01670
Кофейня Зерно, Санкт-Петербург, Камышовая;Санкт-Петербург, ул. Камышовая, 13;60.006269;30.248300;zerno-osm-01671
Кофейня Зерно, Санкт-Петербург, Богатырский, 55 к1;Санкт-Петербург, Богатырский просп., 55 к1;60.007150;30.213891;zerno-osm-01672
Кофейня Зерно, Санкт-Петербург, Планерная;Санкт-Петербург, ул. Планерная, 24;60.007382;30.235016;zerno-osm-01673
Кофейня Зерно, Санкт-Петербург, Планерная, 30;Санкт-Петербург, ул. Планерная, 30;60.008329;30.235212;zerno-osm-01674
Кофейня Зерно, Санкт-Петербург, Испытателей, 35;Санкт-Петербург, просп. Испытателей, 35;60.008437;30.262839;zerno-osm-01675
Кофейня Зерно, Санкт-Петербург, Политехническая;Санкт-Петербург, ул. Политехническая, 31 литЖ;60.009635;30.369359;zerno-osm-01676
Кофейня Зерно, Санкт-Петербург, Науки;Санкт-Петербург, просп. Науки, 18;60.010107;30.411565;zerno-osm-01677
Кофейня Зерно, Санкт-Петербург, Академическая;Санкт-Петербург, ул. Гжатская, 22 к2;60.010936;30.386626;zerno-osm-01678
Кофейня Зерно, Санкт-Петербург, Энгельса;Санкт-Петербург, просп. Энгельса, 37;60.011260;30.324878;zerno-osm-01679
Кофейня Зерно, Санкт-Петербург, Науки, 21 к2;Санкт-Петербург, просп. Науки, 21 к2;60.012088;30.400197;zerno-osm-01680
Кофейня Зерно, Санкт-Петербург, Энгельса, 41;Санкт-Петербург, просп. Энгельса, 41;60.012465;30.324387;zerno-osm-01681
Кофейня Зерно, Санкт-Петербург, Гражданский;Санкт-Петербург, Гражданский просп., 66 к1;60.013841;30.395978;zerno-osm-01682
Кофейня Зерно, Санкт-Петербург, Коломяжский, 33 к2;Санкт-Петербург, Коломяжский просп., 33 к2;60.013984;30.296041;zerno-osm-01683
Кофейня Зерно, Санкт-Петербург, Гражданский, 78;Санкт-Петербург, Гражданский просп., 78;60.015077;30.398255;zerno-osm-01684
Кофейня Зерно, Санкт-Петербург, 1-я Никитинская;Санкт-Петербург, ул. 1-я Никитинская, 10 литБ;60.015642;30.294052;zerno-osm-01685
Кофейня Зерно, Санкт-Петербург, Удельная;Санкт-Петербург, ул. Енотаевская, 16;60.016186;30.315962;zerno-osm-01686
Кофейня Зерно, Санкт-Петербург, Фермское;Санкт-Петербург, Фермское ш., 37;60.017025;30.312991;zerno-osm-01687
Кофейня Зерно, Санкт-Петербург, Энгельса, 68;Санкт-Петербург, просп. Энгельса, 68;60.017925;30.321421;zerno-osm-01688
Кофейня Зерно, Санкт-Петербург, Парашютная;Санкт-Петербург, ул. Парашютная, 5;60.018399;30.268167;zerno-osm-01689
Кофейня Зерно, Санкт-Петербург, Шаврова;Санкт-Петербург, ул. Шаврова, 5 к3;60.021090;30.227595;zerno-osm-01690
Кофейня Зерно, Санкт-Петербург, Шаврова, 9;Санкт-Петербург, ул. Шаврова, 9;60.023068;30.232053;zerno-osm-01691
Кофейня Зерно, Санкт-Петербург, Тореза;Санкт-Петербург, просп. Тореза, 77 к1 с1;60.023341;30.327953;zerno-osm-01692
Кофейня Зерно, Санкт-Петербург, Репищева;Санкт-Петербург, ул. Репищева, 14Г;60.024365;30.281493;zerno-osm-01693
Кофейня Зерно, Санкт-Петербург, Авиаконструкторов;Санкт-Петербург, просп. Авиаконструкторов, 32 к2;60.026327;30.224396;zerno-osm-01694
Кофейня Зерно, Санкт-Петербург, Северный;Санкт-Петербург, Северный просп., 7 к1;60.030101;30.335633;zerno-osm-01695
Кофейня Зерно, Санкт-Петербург, Комендантский, 56;Санкт-Петербург, Комендантский просп., 56;60.031533;30.230120;zerno-osm-01696
Кофейня Зерно, Санкт-Петербург, Планерная, 91 к1 с1;Санкт-Петербург, ул. Планерная, 91 к1 с1;60.031742;30.198528;zerno-osm-01697
Кофейня Зерно, Санкт-Петербург, Парашютная, 63 к1 с2;Санкт-Петербург, ул. Парашютная, 63 к1 с2;60.034797;30.249354;zerno-osm-01698
Кофейня Зерно, Санкт-Петербург, Луначарского;Санкт-Петербург, просп. Луначарского, 80 к1;60.035170;30.374995;zerno-osm-01699
Кофейня Зерно, Санкт-Петербург, Озерки;Санкт-Петербург, просп. Энгельса, 111 к1;60.037425;30.324637;zerno-osm-01700
Кофейня Зерно, Санкт-Петербург, Есенина;Санкт-Петербург, ул. Есенина, 10 к1 с2;60.038916;30.331331;zerno-osm-01701
Кофейня Зерно, Санкт-Петербург, Учебный;Санкт-Петербург, Учебный пер., 2;60.039834;30.332735;zerno-osm-01702
Кофейня Зерно, Санкт-Петербург, Энгельса, 115 к1;Санкт-Петербург, просп. Энгельса, 115 к1;60.040970;30.327186;zerno-osm-01703
Кофейня Зерно, Санкт-Петербург, Луначарского, 13 к1;Санкт-Петербург, просп. Луначарского, 13 к1;60.042492;30.331506;zerno-osm-01704
Кофейня Зерно, Санкт-Петербург, Луначарского, 11 к1;Санкт-Петербург, просп. Луначарского, 11 к1;60.042623;30.328462;zerno-osm-01705
Кофейня Зерно, Санкт-Петербург, Просвещения;Санкт-Петербург, просп. Просвещения, 43;60.045893;30.364862;zerno-osm-01706
Кофейня Зерно, Санкт-Петербург, Ивана Фомина;Санкт-Петербург, ул. Ивана Фомина, 7 к3;60.047125;30.348855;zerno-osm-01707
Кофейня Зерно, Санкт-Петербург, Просвещения, 54 к4;Санкт-Петербург, просп. Просвещения, 54 к4;60.047935;30.360546;zerno-osm-01708
Кофейня Зерно, Санкт-Петербург, Проспект Просвещения;Санкт-Петербург, просп. Энгельса, 133 к1;60.048988;30.333110;zerno-osm-01709
Кофейня Зерно, Санкт-Петербург, Приморское;Санкт-Петербург, Приморское ш., 202;60.049719;29.975574;zerno-osm-01710
Кофейня Зерно, Санкт-Петербург, Просвещения, 23 к2;Санкт-Петербург, просп. Просвещения, 23 к2;60.051574;30.338484;zerno-osm-01711
Кофейня Зерно, Санкт-Петербург, Просвещения, 19;Санкт-Петербург, просп. Просвещения, 19;60.052744;30.331353;zerno-osm-01712
Кофейня Зерно, Санкт-Петербург, Просвещения, 15;Санкт-Петербург, просп. Просвещения, 15;60.053302;30.326918;zerno-osm-01713
Кофейня Зерно, Санкт-Петербург, Энгельса, 150 к4Б;Санкт-Петербург, просп. Энгельса, 150 к4Б;60.054130;30.335399;zerno-osm-01714
Кофейня Зерно, Санкт-Петербург, Орлово-Денисовский;Санкт-Петербург, Орлово-Денисовский просп., 19 к2 с1;60.055331;30.268324;zerno-osm-01715
Кофейня Зерно, Санкт-Петербург, реки Каменки;Санкт-Петербург, наб. реки Каменки, 7 к2 с1;60.056974;30.276296;zerno-osm-01716
Кофейня Зерно, Санкт-Петербург, Суздальское;Санкт-Петербург, Суздальское ш., 22 к2;60.058635;30.274486;zerno-osm-01717
Кофейня Зерно, Санкт-Петербург, Приморское, 247;Санкт-Петербург, Приморское ш., 247;60.062114;29.972551;zerno-osm-01718
Кофейня Зерно, Санкт-Петербург, Выборгское;Санкт-Петербург, Выборгское ш., 212Ж;60.069550;30.290062;zerno-osm-01719
Кофейня Зерно, Санкт-Петербург, Архитектора Белова;Санкт-Петербург, ул. Архитектора Белова, 6 к1;60.071064;30.319574;zerno-osm-01720
Кофейня Зерно, Санкт-Петербург, Первого Мая;Санкт-Петербург, ул. Первого Мая, 109;60.073651;30.232937;zerno-osm-01721
Кофейня Зерно, Санкт-Петербург, Выборгское, 214 к2;Санкт-Петербург, Выборгское ш., 214 к2;60.073657;30.273291;zerno-osm-01722
Кофейня Зерно, Санкт-Петербург, Толубеевский;Санкт-Петербург, Толубеевский пр., 16;60.076487;30.349251;zerno-osm-01723
Кофейня Зерно, Санкт-Петербург, Валерия Гаврилина;Санкт-Петербург, ул. Валерия Гаврилина, 11 к1;60.078426;30.335779;zerno-osm-01724
Кофейня Зерно, Санкт-Петербург, Заречная;Санкт-Петербург, ул. Заречная, 38 к1;60.083603;30.344439;zerno-osm-01725
Кофейня Зерно, Санкт-Петербург, Полевая;Санкт-Петербург, ул. Полевая, 2;60.084091;30.263860;zerno-osm-01726
Кофейня Зерно, Санкт-Петербург, Дубковское;Санкт-Петербург, Дубковское ш., 42;60.090861;29.943593;zerno-osm-01727
Кофейня Зерно, Санкт-Петербург, Володарского;Санкт-Петербург, ул. Володарского, 4/2;60.096192;29.972290;zerno-osm-01728
Кофейня Зерно, Санкт-Петербург, Приозерское;Санкт-Петербург, Приозерское ш., 16 к1;60.109611;30.256574;zerno-osm-01729
Кофейня Зерно, Санкт-Петербург, Ленинградская, 70;Санкт-Петербург, ул. Ленинградская, 70;60.122434;30.188477;zerno-osm-01730
Кофейня Зерно, Санкт-Петербург, Таможенная дорога;Санкт-Петербург, Таможенная дорога, 11 к1 с8;60.128780;29.940174;zerno-osm-01731
Кофейня Зерно, Санкт-Петербург, Восточно-Выборгское;Санкт-Петербург, Восточно-Выборгское ш., 25;60.141889;30.208209;zerno-osm-01732
Кофейня Зерно, Санкт-Петербург, Приморское, 412В;Санкт-Петербург, Приморское ш., 412В;60.166244;29.866342;zerno-osm-01733
Кофейня Зерно, Санкт-Петербург, Вокзальная;Санкт-Петербург, ул. Вокзальная, 2;60.205749;29.701438;zerno-osm-01734
